Spotify ID,Artist IDs,Track Name,Album Name,Artist Name(s),Release Date,Duration (ms),Popularity,Added By,Added At,Genres,Danceability,Energy,Key,Loudness,Mode,Speechiness,Acousticness,Instrumentalness,Liveness,Valence,Tempo,Time Signature
57silVtrWHoiTZzfic9yt3,"4EukMPjtYsdi87lkU1hIxN","Run Away","Run Away","Manila Killa",2018-10-26,188000,13,spotify:user:,2019-12-12T20:49:18Z,"edm,electropop,future bass,indie electropop,melodic dubstep,pop edm,vapor soul,vapor twitch",0.588,0.788,0,-9.026,0,0.0411,0.00253,0.118,0.121,0.109,104.987,4
3xB5uHrhe0uaIxNGf3JwZA,"02kJSzxNuaWGqwubyUba0Z,2hlmm7s2ICUX0LVIhVFlZQ","I Wanna Rock (feat. Gunna)","I Wanna Rock (feat. Gunna)","G-Eazy,Gunna",2019-10-15,163390,44,spotify:user:,2019-12-12T20:49:18Z,"indie pop rap,oakland hip hop,pop,pop rap,rap,atl hip hop,hip hop,melodic rap,trap",0.772,0.847,10,-3.789,0,0.0929,0.00718,0,0.156,0.704,100.013,4
5VsZd4qGOSTRdsNC0XRU1F,"59MDSNIYoOY0WRYuodzJPD","Where To Go","Where To Go","Duskus",2018-12-07,251076,39,spotify:user:,2019-12-12T20:49:18Z,"future bass,vapor twitch",0.776,0.473,11,-9.324,1,0.174,0.416,0.572,0.0994,0.31,130.031,4
0JITWDB1tVUH2VUXmVtYpL,"0u18Cq5stIQLUoIaULzDmA","Sunburn","Sunburn","DROELOE",2017-08-15,226981,45,spotify:user:,2019-12-12T20:49:18Z,"bass trap,edm,electronic trap,electropop,future bass,pop edm,vapor twitch",0.693,0.725,0,-7.297,0,0.0321,0.121,0.00278,0.214,0.447,105.961,4
5HbTUbKSPeNh75aKSW66OF,"3XFcu2NnGWceLNdxRCfYH3,0u18Cq5stIQLUoIaULzDmA,7HPVAGjCVDzP7xcNrkwgxL","Running Away","Running Away","Taska Black,DROELOE,CUT_",2017-12-08,185812,46,spotify:user:,2019-12-12T20:49:18Z,"bass trap,edm,electronic trap,electropop,future bass,pop dance,pop edm,vapor twitch,indie electropop",0.51,0.812,2,-5.782,0,0.0744,0.0233,0.133,0.166,0.151,159.885,4
50pEs4BEQlgoZo6rKHNtEA,"24V5UY0nChKpnb1TBPJhCw,5K0BVchFxmuKBw7DojGSQO","Lost (feat. Chelsea Jade)","Lost (feat. Chelsea Jade)","Jai Wolf,Chelsea Jade",2018-08-10,241040,41,spotify:user:,2019-12-12T20:49:18Z,"edm,electropop,future bass,pop dance,pop edm,tropical house,vapor twitch,indie electropop,indie poptimism,metropopolis,nz pop,vapor soul",0.672,0.647,1,-6.264,1,0.0314,0.0533,0.0932,0.122,0.237,99.994,4
0lchLc0vSyRRqKSPIkFtJI,"0vqJkZ0RpLZixt3lTmD8vP,5cIc3SBFuBLVxJz58W2tU9","Superlove (feat. Oh Wonder)","Life of a Wallflower, Vol. 1","Whethan,Oh Wonder",2018-11-09,184814,54,spotify:user:,2019-12-12T20:49:18Z,"edm,electropop,hyperpop,indie poptimism,tropical house,vapor twitch",0.578,0.491,11,-8.544,0,0.21,0.203,0.000378,0.182,0.64,98.273,4
5tPgPDoDPWIf50JeSThnIK,"41rVuRHYAiH7ltBTHVR9We","Find","Find","Slushii",2018-11-16,215040,0,spotify:user:,2019-12-12T20:49:18Z,"brostep,edm,electro house,electronic trap,future bass,pop dance,pop edm",0.528,0.531,9,-8.008,0,0.296,0.324,0.00298,0.0895,0.11,62.397,4
6wDTv2XSlz6e0KCXjbqyOG,"74xeHqz5Ap8ZHq69TkxI0r","The Unknown","While We're Young - EP","BONNIE X CLYDE",2018-07-13,173538,19,spotify:user:,2019-12-12T20:49:18Z,"edm,electra,melodic dubstep,pop dance,pop edm",0.48,0.889,11,-2.413,0,0.0454,0.0672,0.00000293,0.0859,0.297,129.985,4
6oT7PfYeL4GHWyss2zYRuw,"0jNDKefhfSbLR9sFvcPLHo","worthy","album1","San Holo",2018-09-21,299142,33,spotify:user:,2019-12-12T20:49:18Z,"edm,electro house,electronic trap,electropop,future bass,pop dance,pop edm,vapor twitch",0.456,0.53,4,-6.946,1,0.0406,0.387,0.00065,0.185,0.24,104.913,4
6VRRu9NewkmX12BMCvCJQ1,"0u18Cq5stIQLUoIaULzDmA,3RTklnRcfHgkQJwFpgOq3t","BACKBONE","BACKBONE","DROELOE,Nevve",2018-01-26,194000,47,spotify:user:,2019-12-12T20:49:18Z,"bass trap,edm,electronic trap,electropop,future bass,pop edm,vapor twitch",0.653,0.689,11,-8.338,0,0.0881,0.0255,0.0387,0.0937,0.253,150.954,4
2dH43R11x0AX4PwPyxF8Jn,"6c1pBXHYjFcGQQNO5MMsdd","Cura","Cura","Keys N Krates",2018-02-02,91100,28,spotify:user:,2019-12-12T20:49:18Z,"bass trap,edm,electro house,electronic trap,livetronica,vapor twitch",0.225,0.431,5,-15.42,0,0.0479,0.0901,0.847,0.199,0.126,121.277,3
3158gk3gslAHlPrapSLKrA,"3QryVD03gGZOLQQXjy3EoA,3k4i4K7PicHqnodnYhXsJy","Release","Visceral","Getter,Midoca",2018-09-28,232800,23,spotify:user:,2019-12-12T20:49:18Z,"brostep,dark trap,edm,electronic trap,filthstep,underground hip hop",0.452,0.551,2,-7.306,1,0.0276,0.343,0.0000722,0.114,0.103,99.971,4
2FCu1NM98eXCds1M0ikzWj,"0gXx2aQ2mfovDfqCw10MQC","Everything All at Once","The Ineffable Truth","G Jones",2018-10-26,268160,41,spotify:user:,2019-12-12T20:49:18Z,"edm,electronic trap,future bass,vapor twitch",0.291,0.43,6,-10.884,1,0.0674,0.832,0.688,0.114,0.037,67.643,4
5AbEYl6Ij4pyF6YGZ3wi38,"0u18Cq5stIQLUoIaULzDmA","Many Words","Many Words","DROELOE",2018-03-09,220000,40,spotify:user:,2019-12-12T20:49:18Z,"bass trap,edm,electronic trap,electropop,future bass,pop edm,vapor twitch",0.661,0.764,11,-6.857,1,0.0412,0.133,0.223,0.121,0.39,149.971,4
0pTRGssh4gWx22BykTgnoI,"5ttgIeUVka6FLyi00Uu5h8,4u5smJBskI6Adzv08PuiUP","Diamonds","Diamonds","Jauz,Kiiara",2018-06-08,268949,28,spotify:user:,2019-12-12T20:49:18Z,"bass house,brostep,edm,electro house,electronic trap,pop dance,alt z,dance pop,electropop,indie poptimism,pop,post-teen pop",0.592,0.536,5,-10.333,0,0.0451,0.0648,0.00977,0.588,0.361,176.004,4
01fT3MRxGRfv00HDbFArJc,"6c1pBXHYjFcGQQNO5MMsdd,2jku7tDXc6XoB6MO2hFuqg,7lm68Uw3UZDD1vlAWpLeDL","Music To My Ears (feat. Tory Lanez) - Falcons Remix","Cura - The Remixes","Keys N Krates,Tory Lanez,Falcons",2018-09-28,172171,28,spotify:user:,2019-12-12T20:49:18Z,"bass trap,edm,electro house,electronic trap,livetronica,vapor twitch,canadian hip hop,canadian trap,melodic rap,pop,pop rap,r&b,rap,toronto rap,trap",0.582,0.55,5,-6.319,0,0.168,0.22,0,0.144,0.343,91.667,4
63PjUXm7NNcqm5OCyRMbr5,"0jNDKefhfSbLR9sFvcPLHo","self-love","The Trip EP","San Holo",2017-12-26,143774,37,spotify:user:,2019-12-12T20:49:18Z,"edm,electro house,electronic trap,electropop,future bass,pop dance,pop edm,vapor twitch",0.547,0.566,9,-6.08,1,0.0339,0.0128,0.802,0.106,0.228,97.532,4
3xY7S39qKvxMx6q87FUxDL,"0u18Cq5stIQLUoIaULzDmA","Only Be Me","Only Be Me","DROELOE",2019-02-01,208285,0,spotify:user:,2019-12-12T20:49:18Z,"bass trap,edm,electronic trap,electropop,future bass,pop edm,vapor twitch",0.7,0.581,1,-8.493,0,0.0779,0.118,0.00196,0.135,0.165,140.019,4
4WstRtdgYjwPvpCekgYAhs,"02kJSzxNuaWGqwubyUba0Z,5LHRHt1k9lMyONurDHEdrp","Bang","B-Sides","G-Eazy,Tyga",2019-06-28,193979,0,spotify:user:,2019-12-12T20:49:18Z,"indie pop rap,oakland hip hop,pop,pop rap,rap,dance pop,hip hop,southern hip hop,trap",0.929,0.606,1,-7.356,1,0.242,0.0234,0,0.0925,0.207,103.019,4
74R4tYIQIn0slsnvqSCJRK,"1ikID9RZZMvkuBGDWrqajq,5vuIOnOp6NI06rjLgTpYiY","Over You (feat. Frida Sundemo)","Places We Don't Know","Kasbo,Frida Sundemo",2018-03-23,233739,42,spotify:user:,2019-12-12T20:49:18Z,"edm,electropop,future bass,pop dance,pop edm,swedish electropop,tropical house,vapor soul,vapor twitch,indie singer-songwriter,swedish synthpop",0.541,0.702,0,-6.884,1,0.0362,0.0187,0.0022,0.0788,0.079,115.01,4
2j6DWK7FCdb5Ii5VqgDzRu,"7wg1qvie3KqDNQbAkTdbX0,0pCNk4D3E2xtszsm6hMsWr,3wzxasxU7kQxHPr0ky5rJq","It's Strange (feat. K.Flay) - Candyland Remix","It's Strange (feat. K.Flay) [Remixes]","Louis The Child,K.Flay,Candyland",2016-01-15,203720,15,spotify:user:,2019-12-12T20:49:18Z,"edm,electro house,electropop,indie poptimism,pop,pop dance,tropical house,escape room,hip pop,modern rock,complextro",0.607,0.518,11,-8.756,0,0.0678,0.473,0.000523,0.119,0.0928,86.047,4
4AqH4V7PEC5BTK29FVmXQd,"0u18Cq5stIQLUoIaULzDmA,0jNDKefhfSbLR9sFvcPLHo,7HPVAGjCVDzP7xcNrkwgxL","Lines of the Broken","Lines of the Broken","DROELOE,San Holo,CUT_",2017-05-16,220800,47,spotify:user:,2019-12-12T20:49:18Z,"bass trap,edm,electronic trap,electropop,future bass,pop edm,vapor twitch,electro house,pop dance,indie electropop",0.593,0.569,8,-7.071,1,0.164,0.208,0.00442,0.221,0.3,149.908,4
4haHhBncdQplfOJM0EyfEG,"02kJSzxNuaWGqwubyUba0Z","Spectacular Now","B-Sides","G-Eazy",2019-06-28,209663,0,spotify:user:,2019-12-12T20:49:18Z,"indie pop rap,oakland hip hop,pop,pop rap,rap",0.568,0.77,9,-6.375,0,0.632,0.528,0,0.154,0.276,77.728,4
4ajF5UznaEpfHFXv64AQ7T,"4LZ4De2MoO3lP6QaNCfvcu,7u7MDzwo7VtVe7FhS3cq8Y","Beautiful","Wide-Eyed","Said The Sky,Diamond Eyes",2018-07-20,173700,37,spotify:user:,2019-12-12T20:49:18Z,"edm,electropop,future bass,melodic dubstep,pop,pop dance,pop edm,tropical house,gaming edm",0.656,0.624,0,-6.726,1,0.0288,0.162,0,0.101,0.284,100.032,4
7c7ClnE57SwbizNe24XTXe,"0PxzGnCYBpSuaI49OR94cA","City of Sound","Superdream","Big Wild",2019-02-01,232000,48,spotify:user:,2019-12-12T20:49:18Z,"indie poptimism",0.684,0.482,7,-5.339,1,0.0346,0.0128,0.742,0.17,0.724,120.008,4
2ojIFOZEhTBtDpO27UWhcb,"0u18Cq5stIQLUoIaULzDmA","Kintsugi","Kintsugi","DROELOE",2017-10-03,208500,42,spotify:user:,2019-12-12T20:49:18Z,"bass trap,edm,electronic trap,electropop,future bass,pop edm,vapor twitch",0.659,0.763,0,-6.17,1,0.0819,0.00183,0.0129,0.0578,0.265,160.02,4
3MMVcj7aOjeZIWbvAr5jHc,"6roDXEmZ6AARdOUv6x5U2v","The Searchers","Next Season","Felix Cartal",2018-05-04,101652,42,spotify:user:,2019-12-12T20:49:18Z,"canadian electronic,edm,electro house,electropop,pop dance,pop edm,tropical house",0.613,0.321,5,-7.337,0,0.0265,0.948,0.95,0.361,0.178,128.023,4
2qr5vnUMv1HDqd4V6aAAef,"02kJSzxNuaWGqwubyUba0Z","It's Eazy","B-Sides","G-Eazy",2019-06-28,137125,0,spotify:user:,2019-12-12T20:49:18Z,"indie pop rap,oakland hip hop,pop,pop rap,rap",0.778,0.434,10,-7.09,0,0.306,0.00801,0,0.111,0.477,100.101,4
3M2UGK6F3Wa0mDIUlFkfWq,"0jNDKefhfSbLR9sFvcPLHo","b song","The Trip EP","San Holo",2017-12-26,205514,31,spotify:user:,2019-12-12T20:49:18Z,"edm,electro house,electronic trap,electropop,future bass,pop dance,pop edm,vapor twitch",0.571,0.788,6,-5.161,0,0.153,0.00427,0.645,0.389,0.0722,177.45,4
6lgjHEsvr15RUXCsdib59J,"0u18Cq5stIQLUoIaULzDmA","Snow Shovels","Snow Shovels","DROELOE",2019-04-05,202987,35,spotify:user:,2019-12-12T20:49:18Z,"bass trap,edm,electronic trap,electropop,future bass,pop edm,vapor twitch",0.688,0.627,8,-8.192,0,0.0654,0.00365,0.641,0.107,0.398,91.083,4
0gAru4uTKvbE1Bqpv7u2hg,"41rVuRHYAiH7ltBTHVR9We","Stargazing","DREAM","Slushii",2018-12-14,142285,0,spotify:user:,2019-12-12T20:49:18Z,"brostep,edm,electro house,electronic trap,future bass,pop dance,pop edm",0.781,0.366,2,-10.324,1,0.0401,0.679,0.582,0.11,0.793,140.021,4
2Ob2E0owyR8gdF0YGf0fZp,"0PxzGnCYBpSuaI49OR94cA","Joypunks","Superdream","Big Wild",2019-02-01,195491,50,spotify:user:,2019-12-12T20:49:18Z,"indie poptimism",0.694,0.669,7,-5.748,1,0.0328,0.0382,0.021,0.0975,0.338,121.987,4
3q8TgeeqsTLmwGvCFfPNc2,"7pylhrS9HpyWwbTtmEqg9K","Fractions","Fractions","CRAY",2018-12-07,172075,34,spotify:user:,2019-12-12T20:49:18Z,"la pop",0.444,0.779,11,-6.963,0,0.0398,0.122,0.174,0.223,0.19,105.845,4
6hubiasSMCpOCrcCbHDGTm,"0u18Cq5stIQLUoIaULzDmA","Looking Back","Looking Back","DROELOE",2018-07-27,215600,32,spotify:user:,2019-12-12T20:49:18Z,"bass trap,edm,electronic trap,electropop,future bass,pop edm,vapor twitch",0.624,0.658,6,-6.476,1,0.0695,0.00319,0.0163,0.0971,0.361,74.964,4
4GR9MdPIvrkxcEJ4RUbxPk,"5eIbEEQnDM8yuDVB0bimSP,3gIRvgZssIb9aiirIg0nI3,4LZ4De2MoO3lP6QaNCfvcu","Atoms - Said the Sky Remix","NOVA (The Remixes, Vol. 1)","RL Grime,Jeremy Zucker,Said The Sky",2018-12-07,255117,47,spotify:user:,2019-12-12T20:49:18Z,"bass trap,edm,electro house,electronic trap,electropop,pop dance,vapor twitch,pop,future bass,melodic dubstep,pop edm,tropical house",0.519,0.742,3,-3.554,1,0.061,0.315,0.0000842,0.0836,0.246,127.971,4
2bjZY6qnQWOLpS0n1TtrbM,"1ikID9RZZMvkuBGDWrqajq","Bara Du","Places We Don't Know","Kasbo",2018-03-23,153888,53,spotify:user:,2019-12-12T20:49:18Z,"edm,electropop,future bass,pop dance,pop edm,swedish electropop,tropical house,vapor soul,vapor twitch",0.584,0.616,7,-5.941,1,0.0257,0.294,0.0672,0.33,0.101,135.028,4
37py6z4ullszVUW8hnofBQ,"30DhU7BDmF4PH0JVhu8ZRg,1VBAKMui4zm5MnBWNn3NbL","Don't Let Me Down - Sabrina Claudio vs. Devault Remix","Don't Let Me Down (Sabrina Claudio vs. Devault Remix)","Sabrina Claudio,Devault",2018-06-22,245000,50,spotify:user:,2019-12-12T20:49:18Z,"pop,r&b,future bass,vapor twitch",0.648,0.651,1,-8.92,1,0.0995,0.298,0.0262,0.252,0.232,107.989,4
7egj375ez0KtF3bYCfAHdZ,"45eNHdiiabvmbp4erw26rg,0fs8oBR1rx7JIXZi75h7Uu","Crashing (feat. Bahari)","Crashing (feat. Bahari)","ILLENIUM,Bahari",2019-01-25,230000,48,spotify:user:,2019-12-12T20:49:18Z,"edm,melodic dubstep,pop,pop dance,tropical house,alt z,electropop,la pop",0.582,0.681,5,-6.138,1,0.0458,0.342,0,0.186,0.273,95.995,4
2eKV5ctkPkHOol3u2j4HLy,"0u18Cq5stIQLUoIaULzDmA,3MNRl7HX8LItpUynecii15","Facing the Sea","Facing The Sea","DROELOE,Sem",2018-11-02,230698,32,spotify:user:,2019-12-12T20:49:18Z,"bass trap,edm,electronic trap,electropop,future bass,pop edm,vapor twitch",0.738,0.773,5,-5.522,0,0.0447,0.00328,0.0228,0.112,0.162,115.981,4
1ImSaJvKCQ0Gewcdx1KzF8,"1ikID9RZZMvkuBGDWrqajq,1I9HNoVK6kOQGVZfulXVnm","Aldrig Mer (feat. TENDER)","Places We Don't Know","Kasbo,TENDER",2018-03-23,243918,44,spotify:user:,2019-12-12T20:49:18Z,"edm,electropop,future bass,pop dance,pop edm,swedish electropop,tropical house,vapor soul,vapor twitch,uk alternative pop",0.359,0.774,7,-5.789,1,0.0745,0.0649,0.104,0.11,0.141,184.739,4
4lIfzxIDvFtWmelRLY4oud,"1F3BcbR6yzILOCzzA3i0Rh","Episodes","Episodes","Mishegas",2018-03-22,186352,0,spotify:user:,2019-12-12T20:49:18Z,"new french touch,vapor soul",0.469,0.691,6,-7.948,1,0.0405,0.00622,0.919,0.217,0.282,169.907,4
089tprIgsyFSOrZpugamLI,"0Y0QSi6lz1bPik5Ffjr8sd,28j8lBWDdDSHSSt5oPlsX2","Blame","Blame","Ekali,ZHU",2018-01-05,177151,43,spotify:user:,2019-12-12T20:49:18Z,"canadian electronic,edm,electro house,electronic trap,electropop,future bass,melodic dubstep,pop dance,pop edm,vapor twitch",0.624,0.68,9,-7.285,0,0.0421,0.114,0.0000678,0.0614,0.117,91.998,4
6PMXCAKSAH7GAZkmUwQ5hB,"0u18Cq5stIQLUoIaULzDmA,0vG28tQeh1adA0xHmdUTVQ","In Time (feat. Belle Doron)","In Time (feat. Belle Doron)","DROELOE,Belle Doron",2017-01-11,223500,0,spotify:user:,2019-12-12T20:49:18Z,"bass trap,edm,electronic trap,electropop,future bass,pop edm,vapor twitch",0.624,0.638,7,-8.075,0,0.0482,0.246,0.2,0.0939,0.238,160.001,4
1DxEbPu9z1SVGh7dXMuzS9,"4LZ4De2MoO3lP6QaNCfvcu,7lZauDnRoAC3kmaYae2opv,0vxamLdD4VGp7OqTA3rqM5","Superstar","Wide-Eyed","Said The Sky,Dabin,Linn",2018-07-20,206222,44,spotify:user:,2019-12-12T20:49:18Z,"edm,electropop,future bass,melodic dubstep,pop,pop dance,pop edm,tropical house,canadian electronic",0.617,0.719,5,-5.57,1,0.0376,0.0707,0.0000667,0.0867,0.397,134.97,4
0OwSIR2cx1HhPVR2eWNQu1,"02kJSzxNuaWGqwubyUba0Z","Scary Nights","Scary Nights","G-Eazy",2019-10-18,236480,41,spotify:user:,2019-12-12T20:49:18Z,"indie pop rap,oakland hip hop,pop,pop rap,rap",0.634,0.82,1,-4.036,1,0.347,0.0267,0,0.144,0.702,89.369,4
3PUIguYpwKFXmfGD6uU7Jl,"4NHQUGzhtTLFvgF5SZesLK","Glad He's Gone","Sunshine Kitty","Tove Lo",2019-09-20,196348,52,spotify:user:,2019-12-12T20:49:18Z,"dance pop,electropop,metropopolis,pop,swedish electropop,swedish pop,swedish synthpop",0.795,0.595,1,-8.073,1,0.0698,0.0823,0,0.128,0.502,91.025,4
7rLq1Mdn1K50CiUAbCrwtI,"0u18Cq5stIQLUoIaULzDmA","Homebound","A Moment In Time","DROELOE",2017-08-22,209433,35,spotify:user:,2019-12-12T20:49:18Z,"bass trap,edm,electronic trap,electropop,future bass,pop edm,vapor twitch",0.767,0.723,5,-7.065,1,0.0544,0.0285,0.119,0.0539,0.12,105.997,4
1w3FWGyKcMxlZBbG2BldFv,"1ikID9RZZMvkuBGDWrqajq","About You","Places We Don't Know","Kasbo",2018-03-23,187900,34,spotify:user:,2019-12-12T20:49:18Z,"edm,electropop,future bass,pop dance,pop edm,swedish electropop,tropical house,vapor soul,vapor twitch",0.41,0.715,11,-6.153,1,0.0882,0.0314,0.000347,0.365,0.231,175.088,4
743fD67XBbqqjQL1otgOcx,"4EukMPjtYsdi87lkU1hIxN,4qOzMSukiZoiSjPQw8Zs7s","Wake Up Call","Wake Up Call","Manila Killa,Mansionair",2018-11-14,234493,10,spotify:user:,2019-12-12T20:49:18Z,"edm,electropop,future bass,indie electropop,melodic dubstep,pop edm,vapor soul,vapor twitch,aussietronica,indietronica",0.618,0.841,11,-7.605,0,0.0945,0.125,0.0000207,0.354,0.374,118.03,4
61lwey6oe4payZndOgsNQs,"0PxzGnCYBpSuaI49OR94cA,5hrtcI0g197yJxmyAU6VYv","Alley-Oop (feat. iDA HAWK)","Superdream","Big Wild,iDA HAWK",2019-02-01,201081,40,spotify:user:,2019-12-12T20:49:18Z,"indie poptimism",0.567,0.686,6,-6.686,1,0.0385,0.109,0,0.0988,0.413,147.98,4
3YBP0Ds5nhmOVgQ7ebTAra,"02kJSzxNuaWGqwubyUba0Z,0bdJZl7TDeiymDYzMJnVh2","Big Ben (feat. Preme)","Scary Nights","G-Eazy,Preme",2019-10-18,186733,34,spotify:user:,2019-12-12T20:49:18Z,"indie pop rap,oakland hip hop,pop,pop rap,rap,canadian hip hop,canadian trap,toronto rap,trap,trap soul",0.634,0.594,1,-7.878,1,0.441,0.0497,0,0.14,0.31,110.546,5
4fHBQYB1GIWVQTl84yF08D,"1ikID9RZZMvkuBGDWrqajq","Your Tempo","Places We Don't Know","Kasbo",2018-03-23,199913,33,spotify:user:,2019-12-12T20:49:18Z,"edm,electropop,future bass,pop dance,pop edm,swedish electropop,tropical house,vapor soul,vapor twitch",0.496,0.838,8,-4.67,0,0.0936,0.00671,0.00000323,0.253,0.294,94.023,4
0K7Mz9UshzBRfGnW9rHKVD,"4NHQUGzhtTLFvgF5SZesLK","Gritty Pretty - Intro","Sunshine Kitty","Tove Lo",2019-09-20,45650,31,spotify:user:,2019-12-12T20:49:18Z,"dance pop,electropop,metropopolis,pop,swedish electropop,swedish pop,swedish synthpop",0.617,0.256,1,-14.046,1,0.135,0.957,0.000207,0.148,0.26,110.308,4
2fk60nscnf7sDLcXxjDwUm,"0PxzGnCYBpSuaI49OR94cA","No Words","Superdream","Big Wild",2019-02-01,215510,52,spotify:user:,2019-12-12T20:49:18Z,"indie poptimism",0.671,0.592,2,-6.648,1,0.0269,0.0791,0.000405,0.0982,0.388,97.98,4
1FDsndZHpeX6Nvv5tzv8rd,"1VBAKMui4zm5MnBWNn3NbL,7gHscNMDI8FF8pcgrV8eIn","Between The Words (with Matt Maeson)","Stay","Devault,Matt Maeson",2018-11-02,199384,37,spotify:user:,2019-12-12T20:49:18Z,"future bass,vapor twitch,modern rock",0.626,0.693,8,-6.046,0,0.0622,0.388,0.00506,0.135,0.235,171.93,4
74wHqDbloTZMMUjdJ7aBW5,"1ikID9RZZMvkuBGDWrqajq,5rL1bpxszSXKHmVPXR5ZGs","Roots (feat. Amanda Fondell)","Places We Don't Know","Kasbo,Amanda Fondell",2018-03-23,226579,30,spotify:user:,2019-12-12T20:49:18Z,"edm,electropop,future bass,pop dance,pop edm,swedish electropop,tropical house,vapor soul,vapor twitch",0.617,0.68,11,-4.435,1,0.0321,0.426,0.00000549,0.169,0.313,90.004,4
1CGQTaQVVfA0CNae8IwPyC,"4NHQUGzhtTLFvgF5SZesLK,6c0mTNAxJxlp9HpKTUZwA8","Bad as the Boys (feat. ALMA)","Sunshine Kitty","Tove Lo,ALMA",2019-09-20,186555,44,spotify:user:,2019-12-12T20:49:18Z,"dance pop,electropop,metropopolis,pop,swedish electropop,swedish pop,swedish synthpop,tropical house",0.707,0.818,7,-4.891,1,0.0391,0.0702,0.0000161,0.105,0.489,150.084,4
0ddQCm427w8l9P8rywg9DC,"0u18Cq5stIQLUoIaULzDmA,4A18NGfdKU0HrkmvVlPO7I","Through The Storm","Through The Storm","DROELOE,Fytch",2018-11-30,195642,0,spotify:user:,2019-12-12T20:49:18Z,"bass trap,edm,electronic trap,electropop,future bass,pop edm,vapor twitch,filthstep,melodic dubstep,traprun",0.634,0.765,2,-7.576,0,0.0417,0.0134,0.00461,0.113,0.114,140.049,4
1ldWGh25sWR7e6enx4JFVx,"0PxzGnCYBpSuaI49OR94cA","Mopsy's Interlude","Superdream","Big Wild",2019-02-01,132244,34,spotify:user:,2019-12-12T20:49:18Z,"indie poptimism",0.675,0.385,3,-10.667,1,0.0338,0.73,0.847,0.329,0.575,146.948,4
2wm6DCnWcWwfsIl0LvWYZ8,"45eNHdiiabvmbp4erw26rg,5fENlrINIVP0gJOtKxvORt","God Damnit (with Call Me Karizma)","God Damnit (with Call Me Karizma)","ILLENIUM,Call Me Karizma",2018-11-09,215874,49,spotify:user:,2019-12-12T20:49:18Z,"edm,melodic dubstep,pop,pop dance,tropical house,alt z,minnesota hip hop,modern alternative rock,modern rock,pop rap,social media pop,viral rap",0.68,0.618,7,-5.469,1,0.0977,0.293,0,0.252,0.366,96.111,4
4Cgedth1L3nBdVLU5Z42m1,"4NHQUGzhtTLFvgF5SZesLK","Sweettalk my Heart","Sunshine Kitty","Tove Lo",2019-09-20,179830,49,spotify:user:,2019-12-12T20:49:18Z,"dance pop,electropop,metropopolis,pop,swedish electropop,swedish pop,swedish synthpop",0.79,0.684,6,-4.372,1,0.0525,0.0825,0,0.106,0.236,110.984,4
4WxuTsqtYfnPrczDhKhsJg,"02kJSzxNuaWGqwubyUba0Z","A Very Strange Time","Scary Nights","G-Eazy",2019-10-18,219946,39,spotify:user:,2019-12-12T20:49:18Z,"indie pop rap,oakland hip hop,pop,pop rap,rap",0.586,0.815,1,-4.536,1,0.27,0.0135,0.0000117,0.113,0.363,79.498,4
2ZolnYyO2QPi3cn75HyylE,"0u18Cq5stIQLUoIaULzDmA,3RTklnRcfHgkQJwFpgOq3t","Weird Machine","The Choices We Face","DROELOE,Nevve",2018-08-10,183340,36,spotify:user:,2019-12-12T20:49:18Z,"bass trap,edm,electronic trap,electropop,future bass,pop edm,vapor twitch",0.741,0.809,5,-5.097,1,0.0309,0.00152,0.268,0.343,0.532,110.003,4
5XI8zR1T3ASCaZTe0M6RXe,"5zFMLXUnqxwdgTpLCX9LDj","Water Garden","Water Garden","Super Duper",2017-12-22,203846,36,spotify:user:,2019-12-12T20:49:18Z,"electropop,indie electropop,indie poptimism,vapor soul,vapor twitch",0.435,0.815,0,-4.06,1,0.0375,0.001,0.0018,0.11,0.193,156.037,4
2qoIbcyKPpe3BKifpAfh53,"4NHQUGzhtTLFvgF5SZesLK,76Xa625geVw0Q7BdyxNjA2","Are U gonna tell her? (feat. MC Zaac)","Sunshine Kitty","Tove Lo,ZAAC",2019-09-20,159818,56,spotify:user:,2019-12-12T20:49:18Z,"dance pop,electropop,metropopolis,pop,swedish electropop,swedish pop,swedish synthpop,funk carioca,funk pop",0.881,0.71,0,-6.114,0,0.0804,0.313,0.0126,0.116,0.817,117.997,4
30HWAg6jpqDlRrHLt5TQs6,"02kJSzxNuaWGqwubyUba0Z,3tJoFztHeIJkJWMrx0td2f,6vXTefBL93Dj5IqAWq6OTv,028lPW2NdWHdSPCkRkcyhd","Full Time Cappers (feat. Money Bagg Yo, French Montana & Ant Clemons)","Scary Nights","G-Eazy,Moneybagg Yo,French Montana,Ant Clemons",2019-10-18,231040,35,spotify:user:,2019-12-12T20:49:18Z,"indie pop rap,oakland hip hop,pop,pop rap,rap,hip hop,memphis hip hop,southern hip hop,tennessee hip hop,trap,gangster rap",0.811,0.754,9,-4.477,1,0.334,0.0635,0,0.358,0.804,151.993,4
42nkVBjWYVhiijbof5zySm,"24V5UY0nChKpnb1TBPJhCw","Indian Summer","Indian Summer","Jai Wolf",2015-06-09,248470,0,spotify:user:,2019-12-12T20:49:18Z,"edm,electropop,future bass,pop dance,pop edm,tropical house,vapor twitch",0.507,0.824,6,-2.501,1,0.0526,0.0246,0.0451,0.0848,0.0394,84.992,4
4DP7DimT3KRKbsvjfIrcoX,"0PxzGnCYBpSuaI49OR94cA","Maker","Superdream","Big Wild",2019-02-01,251428,46,spotify:user:,2019-12-12T20:49:18Z,"indie poptimism",0.638,0.75,4,-6.831,1,0.0295,0.117,0.501,0.0904,0.161,104.988,4
2d8cXtTTzs0X4UTdhO98am,"5zFMLXUnqxwdgTpLCX9LDj","Galileo","VHS","Super Duper",2018-02-21,183233,29,spotify:user:,2019-12-12T20:49:18Z,"electropop,indie electropop,indie poptimism,vapor soul,vapor twitch",0.436,0.801,5,-7.147,0,0.0366,0.0233,0.0372,0.142,0.121,83.511,4
6zD2XsRF3r7TMuwo6aZE7W,"02kJSzxNuaWGqwubyUba0Z,1OSxkksZHI3eNTWpwCmOqu","K I D S (feat. Dex Lauper)","Scary Nights","G-Eazy,Dex Lauper",2019-10-18,168160,33,spotify:user:,2019-12-12T20:49:18Z,"indie pop rap,oakland hip hop,pop,pop rap,rap",0.591,0.828,8,-5.716,0,0.417,0.0419,0,0.0925,0.453,175.842,4
3iOK7EbYFLtQyz9jwKIw88,"4NHQUGzhtTLFvgF5SZesLK","Stay Over","Sunshine Kitty","Tove Lo",2019-09-20,189191,43,spotify:user:,2019-12-12T20:49:18Z,"dance pop,electropop,metropopolis,pop,swedish electropop,swedish pop,swedish synthpop",0.639,0.552,6,-6.916,0,0.145,0.547,0,0.0903,0.487,151.426,3
5oeJbBuZwo04t4AAIaYh2S,"0u18Cq5stIQLUoIaULzDmA","zZz","zZz","DROELOE",2016-03-21,193600,44,spotify:user:,2019-12-12T20:49:18Z,"bass trap,edm,electronic trap,electropop,future bass,pop edm,vapor twitch",0.726,0.713,8,-8.425,0,0.0584,0.245,0.659,0.633,0.488,150.066,4
0c2r4R6A5eSz1yqrSvMkmj,"0vqJkZ0RpLZixt3lTmD8vP,0CjWKoS55T7DOt0HJuwF1H","Top Shelf (feat. Bipolar Sunshine)","Life of a Wallflower, Vol. 1","Whethan,Bipolar Sunshine",2018-11-09,181633,29,spotify:user:,2019-12-12T20:49:18Z,"edm,electropop,hyperpop,indie poptimism,tropical house,vapor twitch,gauze pop",0.646,0.836,0,-7.479,1,0.0405,0.00358,0.00203,0.275,0.307,126.911,4
7hi776S56F8a17xzXANdsj,"6wKxOKEA3K6R2UZ3COLXEY","Connect","Connect","Elohim",2018-11-08,179230,24,spotify:user:,2019-12-12T20:49:18Z,"electropop,indie electropop,indie poptimism,indietronica,la pop,vapor soul,vapor twitch",0.629,0.709,8,-5.652,0,0.0573,0.056,0.00156,0.104,0.489,156.064,4
3SgSBvQAFo1B69THXOmgbE,"4Q6nIcaBED8qUel8bBx6Cr,4NHQUGzhtTLFvgF5SZesLK","Jacques (with Jax Jones)","Sunshine Kitty","Jax Jones,Tove Lo",2019-09-20,203226,39,spotify:user:,2019-12-12T20:49:18Z,"dance pop,edm,electro house,house,pop,pop dance,pop rap,tropical house,uk dance,electropop,metropopolis,swedish electropop,swedish pop,swedish synthpop",0.789,0.548,9,-8.731,0,0.0746,0.0681,0.0000468,0.0789,0.459,120.029,4
4DAaQ5InUO23d8yNRbB0Yj,"0PxzGnCYBpSuaI49OR94cA,2IQDM5URYGYfSMmwhTCmyy","6's to 9's (feat. Rationale)","Superdream","Big Wild,Rationale",2019-02-01,206073,62,spotify:user:,2019-12-12T20:49:18Z,"indie poptimism,uk contemporary r&b",0.714,0.663,8,-5.799,1,0.0694,0.145,0,0.264,0.64,95.497,4
6GygZN0o9JNs1x3adaLBBh,"3tjRdPCZTpme7vslZJYtJx","Rising from the Ashes","New Edge","Sublab",2018-08-03,199411,38,spotify:user:,2019-12-12T20:49:18Z,"chillstep,wave",0.814,0.694,6,-7.269,0,0.0514,0.693,0.74,0.118,0.478,136.012,4
0aE5DepeLJasmwopj3VI9G,"02kJSzxNuaWGqwubyUba0Z,360IAlyVv4PCEVjgyMZrxK,0NbfKEOTQCcwd6o7wSDOHI","Demons & Angels (feat. Miguel & The Game)","Scary Nights","G-Eazy,Miguel,The Game",2019-10-18,254013,39,spotify:user:,2019-12-12T20:49:18Z,"indie pop rap,oakland hip hop,pop,pop rap,rap,dance pop,hip hop,r&b,urban contemporary,gangster rap,southern hip hop",0.665,0.679,5,-6.672,1,0.328,0.187,0,0.151,0.52,84.962,4
3mof6Z6vz6gonsuIEQXank,"1kwGj7uDO5WXVXtQLvGJr0,76M2Ekj8bG8W7X2nbx2CpF","Limelight (NGHTMRE Remix)","Limelight (NGHTMRE Remix)","Just A Gent,NGHTMRE",2015-10-12,254896,54,spotify:user:,2019-12-12T20:49:18Z,"aussietronica,bass trap,edm,electro house,electronic trap,electropop,future bass,melodic dubstep,vapor twitch,brostep,pop dance",0.574,0.576,1,-8.267,1,0.0446,0.0579,0.00147,0.208,0.287,145.094,4
3JrMXGfyYUlBNKrHe99Csy,"1ikID9RZZMvkuBGDWrqajq","Places We Don't Know","Places We Don't Know","Kasbo",2018-03-23,204532,48,spotify:user:,2019-12-12T20:49:18Z,"edm,electropop,future bass,pop dance,pop edm,swedish electropop,tropical house,vapor soul,vapor twitch",0.514,0.733,2,-6.056,1,0.0332,0.0785,0.244,0.37,0.0977,114.978,4
2R2oHV5itB0UWCMmBDnfy8,"7ymczLNmjz6AVMGApVNWbB,7J8IZ27EWG5xLNHwESuanz","I'm No Magician (feat. Love, Alexa)","For You","Vincent,Love, Alexa",2019-02-22,201904,0,spotify:user:,2019-12-12T20:49:18Z,"edm,electronic trap,electropop,future bass,melodic dubstep,pop edm,vapor twitch",0.811,0.58,0,-6.732,1,0.0373,0.642,0.0000326,0.14,0.71,125.977,4
3uY9KAOzyb7Pt4iSdDz45h,"02kJSzxNuaWGqwubyUba0Z","Hittin Licks","Scary Nights","G-Eazy",2019-10-18,154906,41,spotify:user:,2019-12-12T20:49:18Z,"indie pop rap,oakland hip hop,pop,pop rap,rap",0.875,0.61,1,-4.151,0,0.355,0.00941,0,0.119,0.16,103.951,4
7snnEDYwv30hRtmifVni8P,"0jNDKefhfSbLR9sFvcPLHo,5pKrorYHoVt088MOxEhNLg","lift me from the ground","album1","San Holo,Sofie Winterson",2018-09-21,260903,51,spotify:user:,2019-12-12T20:49:18Z,"edm,electro house,electronic trap,electropop,future bass,pop dance,pop edm,vapor twitch",0.573,0.69,2,-4.939,1,0.0399,0.523,0.0000458,0.148,0.345,155.138,4
4yUtDjyGLcMBpmtiRvOHwp,"0u18Cq5stIQLUoIaULzDmA","Bon Voyage","Bon Voyage","DROELOE",2016-11-07,254100,45,spotify:user:,2019-12-12T20:49:18Z,"bass trap,edm,electronic trap,electropop,future bass,pop edm,vapor twitch",0.654,0.556,2,-5.653,1,0.0435,0.098,0.0524,0.118,0.182,139.942,4
4bBaxQtS3RMjMJRRaREdAZ,"1RxjZjOSbva0JR7T2LsRve,7mwowsRa7r8SLzx93Xqc0g","Noth","Noth","Mad Zach,yunis",2018-03-30,192000,0,spotify:user:,2019-12-12T20:49:18Z,"experimental electronic",0.318,0.347,8,-13.523,0,0.144,0.609,0.9,0.103,0.0783,169.73,4
0eeKPPnYhpEZPWzMpYN5bl,"4MD0pIPxvGvPdohFuEkCua","Cherry","Found Footage","Take/Five",2017-11-02,195317,32,spotify:user:,2019-12-12T20:49:18Z,"bass trap,electronic trap,traprun",0.627,0.721,0,-8.683,1,0.397,0.425,0.331,0.108,0.106,139.821,4
6n2geOyYHOGZtpITVmrWoo,"4NHQUGzhtTLFvgF5SZesLK","Mateo","Sunshine Kitty","Tove Lo",2019-09-20,169345,47,spotify:user:,2019-12-12T20:49:18Z,"dance pop,electropop,metropopolis,pop,swedish electropop,swedish pop,swedish synthpop",0.649,0.603,2,-6.185,0,0.0664,0.0268,0,0.111,0.15,148.976,4
2FG1ayvioaTgtj8dhcZGCV,"2J7Bw3q4TQwPwSjNPmASKt,4g03rM1dkEDxd2nrURVNML,7MkglOKmkE2iIJOZngg3Kj","I Promise","I Promise","Fossa Beats,Thomas White,LIA",2017-12-20,193696,29,spotify:user:,2019-12-12T20:49:18Z,"trap soul",0.839,0.4,8,-9.227,1,0.103,0.79,0.000552,0.0704,0.398,113.996,4
6VAShvgA6g53jVWKLBGSVd,"4LZ4De2MoO3lP6QaNCfvcu","Hold Me Closer","Wide-Eyed","Said The Sky",2018-07-20,68571,30,spotify:user:,2019-12-12T20:49:18Z,"edm,electropop,future bass,melodic dubstep,pop,pop dance,pop edm,tropical house",0.573,0.279,9,-13.993,1,0.0313,0.752,0.361,0.246,0.126,98.024,4
3XmNMIucTYuXOEpAjcaeVi,"0PxzGnCYBpSuaI49OR94cA","Pale Blue Dot","Superdream","Big Wild",2019-02-01,176000,53,spotify:user:,2019-12-12T20:49:18Z,"indie poptimism",0.685,0.591,4,-8.628,1,0.0959,0.00748,0.844,0.12,0.493,150.016,4
5VnKWH0QvC4u9ridOIFwCC,"4NHQUGzhtTLFvgF5SZesLK","Come Undone","Sunshine Kitty","Tove Lo",2019-09-20,177534,43,spotify:user:,2019-12-12T20:49:18Z,"dance pop,electropop,metropopolis,pop,swedish electropop,swedish pop,swedish synthpop",0.58,0.617,1,-5.828,0,0.0991,0.288,0,0.551,0.243,163.865,4
0u74chsSgmcIyhhOqTrEyV,"62vbsDRAq0qHdezaCOzB0T","Leaving Earth 2","Irene","Medasin",2018-08-10,193413,34,spotify:user:,2019-12-12T20:49:18Z,"edm,future bass,vapor soul,vapor twitch",0.479,0.423,5,-14.568,0,0.0674,0.757,0.776,0.0672,0.0696,68.345,4
5JKU2tXiG3yvJtefNwe7ZQ,"4YLQaW1UU3mrVetC8gNkg5,047WXnK2tIG3FGth7FyXaK","Touch","Ultraviolet","3LAU,Carly Paige",2018-02-16,205772,33,spotify:user:,2019-12-12T20:49:18Z,"edm,electro house,electronic trap,electropop,mashup,pop dance,pop edm,progressive electro house,progressive house,tropical house,la pop",0.576,0.797,11,-5.476,0,0.0499,0.0166,0.0000323,0.21,0.137,110.051,4
2fCKJ7BT0UhBuQF2nqUS1C,"0PxzGnCYBpSuaI49OR94cA","She Makes Magic","Superdream","Big Wild",2019-02-01,263076,39,spotify:user:,2019-12-12T20:49:18Z,"indie poptimism",0.653,0.385,6,-6.074,1,0.0385,0.0194,0.48,0.0959,0.398,104.001,4
2uoWHninMACac1KBFn8rXQ,"4LZ4De2MoO3lP6QaNCfvcu,0OE65qjIKHqSyU7YWpOQrv","Show & Tell","Wide-Eyed","Said The Sky,Claire Ridgely",2018-07-20,185600,49,spotify:user:,2019-12-12T20:49:18Z,"edm,electropop,future bass,melodic dubstep,pop,pop dance,pop edm,tropical house,montreal indie",0.667,0.86,1,-3.74,1,0.0531,0.235,0,0.135,0.463,150.111,4
4KJCSgHlhUZHwteycWRmd1,"0u18Cq5stIQLUoIaULzDmA,63cYZFLRnmgGOEVGvDjJs7","Many Words - Goslo Remix","Many Words (Remixes)","DROELOE,GOSLO",2018-04-27,277182,26,spotify:user:,2019-12-12T20:49:18Z,"bass trap,edm,electronic trap,electropop,future bass,pop edm,vapor twitch",0.746,0.57,7,-7.674,1,0.0312,0.0898,0.588,0.169,0.216,119.038,4
7DILHUPa46X9ufVchdm4bw,"3oB2U9OWSyEKuSve5KNgyx","Turning","Turning","obylx",2018-08-01,191200,0,spotify:user:,2019-12-12T20:49:18Z,"",0.524,0.437,0,-12.781,0,0.0543,0.0766,0.0000155,0.646,0.177,150.009,4
6FuWfcL5seyIfzzPCRBTBD,"7ymczLNmjz6AVMGApVNWbB,20lmiQy576CSBPz0VJHmnC,1rcjWfyRCF09kNQ8cEGdib","Same Page (feat. Brooke Daye)","Same Page","Vincent,yetep,Brooke Daye",2019-01-11,182625,0,spotify:user:,2019-12-12T20:49:18Z,"edm,electronic trap,electropop,future bass,melodic dubstep,pop edm,vapor twitch,pop dance",0.541,0.539,1,-7.641,1,0.182,0.585,0,0.114,0.51,159.912,4
6fyfUncrRzeOOEcVYoDWT7,"24V5UY0nChKpnb1TBPJhCw,4ptJIIR10UVlGjN0VntFaK","Your Way (feat. Day Wave)","Your Way (feat. Day Wave)","Jai Wolf,Day Wave",2019-02-14,266160,23,spotify:user:,2019-12-12T20:49:18Z,"edm,electropop,future bass,pop dance,pop edm,tropical house,vapor twitch,bay area indie,dreamo,indie pop,indie rock,modern rock,oakland indie",0.574,0.698,7,-6.109,1,0.0277,0.00365,0.527,0.675,0.123,120.067,4
