Spotify ID,Artist IDs,Track Name,Album Name,Artist Name(s),Release Date,Duration (ms),Popularity,Added By,Added At,Genres,Danceability,Energy,Key,Loudness,Mode,Speechiness,Acousticness,Instrumentalness,Liveness,Valence,Tempo,Time Signature
0B8VyE9lyRg7ABx8lUyEDY,"3gfeKrOBLlmoaUXfGJzmS5","Wedding Ballet","Wedding Ballet","Austin Farwell",2022-10-05,99666,47,spotify:user:22odsuw4chg6a2xo3rfvrvymi,2022-10-07T06:32:01Z,"",0.214,0.195,5,-20.248,1,0.0334,0.942,0.943,0.113,0.106,90.849,4
1aQkTdtO9dK5rAF5bkbxAk,"3gfeKrOBLlmoaUXfGJzmS5","Stars in Catalina","Stars in Catalina","Austin Farwell",2022-09-06,154921,44,spotify:user:22odsuw4chg6a2xo3rfvrvymi,2022-09-09T03:45:27Z,"",0.191,0.025,2,-27.837,1,0.0344,0.989,0.899,0.0721,0.0653,86.623,4
55c1yxcpzvjHyNKLRcFCLJ,"3gfeKrOBLlmoaUXfGJzmS5","Magic Moments","Magic Moments","Austin Farwell",2022-06-29,92542,53,spotify:user:22odsuw4chg6a2xo3rfvrvymi,2022-07-02T00:56:03Z,"",0.325,0.0317,7,-27.16,1,0.0386,0.986,0.928,0.133,0.096,125.74,4
4GcJLYwE3ZectddAsL50pI,"3gfeKrOBLlmoaUXfGJzmS5","Dreaming","Dreaming","Austin Farwell",2022-05-24,107107,51,spotify:user:22odsuw4chg6a2xo3rfvrvymi,2022-07-06T15:05:35Z,"",0.237,0.0451,4,-25.162,1,0.0428,0.973,0.891,0.105,0.184,165.467,4
2eNGGlykvjQyStOU7DBHvE,"3gfeKrOBLlmoaUXfGJzmS5","Drifting Away","Drifting Away","Austin Farwell",2022-07-26,165365,50,spotify:user:22odsuw4chg6a2xo3rfvrvymi,2022-08-01T05:59:35Z,"",0.324,0.00789,0,-29.613,1,0.0392,0.988,0.874,0.0993,0.0738,127.994,4
1LNrPxRlSkIROZIZ4ldKoH,"3gfeKrOBLlmoaUXfGJzmS5","Deep Breaths","Deep Breaths","Austin Farwell",2022-03-08,138905,51,spotify:user:22odsuw4chg6a2xo3rfvrvymi,2022-03-08T07:02:38Z,"",0.295,0.0433,4,-25.464,1,0.0373,0.976,0.905,0.0992,0.0523,137.592,4
6h6runZeeczWEuEW2pFvYW,"3gfeKrOBLlmoaUXfGJzmS5","New Home (Slowed)","New Home (Slowed)","Austin Farwell",2021-05-26,174521,67,spotify:user:22odsuw4chg6a2xo3rfvrvymi,2022-06-03T02:09:09Z,"",0.356,0.00558,11,-27.72,1,0.0417,0.99,0.934,0.0991,0.122,70.012,4
4DuqewHH7zlFgJvJ3kO7sd,"3gfeKrOBLlmoaUXfGJzmS5","Take Me Away","Take Me Away","Austin Farwell",2020-12-29,96663,60,spotify:user:22odsuw4chg6a2xo3rfvrvymi,2021-12-27T00:09:58Z,"",0.202,0.0623,3,-22.738,1,0.0577,0.983,0.895,0.101,0.0377,166.753,3
4wurHrfvk9zXdcgFuRVwtj,"3gfeKrOBLlmoaUXfGJzmS5","Evening Sky","Evening Sky","Austin Farwell",2022-01-29,131931,56,spotify:user:22odsuw4chg6a2xo3rfvrvymi,2022-02-02T19:29:42Z,"",0.227,0.0585,7,-23.45,1,0.0339,0.967,0.912,0.11,0.0348,78.986,3
25b7fqfmk1yDyWcmoiiAkd,"3gfeKrOBLlmoaUXfGJzmS5","High Above","High Above","Austin Farwell",2020-09-09,77531,58,spotify:user:22odsuw4chg6a2xo3rfvrvymi,2021-12-27T00:10:42Z,"",0.277,0.097,7,-23.615,1,0.0365,0.947,0.935,0.106,0.133,59.328,3
6jaUC7hiJi9josKZia7oLA,"3gfeKrOBLlmoaUXfGJzmS5","Stillness","Stillness","Austin Farwell",2022-06-16,134467,38,spotify:user:22odsuw4chg6a2xo3rfvrvymi,2022-06-17T08:47:14Z,"",0.415,0.0171,3,-24.976,1,0.05,0.984,0.895,0.123,0.0965,113.259,3
6kL1QfSrR5K2GYX6It8EQb,"3gfeKrOBLlmoaUXfGJzmS5","I got u","I got u","Austin Farwell",2022-04-26,136336,37,spotify:user:22odsuw4chg6a2xo3rfvrvymi,2022-05-03T07:45:41Z,"",0.253,0.0217,3,-24.839,1,0.0487,0.99,0.918,0.112,0.0619,67.714,4
7CcNtj0n4GiioFasxa9Nfc,"3gfeKrOBLlmoaUXfGJzmS5","Dreamscape","Dreamscape","Austin Farwell",2021-01-17,114426,57,spotify:user:22odsuw4chg6a2xo3rfvrvymi,2021-12-27T00:10:05Z,"",0.346,0.00441,7,-25.627,1,0.0394,0.987,0.911,0.0942,0.151,77.182,1
7pcGcVUN9m12lfNuS3Xz8I,"3gfeKrOBLlmoaUXfGJzmS5","Once Upon a Time","Once Upon a Time","Austin Farwell",2022-02-01,92592,58,spotify:user:22odsuw4chg6a2xo3rfvrvymi,2022-02-02T19:29:29Z,"",0.346,0.0227,6,-25.447,1,0.0387,0.982,0.921,0.0976,0.0611,69.424,5
0YGT4BeGuzDoLqHCdLzFn2,"3gfeKrOBLlmoaUXfGJzmS5","Spring Is Coming","Spring Is Coming","Austin Farwell",2021-03-11,120370,43,spotify:user:22odsuw4chg6a2xo3rfvrvymi,2021-12-27T00:13:16Z,"",0.375,0.0571,9,-20.411,1,0.037,0.94,0.902,0.112,0.0395,139.076,3
0YfVTuuNun21EU4xFY5jlR,"3gfeKrOBLlmoaUXfGJzmS5","Blessings","Blessings","Austin Farwell",2021-08-16,71938,45,spotify:user:22odsuw4chg6a2xo3rfvrvymi,2021-12-27T00:10:57Z,"",0.26,0.125,4,-21.27,0,0.0402,0.98,0.833,0.089,0.133,179.478,3
6esJyafGjUcSNiAE7WHlic,"3gfeKrOBLlmoaUXfGJzmS5,1sbuH2QadilkAzCOOrjHuf","Not Forgotten","Auspicious Pt. I","Austin Farwell,A N T I T H E S I S",2021-10-15,127801,52,spotify:user:22odsuw4chg6a2xo3rfvrvymi,2021-12-27T00:12:46Z,"",0.36,0.0422,9,-21.172,0,0.0397,0.977,0.888,0.0894,0.0961,75.635,4
2yRx0tQPsrmlWlrj04t2DW,"3gfeKrOBLlmoaUXfGJzmS5","Memory","Memory","Austin Farwell",2022-01-28,125725,0,spotify:user:22odsuw4chg6a2xo3rfvrvymi,2022-01-28T20:33:33Z,"",0.318,0.0827,8,-22.656,1,0.0433,0.982,0.877,0.108,0.0579,73.48,3
6EAAkxos4EXwmsfImKavpn,"3gfeKrOBLlmoaUXfGJzmS5","By the Seaside","By the Seaside","Austin Farwell",2021-01-30,121856,40,spotify:user:22odsuw4chg6a2xo3rfvrvymi,2021-12-27T00:11:04Z,"",0.255,0.0555,0,-22.395,1,0.0399,0.974,0.883,0.0964,0.0374,70.558,3
1zUTVV0FUaggRtG4ICgEP9,"3gfeKrOBLlmoaUXfGJzmS5","Smile More","Smile More","Austin Farwell",2021-01-17,117980,39,spotify:user:22odsuw4chg6a2xo3rfvrvymi,2021-12-27T00:10:50Z,"",0.24,0.102,6,-19.668,0,0.0507,0.977,0.929,0.093,0.135,65.451,4
1CvGAeVKQe4MO0TYYRE2X0,"3gfeKrOBLlmoaUXfGJzmS5","California","California","Austin Farwell",2022-05-05,121421,39,spotify:user:22odsuw4chg6a2xo3rfvrvymi,2022-07-06T15:05:48Z,"",0.308,0.0652,3,-23.618,1,0.042,0.975,0.87,0.109,0.113,68.252,3
64ut2q1a1ueC7KNCZPUAVN,"3gfeKrOBLlmoaUXfGJzmS5","A World Away","A World Away","Austin Farwell",2021-09-26,166533,36,spotify:user:22odsuw4chg6a2xo3rfvrvymi,2021-12-27T00:11:29Z,"",0.306,0.0573,10,-21.685,1,0.0443,0.988,0.873,0.102,0.0941,65.389,4
5lEiWMwoKtMGTyjIRQ8Xo3,"3gfeKrOBLlmoaUXfGJzmS5","City Lights","City Lights","Austin Farwell",2020-09-06,121856,57,spotify:user:22odsuw4chg6a2xo3rfvrvymi,2021-12-27T00:10:11Z,"",0.268,0.0416,3,-25.963,1,0.047,0.982,0.943,0.105,0.242,68.647,5
45CJZE0P0QBUo3bxjUxGgx,"3gfeKrOBLlmoaUXfGJzmS5,1sbuH2QadilkAzCOOrjHuf","Together","Auspicious Pt. I","Austin Farwell,A N T I T H E S I S",2021-10-15,132259,55,spotify:user:22odsuw4chg6a2xo3rfvrvymi,2021-12-27T00:13:00Z,"",0.21,0.0287,3,-26.975,1,0.0508,0.981,0.888,0.0854,0.0478,69.867,3
707BRCe5feUySwv7141QeA,"3gfeKrOBLlmoaUXfGJzmS5","New Home","New Home","Austin Farwell",2021-05-11,126359,65,spotify:user:22odsuw4chg6a2xo3rfvrvymi,2022-03-08T07:08:47Z,"",0.378,0.014,5,-22.794,1,0.0515,0.994,0.87,0.116,0.198,71.865,1
5v9UvGxHoXag39FcuKmNdV,"3gfeKrOBLlmoaUXfGJzmS5,1sbuH2QadilkAzCOOrjHuf","The Promise","The Promise","Austin Farwell,A N T I T H E S I S",2021-10-08,156036,50,spotify:user:22odsuw4chg6a2xo3rfvrvymi,2021-12-27T00:12:40Z,"",0.324,0.036,1,-23.67,0,0.0483,0.969,0.89,0.0889,0.0791,69.139,3
3ryn6YGccPUI2N14TTRhNa,"3gfeKrOBLlmoaUXfGJzmS5","The Walk We Go","The Walk We Go","Austin Farwell",2021-04-30,141890,36,spotify:user:22odsuw4chg6a2xo3rfvrvymi,2022-06-13T20:09:39Z,"",0.35,0.242,0,-22.614,1,0.038,0.974,0.936,0.11,0.161,169.918,4
