Spotify ID,Artist IDs,Track Name,Album Name,Artist Name(s),Release Date,Duration (ms),Popularity,Added By,Added At,Genres,Danceability,Energy,Key,Loudness,Mode,Speechiness,Acousticness,Instrumentalness,Liveness,Valence,Tempo,Time Signature
1w6EDue1Ze95AzYcjr8ED3,"7pwufEBGfggjoI8twqlsmQ","gaslight","young forever","Nessa Barrett",2022-10-14,196320,63,spotify:user:12128755886,2022-11-11T21:11:58Z,"alt z,pop,social media pop",0.649,0.628,0,-7.461,0,0.0656,0.0749,0,0.106,0.352,75.033,4
2LvvFxwAqjp75Lp4XDetug,"7pwufEBGfggjoI8twqlsmQ","talk to myself","young forever","Nessa Barrett",2022-10-14,165520,65,spotify:user:12128755886,2022-11-11T21:12:00Z,"alt z,pop,social media pop",0.556,0.492,4,-7.266,1,0.0647,0.0129,0,0.494,0.376,92.648,3
1PNpHAmVys80vSWp1CpsGE,"7pwufEBGfggjoI8twqlsmQ","decay","young forever","Nessa Barrett",2022-10-14,149466,60,spotify:user:12128755886,2022-11-11T21:12:01Z,"alt z,pop,social media pop",0.636,0.499,8,-8.636,0,0.0679,0.478,0.00169,0.204,0.444,92.983,4
3RhPFIqJ9waaB5FTg8wugv,"7pwufEBGfggjoI8twqlsmQ","too hot to cry","young forever","Nessa Barrett",2022-10-14,188360,61,spotify:user:12128755886,2022-11-11T21:12:03Z,"alt z,pop,social media pop",0.328,0.692,8,-6.927,0,0.366,0.0313,0,0.094,0.293,179.627,4
4ljlDYvqLPNFo92gEyWJfb,"7pwufEBGfggjoI8twqlsmQ","fuckmarrykill","young forever","Nessa Barrett",2022-10-14,213386,60,spotify:user:12128755886,2022-11-11T21:12:10Z,"alt z,pop,social media pop",0.509,0.458,0,-10.091,0,0.0389,0.539,0.000335,0.125,0.0935,134.08,4
6g5ToBz8mGURaauPqfyYvU,"7pwufEBGfggjoI8twqlsmQ","lovebomb","young forever","Nessa Barrett",2022-10-14,189000,69,spotify:user:12128755886,2022-11-11T21:12:13Z,"alt z,pop,social media pop",0.595,0.174,7,-15.64,1,0.0341,0.747,0.000018,0.12,0.161,113.087,4
6OJvxUY0WhYn8qv3UZCRlM,"7pwufEBGfggjoI8twqlsmQ","unnecessary violence","young forever","Nessa Barrett",2022-10-14,195320,58,spotify:user:12128755886,2022-11-11T21:12:15Z,"alt z,pop,social media pop",0.405,0.375,10,-9.697,0,0.0381,0.418,0,0.113,0.0761,119.753,3
39HJJEgUFZcnhH4ziSqomg,"7pwufEBGfggjoI8twqlsmQ","dear god","young forever","Nessa Barrett",2022-10-14,132106,67,spotify:user:12128755886,2022-11-11T21:12:16Z,"alt z,pop,social media pop",0.534,0.373,2,-12.43,0,0.0574,0.816,0.000292,0.125,0.351,98.132,4
7m059kV1WgO9czlih2hDrI,"7pwufEBGfggjoI8twqlsmQ","forgive the world","young forever","Nessa Barrett",2022-10-14,148733,60,spotify:user:12128755886,2022-11-11T21:12:17Z,"alt z,pop,social media pop",0.492,0.382,4,-8.971,0,0.0401,0.526,0,0.386,0.202,107.422,5
6BzSgXgzHxqPbGEb7aKAXb,"2S054G7qnCK45KY0XzpX30","ugly","ugly","Dylan Conrique",2022-11-10,180626,56,spotify:user:12128755886,2022-11-11T21:12:28Z,"alt z,social media pop",0.675,0.85,11,-4.849,0,0.0526,0.037,0,0.311,0.842,136.96,4
0XER3HPMx223xWaAgNKp4Y,"0C8ZW7ezQVs4URX5aX7Kqx","My Mind & Me","My Mind & Me","Selena Gomez",2022-11-03,147597,84,spotify:user:12128755886,2022-11-11T21:12:37Z,"dance pop,pop,post-teen pop",0.6,0.389,9,-5.727,1,0.0337,0.566,0,0.0826,0.244,143.577,4
2hlM7pRlEJuukvzCsJF6JF,"2yLzlEFtIS0Q9UkyBZdQA7","If I Died Last Night","If I Died Last Night","Jessie Murph",2022-11-04,164678,72,spotify:user:12128755886,2022-11-11T21:12:42Z,"alt z,pop",0.741,0.466,1,-8.023,0,0.0862,0.459,0,0.184,0.331,124.151,4
086myS9r57YsLbJpU0TgK9,"7Ln80lUS6He07XvHI8qqHH","Why'd You Only Call Me When You're High?","AM","Arctic Monkeys",2013-09-09,161123,87,spotify:user:12128755886,2022-11-11T21:13:20Z,"garage rock,modern rock,permanent wave,rock,sheffield indie",0.691,0.631,2,-6.478,1,0.0368,0.0483,0.0000113,0.104,0.8,92.004,4
1BECwm5qkaBwlbfo4kpYx8,"20JZFwl6HVl6yg8a4H3ZqK","Death of a Bachelor","Death of a Bachelor","Panic! At The Disco",2016-01-15,203506,70,spotify:user:12128755886,2022-11-11T21:13:31Z,"modern rock",0.462,0.538,0,-5.527,1,0.059,0.0137,0,0.429,0.405,139.256,4
0ZUo4YjG4saFnEJhdWp9Bt,"4xFUf1FHVy696Q1JQZMTRj","Before He Cheats","Some Hearts","Carrie Underwood",2005-11-14,199946,78,spotify:user:12128755886,2022-11-11T21:13:37Z,"contemporary country,country,country dawn,oklahoma country,pop",0.519,0.749,6,-3.318,0,0.0405,0.271,0,0.119,0.29,147.905,4
3E9es0SK2EusrHA7IaO7Zu,"6VuMaDnrHyPL1p4EHjYLi7","Charlie Be Quiet!","CHARLIE","Charlie Puth",2022-10-07,128364,69,spotify:user:12128755886,2022-11-11T21:13:46Z,"dance pop,pop,viral pop",0.753,0.662,8,-4.25,1,0.0702,0.205,0.00000366,0.0851,0.466,94.958,4
2g3afkZqrBxT9RWNSPSWa7,"6VuMaDnrHyPL1p4EHjYLi7","No More Drama","CHARLIE","Charlie Puth",2022-10-07,140041,68,spotify:user:12128755886,2022-11-11T21:13:52Z,"dance pop,pop,viral pop",0.555,0.648,11,-6.539,0,0.296,0.693,0.000644,0.128,0.641,195.887,4
0hquQWY3xvYqN4qtiquniF,"5cj0lLjcoR7YOSnhnX0Po5","Vegas (From the Original Motion Picture Soundtrack ELVIS)","Vegas (From the Original Motion Picture Soundtrack ELVIS)","Doja Cat",2022-05-06,182906,87,spotify:user:12128755886,2022-11-11T21:14:01Z,"dance pop,pop",0.801,0.601,8,-7.574,0,0.255,0.0777,0.0000323,0.145,0.74,159.969,4
4QSUJTIteKNE0w4Ex98MSb,"164Uj4eKjl6zTBKfJLFKKK","ghost town","this is what ____ feels like (Vol. 1-4)","JVKE",2022-09-23,157791,60,spotify:user:12128755886,2022-11-11T21:14:31Z,"modern indie pop,pop",0.647,0.599,0,-2.291,0,0.0681,0.364,0.0000324,0.102,0.28,164.084,4
5cceQYu8V7ZdFkMvdH6qPK,"164Uj4eKjl6zTBKfJLFKKK","wonder if she loves me","this is what ____ feels like (Vol. 1-4)","JVKE",2022-09-23,160676,62,spotify:user:12128755886,2022-11-11T21:14:35Z,"modern indie pop,pop",0.463,0.58,0,-3.664,1,0.128,0.598,0,0.622,0.454,83.995,4
7K3rRx00hcS6MpZmYGUFH2,"6Y64EaNqpqcZYTgs4c76gF","Sober","Sober","jxdn",2022-11-11,152375,62,spotify:user:12128755886,2022-11-11T21:16:40Z,"pop punk",0.561,0.861,11,-3.04,1,0.0358,0.000348,0,0.0852,0.542,141.909,4
2x4bVd4nnzqzYmqpDYbcmQ,"6Y64EaNqpqcZYTgs4c76gF","PILLS","Tell Me About Tomorrow","jxdn",2021-07-02,147277,45,spotify:user:12128755886,2022-11-11T21:16:46Z,"pop punk",0.475,0.886,6,-5.044,1,0.0635,0.0014,0,0.1,0.537,164.955,4
6HNtT20hmFvswMN53jIRv1,"6Y64EaNqpqcZYTgs4c76gF","THINK ABOUT ME","Tell Me About Tomorrow","jxdn",2021-07-02,204855,55,spotify:user:12128755886,2022-11-11T21:16:50Z,"pop punk",0.56,0.72,1,-4.169,0,0.0391,0.000291,0,0.071,0.653,142.031,4
2IM62Gocn1627nKL1aSifz,"6Y64EaNqpqcZYTgs4c76gF","A WASTED YEAR","Tell Me About Tomorrow","jxdn",2021-07-02,157106,45,spotify:user:12128755886,2022-11-11T21:16:54Z,"pop punk",0.463,0.851,0,-4.269,1,0.0457,0.0000667,0,0.392,0.536,161.927,4
41tJ36L2Hca9uY5arC3Y1K,"6Y64EaNqpqcZYTgs4c76gF","ONE MINUTE","Tell Me About Tomorrow","jxdn",2021-07-02,163686,44,spotify:user:12128755886,2022-11-11T21:16:57Z,"pop punk",0.483,0.817,11,-5.044,1,0.0421,0.0000427,0,0.338,0.294,180.112,4
2IGmI63i1TCBSYbh4wBlzU,"6Y64EaNqpqcZYTgs4c76gF","BRAINDEAD","Tell Me About Tomorrow","jxdn",2021-07-02,168713,51,spotify:user:12128755886,2022-11-11T21:17:01Z,"pop punk",0.53,0.801,8,-4.723,1,0.0375,0.000352,0,0.109,0.448,171.954,4
7MPxEoT36YBCDbrk3ng85S,"6Y64EaNqpqcZYTgs4c76gF","BETTER OFF DEAD","Tell Me About Tomorrow","jxdn",2021-07-02,155673,63,spotify:user:12128755886,2022-11-11T21:17:07Z,"pop punk",0.684,0.672,10,-5.762,0,0.0341,0.151,0,0.116,0.381,93.965,4
0AFUpHDK01kwapBhVJBtio,"6Y64EaNqpqcZYTgs4c76gF","LAST TIME","Tell Me About Tomorrow","jxdn",2021-07-02,181673,45,spotify:user:12128755886,2022-11-11T21:17:13Z,"pop punk",0.443,0.822,11,-4.536,0,0.0644,0.000151,0,0.361,0.448,200.017,4
0tQPcLmwvAnS5eXSuAUokD,"6Y64EaNqpqcZYTgs4c76gF","NO VANITY","Tell Me About Tomorrow","jxdn",2021-07-02,205723,48,spotify:user:12128755886,2022-11-11T21:17:16Z,"pop punk",0.479,0.823,11,-4.688,0,0.0382,0.000118,0,0.164,0.329,148.996,4
0A6CJaugwgh4bjnSNyWtWF,"6Y64EaNqpqcZYTgs4c76gF","TELL ME ABOUT TOMORROW","Tell Me About Tomorrow","jxdn",2021-07-02,203732,55,spotify:user:12128755886,2022-11-11T21:17:20Z,"pop punk",0.511,0.563,11,-6.325,1,0.0309,0.0237,0,0.147,0.485,140.061,4
7D4FzztA0zBvK4N3aCF0xx,"6z9k3E8sR90LH0N4zyOxUu","why do i exist","we're all sad here","Zevia",2022-02-11,154124,47,spotify:user:12128755886,2022-11-11T21:22:43Z,"alt z,gen z singer-songwriter",0.377,0.107,9,-20.57,0,0.0857,0.871,0.0000055,0.37,0.0912,83.569,4
3ArvrXVP9QRUmKWRqzNYjO,"6z9k3E8sR90LH0N4zyOxUu","till death frees me","we're all sad here","Zevia",2022-02-11,166312,55,spotify:user:12128755886,2022-11-11T21:22:43Z,"alt z,gen z singer-songwriter",0.604,0.122,10,-11.408,1,0.0676,0.917,0,0.114,0.135,140.451,4
4tI1u9uQXYLnswRzcysxDo,"6z9k3E8sR90LH0N4zyOxUu","life, i'm over you","we're all sad here","Zevia",2022-02-11,203470,62,spotify:user:12128755886,2022-11-11T21:22:43Z,"alt z,gen z singer-songwriter",0.495,0.322,11,-12.277,1,0.181,0.834,0,0.105,0.17,78.677,1
2XFbYvY2KwsXNTAxgXRHR5,"6z9k3E8sR90LH0N4zyOxUu","manipulation","we're all sad here","Zevia",2022-02-11,231272,47,spotify:user:12128755886,2022-11-11T21:22:43Z,"alt z,gen z singer-songwriter",0.41,0.196,9,-12.566,0,0.1,0.822,0,0.0934,0.232,73.711,5
6P658F37waRDEge9o7bPNV,"6z9k3E8sR90LH0N4zyOxUu","we're just friends","we're all sad here","Zevia",2022-02-11,179076,46,spotify:user:12128755886,2022-11-11T21:22:43Z,"alt z,gen z singer-songwriter",0.531,0.252,2,-10.706,1,0.0961,0.891,0,0.087,0.417,120.89,4
06j01EjelPgBjYzFkShpTw,"6z9k3E8sR90LH0N4zyOxUu","live to die","we're all sad here","Zevia",2022-02-11,175390,40,spotify:user:12128755886,2022-11-11T21:22:43Z,"alt z,gen z singer-songwriter",0.724,0.381,8,-11.353,1,0.0949,0.802,0,0.112,0.302,122.151,4
2ha6TmK7Q3mejlvZNQuEBu,"6z9k3E8sR90LH0N4zyOxUu","if depression gets the best of me","we're all sad here","Zevia",2022-02-11,180000,58,spotify:user:12128755886,2022-11-11T21:22:43Z,"alt z,gen z singer-songwriter",0.538,0.187,0,-15.278,1,0.0596,0.88,0.00009,0.111,0.201,119.813,4
1vdhd1LBOU843Z0GrsUbbd,"6S2OmqARrzebs0tKUEyXyp","SKIN OF MY TEETH","HOLY FVCK","Demi Lovato",2022-08-19,162516,62,spotify:user:12128755886,2022-11-13T20:39:48Z,"dance pop,pop,post-teen pop",0.458,0.947,11,-2.308,0,0.221,0.0000129,0,0.179,0.478,130.941,4
7ev5KssrPo4hVEHWYQ1yvS,"6S2OmqARrzebs0tKUEyXyp","SUBSTANCE","HOLY FVCK","Demi Lovato",2022-08-19,160441,61,spotify:user:12128755886,2022-11-13T20:39:59Z,"dance pop,pop,post-teen pop",0.466,0.947,1,-3.136,1,0.175,0.00013,0,0.127,0.592,84.857,4
0ByTfwoYWdom6GlQ9BIdv2,"6S2OmqARrzebs0tKUEyXyp,64EHXDoln95lnccszdPum0","EAT ME (feat. Royal & the Serpent)","HOLY FVCK","Demi Lovato,Royal & the Serpent",2022-08-19,180260,66,spotify:user:12128755886,2022-11-13T20:40:25Z,"dance pop,pop,post-teen pop,alt z,electropop,indie electropop,modern alternative pop,social media pop,viral rap",0.48,0.881,8,-2.828,0,0.151,0.000852,0,0.1,0.357,106.136,4
0REv856zadB0e8IM1brlwr,"6S2OmqARrzebs0tKUEyXyp","29","HOLY FVCK","Demi Lovato",2022-08-19,163027,72,spotify:user:12128755886,2022-11-13T20:40:29Z,"dance pop,pop,post-teen pop",0.322,0.698,1,-3.812,0,0.0542,0.00507,0,0.249,0.288,183.963,4
7lk9a3y8aBG9u7jzBLRDP2,"6S2OmqARrzebs0tKUEyXyp","HAPPY ENDING","HOLY FVCK","Demi Lovato",2022-08-19,229966,61,spotify:user:12128755886,2022-11-13T20:40:32Z,"dance pop,pop,post-teen pop",0.415,0.739,2,-4.771,1,0.0488,0.00213,0.00000322,0.415,0.165,175.895,4
65w3ZocHL5lQgo3B2HYghM,"6S2OmqARrzebs0tKUEyXyp","WASTED","HOLY FVCK","Demi Lovato",2022-08-19,183798,55,spotify:user:12128755886,2022-11-13T20:40:37Z,"dance pop,pop,post-teen pop",0.457,0.801,11,-4.125,1,0.0463,0.000248,0,0.114,0.091,96.016,4
0Sa0JpGbDiQbYxHpAP0zJE,"6S2OmqARrzebs0tKUEyXyp","DEAD FRIENDS","HOLY FVCK","Demi Lovato",2022-08-19,177434,54,spotify:user:12128755886,2022-11-13T20:40:41Z,"dance pop,pop,post-teen pop",0.346,0.837,6,-3.26,1,0.117,0.0000652,0,0.41,0.415,178.005,4
4Mn0ZD8Pb4xAZgHLtRLM9I,"6S2OmqARrzebs0tKUEyXyp","4 EVER 4 ME","HOLY FVCK","Demi Lovato",2022-08-19,226051,58,spotify:user:12128755886,2022-11-13T20:40:44Z,"dance pop,pop,post-teen pop",0.251,0.793,7,-4.346,1,0.0428,0.0145,0.00000327,0.172,0.198,164.847,3
2DB4DdfCFMw1iaR6JaR03a,"4nDoRrQiYLoBzwC5BhVJzF,6eUKZXaKkcviH0Ku9w2n3V","Bam Bam (feat. Ed Sheeran)","Familia","Camila Cabello,Ed Sheeran",2022-04-07,206070,80,spotify:user:12128755886,2022-11-14T22:57:20Z,"dance pop,pop,post-teen pop,uk pop",0.756,0.697,8,-6.377,1,0.0401,0.182,0,0.333,0.956,94.996,4
2ogKhhoMClkFXek7ZgxAhN,"4nDoRrQiYLoBzwC5BhVJzF","Shameless","Romance","Camila Cabello",2019-12-06,219742,64,spotify:user:12128755886,2022-11-14T22:57:29Z,"dance pop,pop,post-teen pop",0.377,0.651,4,-5.437,0,0.0589,0.0197,0.0000531,0.174,0.0851,129.607,4
4jFD7byoPdGkEdjHLMduR9,"4nDoRrQiYLoBzwC5BhVJzF","Living Proof","Romance","Camila Cabello",2019-12-06,194440,53,spotify:user:12128755886,2022-11-14T22:57:29Z,"dance pop,pop,post-teen pop",0.735,0.514,7,-5.464,1,0.082,0.109,0,0.359,0.517,77.566,4
0sHc1EEeOnmgjP6QmsR7px,"4nDoRrQiYLoBzwC5BhVJzF","Should've Said It","Romance","Camila Cabello",2019-12-06,200626,56,spotify:user:12128755886,2022-11-14T22:57:29Z,"dance pop,pop,post-teen pop",0.666,0.549,5,-5.781,0,0.0269,0.0281,0.000181,0.136,0.596,98.014,4
3yOlyBJuViE2YSGn3nVE1K,"4nDoRrQiYLoBzwC5BhVJzF,4r63FhuTkUYltbVAg5TQnk","My Oh My (feat. DaBaby)","Romance","Camila Cabello,DaBaby",2019-12-06,170746,74,spotify:user:12128755886,2022-11-14T22:57:29Z,"dance pop,pop,post-teen pop,north carolina hip hop,rap,trap",0.724,0.491,8,-6.024,1,0.0296,0.018,0.0000129,0.0887,0.383,105.046,4
3BVgrFWuH01GmCUy9Y2EE8,"7n2wHs1TKAczGzO7Dd2rGr,4nDoRrQiYLoBzwC5BhVJzF","Señorita","Romance","Shawn Mendes,Camila Cabello",2019-12-06,190813,51,spotify:user:12128755886,2022-11-14T22:57:29Z,"canadian pop,dance pop,pop,viral pop,post-teen pop",0.759,0.539,9,-6.039,0,0.0287,0.0376,0,0.0906,0.74,116.959,4
073ILU1C3APNRGF66VhtyA,"4nDoRrQiYLoBzwC5BhVJzF","Liar","Romance","Camila Cabello",2019-12-06,207038,65,spotify:user:12128755886,2022-11-14T22:57:29Z,"dance pop,pop,post-teen pop",0.74,0.498,11,-6.684,0,0.0456,0.0169,0.00282,0.319,0.652,98.016,4
0Q2kFlgnqusKAqCDpCKAIY,"4nDoRrQiYLoBzwC5BhVJzF","Bad Kind of Butterflies","Romance","Camila Cabello",2019-12-06,169334,56,spotify:user:12128755886,2022-11-14T22:57:29Z,"dance pop,pop,post-teen pop",0.495,0.308,1,-9.528,0,0.141,0.506,0,0.247,0.273,108.484,3
7DoNtK2gVFRwJh0hkHe5wQ,"4nDoRrQiYLoBzwC5BhVJzF","Easy","Romance","Camila Cabello",2019-12-06,194686,56,spotify:user:12128755886,2022-11-14T22:57:29Z,"dance pop,pop,post-teen pop",0.574,0.593,4,-5.731,0,0.0463,0.411,0.00000155,0.0966,0.355,128.073,4
39jcp8zJH7nHWbB7Hr3sFJ,"4nDoRrQiYLoBzwC5BhVJzF","Feel It Twice","Romance","Camila Cabello",2019-12-06,188939,53,spotify:user:12128755886,2022-11-14T22:57:29Z,"dance pop,pop,post-teen pop",0.516,0.436,0,-5.568,0,0.0283,0.842,0,0.0901,0.376,132.07,4
7jJ4y8hXMLMlGBu7Zm1XZj,"4nDoRrQiYLoBzwC5BhVJzF","Dream of You","Romance","Camila Cabello",2019-12-06,222999,53,spotify:user:12128755886,2022-11-14T22:57:29Z,"dance pop,pop,post-teen pop",0.659,0.663,11,-6.823,1,0.0811,0.205,0,0.105,0.333,140.013,4
1Ff71LUQO0KBk5Slu3K6Vu,"4nDoRrQiYLoBzwC5BhVJzF","Cry for Me","Romance","Camila Cabello",2019-12-06,189133,56,spotify:user:12128755886,2022-11-14T22:57:29Z,"dance pop,pop,post-teen pop",0.721,0.805,9,-4.134,0,0.0927,0.05,0,0.153,0.653,118.058,4
7cHje4KLujM18aBSLvaySE,"4nDoRrQiYLoBzwC5BhVJzF","This Love","Romance","Camila Cabello",2019-12-06,220072,58,spotify:user:12128755886,2022-11-14T22:57:29Z,"dance pop,pop,post-teen pop",0.494,0.502,8,-5.75,1,0.0329,0.253,0.00000437,0.105,0.162,179.643,3
3r73OmpBtQAwMgawxOmlg0,"4nDoRrQiYLoBzwC5BhVJzF","Used to This","Romance","Camila Cabello",2019-12-06,210001,55,spotify:user:12128755886,2022-11-14T22:57:29Z,"dance pop,pop,post-teen pop",0.583,0.495,1,-7.681,0,0.0813,0.361,0.00000335,0.348,0.364,100.047,4
6TRt2bniIq0EIlrDlje7b8,"4nDoRrQiYLoBzwC5BhVJzF","First Man","Romance","Camila Cabello",2019-12-06,228758,62,spotify:user:12128755886,2022-11-14T22:57:29Z,"dance pop,pop,post-teen pop",0.572,0.292,7,-7.621,1,0.0364,0.906,0.00000104,0.106,0.223,100.152,4
6cDfk6xwxZ5GlXPjLlYcKy,"7pwufEBGfggjoI8twqlsmQ","deathmatch","young forever (extended)","Nessa Barrett",2022-11-18,161917,60,spotify:user:12128755886,2022-11-18T05:53:06Z,"alt z,pop,social media pop",0.62,0.904,7,-5.729,1,0.153,0.0756,0.0000549,0.289,0.655,179.93,4
2xMY0vcPCP5GHHqom5i6Gl,"7pwufEBGfggjoI8twqlsmQ","do you really want to hurt me?","young forever (extended)","Nessa Barrett",2022-11-18,129293,55,spotify:user:12128755886,2022-11-18T05:53:10Z,"alt z,pop,social media pop",0.428,0.49,5,-8.357,0,0.0364,0.245,0.000804,0.0967,0.146,139.927,4
4jCdo6BWIpFBIo6nEOqljp,"7pwufEBGfggjoI8twqlsmQ","god's favorite","young forever (extended)","Nessa Barrett",2022-11-18,178957,55,spotify:user:12128755886,2022-11-18T05:53:13Z,"alt z,pop,social media pop",0.562,0.266,9,-10.667,0,0.0305,0.29,0.0000307,0.117,0.172,81.956,4
4x6ispIaSC0kKXpw2q9Kqw,"7pwufEBGfggjoI8twqlsmQ","505","young forever (extended)","Nessa Barrett",2022-11-18,180246,55,spotify:user:12128755886,2022-11-18T05:53:16Z,"alt z,pop,social media pop",0.43,0.487,0,-6.505,1,0.0705,0.126,0,0.115,0.144,140.054,4
0JqAqENu58aR5rbQgxw6Uz,"7pwufEBGfggjoI8twqlsmQ","noose","young forever (extended)","Nessa Barrett",2022-11-18,140989,55,spotify:user:12128755886,2022-11-18T05:53:21Z,"alt z,pop,social media pop",0.583,0.342,8,-10.965,1,0.0503,0.707,0,0.087,0.0897,115.978,4
4TgyIbBZCW0UIwS8eua06z,"5ZTJEC2UH1RXQT9K1mDCJ3","Hate You","Hate You","Jordi",2022-11-18,176540,60,spotify:user:12128755886,2022-11-18T15:39:22Z,"",0.636,0.473,0,-8.311,1,0.0389,0.762,0.00000382,0.152,0.399,87.034,4
5jQVx40dbpDsstcwlhpk9u,"0VMFTqmv0hYlWruyBERT95","trust issues","trust issues","Jessica Baio",2022-09-30,134262,64,spotify:user:12128755886,2022-11-18T15:40:50Z,"alt z,social media pop",0.587,0.453,9,-9.357,1,0.129,0.356,0.00205,0.0812,0.352,161.146,4
1hU2DMABlmezq7OMnX0ccm,"07r7OPIALkj6Icaoj4Kf5l,0NxhAEPOSeCg6vypFr7yjU","True Crime","True Crime","Madilyn,Madilyn Bailey",2022-10-14,171111,52,spotify:user:12128755886,2022-11-21T02:41:35Z,"channel pop,viral pop",0.823,0.647,2,-7.237,1,0.153,0.302,0,0.328,0.589,107.971,4
7bdpStmJdlw9GKBPTOkDwT,"5bfglVyGJppmmNoC2rhBUG","AVA","AVA","Natalie Jane",2022-11-18,159338,76,spotify:user:12128755886,2022-11-23T06:28:49Z,"alt z",0.578,0.471,3,-6.379,0,0.0417,0.155,0,0.0779,0.233,86.982,4
