Spotify ID,Artist IDs,Track Name,Album Name,Artist Name(s),Release Date,Duration (ms),Popularity,Added By,Added At,Genres,Danceability,Energy,Key,Loudness,Mode,Speechiness,Acousticness,Instrumentalness,Liveness,Valence,Tempo,Time Signature
0tQmgwFKw9069z1BXniOiA,"02kJSzxNuaWGqwubyUba0Z,7bXgB6jMjp9ATFy66eO08Z,6V3F8MZrOKdT9fU686ybE9","Provide (feat. Chris Brown & Mark Morrison)","Provide (feat. Chris Brown & Mark Morrison)","G-Eazy,Chris Brown,Mark Morrison",2021-02-05,186349,57,spotify:user:g_eazy,2021-02-05T06:42:34Z,"indie pop rap,oakland hip hop,pop,pop rap,rap,dance pop,r&b,british soul",0.652,0.803,9,-4.116,0,0.238,0.0165,0,0.307,0.661,95.025,4
5SixeLvPsYpk7qq9lo5xYg,"1FtBEIWAwvw5ymBen5GICR","Have Mercy","Have Mercy","Chlöe",2021-09-10,148778,72,spotify:user:g_eazy,2022-02-14T22:24:08Z,"dance pop,pop,post-teen pop,r&b,rap",0.903,0.535,9,-6.434,1,0.0742,0.297,0,0.345,0.508,130.022,4
0DYvvSQL8PbsjPaOOMg2DR,"02kJSzxNuaWGqwubyUba0Z","Bad Bad News!","These Things Happen Too","G-Eazy",2021-09-24,171261,31,spotify:user:g_eazy,2022-02-14T22:25:14Z,"indie pop rap,oakland hip hop,pop,pop rap,rap",0.431,0.61,2,-7.031,0,0.296,0.17,0.000024,0.362,0.431,77.044,4
3YJJjQPAbDT7mGpX3WtQ9A,"7tYKF4w9nC0nq9CsPZTHyP","Good Days","Good Days","SZA",2020-12-25,279204,82,spotify:user:g_eazy,2022-02-14T22:25:24Z,"pop,r&b,rap",0.436,0.655,1,-8.37,0,0.0583,0.499,0.0000081,0.688,0.412,121.002,4
0OLKDxDEz1yW3YCOsW02ee,"02kJSzxNuaWGqwubyUba0Z,7jZMxhsB8djyIbYmoiJSTs","A Little More (feat. Kiana Ledé)","A Little More (feat. Kiana Ledé)","G-Eazy,Kiana Ledé",2021-02-03,212629,41,spotify:user:g_eazy,2021-02-13T01:22:22Z,"indie pop rap,oakland hip hop,pop,pop rap,rap,dance pop,pop r&b,post-teen pop,r&b,urban contemporary",0.736,0.728,9,-4.798,1,0.16,0.00781,0.00000146,0.0954,0.663,87.016,4
7tjtWVu8RsshzPxQm8oT3y,"4qXC0i02bSFstECuXP2ZpL","Be Alone","No Love Lost","Blxst",2020-09-04,154105,63,spotify:user:g_eazy,2022-02-14T22:26:01Z,"pop rap",0.606,0.617,8,-5.123,0,0.427,0.83,0.000727,0.166,0.685,93.169,4
3QGppKBPd9gHOgHJzRbVIw,"02kJSzxNuaWGqwubyUba0Z,2cFrymmkijnjDg9SS92EPM","Hate The Way (feat. blackbear)","Hate The Way (feat. blackbear)","G-Eazy,blackbear",2020-10-16,214363,58,spotify:user:jonxjmn,2021-02-05T02:05:09Z,"indie pop rap,oakland hip hop,pop,pop rap,rap",0.569,0.865,4,-3.844,0,0.266,0.0673,0,0.312,0.361,82.011,4
37Nqx7iavZpotJSDXZWbJ3,"3TVXtAsR1Inumwj472S9r4,5f7VJjfbwm532GiveGC0ZK","Girls Want Girls (with Lil Baby)","Certified Lover Boy","Drake,Lil Baby",2021-09-03,221979,78,spotify:user:g_eazy,2022-02-14T22:27:20Z,"canadian hip hop,canadian pop,hip hop,rap,toronto rap,atl hip hop,atl trap,trap",0.767,0.438,7,-8.726,0,0.29,0.181,0,0.142,0.381,86.975,4
2NS0gBRFlxtYG6AL4fj3Y5,"02kJSzxNuaWGqwubyUba0Z","Stan By Me","Everything's Strange Here","G-Eazy",2020-07-08,217938,38,spotify:user:jonxjmn,2021-02-05T02:05:09Z,"indie pop rap,oakland hip hop,pop,pop rap,rap",0.749,0.829,3,-3.097,0,0.0344,0.1,0,0.0692,0.849,135.037,4
6CTWathupIiDs7U4InHnDA,"7HkdQ0gt53LP4zmHsL0nap","Trip","Ella Mai","Ella Mai",2018-10-12,213993,73,spotify:user:g_eazy,2022-02-14T22:28:54Z,"dance pop,pop,post-teen pop,r&b,rap,uk contemporary r&b,urban contemporary",0.477,0.61,11,-5.628,0,0.144,0.225,0,0.107,0.358,79.882,4
2EEmSQhXjUuy3VTDIe2s04,"02kJSzxNuaWGqwubyUba0Z,0GG2cWaonE4JPrjcCCQ1EG,7qevodTHcV0rtg9O7ih6nn","No Less","The Beautiful & Damned (Deluxe Edition)","G-Eazy,SG Lewis,Louis Mattrs",2020-12-18,250640,25,spotify:user:jonxjmn,2021-02-05T02:05:09Z,"indie pop rap,oakland hip hop,pop,pop rap,rap,edm,indie soul,uk dance,uk contemporary r&b",0.632,0.49,11,-7.386,0,0.286,0.566,0,0.0985,0.178,93.979,4
4SqPtAd2irUOyLoLcOFtkl,"1ybINI1qPiFbwDXamRtwxD,7iRauMPdOJBF3RiDHKrXTB","I Deserve (w/ NOS.)","I Deserve (w/ NOS.)","Smino,NOS.",2021-11-11,162858,58,spotify:user:g_eazy,2022-02-14T22:29:13Z,"hip hop,rap,underground hip hop",0.763,0.484,7,-7.482,0,0.141,0.0721,0,0.245,0.6,145.058,4
3DgoM4s0T7VoHEQkp3xUsW,"02kJSzxNuaWGqwubyUba0Z,3BkE65DVH2NZSDQa6ZszcJ","Mama Always Told Me","The Beautiful & Damned","G-Eazy,Madison Love",2017-12-15,191013,47,spotify:user:jonxjmn,2021-02-05T02:05:09Z,"indie pop rap,oakland hip hop,pop,pop rap,rap",0.747,0.714,6,-5.123,0,0.14,0.0169,0,0.138,0.461,144.969,4
2Q3jFbyE61mCjS3SkW4toJ,"3TVXtAsR1Inumwj472S9r4","Race My Mind","Certified Lover Boy","Drake",2021-09-03,269883,67,spotify:user:g_eazy,2022-02-14T22:30:41Z,"canadian hip hop,canadian pop,hip hop,rap,toronto rap",0.488,0.635,10,-7.19,1,0.26,0.179,0.00000816,0.156,0.783,174.072,4
3GHVwyXywVrxAJuqTGxUUM,"1nsdnHv49z0H5oPj3sJ3to,02kJSzxNuaWGqwubyUba0Z,5oUvJ4GGen3ikQjzgPuGal","Who You Loving? (feat. G-Eazy & Rahky)","Who You Loving? (feat. G-Eazy & Rahky)","DreamDoll,G-Eazy,Rahky",2020-02-13,190005,30,spotify:user:jonxjmn,2021-02-05T02:05:09Z,"escape room,hip pop,pop r&b,trap queen,viral rap,indie pop rap,oakland hip hop,pop,pop rap,rap",0.573,0.747,11,-4.558,0,0.196,0.275,0,0.147,0.43,97.327,4
6qY4SYsByMNcrhVjSMd0Ow,"4qXC0i02bSFstECuXP2ZpL","Wrong or Right","No Love Lost","Blxst",2020-09-04,163200,52,spotify:user:g_eazy,2022-02-14T22:37:22Z,"pop rap",0.752,0.529,6,-4.924,1,0.251,0.474,0.00000236,0.102,0.455,100.132,4
3eqfEoBJPQDlUZQzOP0cly,"02kJSzxNuaWGqwubyUba0Z","Complete","These Things Happen","G-Eazy",2014-06-20,188920,45,spotify:user:jonxjmn,2021-02-05T02:05:09Z,"indie pop rap,oakland hip hop,pop,pop rap,rap",0.615,0.549,2,-7.34,1,0.112,0.00954,0.000101,0.109,0.123,144.099,4
5B0kgjHULYJhAQkK5XsMoC,"4V8LLVI7PbaPR0K2TGSxFF,7wlFDEWiM5OoIAt8RSli8b,7c0XG5cIJTrrAgEC3ULPiq","WUSYANAME (feat. Youngboy Never Broke Again & Ty Dolla $ign)","CALL ME IF YOU GET LOST","Tyler, The Creator,YoungBoy Never Broke Again,Ty Dolla $ign",2021-06-25,121572,75,spotify:user:g_eazy,2022-02-14T22:52:04Z,"hip hop,rap,baton rouge rap,trap,dance pop,pop,pop rap,r&b,southern hip hop,trap soul",0.493,0.653,0,-5.666,0,0.0466,0.269,0,0.511,0.852,142.347,4
14Q3OrXMvSTCJvqeSNXovU,"6kq4GHwUcUojGIu0ziSNXf,02kJSzxNuaWGqwubyUba0Z","Nadie Como Tu","Nadie Como Tu","Amenazzy,G-Eazy",2019-12-06,177327,34,spotify:user:jonxjmn,2021-02-05T02:05:09Z,"dominican pop,latin hip hop,rap dominicano,reggaeton,reggaeton flow,trap latino,indie pop rap,oakland hip hop,pop,pop rap,rap",0.694,0.842,2,-4.91,1,0.0624,0.147,0.00000105,0.261,0.753,105.02,4
6Zu3aw7FfjAF9WA0fA81Oq,"3MdXrJWsbVzdn6fe5JYkSQ","Big Energy","Big Energy","Latto",2021-09-24,173182,75,spotify:user:g_eazy,2022-02-14T22:52:19Z,"pop,rap,trap queen",0.935,0.807,11,-3.838,0,0.114,0.0514,0,0.349,0.813,106.017,4
7E91ECLi2J4L21tEX0RBHn,"1thbOfXak53dM1Xabq3pmb,02kJSzxNuaWGqwubyUba0Z","Cruel Intentions","Cruel Intentions","Delacey,G-Eazy",2020-02-28,192570,0,spotify:user:jonxjmn,2021-02-05T02:05:09Z,"modern alternative pop,indie pop rap,oakland hip hop,pop,pop rap,rap",0.677,0.878,11,-3.497,0,0.213,0.0883,0,0.154,0.227,90.048,4
7KrlNS2VqiNNJ82RMQdxBn,"3aQeKQSyrW4qWr35idm0cy,0cGUm45nv7Z6M6qdXYQGTX","I Like Dat","I Like Dat","T-Pain,Kehlani",2021-05-14,242085,63,spotify:user:g_eazy,2022-02-14T23:00:26Z,"dance pop,hip hop,pop rap,r&b,rap,southern hip hop,urban contemporary,pop,post-teen pop",0.565,0.491,1,-6.902,1,0.221,0.0049,0,0.137,0.337,175.694,4
7yCqehT9dKACTFy7YugP0J,"3tQx1LPXbsYjE9VwN1Peaa,02kJSzxNuaWGqwubyUba0Z","You & Me","Gossip Columns","Marc E. Bassy,G-Eazy",2017-10-13,218493,61,spotify:user:g_eazy,2022-02-14T23:00:39Z,"pop,pop rap,r&b,indie pop rap,oakland hip hop,rap",0.449,0.635,1,-8.301,1,0.275,0.0413,0,0.188,0.608,84.414,4
2S16czIeUR0vS7fwq5Fv7T,"47TMF0JlFsz01KilGzc5Ly","Never Lose You","TwoFr 2","Kalan.FrFr",2021-03-12,181866,53,spotify:user:g_eazy,2022-02-14T23:00:51Z,"cali rap",0.561,0.598,11,-8.339,0,0.0882,0.395,0,0.108,0.477,97.697,4
1Bqxj0aH5KewYHKUg1IdrF,"02kJSzxNuaWGqwubyUba0Z,3tQx1LPXbsYjE9VwN1Peaa","Some Kind Of Drug (feat. Marc E. Bassy)","When It's Dark Out","G-Eazy,Marc E. Bassy",2015-12-04,222466,62,spotify:user:jonxjmn,2021-02-05T02:05:09Z,"indie pop rap,oakland hip hop,pop,pop rap,rap,r&b",0.634,0.525,0,-8.968,1,0.47,0.0705,0,0.0729,0.49,130.271,4
7t2bFihaDvhIrd2gn2CWJO,"7c0XG5cIJTrrAgEC3ULPiq,1Xyo4u8uXC1ZmMpatF05PJ,137W8MRPWKqSmrBGDBFSop,0YinUQ50QDB7ZxSCLyQ40k","Or Nah (feat. The Weeknd, Wiz Khalifa & DJ Mustard) - Remix","Or Nah (feat. The Weeknd, Wiz Khalifa & DJ Mustard) [Remix]","Ty Dolla $ign,The Weeknd,Wiz Khalifa,Mustard",2014-06-10,242983,79,spotify:user:g_eazy,2022-02-14T23:05:10Z,"dance pop,hip hop,pop,pop rap,r&b,southern hip hop,trap,trap soul,canadian contemporary r&b,canadian pop,pittsburgh rap,rap,cali rap",0.805,0.33,1,-8.712,0,0.1,0.22,0,0.105,0.211,121.97,4
3sz2fvkHUhBip8r9i8HqeV,"02kJSzxNuaWGqwubyUba0Z,7CCjtD0hCK005Bvg2WG1a7,4isewEHTP7Az2QheDdBQ6J","Down For Me (feat. 24hrs)","Step Brothers","G-Eazy,Carnage,24hrs",2017-04-11,203613,51,spotify:user:jonxjmn,2021-02-05T02:05:09Z,"indie pop rap,oakland hip hop,pop,pop rap,rap,edm,electro house,electronic trap,trap",0.545,0.601,1,-7.85,0,0.298,0.0454,0,0.164,0.346,95.848,4
0P9lyICk63dqZSqXV2HBP0,"4qXC0i02bSFstECuXP2ZpL","About You","About You","Blxst",2021-12-03,170702,54,spotify:user:g_eazy,2022-02-14T23:07:32Z,"pop rap",0.644,0.615,7,-3.632,1,0.469,0.631,0,0.165,0.681,119.696,5
5DSr1NMci58MEgS20vivSL,"02kJSzxNuaWGqwubyUba0Z,5JYReWgOGu4JKm5pqmACqG","Let's Get Lost (feat. Devon Baldwin)","These Things Happen","G-Eazy,Devon Baldwin",2014-06-20,240680,58,spotify:user:jonxjmn,2021-02-05T02:05:09Z,"indie pop rap,oakland hip hop,pop,pop rap,rap,indie electropop",0.671,0.672,4,-9.188,0,0.12,0.103,0.0000398,0.074,0.186,117.96,4
5dXWFMwD7I7zXsInONVl0H,"7tYKF4w9nC0nq9CsPZTHyP","I Hate U","I Hate U","SZA",2021-12-03,174000,78,spotify:user:g_eazy,2022-02-14T23:08:30Z,"pop,r&b,rap",0.535,0.388,7,-9.805,0,0.155,0.507,0,0.11,0.412,106.703,5
6KI1ZpZWYAJLvmVhCJz65G,"6y5amJcTjeDgLXIjtQLMst,02kJSzxNuaWGqwubyUba0Z","You Don't Own Me (feat. G-Eazy)","FMA","SAYGRACE,G-Eazy",2016-07-01,201493,69,spotify:user:jonxjmn,2021-02-05T02:05:09Z,"dance pop,pop,post-teen pop,r&b,indie pop rap,oakland hip hop,pop rap,rap",0.332,0.635,7,-5.653,1,0.0898,0.159,0.00000279,0.0599,0.261,186.249,3
1De7cOMrdUnVpjWBaowMg4,"57LYzLEk2LcFghVwuWbcuS,39af15p0feaAOdL9DTRj3m,37hAfseJWi0G3Scife12Il","Ex For A Reason (with JT from City Girls)","Still Over It","Summer Walker,JT,City Girls",2021-11-05,225502,70,spotify:user:g_eazy,2022-02-14T23:09:13Z,"pop,r&b,rap,dance pop,scam rap,trap queen",0.726,0.728,11,-5.775,0,0.0408,0.239,0,0.177,0.566,115.047,4
0L6w0YHzEYfmO8Pp0ibcin,"02kJSzxNuaWGqwubyUba0Z,7c0XG5cIJTrrAgEC3ULPiq","All Facts (feat. Ty Dolla $ign)","B-Sides","G-Eazy,Ty Dolla $ign",2019-08-22,180581,0,spotify:user:jonxjmn,2021-02-05T02:05:09Z,"indie pop rap,oakland hip hop,pop,pop rap,rap,dance pop,hip hop,r&b,southern hip hop,trap,trap soul",0.528,0.705,0,-4.767,0,0.352,0.0691,0,0.109,0.645,160.014,4
3xRH6FPVtheDyNla3T1FE7,"7tjVFCxJdwT4NdrTmjyjQ6","Hrs and Hrs","Public Displays Of Affection","Muni Long",2021-11-19,204316,15,spotify:user:g_eazy,2022-02-14T23:10:18Z,"indie r&b,pop,pop r&b,r&b,rap",0.511,0.525,8,-4.595,0,0.183,0.604,0,0.111,0.661,139.885,3
6wautI9lMGKOj3CHf4UYVJ,"02kJSzxNuaWGqwubyUba0Z,1iH2Yx2Ea0kZ0zKI3Nlk30","Years To Go (feat. Goody Grace)","When It's Dark Out (Deluxe Edition)","G-Eazy,Goody Grace",2020-12-11,213639,41,spotify:user:jonxjmn,2021-02-05T02:05:09Z,"indie pop rap,oakland hip hop,pop,pop rap,rap",0.525,0.672,0,-5.399,1,0.319,0.048,0,0.114,0.22,87.058,4
2sXydP9vPEYUH4uAWotuGu,"7gSjFKpVmDgC2MMsnN8CYq,3Y7RZ31TRPVadSFVy1o8os","Girl Like Me (feat. H.E.R.)","Heaux Tales","Jazmine Sullivan,H.E.R.",2021-01-08,224880,61,spotify:user:g_eazy,2022-02-14T23:16:55Z,"alternative r&b,dance pop,hip pop,neo soul,pop,pop r&b,r&b,rap,urban contemporary",0.5,0.638,6,-4.007,0,0.0756,0.66,0,0.366,0.698,81.145,4
63oDfrgZRgZrTJE88GGC5I,"4Gso3d4CscCijv0lmajZWs","Company Pt 2","Life of a DON","Don Toliver",2021-10-08,211406,53,spotify:user:g_eazy,2022-02-14T23:17:06Z,"pop,rap,trap",0.74,0.49,7,-6.118,0,0.287,0.488,0,0.0818,0.349,149.972,4
5x18j216z6EmXsPBmh2xps,"0NIIxcxNHmOoyBx03SfTCD,02kJSzxNuaWGqwubyUba0Z","So Much Better","Songs For You","Tinashe,G-Eazy",2019-11-21,290474,0,spotify:user:jonxjmn,2021-02-05T02:05:09Z,"alternative r&b,dance pop,electropop,metropopolis,pop,post-teen pop,r&b,rap,urban contemporary,indie pop rap,oakland hip hop,pop rap",0.416,0.455,4,-9.577,0,0.125,0.383,0.00000388,0.133,0.123,88.724,4
0SDJmLCAWqHTo9bfKRAiRw,"02kJSzxNuaWGqwubyUba0Z,0MGJHTThvyAyqKuEAgPqDr","Just Friends","Just Friends","G-Eazy,phem",2017-08-03,218455,39,spotify:user:jonxjmn,2021-02-05T02:05:09Z,"indie pop rap,oakland hip hop,pop,pop rap,rap,alt z",0.456,0.808,4,-5.653,0,0.391,0.145,0,0.0632,0.162,88.073,4
6ZRuF2n1CQxyxxAAWsKJOy,"0cGUm45nv7Z6M6qdXYQGTX,7c0XG5cIJTrrAgEC3ULPiq","Nights Like This (feat. Ty Dolla $ign)","While We Wait","Kehlani,Ty Dolla $ign",2019-02-22,201787,74,spotify:user:g_eazy,2022-02-14T23:17:52Z,"dance pop,pop,post-teen pop,r&b,rap,hip hop,pop rap,southern hip hop,trap,trap soul",0.61,0.725,8,-5.131,1,0.15,0.367,0,0.154,0.291,146.163,4
5sv4LTz8qayQYnXlzaxg2x,"02kJSzxNuaWGqwubyUba0Z,7bXgB6jMjp9ATFy66eO08Z,2jku7tDXc6XoB6MO2hFuqg","Drifting (feat. Chris Brown & Tory Lanez)","When It's Dark Out","G-Eazy,Chris Brown,Tory Lanez",2015-12-04,273253,55,spotify:user:jonxjmn,2021-02-05T02:05:09Z,"indie pop rap,oakland hip hop,pop,pop rap,rap,dance pop,r&b,canadian hip hop,canadian trap,melodic rap,toronto rap,trap",0.554,0.758,6,-6.772,0,0.129,0.00203,0,0.3,0.35,134.897,4
5BOBHIBuzvQuIYL1E1nDzl,"1vaQ6v3pOFxAIrFoPrAcom,6l3HvQ5sa6mXTsMTB19rO5","Shea Butter Baby (with J. Cole)","Shea Butter Baby","Ari Lennox,J. Cole",2019-05-07,211610,64,spotify:user:g_eazy,2022-02-14T23:18:31Z,"alternative r&b,dmv rap,neo soul,pop,r&b,rap,urban contemporary,conscious hip hop,hip hop,north carolina hip hop",0.709,0.49,4,-7.457,0,0.0757,0.11,0.00345,0.12,0.0397,155.069,4
76cdpJtbucm5LkjJ073uwP,"02kJSzxNuaWGqwubyUba0Z,3sHS70DMNgPxRqx2fUNrRA","Think About You (feat. Quiñ)","When It's Dark Out","G-Eazy,QUIN",2015-12-04,179346,46,spotify:user:jonxjmn,2021-02-05T02:05:09Z,"indie pop rap,oakland hip hop,pop,pop rap,rap,indie r&b",0.725,0.489,0,-12.565,1,0.256,0.228,0.00000728,0.0854,0.361,95.154,4
0sze9rycXZswg5emYTFklv,"4Gso3d4CscCijv0lmajZWs","Swangin’ On Westheimer","Life of a DON","Don Toliver",2021-10-08,288852,59,spotify:user:g_eazy,2022-02-14T23:19:00Z,"pop,rap,trap",0.698,0.344,6,-6.718,1,0.0692,0.181,0.00000101,0.127,0.351,67.238,4
4WmS1ZuledEAlrpJv1E22s,"02kJSzxNuaWGqwubyUba0Z,2cFrymmkijnjDg9SS92EPM","Remember You (feat. blackbear)","These Things Happen","G-Eazy,blackbear",2014-06-20,215880,50,spotify:user:jonxjmn,2021-02-05T02:05:09Z,"indie pop rap,oakland hip hop,pop,pop rap,rap",0.654,0.565,4,-8.741,0,0.196,0.345,0,0.157,0.207,140.079,4
2iu60eTIm2py6MaoVMcBAR,"4Gso3d4CscCijv0lmajZWs","Crossfaded","Life of a DON","Don Toliver",2021-10-08,159033,58,spotify:user:g_eazy,2022-02-14T23:19:11Z,"pop,rap,trap",0.622,0.501,0,-7.325,1,0.0816,0.783,0.00000377,0.301,0.512,81.478,4
0259HVL0Yxn7v8mbDZK2Zo,"02kJSzxNuaWGqwubyUba0Z,7jMC5T6FVLrmlTyvrjp8NJ,2JyMaoNqyKyWNcASw5b5X8","Love You Like I Do (feat. RITTYBO & Jammy)","The Beautiful & Damned (Deluxe Edition)","G-Eazy,RITTYBO,Jammy",2020-12-18,233919,32,spotify:user:jonxjmn,2021-02-05T02:05:09Z,"indie pop rap,oakland hip hop,pop,pop rap,rap",0.526,0.822,2,-4.068,1,0.242,0.103,0.000151,0.0489,0.776,96.041,4
3LUvWNx3ceBjsOeuDOMEsl,"0NIIxcxNHmOoyBx03SfTCD,3KV3p5EY4AvKxOlhGHORLg","X","333","Tinashe,Jeremih",2021-08-06,171153,58,spotify:user:g_eazy,2022-02-14T23:20:05Z,"alternative r&b,dance pop,electropop,metropopolis,pop,post-teen pop,r&b,rap,urban contemporary,chicago rap,pop rap",0.868,0.721,5,-5.733,0,0.0443,0.0835,0.0000911,0.0759,0.964,135.004,4
3nEkblDKsOep9W5tjMOPti,"02kJSzxNuaWGqwubyUba0Z,3tQx1LPXbsYjE9VwN1Peaa","Faithful (feat. Marc E. Bassy)","These Things Happen Too","G-Eazy,Marc E. Bassy",2021-09-24,266899,55,spotify:user:g_eazy,2022-02-14T23:25:25Z,"indie pop rap,oakland hip hop,pop,pop rap,rap,r&b",0.662,0.553,9,-8.205,1,0.0703,0.158,0,0.194,0.371,80.921,4
7ge7BHazYbVKi8qyZUX1Bm,"5f7VJjfbwm532GiveGC0ZK","Emotionally Scarred","My Turn","Lil Baby",2020-02-28,197529,72,spotify:user:g_eazy,2022-02-14T23:20:16Z,"atl hip hop,atl trap,rap,trap",0.585,0.641,6,-4.269,0,0.133,0.0286,0,0.316,0.266,88.284,4
5WmiUlGNdcIPe2SYWSsz6q,"02kJSzxNuaWGqwubyUba0Z,1Gh2udMYnrBAzwpFPpbvJY","Special Love (feat. Dakari)","Special Love (feat. Dakari)","G-Eazy,Dakari",2017-05-26,200612,26,spotify:user:jonxjmn,2021-02-05T02:05:09Z,"indie pop rap,oakland hip hop,pop,pop rap,rap",0.463,0.573,2,-9.777,1,0.365,0.0715,0.0000996,0.11,0.299,83.111,4
0At2qAoaVjIwWNAqrscXli,"7HkdQ0gt53LP4zmHsL0nap","Boo'd Up","READY","Ella Mai",2017-02-22,256063,67,spotify:user:g_eazy,2022-02-14T23:20:28Z,"dance pop,pop,post-teen pop,r&b,rap,uk contemporary r&b,urban contemporary",0.561,0.779,10,-5.107,0,0.0531,0.0862,0,0.078,0.235,81.965,4
7dzRAH1JBpC1cRaeHDggsq,"1Yss4ClgrS9sIprNlq5O3l,02kJSzxNuaWGqwubyUba0Z","Down Chick PT. II (with G-Eazy)","Down Chick PT. II (with G-Eazy)","Yhung T.O.,G-Eazy",2018-09-24,197734,24,spotify:user:jonxjmn,2021-02-05T02:05:09Z,"cali rap,indie pop rap,oakland hip hop,pop,pop rap,rap",0.74,0.644,2,-6.395,1,0.0721,0.0102,0,0.0963,0.23,95.984,4
0DLOyyQvwPTSDKuhpzMMwA,"3aQeKQSyrW4qWr35idm0cy","I'm Sprung","Rappa Ternt Sanga (Expanded Edition)","T-Pain",2005-12-06,231040,69,spotify:user:g_eazy,2022-02-14T23:28:00Z,"dance pop,hip hop,pop rap,r&b,rap,southern hip hop,urban contemporary",0.728,0.327,0,-11.596,0,0.0999,0.0948,0,0.103,0.195,100,4
0YSJCrlSWF3meRTNCu54WI,"26dSoYclwsYLMAKD3tpOr4,02kJSzxNuaWGqwubyUba0Z","Make Me... (feat. G-Eazy) (feat. G-Eazy)","Make Me... (feat. G-Eazy) (feat. G-Eazy)","Britney Spears,G-Eazy",2016-07-15,231266,0,spotify:user:jonxjmn,2021-02-05T02:05:09Z,"dance pop,pop,indie pop rap,oakland hip hop,pop rap,rap",0.697,0.7,7,-6.651,0,0.0985,0.157,0,0.217,0.577,123.013,4
1dIWPXMX4kRHj6Dt2DStUQ,"4qXC0i02bSFstECuXP2ZpL,5LHRHt1k9lMyONurDHEdrp,7c0XG5cIJTrrAgEC3ULPiq","Chosen (feat. Ty Dolla $ign)","No Love Lost (Deluxe)","Blxst,Tyga,Ty Dolla $ign",2020-12-04,161684,75,spotify:user:g_eazy,2022-02-14T23:29:06Z,"pop rap,dance pop,hip hop,rap,southern hip hop,trap,pop,r&b,trap soul",0.571,0.767,2,-5.16,1,0.287,0.336,0,0.0809,0.605,93.421,4
3N3tyZj62wOtbjyERI7tat,"02kJSzxNuaWGqwubyUba0Z,1iH2Yx2Ea0kZ0zKI3Nlk30","Everything is Everything (feat. Goody Grace)","These Things Happen Too (Deluxe)","G-Eazy,Goody Grace",2021-09-24,244484,34,spotify:user:g_eazy,2022-02-14T23:30:49Z,"indie pop rap,oakland hip hop,pop,pop rap,rap",0.737,0.643,1,-6.675,0,0.318,0.461,0.00000172,0.203,0.473,92.955,4
1RGIjMFMgJxkZHMDXVYzOJ,"3aQeKQSyrW4qWr35idm0cy,0z4gvV4rjIZ9wHck67ucSV","Bartender (feat. Akon)","Epiphany (Expanded Edition)","T-Pain,Akon",2007-06-05,238800,73,spotify:user:g_eazy,2022-02-14T23:30:59Z,"dance pop,hip hop,pop rap,r&b,rap,southern hip hop,urban contemporary",0.832,0.391,8,-8.504,1,0.0628,0.0564,0,0.224,0.436,104.961,4
1rQ6SgQk3y6qDTngSIPsLA,"19dpHprxtijzCuWbrtmGrL,02kJSzxNuaWGqwubyUba0Z","Exotic","Exotic (feat. G-Eazy) - Single","Quincy,G-Eazy",2015-05-19,233357,22,spotify:user:g_eazy,2022-02-14T23:31:33Z,"indie pop rap,oakland hip hop,pop,pop rap,rap",0.662,0.551,4,-10.078,0,0.0817,0.00875,0.00000241,0.107,0.086,94.981,4
7iC56CDz8miPDKaH0OEIqS,"4Gso3d4CscCijv0lmajZWs","What You Need","Life of a DON","Don Toliver",2021-10-08,217609,61,spotify:user:g_eazy,2022-02-14T23:31:45Z,"pop,rap,trap",0.656,0.672,10,-7.385,0,0.0468,0.0636,0.0000145,0.186,0.137,130.006,4
0HTY2LEkGEBrIINzC1lFOs,"02kJSzxNuaWGqwubyUba0Z,5JYReWgOGu4JKm5pqmACqG","Wicked Game (feat. Devon Baldwin)","These Things Happen Too (Deluxe)","G-Eazy,Devon Baldwin",2021-09-24,257255,37,spotify:user:g_eazy,2022-02-14T23:37:38Z,"indie pop rap,oakland hip hop,pop,pop rap,rap,indie electropop",0.738,0.784,9,-6.201,1,0.0374,0.138,0.00000497,0.203,0.165,113.017,4
1tkMs9wDPknQ3ZHcKDw1ES,"3aQeKQSyrW4qWr35idm0cy,23LbwefIODbyGdRbAz3urj","Buy U a Drank (Shawty Snappin') (feat. Yung Joc)","Epiphany (Expanded Edition)","T-Pain,Yung Joc",2007-06-05,227960,74,spotify:user:g_eazy,2022-02-14T23:37:57Z,"dance pop,hip hop,pop rap,r&b,rap,southern hip hop,urban contemporary,atl hip hop,crunk,dirty south rap,gangster rap,trap",0.693,0.549,1,-8.141,1,0.119,0.0109,0,0.0677,0.605,80.028,4
3Uw0h4GVLVjoUEToSWe0gY,"02kJSzxNuaWGqwubyUba0Z","Almost Famous","These Things Happen","G-Eazy",2014-06-20,268920,53,spotify:user:g_eazy,2022-02-14T23:38:13Z,"indie pop rap,oakland hip hop,pop,pop rap,rap",0.696,0.522,9,-9.489,0,0.0872,0.0337,0.00000635,0.113,0.0934,124.025,4
1UmqCjLXjTwPmuTeaopDQh,"00Z3UDoAQwzvGu13HoAM7J,02kJSzxNuaWGqwubyUba0Z,3SoOohS0zlj8nLdGmhrKA7","Time (feat. G-Eazy & Olivver the Kid)","The Red Balloon Project","Skizzy Mars,G-Eazy,Olivver the Kid",2015-02-03,235240,47,spotify:user:g_eazy,2022-02-14T23:38:28Z,"indie pop rap,pop rap,underground hip hop,oakland hip hop,pop,rap,la pop",0.711,0.65,9,-7.186,0,0.191,0.0182,0,0.0948,0.386,95.814,4
3J8EOeKLTLXORtWPpOU5bE,"6jGMq4yGs7aQzuGsMgVgZR,4IVAbR2w4JJNJDDRFP3E83","Calling My Phone","Destined 2 Win","Lil Tjay,6LACK",2021-04-02,205458,80,spotify:user:g_eazy,2022-02-14T23:41:28Z,"brooklyn drill,melodic rap,nyc rap,atl hip hop,hip hop,pop,r&b,rap,trap",0.907,0.393,4,-7.636,0,0.0539,0.451,0.00000135,0.135,0.202,104.949,4
1Tfxi7N3DW4zvAuVjt9g8X,"02kJSzxNuaWGqwubyUba0Z,2LIk90788K0zvyj2JJVwkJ","Moana","Moana","G-Eazy,Jack Harlow",2020-04-29,178216,60,spotify:user:g_eazy,2022-02-14T23:41:37Z,"indie pop rap,oakland hip hop,pop,pop rap,rap,deep underground hip hop,kentucky hip hop",0.753,0.502,1,-6.879,1,0.264,0.0439,0.00000154,0.128,0.349,205.895,4
0uDdI4fAXCuNhQbmxENdsO,"0cGUm45nv7Z6M6qdXYQGTX","Can I","It Was Good Until It Wasn't","Kehlani",2020-05-08,167810,69,spotify:user:g_eazy,2022-02-14T23:42:08Z,"dance pop,pop,post-teen pop,r&b,rap",0.574,0.791,1,-3.752,1,0.11,0.419,0,0.0982,0.612,119.537,4
5lffpGkK5A4SAQdJSfTJso,"02kJSzxNuaWGqwubyUba0Z,4GSscYtVzmGRP2jbWhdaV1","Downtown Love (feat. John Michael Rouchell)","These Things Happen","G-Eazy,John Michael Rouchell",2014-06-20,326813,46,spotify:user:g_eazy,2022-02-14T23:42:18Z,"indie pop rap,oakland hip hop,pop,pop rap,rap",0.544,0.557,7,-10.554,1,0.0765,0.217,0.000125,0.0771,0.105,87.97,4
3BjwSq6phb60SOdTZw5pZY,"3KNIG74xSTc3dj0TRy7pGX,0cGUm45nv7Z6M6qdXYQGTX","Beautiful Lies","Moon Boy","Yung Bleu,Kehlani",2021-07-23,212878,64,spotify:user:g_eazy,2022-02-14T23:42:29Z,"alabama rap,pop rap,r&b,rap,trap,dance pop,pop,post-teen pop",0.481,0.362,3,-10.766,0,0.209,0.237,0,0.114,0.639,83.605,4
1Eck97uRMlprKOOJN9oO1E,"02kJSzxNuaWGqwubyUba0Z,0cGUm45nv7Z6M6qdXYQGTX","Good Life (with G-Eazy & Kehlani)","Good Life (with G-Eazy & Kehlani)","G-Eazy,Kehlani",2017-03-16,225525,56,spotify:user:g_eazy,2022-02-14T23:42:58Z,"indie pop rap,oakland hip hop,pop,pop rap,rap,dance pop,post-teen pop,r&b",0.565,0.771,1,-5.22,1,0.213,0.00464,0,0.0568,0.573,168.385,4
6ElfCM1XppU0YWkkFYh4s2,"1vaQ6v3pOFxAIrFoPrAcom","Pressure","Pressure","Ari Lennox",2021-09-10,193279,57,spotify:user:g_eazy,2022-02-14T23:43:12Z,"alternative r&b,dmv rap,neo soul,pop,r&b,rap,urban contemporary",0.85,0.658,0,-5.558,1,0.221,0.139,0,0.063,0.832,144.445,4
44l9nnCVvOQBbWG6tDViKl,"25u4wHJWxCA9vO0CzxAbK7,02kJSzxNuaWGqwubyUba0Z","Share That Love (feat. G-Eazy)","Share That Love (feat. G-Eazy)","Lukas Graham,G-Eazy",2020-08-21,172398,61,spotify:user:g_eazy,2022-02-14T23:44:06Z,"danish pop,pop,scandipop,indie pop rap,oakland hip hop,pop rap,rap",0.715,0.658,11,-4.304,0,0.106,0.162,0,0.0742,0.795,158.024,4
63wx9vdskaXbYxyDx4oJCZ,"5ZS223C6JyBfXasXxrRqOk,3Y7RZ31TRPVadSFVy1o8os","B.S. (feat. H.E.R.)","Chilombo","Jhené Aiko,H.E.R.",2020-03-06,212866,69,spotify:user:g_eazy,2022-02-14T23:44:20Z,"pop,r&b,urban contemporary,rap",0.617,0.525,8,-10.426,0,0.12,0.554,0.0000011,0.135,0.377,135.781,4
69eXHDgEEQ6itzt03E7fKz,"0XIKGBo9PnK1ApI5tZA60d,02kJSzxNuaWGqwubyUba0Z","Cravin (feat. G-Eazy)","Cravin","DaniLeigh,G-Eazy",2019-10-18,178906,58,spotify:user:g_eazy,2022-02-14T23:44:30Z,"pop,pop r&b,pop rap,post-teen pop,r&b,rap,rap latina,urban contemporary,indie pop rap,oakland hip hop",0.834,0.538,4,-5.54,0,0.246,0.191,0,0.113,0.536,97.025,4
2rTnVB1bvwxHtaIl4uVu7f,"3Y7RZ31TRPVadSFVy1o8os,0A0FS04o6zMoto8OKPsDwY","Slide","Slide","H.E.R.,YG",2019-09-27,238321,63,spotify:user:g_eazy,2022-02-14T23:44:43Z,"pop,r&b,rap,urban contemporary,cali rap,gangster rap,hip hop,pop rap,southern hip hop,trap",0.832,0.469,10,-9.141,0,0.339,0.0807,0.00000826,0.207,0.197,97.023,4
3RhaE3JGd1mNYbpTOzxSzu,"02kJSzxNuaWGqwubyUba0Z,3TmVOBZL0RYrAAF3f2QSGq","Running Wild (Tumblr Girls 2) (feat. Kossisko)","These Things Happen Too","G-Eazy,Kossisko",2021-09-24,232425,43,spotify:user:g_eazy,2022-02-14T23:45:00Z,"indie pop rap,oakland hip hop,pop,pop rap,rap,cali rap",0.631,0.789,10,-5.171,1,0.272,0.391,0,0.452,0.269,143.877,4
0xLCa6dp0wmDUhkDGKzDpv,"64M6ah0SkkRsnPGtGiRAbb,02kJSzxNuaWGqwubyUba0Z","F.F.F. (feat. G-Eazy)","All Your Fault: Pt. 1","Bebe Rexha,G-Eazy",2017-02-16,202400,55,spotify:user:g_eazy,2022-02-14T23:45:10Z,"dance pop,edm,pop,post-teen pop,indie pop rap,oakland hip hop,pop rap,rap",0.771,0.688,7,-5.515,1,0.148,0.00954,0,0.0578,0.307,92.003,4
08M1S4uwtmPM0jIO1qNyhx,"6qgnBH6iDM91ipVXv28OMu,7c0XG5cIJTrrAgEC3ULPiq","NOTHIN LIKE U (feat. Ty Dolla $ign)","NOTHIN LIKE U / CHANCES","KAYTRANADA,Ty Dolla $ign",2018-11-30,194986,44,spotify:user:g_eazy,2022-02-14T23:45:23Z,"escape room,lgbtq+ hip hop,dance pop,hip hop,pop,pop rap,r&b,southern hip hop,trap,trap soul",0.787,0.805,9,-6.294,1,0.409,0.0589,0.00000161,0.192,0.769,104.862,4
59wcUkUV5EeMgvRl2cibwW,"1BhWF9W2PngtPSyobKg0rP,02kJSzxNuaWGqwubyUba0Z","F**k With U","F**k With U","Pia Mia,G-Eazy",2015-03-31,193802,53,spotify:user:g_eazy,2022-02-14T23:45:36Z,"dance pop,pop,post-teen pop,r&b,urban contemporary,indie pop rap,oakland hip hop,pop rap,rap",0.735,0.635,11,-6.008,1,0.111,0.0863,0,0.0928,0.76,97.956,4
7E2C5rBLpCKwQlhJPVFBRS,"3KNIG74xSTc3dj0TRy7pGX,3TVXtAsR1Inumwj472S9r4","You’re Mines Still (feat. Drake)","You’re Mines Still (feat. Drake)","Yung Bleu,Drake",2020-10-15,226220,71,spotify:user:g_eazy,2022-02-14T23:46:07Z,"alabama rap,pop rap,r&b,rap,trap,canadian hip hop,canadian pop,hip hop,toronto rap",0.575,0.609,5,-4.88,0,0.121,0.317,0,0.105,0.339,83.004,4
7xleos8iT7k3gDJDxiZTyg,"02kJSzxNuaWGqwubyUba0Z,7c0XG5cIJTrrAgEC3ULPiq","No More (feat. Ty Dolla $ign)","These Things Happen Too","G-Eazy,Ty Dolla $ign",2021-09-24,170153,35,spotify:user:g_eazy,2022-02-14T23:46:28Z,"indie pop rap,oakland hip hop,pop,pop rap,rap,dance pop,hip hop,r&b,southern hip hop,trap,trap soul",0.75,0.537,7,-9.357,1,0.242,0.144,0,0.157,0.517,80.012,4
2OjabQl4Ti8FIGslOb0pPI,"1nsdnHv49z0H5oPj3sJ3to,59HbaJ5E8ud7FNLGqUN1KH","You know My body (feat. Capella Grey)","You know My body (feat. Capella Grey)","DreamDoll,Capella Grey",2021-10-15,155881,38,spotify:user:g_eazy,2022-02-14T23:46:51Z,"escape room,hip pop,pop r&b,trap queen,viral rap,pop rap",0.697,0.709,4,-7.675,0,0.319,0.0219,0,0.061,0.562,93.978,4
3tLhjMOfbdRGQNudmIABp4,"02kJSzxNuaWGqwubyUba0Z,3MdXrJWsbVzdn6fe5JYkSQ","Down (feat. Latto)","Down (feat. Latto)","G-Eazy,Latto",2020-09-04,217866,46,spotify:user:g_eazy,2022-02-14T23:47:12Z,"indie pop rap,oakland hip hop,pop,pop rap,rap,trap queen",0.797,0.853,0,-4.269,1,0.105,0.000699,0,0.118,0.595,98.043,4
0Odu228D0yGcFySGuxU4rY,"2jku7tDXc6XoB6MO2hFuqg,7bXgB6jMjp9ATFy66eO08Z","The Take (feat. Chris Brown)","Chixtape 5","Tory Lanez,Chris Brown",2019-11-15,221492,70,spotify:user:g_eazy,2022-02-14T23:47:22Z,"canadian hip hop,canadian trap,melodic rap,pop,pop rap,r&b,rap,toronto rap,trap,dance pop",0.464,0.547,7,-8.137,0,0.339,0.0511,0,0.155,0.423,67.003,4
0JjM9bKm4wrwohMslcm892,"02kJSzxNuaWGqwubyUba0Z,2jku7tDXc6XoB6MO2hFuqg,5LHRHt1k9lMyONurDHEdrp","Still Be Friends (feat. Tory Lanez & Tyga)","Still Be Friends (feat. Tory Lanez & Tyga)","G-Eazy,Tory Lanez,Tyga",2020-02-07,213307,66,spotify:user:g_eazy,2022-02-14T23:47:56Z,"indie pop rap,oakland hip hop,pop,pop rap,rap,canadian hip hop,canadian trap,melodic rap,r&b,toronto rap,trap,dance pop,hip hop,southern hip hop",0.803,0.759,7,-4.692,0,0.0494,0.00509,0,0.0921,0.284,104,4
607kN00EPahVTsTCzuAGHJ,"47TMF0JlFsz01KilGzc5Ly,3hcs9uc56yIGFCSy9leWe7","I Like ft. Lil Durk - Remix","TwoFr 2 (Extended)","Kalan.FrFr,Lil Durk",2021-07-16,197914,38,spotify:user:g_eazy,2022-02-14T23:48:33Z,"cali rap,chicago drill,chicago rap,drill,hip hop,rap,trap",0.75,0.587,2,-7.989,0,0.137,0.0785,0,0.0764,0.635,147.09,4
1nMd2QJB8ZxIH4f3rSgKY6,"02kJSzxNuaWGqwubyUba0Z,6S2OmqARrzebs0tKUEyXyp","Breakdown (feat. Demi Lovato)","These Things Happen Too","G-Eazy,Demi Lovato",2021-09-24,166161,43,spotify:user:g_eazy,2022-02-14T23:48:48Z,"indie pop rap,oakland hip hop,pop,pop rap,rap,dance pop,post-teen pop",0.639,0.64,0,-5.445,1,0.264,0.0235,0,0.195,0.523,88.093,4
