Spotify ID,Artist IDs,Track Name,Album Name,Artist Name(s),Release Date,Duration (ms),Popularity,Added By,Added At,Genres,Danceability,Energy,Key,Loudness,Mode,Speechiness,Acousticness,Instrumentalness,Liveness,Valence,Tempo,Time Signature
4qjLvvBh5ZeKEPyShKRf06,"6auWB5YAlcKaHyrbTH66nd,3mIj9lX2MWuHmhNCA7LSCW","Narcissist (feat. The 1975)","RIP Indo Hisashi","No Rome,The 1975",2018-08-28,195501,65,spotify:user:,2019-12-03T23:01:00Z,"indietronica,modern alternative rock,modern rock,pop,rock",0.543,0.682,3,-5.81,1,0.113,0.218,0.00000153,0.085,0.424,179.969,4
0Rx0DJI556Ix5gBny6EWmn,"4GvEc3ANtPPjt1ZJllr5Zl","Paradise","Soul Searching","Bazzi",2019-08-09,169038,73,spotify:user:,2019-12-03T23:01:00Z,"dance pop,electropop,pop",0.844,0.644,11,-6.273,0,0.0479,0.0828,0,0.113,0.591,122.061,4
0w5Bdu51Ka25Pf3hojsKHh,"74XFHRwlV6OrjEM0A2NCMF","Hard Times","After Laughter","Paramore",2017-05-12,182693,74,spotify:user:,2019-12-03T23:01:00Z,"candy pop,pixie,pop emo,pop punk",0.695,0.818,5,-5.379,0,0.0334,0.00647,0.00000487,0.0219,0.916,119.965,4
6r3duEAfFTH83DuoywkG20,"5JZ7CnR6gTvEMKX4g70Amv","Feelings","~how i'm feeling~","Lauv",2020-03-06,189906,62,spotify:user:,2019-12-03T23:01:00Z,"dance pop,electropop,pop",0.7,0.394,9,-8.911,1,0.0328,0.0567,0,0.0801,0.241,103.041,4
3GCdLUSnKSMJhs4Tj6CV3s,"2YZyLoL8N0Wb9xBt1NhZWg,7tYKF4w9nC0nq9CsPZTHyP","All The Stars (with SZA)","Black Panther The Album Music From And Inspired By","Kendrick Lamar,SZA",2018-02-09,232186,83,spotify:user:,2019-12-03T23:01:00Z,"conscious hip hop,hip hop,rap,west coast rap,pop,r&b",0.698,0.633,8,-4.946,1,0.0597,0.0605,0.000194,0.0926,0.552,96.924,4
4tERsdVCLtLtrGdFBf9DGC,"6Dd3NScHWwnW6obMFbl1BH","New","New","Daya",2017-10-11,230879,63,spotify:user:,2019-12-03T23:01:00Z,"alt z,dance pop,edm,electropop,pop,pop dance,post-teen pop,tropical house",0.715,0.742,0,-4.331,1,0.0347,0.052,0.0000247,0.364,0.322,106.971,4
3afkJSKX0EAMsJXTZnDXXJ,"3WGpXCj9YhhfX11TToZcXP","Strawberries & Cigarettes","Strawberries & Cigarettes","Troye Sivan",2018-03-16,201538,81,spotify:user:,2019-12-03T23:01:00Z,"australian pop,dance pop,pop,viral pop",0.578,0.537,9,-8.676,1,0.0832,0.162,0,0.076,0.25,83.909,4
4lIxdJw6W3Fg4vUIYCB0S5,"06HL4z0CvFAxyc27GXpf02","Style","1989","Taylor Swift",2014-10-27,231000,74,spotify:user:,2019-12-03T23:01:00Z,"pop",0.598,0.786,2,-5.572,1,0.0383,0.00253,0.0016,0.117,0.456,95.019,4
5C0ivQMxes2lWuOANhvVAm,"7xX15v6ahAkcT14kHfB9wB,4obzFoKoKRHIphyHzJ35G3,2YFBOR9KIxC6WqHclkj9Yq,6Xg22wJOAcnvPUfk5WvODH,6I3MElirhT5t6Kf7p0hGk9,1igl9M102nuD96lo3ZoW5d,47mIJdHORyRerp4os813jD","GIANTS","GIANTS","True Damage,Becky G,Keke Palmer,전소연,Duckwrth,Thutmose,League of Legends",2019-11-10,191720,66,spotify:user:,2019-12-03T23:01:00Z,"k-rap,dance pop,latin pop,latin viral pop,pop,rap latina,reggaeton,pop r&b,post-teen pop,r&b,k-pop,alternative r&b,indie r&b,indie soul,underground hip hop,speedrun,video game music",0.642,0.683,1,-5.386,1,0.262,0.0834,0,0.155,0.584,154.881,4
6Hgh47WXVKtXN5zGOu0hjI,"6LuN9FCkKOj5PcnpouEgny,4IVAbR2w4JJNJDDRFP3E83,7c0XG5cIJTrrAgEC3ULPiq","OTW","OTW","Khalid,6LACK,Ty Dolla $ign",2018-04-20,263013,72,spotify:user:,2019-12-03T23:01:00Z,"pop,pop r&b,atl hip hop,hip hop,melodic rap,r&b,rap,trap,dance pop,pop rap,southern hip hop,trap soul",0.652,0.678,2,-6.183,1,0.0541,0.183,0.0000326,0.106,0.28,72.989,4
3SXXFIZel1VQQ4ENiqozxi,"74XFHRwlV6OrjEM0A2NCMF","Still into You","Paramore (Deluxe Edition)","Paramore",2013-04-09,216013,67,spotify:user:,2019-12-03T23:01:00Z,"candy pop,pixie,pop emo,pop punk",0.602,0.923,5,-3.763,1,0.044,0.0098,0,0.0561,0.765,136.01,4
2RNsweBBb1a6tAHXQtt2xH,"5JZ7CnR6gTvEMKX4g70Amv,1zNqDE7qDGCsyzJwohVaoX","fuck, i'm lonely","~how i'm feeling~","Lauv,Anne-Marie",2020-03-06,198973,61,spotify:user:,2019-12-03T23:01:00Z,"dance pop,electropop,pop,pop dance,post-teen pop,tropical house,uk pop",0.809,0.547,9,-7.305,1,0.0614,0.452,0,0.054,0.718,94.992,4
5OCJzvD7sykQEKHH7qAC3C,"66CXWjxzNUsdJxJ2JdwvnR","God is a woman","Sweetener","Ariana Grande",2018-08-17,197546,79,spotify:user:,2019-12-03T23:01:00Z,"dance pop,pop",0.602,0.658,1,-5.934,1,0.0558,0.0233,0.00006,0.237,0.268,145.031,4
21jGcNKet2qwijlDFuPiPb,"246dkjvS1zLTtiykXe5h60","Circles","Hollywood's Bleeding","Post Malone",2019-09-06,215280,85,spotify:user:,2019-12-03T23:01:00Z,"dfw rap,melodic rap,rap",0.695,0.762,0,-3.497,1,0.0395,0.192,0.00244,0.0863,0.553,120.042,4
2z4U9d5OAA4YLNXoCgioxo,"0p4nmQO2msCgU4IF37Wi3j","What the Hell","Goodbye Lullaby (Expanded Edition)","Avril Lavigne",2011-03-08,220706,73,spotify:user:,2019-12-03T23:01:00Z,"canadian pop,candy pop,dance pop,pop,post-teen pop",0.578,0.926,6,-3.689,0,0.0548,0.00472,0.0127,0.14,0.877,149.976,4
2yLa0QULdQr0qAIvVwN6B5,"06HL4z0CvFAxyc27GXpf02","...Ready For It?","reputation","Taylor Swift",2017-11-10,208186,75,spotify:user:,2019-12-03T23:01:00Z,"pop",0.613,0.764,2,-6.509,1,0.136,0.0527,0,0.197,0.417,160.015,4
2tpfxAXiI52znho4WE3XFA,"4NHQUGzhtTLFvgF5SZesLK","Talking Body","Queen Of The Clouds","Tove Lo",2014-09-24,238426,66,spotify:user:,2019-12-03T23:01:00Z,"dance pop,electropop,metropopolis,pop,swedish electropop,swedish pop,swedish synthpop",0.736,0.761,4,-5.449,0,0.0338,0.0966,0,0.0823,0.114,119.999,4
5hc71nKsUgtwQ3z52KEKQk,"3mIj9lX2MWuHmhNCA7LSCW","Somebody Else","I like it when you sleep, for you are so beautiful yet so unaware of it","The 1975",2016-02-26,347520,72,spotify:user:,2019-12-03T23:01:00Z,"modern alternative rock,modern rock,pop,rock",0.61,0.788,0,-5.724,1,0.0585,0.195,0.0142,0.153,0.472,101.045,4
4OafepJy2teCjYJbvFE60J,"66CXWjxzNUsdJxJ2JdwvnR","breathin","Sweetener","Ariana Grande",2018-08-17,198160,72,spotify:user:,2019-12-03T23:01:00Z,"dance pop,pop",0.568,0.656,8,-5.413,1,0.0433,0.0211,0.0000137,0.213,0.364,100.049,4
6mXdCcFnPKQznj4CmMRmHC,"5JZ7CnR6gTvEMKX4g70Amv,49tQo2QULno7gxHutgccqF","Mean It","~how i'm feeling~","Lauv,LANY",2020-03-06,232853,64,spotify:user:,2019-12-03T23:01:00Z,"dance pop,electropop,pop,la pop",0.747,0.45,7,-8.543,1,0.0919,0.0407,0,0.17,0.329,96.001,4
6zeeWid2sgw4lap2jV61PZ,"6LuN9FCkKOj5PcnpouEgny","Better","Suncity","Khalid",2018-10-18,229320,77,spotify:user:,2019-12-03T23:01:00Z,"pop,pop r&b",0.596,0.552,0,-10.278,0,0.097,0.0765,0.334,0.104,0.112,97.949,4
0rKtyWc8bvkriBthvHKY8d,"3MZsBdqDrRTJihTHQrO6Dq","SLOW DANCING IN THE DARK","BALLADS 1","Joji",2018-10-26,209273,84,spotify:user:,2019-12-03T23:01:00Z,"viral pop",0.515,0.479,3,-7.458,1,0.0261,0.544,0.00598,0.191,0.284,88.964,4
6xsEAm6w9oMQYYg3jkEkMT,"06HL4z0CvFAxyc27GXpf02,2YZyLoL8N0Wb9xBt1NhZWg","Bad Blood","Bad Blood","Taylor Swift,Kendrick Lamar",2015-05-17,200106,72,spotify:user:,2019-12-03T23:01:00Z,"pop,conscious hip hop,hip hop,rap,west coast rap",0.654,0.655,11,-7.388,0,0.106,0.0294,0,0.139,0.221,170.16,4
424ml6U1wmEarzw26uDtCS,"3mIj9lX2MWuHmhNCA7LSCW","Heart Out","The 1975 (Deluxe Version)","The 1975",2013,202296,53,spotify:user:,2019-12-03T23:01:00Z,"modern alternative rock,modern rock,pop,rock",0.705,0.83,2,-4.918,1,0.0274,0.00814,0.00135,0.0762,0.885,118.446,4
3ZCTVFBt2Brf31RLEnCkWJ,"6qqNVTkY8uBg9cP3Jd7DAH","everything i wanted","everything i wanted","Billie Eilish",2019-11-13,245425,84,spotify:user:,2019-12-03T23:01:00Z,"art pop,electropop,pop",0.704,0.225,6,-14.454,0,0.0994,0.902,0.657,0.106,0.243,120.006,4
4l0Mvzj72xxOpRrp6h8nHi,"0C8ZW7ezQVs4URX5aX7Kqx","Lose You To Love Me","Rare","Selena Gomez",2020-01-10,206458,81,spotify:user:,2019-12-03T23:01:00Z,"dance pop,pop,post-teen pop",0.488,0.343,4,-8.985,1,0.0436,0.556,0,0.21,0.0978,102.819,4
3xaugmCyXrVkrDTXbFkMW3,"3MZsBdqDrRTJihTHQrO6Dq","Sanctuary","Sanctuary","Joji",2019-06-14,180018,64,spotify:user:,2019-12-03T23:01:00Z,"viral pop",0.552,0.65,1,-7.199,1,0.128,0.422,0.000275,0.372,0.316,167.788,4
5p7ujcrUXASCNwRaWNHR1C,"26VFTg2z8YR0cCuwLzESi2","Without Me","Without Me","Halsey",2018-10-04,201660,77,spotify:user:,2019-12-03T23:01:00Z,"dance pop,electropop,etherpop,indie poptimism,pop",0.752,0.488,6,-7.05,1,0.0705,0.297,0.00000911,0.0936,0.533,136.041,4
3D110t9ctcoOoylXsc3iR8,"49tQo2QULno7gxHutgccqF","Thick And Thin","Malibu Nights","LANY",2018-10-05,212002,69,spotify:user:,2019-12-03T23:01:00Z,"la pop,pop",0.697,0.551,5,-6.179,0,0.0282,0.059,0,0.0762,0.339,99.996,4
6EJiVf7U0p1BBfs0qqeb1f,"6sFIWsNpZYqfjUpaCgueju","Cut To The Feeling","Cut To The Feeling","Carly Rae Jepsen",2017-05-26,207959,63,spotify:user:,2019-12-03T23:01:00Z,"canadian pop,dance pop,electropop,pop,post-teen pop",0.71,0.909,2,-2.777,1,0.0639,0.0135,0.00123,0.303,0.648,115.001,4
7LpMG3AEaIJgs62HQhAa91,"5JZ7CnR6gTvEMKX4g70Amv,3WGpXCj9YhhfX11TToZcXP","i'm so tired...","~how i'm feeling~","Lauv,Troye Sivan",2020-03-06,162586,67,spotify:user:,2019-12-03T23:01:00Z,"dance pop,electropop,pop,australian pop,viral pop",0.548,0.735,11,-7.572,1,0.236,0.173,0,0.195,0.498,101.252,4
6jg5SRvdGxvJ0DzNV0UqEK,"2KsP6tYLJlTBvSUxnwlVWa","Please Don't Go","31 Minutes to Takeoff","Mike Posner",2010-08-09,196813,67,spotify:user:,2019-12-03T23:01:00Z,"dance pop,edm,pop,pop rap",0.699,0.882,4,-3.896,0,0.0311,0.00296,0.0544,0.13,0.657,120.016,4
2x0WlnmfG39ZuDmstl9xfX,"06HL4z0CvFAxyc27GXpf02,6eUKZXaKkcviH0Ku9w2n3V,1RyvyyTE3xzB2ZywiAwp0i","End Game","reputation","Taylor Swift,Ed Sheeran,Future",2017-11-10,244826,73,spotify:user:,2019-12-03T23:01:00Z,"pop,uk pop,atl hip hop,hip hop,rap,southern hip hop,trap",0.649,0.589,2,-6.237,1,0.0558,0.00845,0,0.108,0.151,159.073,4
3yrvQHw6pQemsrCQEpMnKv,"74XFHRwlV6OrjEM0A2NCMF","Ain't It Fun","Paramore (Deluxe Edition)","Paramore",2013-04-09,296520,64,spotify:user:,2019-12-03T23:01:00Z,"candy pop,pixie,pop emo,pop punk",0.61,0.893,9,-3.681,1,0.0921,0.154,0.0000441,0.021,0.673,104.031,4
60wwxj6Dd9NJlirf84wr2c,"2qxJFvFYMEDqd7ui6kSAcq,7qRll6DYV06u2VuRPAVqug","Clarity","Clarity","Zedd,Foxes",2012-01-01,271426,75,spotify:user:,2019-12-03T23:01:00Z,"complextro,dance pop,edm,electro house,electropop,german techno,pop,pop dance,pop rap,post-teen pop,tropical house,indie poptimism,metropopolis,uk pop",0.509,0.781,8,-3.48,1,0.072,0.0398,0,0.0749,0.176,128,4
5Gu0PDLN4YJeW75PpBSg9p,"5p7f24Rk5HkUZsaS3BLG5F,4AVFqumd2ogHFlRbKIjp1t,3b8QkneNDz4JHKKKlLgYZg,4olE3I5QU0dvSR7LIpqTXc","Let Me Go (with Alesso, Florida Georgia Line & watt)","Let Me Go (with Alesso, Florida Georgia Line & watt)","Hailee Steinfeld,Alesso,Florida Georgia Line,WATT",2017-09-08,174800,76,spotify:user:,2019-12-03T23:01:00Z,"dance pop,pop,post-teen pop,edm,electro house,pop dance,tropical house,contemporary country,country,country pop,country road,modern country rock,modern alternative rock",0.664,0.708,8,-4.154,1,0.0474,0.0337,0,0.0841,0.742,103.07,4
6b2RcmUt1g9N9mQ3CbjX2Y,"2wY79sveU1sp5g7SokKOiI","How Do You Sleep?","How Do You Sleep?","Sam Smith",2019-07-19,202204,74,spotify:user:,2019-12-03T23:01:00Z,"dance pop,pop,uk pop",0.477,0.682,1,-4.931,0,0.0925,0.153,0,0.0763,0.345,110.567,5
4NBTZtAt1F13VvlSKe6KTl,"69GGBxA162lTqCwzJG5jLp,3RqBeV12Tt7A8xH3zBDDUF","This Feeling","Sick Boy","The Chainsmokers,Kelsea Ballerini",2018-12-14,197946,72,spotify:user:,2019-12-03T23:01:00Z,"dance pop,edm,electropop,pop,pop dance,tropical house,contemporary country,country",0.575,0.571,1,-7.906,1,0.0439,0.0558,0,0.0912,0.449,105.049,4
5ZpIsCmJtMAyTvz8Z3bGXX,"5JZ7CnR6gTvEMKX4g70Amv,0ZED1XzwlLHW4ZaG4lOT6m","There's No Way","There's No Way","Lauv,Julia Michaels",2018-09-27,174860,63,spotify:user:,2019-12-03T23:01:00Z,"dance pop,electropop,pop,alt z,post-teen pop",0.755,0.625,2,-7.114,1,0.0897,0.49,0,0.157,0.374,147.022,4
0t3ZvGKlmYmVsDzBJAXK8C,"246dkjvS1zLTtiykXe5h60,50co4Is1HCEo8bhOyUWKpn","Goodbyes (feat. Young Thug)","Hollywood's Bleeding","Post Malone,Young Thug",2019-09-06,174853,79,spotify:user:,2019-12-03T23:01:00Z,"dfw rap,melodic rap,rap,atl hip hop,atl trap,gangster rap,hip hop,pop rap,southern hip hop,trap",0.548,0.653,5,-3.875,1,0.081,0.456,0,0.103,0.163,150.068,4
0d2iYfpKoM0QCKvcLCkBao,"5CiGnKThu5ctn9pBxv7DGa,26VFTg2z8YR0cCuwLzESi2,6LuN9FCkKOj5PcnpouEgny","Eastside (with Halsey & Khalid)","Eastside (with Halsey & Khalid)","benny blanco,Halsey,Khalid",2018-07-12,173799,74,spotify:user:,2019-12-03T23:01:00Z,"dance pop,edm,electropop,pop,pop rap,etherpop,indie poptimism,pop r&b",0.56,0.68,6,-7.648,0,0.321,0.555,0,0.116,0.319,89.391,4
6WrI0LAC5M1Rw2MnX2ZvEg,"6M2wZ9GZgrQXHCFfjv46we","Don't Start Now","Don't Start Now","Dua Lipa",2019-10-31,183290,78,spotify:user:,2019-12-03T23:01:00Z,"dance pop,pop,uk pop",0.794,0.793,11,-4.521,0,0.0842,0.0125,0,0.0952,0.677,123.941,4
4zRZAmBQP8vhNPf9i9opXt,"2jnIB6XdLvnJUeNTy5A0J2","8 Letters","8 Letters","Why Don't We",2018-08-31,190026,74,spotify:user:,2019-12-03T23:01:00Z,"boy band,dance pop,pop,post-teen pop",0.607,0.478,1,-5.702,0,0.031,0.649,0,0.0928,0.255,88.979,4
45sDIKapDyxPl307QpEAwl,"698hF4vcwHwPy8ltmXermq,4we5S2VLjgY9KzIzApL1KI,5JOIrGvup0vD5VjodB62Ui","Rocketeer","Free Wired","Far East Movement,Ryan Tedder,Ruff Loaderz",2010-01-01,211253,68,spotify:user:,2019-12-03T23:01:00Z,"asian american hip hop,dance pop,edm,pop rap",0.664,0.845,4,-6.115,0,0.0461,0.181,0,0.267,0.357,96.005,4
4a6q8CR2hzLk2plDkSxkfD,"4GvEc3ANtPPjt1ZJllr5Zl","I.F.L.Y.","Soul Searching","Bazzi",2019-08-09,165714,73,spotify:user:,2019-12-03T23:01:00Z,"dance pop,electropop,pop",0.812,0.519,2,-4.823,1,0.0385,0.379,0,0.13,0.554,104.954,4
2qxaR31Te4xDR2yO6LqM8z,"5p7f24Rk5HkUZsaS3BLG5F,6T5tfhQCknKG4UnH90qGnz","Rock Bottom","HAIZ","Hailee Steinfeld,DNCE",2016-02-26,198240,65,spotify:user:,2019-12-03T23:01:00Z,"dance pop,pop,post-teen pop,edm",0.611,0.706,8,-5.036,1,0.0603,0.313,0,0.053,0.724,157.968,4
5sbooPcNgIE22DwO0VNGUJ,"4gOc8TsQed9eqnqJct2c5v,2kRfqPViCqYdSGhYSM9R0Q,2AfmfGFbe0A0WsTYm0SDTx,0tRFWXqKBBQcu5oFVOgVzX,47mIJdHORyRerp4os813jD","POP/STARS","POP/STARS","K/DA,Madison Beer,(여자)아이들,Jaira Burns,League of Legends",2018-11-03,191100,72,spotify:user:,2019-12-03T23:01:00Z,"k-pop girl group,alt z,dance pop,electropop,pop,post-teen pop,k-pop,indie poptimism,speedrun,video game music",0.566,0.769,7,-4.342,1,0.0872,0.0183,0,0.108,0.385,170.036,4
2kMKmb60xVUIWW2Out8ypz,"49tQo2QULno7gxHutgccqF","Good Girls","LANY","LANY",2017-06-30,249379,59,spotify:user:,2019-12-03T23:01:00Z,"la pop,pop",0.708,0.687,1,-7.084,1,0.038,0.0022,0.145,0.133,0.439,117.976,4
7vGuf3Y35N4wmASOKLUVVU,"64KEffDW9EtZ1y2vBYgq8T,6LuN9FCkKOj5PcnpouEgny","Silence","Silence","Marshmello,Khalid",2017-08-11,180822,81,spotify:user:,2019-12-03T23:01:00Z,"brostep,dance pop,edm,pop,pop dance,progressive electro house,pop r&b",0.52,0.761,4,-3.093,1,0.0853,0.256,0.00000496,0.17,0.286,141.971,4
63y6xWR4gXz7bnUGOk8iI6,"66CXWjxzNUsdJxJ2JdwvnR","Into You","Dangerous Woman","Ariana Grande",2016-05-20,244453,69,spotify:user:,2019-12-03T23:01:00Z,"dance pop,pop",0.623,0.734,9,-5.948,1,0.107,0.0162,0.00000175,0.145,0.37,107.853,4
6NFyWDv5CjfwuzoCkw47Xf,"06HL4z0CvFAxyc27GXpf02","Delicate","reputation","Taylor Swift",2017-11-10,232253,78,spotify:user:,2019-12-03T23:01:00Z,"pop",0.75,0.404,9,-10.178,0,0.0682,0.216,0.000357,0.0911,0.0499,95.045,4
10GJQkjRJcZhGTLagFOC62,"5p7f24Rk5HkUZsaS3BLG5F","Most Girls","Most Girls","Hailee Steinfeld",2017-04-28,204400,71,spotify:user:,2019-12-03T23:01:00Z,"dance pop,pop,post-teen pop",0.756,0.572,9,-7.019,1,0.0763,0.0478,0,0.0853,0.417,102.986,4
5lNuqFVMca4vPupY10cH0J,"7DMveApC7UnC2NPfPvlHSU,6S2OmqARrzebs0tKUEyXyp","No Promises (feat. Demi Lovato)","No Promises (feat. Demi Lovato)","Cheat Codes,Demi Lovato",2017-03-31,222786,59,spotify:user:,2019-12-03T23:01:00Z,"dance pop,edm,electro house,electropop,pop,pop dance,pop edm,post-teen pop,tropical house",0.739,0.619,10,-6.669,1,0.162,0.0572,0,0.105,0.58,112.961,4
45Egmo7icyopuzJN0oMEdk,"6LuN9FCkKOj5PcnpouEgny,2cWZOOzeOm4WmBJRnD5R7I","Love Lies (with Normani)","Love Lies (with Normani)","Khalid,Normani",2018-02-14,201707,73,spotify:user:,2019-12-03T23:01:00Z,"pop,pop r&b,dance pop,post-teen pop,r&b,rap,urban contemporary",0.708,0.648,6,-5.626,1,0.0449,0.0956,0,0.134,0.338,143.955,4
6TaqooOXAEcijL6G1AWS2K,"2FwJwEswyIUAljqgjNSHgP,0NIIxcxNHmOoyBx03SfTCD,1anyVhU62p31KFi8MEzkbf","All My Friends (feat. Tinashe & Chance the Rapper)","All My Friends (feat. Tinashe & Chance the Rapper)","Snakehips,Tinashe,Chance the Rapper",2015-10-21,229746,70,spotify:user:,2019-12-03T23:01:00Z,"edm,electropop,pop,pop dance,tropical house,alternative r&b,dance pop,metropopolis,post-teen pop,r&b,rap,urban contemporary,chicago rap,conscious hip hop,hip hop,pop rap",0.681,0.521,0,-5.849,1,0.141,0.12,0.0000841,0.108,0.181,94.997,4
0yvPEnB032fojLfVluFjUv,"6S2OmqARrzebs0tKUEyXyp","Sorry Not Sorry","Tell Me You Love Me","Demi Lovato",2017-09-29,203760,75,spotify:user:,2019-12-03T23:01:00Z,"dance pop,pop,post-teen pop",0.706,0.643,11,-6.929,0,0.234,0.0242,0,0.262,0.885,143.931,4
7ArrTJ1LwcGAlEO65LUQ7i,"49tQo2QULno7gxHutgccqF","I Don't Wanna Love You Anymore","Malibu Nights","LANY",2018-10-05,201197,65,spotify:user:,2019-12-03T23:01:00Z,"la pop,pop",0.702,0.623,0,-8.36,1,0.0417,0.322,0,0.0858,0.503,104.974,4
36YLqJHsNHHODwX5gDPEBb,"3mIj9lX2MWuHmhNCA7LSCW","Settle Down","The 1975","The 1975",2013-01-01,239853,55,spotify:user:,2019-12-03T23:01:00Z,"modern alternative rock,modern rock,pop,rock",0.586,0.954,2,-5.293,1,0.0492,0.00298,0.000132,0.723,0.84,107.087,4
5icOoE6VgqFKohjWWNp0Ac,"64KEffDW9EtZ1y2vBYgq8T,3CjlHNtplJyTf9npxaPl5w","Here With Me","Here With Me","Marshmello,CHVRCHES",2019-03-08,156346,74,spotify:user:,2019-12-03T23:01:00Z,"brostep,dance pop,edm,pop,pop dance,progressive electro house,electropop,metropopolis,neo-synthpop,shimmer pop",0.791,0.565,5,-3.933,0,0.0439,0.0623,0,0.156,0.181,99.961,4
5JEx7HbmvHQQswJCsoo9rA,"0X2BH1fck6amBIoJhDVmmJ,5fMUXHkw8R8eOP2RNVYEZX,1zNqQNIdeOUZHb8zbZRFMX","Close To Me (with Diplo) (feat. Swae Lee)","Close To Me (feat. Swae Lee)","Ellie Goulding,Diplo,Swae Lee",2018-10-24,182623,64,spotify:user:,2019-12-03T23:01:00Z,"dance pop,edm,electropop,indietronica,metropopolis,pop,post-teen pop,uk pop,electro house,house,moombahton,ninja,pop dance,tropical house,melodic rap,trap",0.575,0.758,1,-5.029,0,0.0618,0.0954,0,0.394,0.493,144.107,4
3lSDIJ2abCrOdDJ6pshUap,"4Rxn7Im3LGfyRkY2FlHhWi,4NHQUGzhtTLFvgF5SZesLK","Close","Last Year Was Complicated","Nick Jonas,Tove Lo",2016-06-10,234213,69,spotify:user:,2019-12-03T23:01:00Z,"dance pop,edm,pop,post-teen pop,electropop,metropopolis,swedish electropop,swedish pop,swedish synthpop",0.654,0.623,6,-5.273,0,0.082,0.253,0,0.144,0.401,123.996,4
1gugDOSMREb34Xo0c1PlxM,"5Rl15oVamLq7FbSb0NNBNy","She Looks So Perfect","5 Seconds Of Summer","5 Seconds of Summer",2014-06-27,202496,71,spotify:user:,2019-12-03T23:01:00Z,"boy band,dance pop,pop,post-teen pop",0.494,0.951,9,-4.237,1,0.132,0.000569,0,0.327,0.441,160.025,4
7i1pavASRUZk62ejaUIESa,"0Vw76uk7P8yVtTClWyOhac,1ClmHgLorY9RUCIvsTdT7A","Crying Over You ◐","Love Me / Love Me Not","HONNE,BEKA",2018-08-24,242672,61,spotify:user:,2019-12-03T23:01:00Z,"pop,uk pop",0.385,0.62,1,-8.316,0,0.147,0.0815,0,0.352,0.415,75.564,4
34oB5r0lcN3fYWCs2uA1k5,"1HY2Jd0NmPuamShAr6KMms","The Cure","The Cure","Lady Gaga",2017-04-16,211363,64,spotify:user:,2019-12-03T23:01:00Z,"art pop,dance pop,pop",0.697,0.506,8,-4.863,1,0.0325,0.0792,0,0.0893,0.516,100.002,4
7jr3iPu4O4bTCVwLMbdU2i,"6M2wZ9GZgrQXHCFfjv46we,41MozSoPIsD1dJM0CLPjZF","Kiss and Make Up","Dua Lipa (Complete Edition)","Dua Lipa,BLACKPINK",2018-10-19,189173,73,spotify:user:,2019-12-03T23:01:00Z,"dance pop,pop,uk pop,k-pop,k-pop girl group",0.678,0.729,8,-4.188,1,0.137,0.0658,0,0.303,0.643,99.895,4
04ZTP5KsCypmtCmQg5tH9R,"64M6ah0SkkRsnPGtGiRAbb","I'm a Mess","Expectations","Bebe Rexha",2018-06-22,195519,73,spotify:user:,2019-12-03T23:01:00Z,"dance pop,edm,pop,post-teen pop",0.63,0.694,11,-6.257,0,0.0253,0.00281,0,0.0719,0.216,97.005,4
2iUXsYOEPhVqEBwsqP70rE,"5Rl15oVamLq7FbSb0NNBNy","Youngblood","Youngblood (Deluxe)","5 Seconds of Summer",2018-06-15,203417,80,spotify:user:,2019-12-03T23:01:00Z,"boy band,dance pop,pop,post-teen pop",0.596,0.854,7,-5.114,0,0.463,0.0169,0,0.124,0.152,120.274,4
7GbAp0HKPQW7WnFJAzMoRk,"49tQo2QULno7gxHutgccqF","Thru These Tears","Malibu Nights","LANY",2018-10-05,204515,68,spotify:user:,2019-12-03T23:01:00Z,"la pop,pop",0.711,0.517,11,-7.695,1,0.0391,0.154,0,0.149,0.294,119.945,4
6ocbgoVGwYJhOv1GgI9NsF,"66CXWjxzNUsdJxJ2JdwvnR","7 rings","thank u, next","Ariana Grande",2019-02-08,178626,84,spotify:user:,2019-12-03T23:01:00Z,"dance pop,pop",0.778,0.317,1,-10.732,0,0.334,0.592,0,0.0881,0.327,140.048,4
6gpcs5eMhJwax4mIfKDYQk,"7CajNmpbOovFoOoasH2HaY,2h93pZq0e7k5yf4dywlkpM,6oMuImdp5ZcFhWP0ESe6mG","Slide (feat. Frank Ocean & Migos)","Slide (feat. Frank Ocean & Migos)","Calvin Harris,Frank Ocean,Migos",2017-02-24,230813,71,spotify:user:,2019-12-03T23:01:00Z,"dance pop,edm,electro house,house,pop,progressive house,uk dance,hip hop,lgbtq+ hip hop,neo soul,atl hip hop,pop rap,rap,trap",0.736,0.795,1,-3.299,0,0.0545,0.498,0.00000121,0.254,0.511,104.066,4
1PSBzsahR2AKwLJgx8ehBj,"6TIYQ3jFPwQSRmorSezPxX,4nDoRrQiYLoBzwC5BhVJzF","Bad Things (with Camila Cabello)","bloom","Machine Gun Kelly,Camila Cabello",2017-05-12,239293,71,spotify:user:,2019-12-03T23:01:00Z,"ohio hip hop,pop,pop rap,dance pop,post-teen pop",0.697,0.691,2,-4.757,1,0.146,0.214,0,0.185,0.305,137.853,4
514rhnksEwHUh6LxXsQ4Y9,"0C8ZW7ezQVs4URX5aX7Kqx","Back To You","13 Reasons Why (Season 2)","Selena Gomez",2018-05-18,210240,70,spotify:user:,2019-12-03T23:01:00Z,"dance pop,pop,post-teen pop",0.6,0.683,6,-6.271,1,0.0493,0.0984,0.00000126,0.11,0.494,102.036,4
1HimGOB6BjOaCQYMIF1xtU,"2jnIB6XdLvnJUeNTy5A0J2","What Am I","What Am I","Why Don't We",2019-08-23,184665,64,spotify:user:,2019-12-03T23:01:00Z,"boy band,dance pop,pop,post-teen pop",0.614,0.647,0,-4.681,0,0.0524,0.0687,0,0.104,0.368,163.862,4
36phXHOKx8rO7CMp2vNX4x,"5p7f24Rk5HkUZsaS3BLG5F","Love Myself","HAIZ","Hailee Steinfeld",2016-02-26,218773,69,spotify:user:,2019-12-03T23:01:00Z,"dance pop,pop,post-teen pop",0.617,0.759,0,-6.785,0,0.0678,0.0026,0,0.419,0.324,122.924,4
0Eqg0CQ7bK3RQIMPw1A7pl,"49tQo2QULno7gxHutgccqF","Malibu Nights","Malibu Nights","LANY",2018-10-05,286928,75,spotify:user:,2019-12-03T23:01:00Z,"la pop,pop",0.559,0.422,11,-11.89,1,0.195,0.701,0.00000199,0.0853,0.191,74.002,4
6jA8HL9i4QGzsj6fjoxp8Y,"60d24wfXkVzDSfLS6hyCjZ,3WGpXCj9YhhfX11TToZcXP","There for You","There for You","Martin Garrix,Troye Sivan",2017-05-26,221904,68,spotify:user:,2019-12-03T23:01:00Z,"dance pop,dutch edm,edm,electro house,pop,pop dance,progressive house,tropical house,australian pop,viral pop",0.611,0.644,6,-7.607,0,0.0553,0.124,0,0.124,0.13,105.969,4
1cOyWWUr3oXJIxY0AjJEx9,"3WGpXCj9YhhfX11TToZcXP","YOUTH","Blue Neighbourhood (Deluxe)","Troye Sivan",2015-12-04,185194,63,spotify:user:,2019-12-03T23:01:00Z,"australian pop,dance pop,pop,viral pop",0.628,0.737,7,-4.437,1,0.041,0.0625,0,0.0777,0.592,91.507,4
696DnlkuDOXcMAnKlTgXXK,"0vRvGUQVUjytro0xpb26bs","ROXANNE","ROXANNE","Arizona Zervas",2019-10-10,163636,77,spotify:user:,2019-12-03T23:01:00Z,"pop,pop rap,rhode island rap,viral rap",0.621,0.601,6,-5.616,0,0.148,0.0522,0,0.46,0.457,116.735,5
5J4ZkQpzMUFojo1CtAZYpn,"66CXWjxzNUsdJxJ2JdwvnR,1Xyo4u8uXC1ZmMpatF05PJ","Love Me Harder","My Everything (Deluxe)","Ariana Grande,The Weeknd",2014-08-25,236133,77,spotify:user:,2019-12-03T23:01:00Z,"dance pop,pop,canadian contemporary r&b,canadian pop",0.472,0.714,1,-4.389,0,0.0334,0.00937,0,0.0764,0.24,98.992,4
0RiRZpuVRbi7oqRdSMwhQY,"246dkjvS1zLTtiykXe5h60,1zNqQNIdeOUZHb8zbZRFMX","Sunflower - Spider-Man: Into the Spider-Verse","Hollywood's Bleeding","Post Malone,Swae Lee",2019-09-06,157560,81,spotify:user:,2019-12-03T23:01:00Z,"dfw rap,melodic rap,rap,trap",0.755,0.522,2,-4.368,1,0.0575,0.533,0,0.0685,0.925,89.96,4
0rTV5WefWd1J3OwIheTzxM,"6LuN9FCkKOj5PcnpouEgny,6nS5roXSAGhTGr34W6n7Et","Talk","Talk","Khalid,Disclosure",2019-02-07,197487,68,spotify:user:,2019-12-03T23:01:00Z,"pop,pop r&b,edm,house,uk dance",0.9,0.4,0,-8.443,1,0.124,0.0501,0,0.0876,0.338,136.001,4
6Qs4SXO9dwPj5GKvVOv8Ki,"2wY79sveU1sp5g7SokKOiI,2cWZOOzeOm4WmBJRnD5R7I","Dancing With A Stranger (with Normani)","Dancing With A Stranger (with Normani)","Sam Smith,Normani",2019-01-11,171029,76,spotify:user:,2019-12-03T23:01:00Z,"dance pop,pop,uk pop,post-teen pop,r&b,rap,urban contemporary",0.741,0.52,8,-7.513,1,0.0656,0.45,0.00000197,0.222,0.347,102.998,4
6ZtiywT2Qm50a1uR0jlY35,"6Dd3NScHWwnW6obMFbl1BH","Sit Still, Look Pretty","Sit Still, Look Pretty","Daya",2016-10-07,207761,71,spotify:user:,2019-12-03T23:01:00Z,"alt z,dance pop,edm,electropop,pop,pop dance,post-teen pop,tropical house",0.846,0.734,2,-3.601,1,0.108,0.286,0.0000827,0.425,0.717,90.98,4
72Bz4ciRZPBcVSw0nrZDHi,"1BhWF9W2PngtPSyobKg0rP,7bXgB6jMjp9ATFy66eO08Z,5LHRHt1k9lMyONurDHEdrp","Do It Again","Do It Again","Pia Mia,Chris Brown,Tyga",2015-05-04,207746,71,spotify:user:,2019-12-03T23:01:00Z,"dance pop,pop,post-teen pop,r&b,urban contemporary,hip hop,pop rap,rap,southern hip hop,trap",0.712,0.564,8,-6.527,1,0.047,0.0266,0,0.0874,0.411,95.95,4
4F1yvJfQ7gJkrcgFJQDjOr,"4qBgvVog0wzW75IQ48mU7v,0cGUm45nv7Z6M6qdXYQGTX","Playinwitme (feat. Kehlani)","Light of Mine","KYLE,Kehlani",2018-05-18,191680,62,spotify:user:,2019-12-03T23:01:00Z,"pop,pop rap,rap,viral rap,dance pop,post-teen pop,r&b",0.689,0.584,1,-5.768,0,0.119,0.339,0,0.297,0.676,156.572,4
79esEXlqqmq0GPz0xQSZTV,"7n2wHs1TKAczGzO7Dd2rGr","Lost In Japan","Shawn Mendes","Shawn Mendes",2018-05-25,201200,71,spotify:user:,2019-12-03T23:01:00Z,"canadian pop,dance pop,pop,viral pop",0.713,0.738,10,-6.784,1,0.374,0.255,0,0.106,0.425,105.027,4
3hlksXnvbKogFdPbpO9vel,"0hCNtLu0JehylgoiP8L4Gh","Super Bass","Pink Friday (Complete Edition)","Nicki Minaj",2010-11-22,200013,78,spotify:user:,2019-12-03T23:01:00Z,"dance pop,hip pop,pop,queens hip hop,rap",0.723,0.86,11,-4.357,1,0.203,0.271,0.00000456,0.598,0.667,126.979,4
2zyz614fJRrqQXW1q0sY1c,"3mIj9lX2MWuHmhNCA7LSCW","Girls","The 1975 (Deluxe Version)","The 1975",2013,254620,58,spotify:user:,2019-12-03T23:01:00Z,"modern alternative rock,modern rock,pop,rock",0.662,0.911,11,-4.985,1,0.0531,0.00395,0.00125,0.473,0.898,108.025,4
0dXNQ8dckG4eYfEtq9zcva,"7gAppWoH7pcYmphCVTXkzs,4YXycRbyyAE0wozTk7QMEq","All Night","Night & Day (Night Edition)","The Vamps,Matoma",2017-07-14,197640,71,spotify:user:,2019-12-03T23:01:00Z,"boy band,dance pop,pop,post-teen pop,edm,electro house,electropop,norwegian pop,pop dance,pop edm,tropical house",0.538,0.804,8,-5.194,1,0.0358,0.0041,0,0.33,0.507,144.992,4
4eWQlBRaTjPPUlzacqEeoQ,"4nDoRrQiYLoBzwC5BhVJzF","Never Be the Same","Camila","Camila Cabello",2018-01-12,226973,72,spotify:user:,2019-12-03T23:01:00Z,"dance pop,pop,post-teen pop",0.637,0.713,0,-4.333,1,0.0747,0.181,0.000637,0.137,0.243,129.923,4
1JDIArrcepzWDTAWXdGYmP,"2qxJFvFYMEDqd7ui6kSAcq,0C8ZW7ezQVs4URX5aX7Kqx","I Want You To Know","True Colors","Zedd,Selena Gomez",2015-05-18,240000,65,spotify:user:,2019-12-03T23:01:00Z,"complextro,dance pop,edm,electro house,electropop,german techno,pop,pop dance,pop rap,post-teen pop,tropical house",0.58,0.846,9,-2.876,0,0.0573,0.00537,0.00000662,0.145,0.366,129.998,4
3ZkUWF1MVm3tLgz7dplGpk,"64M6ah0SkkRsnPGtGiRAbb,55Aa2cqylxrFIXC767Z865","The Way I Are (Dance with Somebody) [feat. Lil Wayne]","All Your Fault: Pt. 2","Bebe Rexha,Lil Wayne",2017-08-11,187787,56,spotify:user:,2019-12-03T23:01:00Z,"dance pop,edm,pop,post-teen pop,hip hop,new orleans rap,pop rap,rap,trap",0.466,0.659,2,-6.077,1,0.115,0.00282,0,0.273,0.36,186.169,4
5X1VGqaNrpXC8HBPEA4uDT,"0vWCyXMrrvMlCcepuOJaGI","Be Your Everything","Crazy World","Boys Like Girls",2012-12-11,210706,56,spotify:user:,2019-12-03T23:01:00Z,"neo mellow,neon pop punk,pop punk,pop rock,post-teen pop",0.501,0.833,10,-4.954,1,0.0334,0.0303,0,0.0788,0.68,148.035,4
0FOYt3VRWweAWgN1relGqN,"3Hvxz2oZPYuo61ChHKcqQI","Laro","Papunta Pabalik","Autotelic",2016-09-30,320573,49,spotify:user:,2019-12-03T23:01:00Z,"opm,pinoy indie,pinoy rock",0.565,0.829,0,-2.88,1,0.0264,0.00211,0.0174,0.156,0.607,139.998,4
5ka2ajep9OAvU5Sgduhiex,"1HY2Jd0NmPuamShAr6KMms","Applause","ARTPOP","Lady Gaga",2013-11-11,212333,72,spotify:user:,2019-12-03T23:01:00Z,"art pop,dance pop,pop",0.669,0.78,7,-4.287,0,0.053,0.0265,0.00000163,0.143,0.738,139.945,4
6uBhi9gBXWjanegOb2Phh0,"2qxJFvFYMEDqd7ui6kSAcq,2wUjUUtkb5lvLKcGKsKqsR","Stay","Stay","Zedd,Alessia Cara",2017-02-23,210090,75,spotify:user:,2019-12-03T23:01:00Z,"complextro,dance pop,edm,electro house,electropop,german techno,pop,pop dance,pop rap,post-teen pop,tropical house,canadian contemporary r&b,canadian pop",0.69,0.622,5,-5.025,0,0.0622,0.253,0,0.116,0.544,102.04,4
2BWWsCwuHAZFE1scLyP6Qe,"7gAppWoH7pcYmphCVTXkzs,6S2OmqARrzebs0tKUEyXyp","Somebody To You","Meet The Vamps","The Vamps,Demi Lovato",2014-11-04,182826,65,spotify:user:,2019-12-03T23:01:00Z,"boy band,dance pop,pop,post-teen pop",0.559,0.849,3,-4.676,1,0.0454,0.0854,0,0.328,0.759,86.978,4
3TcL0dyCMyr0kyTTc4NLgI,"6dJeKm76NjfXBNTpHmOhfO","Who Says","When The Sun Goes Down","Selena Gomez & The Scene",2011-01-01,195613,75,spotify:user:,2019-12-03T23:01:00Z,"dance pop,pop,post-teen pop",0.682,0.927,4,-2.915,1,0.0479,0.0843,0,0.149,0.744,101.019,4
7gwLQ4tZ5UdZ7qNcDyJ8wr,"04gDigrS5kc9YWfZHwBETP,1RyvyyTE3xzB2ZywiAwp0i","Cold (feat. Future)","Red Pill Blues (Deluxe)","Maroon 5,Future",2018-06-15,234308,63,spotify:user:,2019-12-03T23:01:00Z,"pop,atl hip hop,hip hop,rap,southern hip hop,trap",0.693,0.717,9,-6.346,0,0.107,0.14,0,0.0464,0.412,99.836,4
4ve2uzqdwnHr20G5YgMMqr,"1z7b1Pr1rSlvWRzsW3HOrS","Missin You Crazy","ZOO","Russ",2018-09-07,226693,69,spotify:user:,2019-12-03T23:01:00Z,"hawaiian hip hop,rap",0.716,0.729,5,-6.313,1,0.117,0.0991,0,0.0842,0.276,131.975,4
