Spotify ID,Artist IDs,Track Name,Album Name,Artist Name(s),Release Date,Duration (ms),Popularity,Added By,Added At,Genres,Danceability,Energy,Key,Loudness,Mode,Speechiness,Acousticness,Instrumentalness,Liveness,Valence,Tempo,Time Signature
4mGdjNMo0RonTlOEb7cYg4,"6Ad91Jof8Niiw0lGLLi3NW,26VFTg2z8YR0cCuwLzESi2,4exLIFE8sISLr28sqG1qNX","11 Minutes (with Halsey feat. Travis Barker)","11 Minutes (with Halsey feat. Travis Barker)","YUNGBLUD,Halsey,Travis Barker",2019-02-14,239507,65,spotify:user:,2019-12-06T17:10:56Z,"british indie rock,modern rock,rock,dance pop,electropop,etherpop,indie poptimism,pop,rap rock",0.464,0.852,11,-3.804,1,0.067,0.0116,0,0.108,0.233,160.075,4
6WmIyn2fx1PKQ0XDpYj4VR,"3mIj9lX2MWuHmhNCA7LSCW","Love It If We Made It","A Brief Inquiry Into Online Relationships","The 1975",2018-11-30,252925,70,spotify:user:,2019-12-06T17:10:56Z,"modern alternative rock,modern rock,pop,rock",0.472,0.745,4,-5.297,1,0.0356,0.000607,0.0000274,0.0957,0.0631,180.06,4
0Rx0DJI556Ix5gBny6EWmn,"4GvEc3ANtPPjt1ZJllr5Zl","Paradise","Soul Searching","Bazzi",2019-08-09,169038,73,spotify:user:,2019-12-06T17:10:56Z,"dance pop,electropop,pop",0.844,0.644,11,-6.273,0,0.0479,0.0828,0,0.113,0.591,122.061,4
0w5Bdu51Ka25Pf3hojsKHh,"74XFHRwlV6OrjEM0A2NCMF","Hard Times","After Laughter","Paramore",2017-05-12,182693,74,spotify:user:,2019-12-06T17:10:56Z,"candy pop,pixie,pop emo,pop punk",0.695,0.818,5,-5.379,0,0.0334,0.00647,0.00000487,0.0219,0.916,119.965,4
2BKvuUNunH9q9UoQhaDLmJ,"65ZzuNL3HmtwhF9akIKXuJ","Scenery","Scenery","YAØ",2018-09-28,222178,50,spotify:user:,2019-12-06T17:10:56Z,"chill r&b,singaporean pop",0.682,0.467,2,-9.94,0,0.0314,0.392,0,0.145,0.853,101.019,4
0lnIJmgcUpEpe4AZACjayW,"6vWDO969PvNqNYHIOW5v0m","Sorry","Lemonade","Beyoncé",2016-04-23,232560,66,spotify:user:,2019-12-06T17:10:56Z,"dance pop,pop,r&b",0.775,0.598,2,-7.274,1,0.0535,0.00175,0.00000444,0.253,0.356,129.988,4
3RBluWmSoG2pGA1OePzGJI,"06HL4z0CvFAxyc27GXpf02","The Story Of Us","Speak Now","Taylor Swift",2010-10-25,265666,64,spotify:user:,2019-12-06T17:10:56Z,"pop",0.543,0.818,4,-3.611,1,0.0398,0.00478,0.000368,0.0357,0.683,139.898,4
6r3duEAfFTH83DuoywkG20,"5JZ7CnR6gTvEMKX4g70Amv","Feelings","~how i'm feeling~","Lauv",2020-03-06,189906,62,spotify:user:,2019-12-06T17:10:56Z,"dance pop,electropop,pop",0.7,0.394,9,-8.911,1,0.0328,0.0567,0,0.0801,0.241,103.041,4
3GCdLUSnKSMJhs4Tj6CV3s,"2YZyLoL8N0Wb9xBt1NhZWg,7tYKF4w9nC0nq9CsPZTHyP","All The Stars (with SZA)","Black Panther The Album Music From And Inspired By","Kendrick Lamar,SZA",2018-02-09,232186,83,spotify:user:,2019-12-06T17:10:56Z,"conscious hip hop,hip hop,rap,west coast rap,pop,r&b",0.698,0.633,8,-4.946,1,0.0597,0.0605,0.000194,0.0926,0.552,96.924,4
1EHfG6HquheDlq2mbAdarU,"6WK3Qxj1lGo2lr8d7y2fZM","Hold On To Me","Hold On To Me","MJ Kuok",2017-04-21,164835,39,spotify:user:,2019-12-06T17:10:56Z,"pop edm,singaporean electronic,singaporean pop",0.496,0.742,6,-7.866,1,0.128,0.0143,0.263,0.106,0.16,182.151,4
7y9iMe8SOB6z3NoHE2OfXl,"26VFTg2z8YR0cCuwLzESi2","Bad At Love","hopeless fountain kingdom (Deluxe)","Halsey",2017-06-02,181279,73,spotify:user:,2019-12-06T17:10:56Z,"dance pop,electropop,etherpop,indie poptimism,pop",0.675,0.751,0,-3.539,1,0.0296,0.0604,0,0.0893,0.612,118.384,4
0oTyoTKEKMdF3rXcOLyEfN,"3WGpXCj9YhhfX11TToZcXP","Bloom","Bloom","Troye Sivan",2018-08-31,222096,58,spotify:user:,2019-12-06T17:10:56Z,"australian pop,dance pop,pop,viral pop",0.708,0.701,0,-5.196,1,0.0328,0.031,0,0.392,0.504,120.932,4
4lIxdJw6W3Fg4vUIYCB0S5,"06HL4z0CvFAxyc27GXpf02","Style","1989","Taylor Swift",2014-10-27,231000,74,spotify:user:,2019-12-06T17:10:56Z,"pop",0.598,0.786,2,-5.572,1,0.0383,0.00253,0.0016,0.117,0.456,95.019,4
2RNsweBBb1a6tAHXQtt2xH,"5JZ7CnR6gTvEMKX4g70Amv,1zNqDE7qDGCsyzJwohVaoX","fuck, i'm lonely","~how i'm feeling~","Lauv,Anne-Marie",2020-03-06,198973,61,spotify:user:,2019-12-06T17:10:56Z,"dance pop,electropop,pop,pop dance,post-teen pop,tropical house,uk pop",0.809,0.547,9,-7.305,1,0.0614,0.452,0,0.054,0.718,94.992,4
05mAIVLkIWc2d1UBYZBCp8,"25uiPmTg16RbhZWAqwLBy5,3WGpXCj9YhhfX11TToZcXP","1999","1999","Charli XCX,Troye Sivan",2018-10-05,189000,59,spotify:user:,2019-12-06T17:10:56Z,"art pop,candy pop,dance pop,electropop,metropopolis,pop,post-teen pop,uk pop,australian pop,viral pop",0.739,0.742,7,-4.586,1,0.0329,0.0227,0.00000139,0.229,0.659,124.016,4
1TnUURhehaoMWKAqQtirm6,"26VFTg2z8YR0cCuwLzESi2","Colors","BADLANDS","Halsey",2015-08-28,249499,66,spotify:user:,2019-12-06T17:10:56Z,"dance pop,electropop,etherpop,indie poptimism,pop",0.512,0.812,1,-4.809,1,0.0617,0.0534,0,0.092,0.521,100.02,4
1v3bR4v6SruaE8efrTUqqp,"6M2wZ9GZgrQXHCFfjv46we,360IAlyVv4PCEVjgyMZrxK","Lost In Your Light (feat. Miguel)","Lost in Your Light (feat. Miguel)","Dua Lipa,Miguel",2017-04-21,203769,60,spotify:user:,2019-12-06T17:10:56Z,"dance pop,pop,uk pop,hip hop,r&b,urban contemporary",0.646,0.772,2,-3.826,1,0.0564,0.000402,0,0.102,0.414,117.097,4
3SXXFIZel1VQQ4ENiqozxi,"74XFHRwlV6OrjEM0A2NCMF","Still into You","Paramore (Deluxe Edition)","Paramore",2013-04-09,216013,67,spotify:user:,2019-12-06T17:10:56Z,"candy pop,pixie,pop emo,pop punk",0.602,0.923,5,-3.763,1,0.044,0.0098,0,0.0561,0.765,136.01,4
2UwJWhNPeYfpTaNbI8MNkJ,"5OCCRySomkXZXoE1JQ5Hkb","Let You Down","Let You Down","GARETH FERNANDEZ",2019-09-06,165490,37,spotify:user:,2019-12-06T17:10:56Z,"singaporean pop",0.703,0.751,6,-4.136,1,0.0412,0.0284,0,0.105,0.341,152.881,4
5OCJzvD7sykQEKHH7qAC3C,"66CXWjxzNUsdJxJ2JdwvnR","God is a woman","Sweetener","Ariana Grande",2018-08-17,197546,79,spotify:user:,2019-12-06T17:10:56Z,"dance pop,pop",0.602,0.658,1,-5.934,1,0.0558,0.0233,0.00006,0.237,0.268,145.031,4
4NiehSBQthimPzRsVeOgCT,"3WGpXCj9YhhfX11TToZcXP","My My My!","Bloom","Troye Sivan",2018-08-31,204726,64,spotify:user:,2019-12-06T17:10:56Z,"australian pop,dance pop,pop,viral pop",0.701,0.458,1,-7.749,1,0.0836,0.00407,0.000151,0.045,0.482,102.967,4
21jGcNKet2qwijlDFuPiPb,"246dkjvS1zLTtiykXe5h60","Circles","Hollywood's Bleeding","Post Malone",2019-09-06,215280,85,spotify:user:,2019-12-06T17:10:56Z,"dfw rap,melodic rap,rap",0.695,0.762,0,-3.497,1,0.0395,0.192,0.00244,0.0863,0.553,120.042,4
6mXdCcFnPKQznj4CmMRmHC,"5JZ7CnR6gTvEMKX4g70Amv,49tQo2QULno7gxHutgccqF","Mean It","~how i'm feeling~","Lauv,LANY",2020-03-06,232853,64,spotify:user:,2019-12-06T17:10:56Z,"dance pop,electropop,pop,la pop",0.747,0.45,7,-8.543,1,0.0919,0.0407,0,0.17,0.329,96.001,4
6xsEAm6w9oMQYYg3jkEkMT,"06HL4z0CvFAxyc27GXpf02,2YZyLoL8N0Wb9xBt1NhZWg","Bad Blood","Bad Blood","Taylor Swift,Kendrick Lamar",2015-05-17,200106,72,spotify:user:,2019-12-06T17:10:56Z,"pop,conscious hip hop,hip hop,rap,west coast rap",0.654,0.655,11,-7.388,0,0.106,0.0294,0,0.139,0.221,170.16,4
2z4U9d5OAA4YLNXoCgioxo,"0p4nmQO2msCgU4IF37Wi3j","What the Hell","Goodbye Lullaby (Expanded Edition)","Avril Lavigne",2011-03-08,220706,73,spotify:user:,2019-12-06T17:10:56Z,"canadian pop,candy pop,dance pop,pop,post-teen pop",0.578,0.926,6,-3.689,0,0.0548,0.00472,0.0127,0.14,0.877,149.976,4
2zFF6jG5hQArbzcXz3KUWk,"6S2OmqARrzebs0tKUEyXyp","Cool for the Summer","Confident (Deluxe Edition)","Demi Lovato",2015-10-16,214739,64,spotify:user:,2019-12-06T17:10:56Z,"dance pop,pop,post-teen pop",0.583,0.61,5,-5.639,0,0.0382,0.00425,0.000105,0.14,0.336,114.06,4
6zeeWid2sgw4lap2jV61PZ,"6LuN9FCkKOj5PcnpouEgny","Better","Suncity","Khalid",2018-10-18,229320,77,spotify:user:,2019-12-06T17:10:56Z,"pop,pop r&b",0.596,0.552,0,-10.278,0,0.097,0.0765,0.334,0.104,0.112,97.949,4
0rKtyWc8bvkriBthvHKY8d,"3MZsBdqDrRTJihTHQrO6Dq","SLOW DANCING IN THE DARK","BALLADS 1","Joji",2018-10-26,209273,84,spotify:user:,2019-12-06T17:10:56Z,"viral pop",0.515,0.479,3,-7.458,1,0.0261,0.544,0.00598,0.191,0.284,88.964,4
76D536xRk0FNg9kGPBxgdX,"2XBiI8PjCnjJ3XKWtiKcvc","whoops","whoops","brb.",2019-06-07,147891,32,spotify:user:,2019-12-06T17:10:56Z,"chill r&b,pop,singaporean pop",0.792,0.502,8,-9.575,0,0.177,0.191,0,0.106,0.899,92.486,4
2XWjPtKdi5sucFYtVav07d,"2qxJFvFYMEDqd7ui6kSAcq,6jJ0s89eD6GaHleKKya26X","365","365","Zedd,Katy Perry",2019-02-14,181899,65,spotify:user:,2019-12-06T17:10:56Z,"complextro,dance pop,edm,electro house,electropop,german techno,pop,pop dance,pop rap,post-teen pop,tropical house",0.745,0.693,2,-5.479,0,0.034,0.339,0,0.123,0.248,98.039,4
5p7ujcrUXASCNwRaWNHR1C,"26VFTg2z8YR0cCuwLzESi2","Without Me","Without Me","Halsey",2018-10-04,201660,77,spotify:user:,2019-12-06T17:10:56Z,"dance pop,electropop,etherpop,indie poptimism,pop",0.752,0.488,6,-7.05,1,0.0705,0.297,0.00000911,0.0936,0.533,136.041,4
0cEBv7oJxFp3bfTFqWFI0R,"6jTnHxhb6cDCaCu4rdvsQ0,6S2OmqARrzebs0tKUEyXyp","Why Don't You Love Me (feat. Demi Lovato)","Whatever","Hot Chelle Rae,Demi Lovato",2011-11-25,211413,58,spotify:user:,2019-12-06T17:10:56Z,"dance pop,dance rock,pop,pop rock,post-teen pop",0.53,0.802,2,-6.494,1,0.0362,0.121,0,0.118,0.566,148.054,3
7LpMG3AEaIJgs62HQhAa91,"5JZ7CnR6gTvEMKX4g70Amv,3WGpXCj9YhhfX11TToZcXP","i'm so tired...","~how i'm feeling~","Lauv,Troye Sivan",2020-03-06,162586,67,spotify:user:,2019-12-06T17:10:56Z,"dance pop,electropop,pop,australian pop,viral pop",0.548,0.735,11,-7.572,1,0.236,0.173,0,0.195,0.498,101.252,4
0vvt4IZOMkRug195S4MUq0,"06HL4z0CvFAxyc27GXpf02","If This Was A Movie","Speak Now (Deluxe Edition)","Taylor Swift",2010-10-25,234546,57,spotify:user:,2019-12-06T17:10:56Z,"pop",0.511,0.719,4,-3.457,1,0.0265,0.166,0.00000454,0.34,0.289,147.852,4
1i8vlrdnyOWGGqNKhKQM3C,"3risOBDAx6GGVaCcBuhswz","TIRED","TIRED","Jasmine Sokko",2019-03-01,140919,46,spotify:user:,2019-12-06T17:10:56Z,"singaporean pop,singaporean singer-songwriter",0.812,0.578,1,-5.377,0,0.109,0.205,0.0000181,0.0632,0.505,159.976,4
6jg5SRvdGxvJ0DzNV0UqEK,"2KsP6tYLJlTBvSUxnwlVWa","Please Don't Go","31 Minutes to Takeoff","Mike Posner",2010-08-09,196813,67,spotify:user:,2019-12-06T17:10:56Z,"dance pop,edm,pop,pop rap",0.699,0.882,4,-3.896,0,0.0311,0.00296,0.0544,0.13,0.657,120.016,4
0wIFAHbaUucA8mog7Y2IDD,"3mIj9lX2MWuHmhNCA7LSCW","Sex","The 1975","The 1975",2013-01-01,206986,58,spotify:user:,2019-12-06T17:10:56Z,"modern alternative rock,modern rock,pop,rock",0.403,0.971,2,-4.159,1,0.112,0.0000135,0.0000222,0.488,0.184,148.324,4
3yrvQHw6pQemsrCQEpMnKv,"74XFHRwlV6OrjEM0A2NCMF","Ain't It Fun","Paramore (Deluxe Edition)","Paramore",2013-04-09,296520,64,spotify:user:,2019-12-06T17:10:56Z,"candy pop,pixie,pop emo,pop punk",0.61,0.893,9,-3.681,1,0.0921,0.154,0.0000441,0.021,0.673,104.031,4
60wwxj6Dd9NJlirf84wr2c,"2qxJFvFYMEDqd7ui6kSAcq,7qRll6DYV06u2VuRPAVqug","Clarity","Clarity","Zedd,Foxes",2012-01-01,271426,75,spotify:user:,2019-12-06T17:10:56Z,"complextro,dance pop,edm,electro house,electropop,german techno,pop,pop dance,pop rap,post-teen pop,tropical house,indie poptimism,metropopolis,uk pop",0.509,0.781,8,-3.48,1,0.072,0.0398,0,0.0749,0.176,128,4
5Gu0PDLN4YJeW75PpBSg9p,"5p7f24Rk5HkUZsaS3BLG5F,4AVFqumd2ogHFlRbKIjp1t,3b8QkneNDz4JHKKKlLgYZg,4olE3I5QU0dvSR7LIpqTXc","Let Me Go (with Alesso, Florida Georgia Line & watt)","Let Me Go (with Alesso, Florida Georgia Line & watt)","Hailee Steinfeld,Alesso,Florida Georgia Line,WATT",2017-09-08,174800,76,spotify:user:,2019-12-06T17:10:56Z,"dance pop,pop,post-teen pop,edm,electro house,pop dance,tropical house,contemporary country,country,country pop,country road,modern country rock,modern alternative rock",0.664,0.708,8,-4.154,1,0.0474,0.0337,0,0.0841,0.742,103.07,4
30nzm88lmvORdgiw7Wm9rV,"3GFO1X5LAHduvR314sXnqI","Boys","Season 2","Sam Rui",2017-06-30,226091,17,spotify:user:,2019-12-06T17:10:56Z,"singaporean pop",0.631,0.494,9,-6.184,1,0.0837,0.444,0.00166,0.141,0.262,120.994,4
1NikdFvytzN4sS2XTDleOp,"31TM5zBknJ7ZInbxnR0rlX,0msMwWNlbZhRSsGqAQdPAs","Serendipity","Serendipity","lewloh,Julia Gartha",2019-08-30,166310,50,spotify:user:,2019-12-06T17:10:56Z,"singaporean pop,singaporean singer-songwriter",0.604,0.321,8,-11.175,0,0.03,0.83,0,0.402,0.344,133.951,4
6b2RcmUt1g9N9mQ3CbjX2Y,"2wY79sveU1sp5g7SokKOiI","How Do You Sleep?","How Do You Sleep?","Sam Smith",2019-07-19,202204,74,spotify:user:,2019-12-06T17:10:56Z,"dance pop,pop,uk pop",0.477,0.682,1,-4.931,0,0.0925,0.153,0,0.0763,0.345,110.567,5
24DefNCFiWTP8OjYWiXuYe,"06HL4z0CvFAxyc27GXpf02","Speak Now","Speak Now","Taylor Swift",2010-10-25,240760,61,spotify:user:,2019-12-06T17:10:56Z,"pop",0.709,0.599,7,-3.734,1,0.0304,0.095,0,0.0973,0.735,118.975,4
6p3j39vBRD8YC2zpquOSkU,"1BSXtdFlVDUOS6g1T3tmME","Kiss Me Again (feat. Alex Gaskarth)","Best Intentions (Re-issue)","We Are The In Crowd",2012-03-13,200951,47,spotify:user:,2019-12-06T17:10:56Z,"candy pop,neon pop punk,pixie,pop emo,pop punk",0.639,0.892,5,-3.74,1,0.0339,0.000747,0,0.113,0.76,123.996,4
1rf0MDVsXJQzsGG1IjeChx,"5uIwzjKbKHiTiRCShromkj","mmm bye","mmm bye","RRILEY",2019-08-30,138279,20,spotify:user:,2019-12-06T17:10:56Z,"singaporean pop",0.787,0.609,0,-6.814,1,0.0874,0.0601,0.0000268,0.277,0.422,110.066,4
4NBTZtAt1F13VvlSKe6KTl,"69GGBxA162lTqCwzJG5jLp,3RqBeV12Tt7A8xH3zBDDUF","This Feeling","Sick Boy","The Chainsmokers,Kelsea Ballerini",2018-12-14,197946,72,spotify:user:,2019-12-06T17:10:56Z,"dance pop,edm,electropop,pop,pop dance,tropical house,contemporary country,country",0.575,0.571,1,-7.906,1,0.0439,0.0558,0,0.0912,0.449,105.049,4
0rzNMzZsubFcXSEh7dnem7,"6vWDO969PvNqNYHIOW5v0m","Hold Up","Lemonade","Beyoncé",2016-04-23,221093,67,spotify:user:,2019-12-06T17:10:56Z,"dance pop,pop,r&b",0.524,0.397,0,-11.936,1,0.405,0.745,0,0.521,0.552,80.744,4
6vc2Jq2vaGu8z326kSrw92,"6LqNN22kT3074XbTVUrhzX","Your Love Is My Drug","Animal (Expanded Edition)","Kesha",2010-01-01,187133,69,spotify:user:,2019-12-06T17:10:56Z,"dance pop,pop,post-teen pop",0.826,0.612,1,-3.891,1,0.0982,0.00681,0,0.0889,0.756,120.057,4
7xQAfvXzm3AkraOtGPWIZg,"246dkjvS1zLTtiykXe5h60","Wow.","Hollywood's Bleeding","Post Malone",2019-09-06,149546,81,spotify:user:,2019-12-06T17:10:56Z,"dfw rap,melodic rap,rap",0.829,0.539,11,-7.359,0,0.208,0.136,0.00000178,0.103,0.388,99.96,4
0d2iYfpKoM0QCKvcLCkBao,"5CiGnKThu5ctn9pBxv7DGa,26VFTg2z8YR0cCuwLzESi2,6LuN9FCkKOj5PcnpouEgny","Eastside (with Halsey & Khalid)","Eastside (with Halsey & Khalid)","benny blanco,Halsey,Khalid",2018-07-12,173799,74,spotify:user:,2019-12-06T17:10:56Z,"dance pop,edm,electropop,pop,pop rap,etherpop,indie poptimism,pop r&b",0.56,0.68,6,-7.648,0,0.321,0.555,0,0.116,0.319,89.391,4
2r6DdaSbkbwoPzuK6NjLPn,"5YGY8feqx7naU7z4HrwZM6","Can't Be Tamed","Can't Be Tamed","Miley Cyrus",2010-01-01,168213,63,spotify:user:,2019-12-06T17:10:56Z,"dance pop,pop,post-teen pop",0.63,0.91,11,-2.919,0,0.144,0.0287,0,0.196,0.743,116.98,4
14OxJlLdcHNpgsm4DRwDOB,"4NHQUGzhtTLFvgF5SZesLK","Habits (Stay High)","Queen Of The Clouds","Tove Lo",2014-01-01,209160,73,spotify:user:,2019-12-06T17:10:56Z,"dance pop,electropop,metropopolis,pop,swedish electropop,swedish pop,swedish synthpop",0.729,0.65,5,-3.539,1,0.0313,0.0702,0.0000669,0.0829,0.347,110.02,4
7cxeCur2sqbCYDBudvNIrv,"0mXXLFHmd5bUHxkzaC9ujw","Glasshouse","The Sam Willows","The Sam Willows",2012-11-12,256255,6,spotify:user:,2019-12-06T17:10:56Z,"singaporean pop",0.414,0.56,9,-8.63,1,0.0408,0.167,0.00321,0.109,0.0877,139.885,4
4zRZAmBQP8vhNPf9i9opXt,"2jnIB6XdLvnJUeNTy5A0J2","8 Letters","8 Letters","Why Don't We",2018-08-31,190026,74,spotify:user:,2019-12-06T17:10:56Z,"boy band,dance pop,pop,post-teen pop",0.607,0.478,1,-5.702,0,0.031,0.649,0,0.0928,0.255,88.979,4
4kuPeLqTPXDkPB2injreCw,"6nS5roXSAGhTGr34W6n7Et,2wY79sveU1sp5g7SokKOiI","Omen","Caracal (Deluxe)","Disclosure,Sam Smith",2015-09-25,230250,61,spotify:user:,2019-12-06T17:10:56Z,"edm,house,pop,uk dance,dance pop,uk pop",0.723,0.678,8,-5.224,1,0.125,0.0614,0,0.372,0.633,106.01,4
086myS9r57YsLbJpU0TgK9,"7Ln80lUS6He07XvHI8qqHH","Why'd You Only Call Me When You're High?","AM","Arctic Monkeys",2013-09-09,161123,87,spotify:user:,2019-12-06T17:10:56Z,"garage rock,modern rock,permanent wave,rock,sheffield indie",0.691,0.631,2,-6.478,1,0.0368,0.0483,0.0000113,0.104,0.8,92.004,4
6N5ruusDFjQPYvCka8ejwP,"4AK6F7OLvEQ5QYCBNiQWHq","Tell Me a Lie","Up All Night","One Direction",2012-05-25,198053,55,spotify:user:,2019-12-06T17:10:56Z,"boy band,pop,post-teen pop,talent show",0.561,0.898,7,-4.722,1,0.056,0.000165,0.0000186,0.327,0.638,133.965,4
59t8W4umMJSSN4DTdpNsoq,"3GFO1X5LAHduvR314sXnqI","Better","Season 2","Sam Rui",2017-06-30,212514,28,spotify:user:,2019-12-06T17:10:56Z,"singaporean pop",0.349,0.448,9,-7.963,0,0.171,0.114,0,0.281,0.185,199.459,1
45sDIKapDyxPl307QpEAwl,"698hF4vcwHwPy8ltmXermq,4we5S2VLjgY9KzIzApL1KI,5JOIrGvup0vD5VjodB62Ui","Rocketeer","Free Wired","Far East Movement,Ryan Tedder,Ruff Loaderz",2010-01-01,211253,68,spotify:user:,2019-12-06T17:10:56Z,"asian american hip hop,dance pop,edm,pop rap",0.664,0.845,4,-6.115,0,0.0461,0.181,0,0.267,0.357,96.005,4
4a6q8CR2hzLk2plDkSxkfD,"4GvEc3ANtPPjt1ZJllr5Zl","I.F.L.Y.","Soul Searching","Bazzi",2019-08-09,165714,73,spotify:user:,2019-12-06T17:10:56Z,"dance pop,electropop,pop",0.812,0.519,2,-4.823,1,0.0385,0.379,0,0.13,0.554,104.954,4
1exnDFdC34GyBcaLt9ZJfX,"2PSJ6YriU7JsFucxACpU7Y","Gotta Go","Gotta Go","청하",2019-01-02,221813,62,spotify:user:,2019-12-06T17:10:56Z,"k-pop",0.531,0.83,3,-2.526,0,0.0446,0.0741,0,0.0993,0.419,101.903,4
7vGuf3Y35N4wmASOKLUVVU,"64KEffDW9EtZ1y2vBYgq8T,6LuN9FCkKOj5PcnpouEgny","Silence","Silence","Marshmello,Khalid",2017-08-11,180822,81,spotify:user:,2019-12-06T17:10:56Z,"brostep,dance pop,edm,pop,pop dance,progressive electro house,pop r&b",0.52,0.761,4,-3.093,1,0.0853,0.256,0.00000496,0.17,0.286,141.971,4
63y6xWR4gXz7bnUGOk8iI6,"66CXWjxzNUsdJxJ2JdwvnR","Into You","Dangerous Woman","Ariana Grande",2016-05-20,244453,69,spotify:user:,2019-12-06T17:10:56Z,"dance pop,pop",0.623,0.734,9,-5.948,1,0.107,0.0162,0.00000175,0.145,0.37,107.853,4
5lNuqFVMca4vPupY10cH0J,"7DMveApC7UnC2NPfPvlHSU,6S2OmqARrzebs0tKUEyXyp","No Promises (feat. Demi Lovato)","No Promises (feat. Demi Lovato)","Cheat Codes,Demi Lovato",2017-03-31,222786,59,spotify:user:,2019-12-06T17:10:56Z,"dance pop,edm,electro house,electropop,pop,pop dance,pop edm,post-teen pop,tropical house",0.739,0.619,10,-6.669,1,0.162,0.0572,0,0.105,0.58,112.961,4
09mEdoA6zrmBPgTEN5qXmN,"1Xyo4u8uXC1ZmMpatF05PJ","Call Out My Name","My Dear Melancholy,","The Weeknd",2018-03-30,228373,88,spotify:user:,2019-12-06T17:10:56Z,"canadian contemporary r&b,canadian pop,pop",0.461,0.593,1,-4.954,1,0.0356,0.17,0,0.307,0.175,134.17,3
45Egmo7icyopuzJN0oMEdk,"6LuN9FCkKOj5PcnpouEgny,2cWZOOzeOm4WmBJRnD5R7I","Love Lies (with Normani)","Love Lies (with Normani)","Khalid,Normani",2018-02-14,201707,73,spotify:user:,2019-12-06T17:10:56Z,"pop,pop r&b,dance pop,post-teen pop,r&b,rap,urban contemporary",0.708,0.648,6,-5.626,1,0.0449,0.0956,0,0.134,0.338,143.955,4
5vTPxzm4h2bY9rYyVrGEU5,"6S2OmqARrzebs0tKUEyXyp,4m4SfDVbF5wxrwEjDKgi4k","Really Don't Care","Demi","Demi Lovato,Cher Lloyd",2013-01-01,201600,69,spotify:user:,2019-12-06T17:10:56Z,"dance pop,pop,post-teen pop,electropop,talent show",0.706,0.728,7,-3.602,1,0.0852,0.123,0,0.185,0.851,121.017,4
3lSDIJ2abCrOdDJ6pshUap,"4Rxn7Im3LGfyRkY2FlHhWi,4NHQUGzhtTLFvgF5SZesLK","Close","Last Year Was Complicated","Nick Jonas,Tove Lo",2016-06-10,234213,69,spotify:user:,2019-12-06T17:10:56Z,"dance pop,edm,pop,post-teen pop,electropop,metropopolis,swedish electropop,swedish pop,swedish synthpop",0.654,0.623,6,-5.273,0,0.082,0.253,0,0.144,0.401,123.996,4
1gugDOSMREb34Xo0c1PlxM,"5Rl15oVamLq7FbSb0NNBNy","She Looks So Perfect","5 Seconds Of Summer","5 Seconds of Summer",2014-06-27,202496,71,spotify:user:,2019-12-06T17:10:56Z,"boy band,dance pop,pop,post-teen pop",0.494,0.951,9,-4.237,1,0.132,0.000569,0,0.327,0.441,160.025,4
6CR9Zums0p3qwuoYRu8nax,"3risOBDAx6GGVaCcBuhswz","HURT","HURT","Jasmine Sokko",2018-08-24,150857,23,spotify:user:,2019-12-06T17:10:56Z,"singaporean pop,singaporean singer-songwriter",0.835,0.548,6,-9.566,1,0.101,0.0976,0,0.0515,0.855,104.967,4
0S4RKPbRDA72tvKwVdXQqe,"66CXWjxzNUsdJxJ2JdwvnR,4LLpKhyESsyAXpc4laK94U","The Way","Yours Truly","Ariana Grande,Mac Miller",2013-01-01,227026,66,spotify:user:,2019-12-06T17:10:56Z,"dance pop,pop,hip hop,pittsburgh rap,rap",0.645,0.878,5,-3.208,0,0.113,0.294,0,0.076,0.862,82.324,4
2QtJA4gbwe1AcanB2p21aP,"2qxJFvFYMEDqd7ui6kSAcq,6Rx1JKzBrSzoKQtmbVmBnM","Stay The Night - Featuring Hayley Williams Of Paramore","Clarity (Deluxe)","Zedd,Hayley Williams",2012,217346,65,spotify:user:,2019-12-06T17:10:56Z,"complextro,dance pop,edm,electro house,electropop,german techno,pop,pop dance,pop rap,post-teen pop,tropical house,art pop,indie pop",0.596,0.738,8,-3.109,1,0.0411,0.109,0,0.0947,0.461,127.961,4
4vUmTMuQqjdnvlZmAH61Qk,"6eUKZXaKkcviH0Ku9w2n3V,4nDoRrQiYLoBzwC5BhVJzF,4kYSro6naA4h99UJvo89HB","South of the Border (feat. Camila Cabello & Cardi B)","No.6 Collaborations Project","Ed Sheeran,Camila Cabello,Cardi B",2019-07-12,204466,75,spotify:user:,2019-12-06T17:10:56Z,"pop,uk pop,dance pop,post-teen pop,rap",0.857,0.621,9,-6.376,0,0.0825,0.148,0,0.0865,0.668,97.989,4
7jr3iPu4O4bTCVwLMbdU2i,"6M2wZ9GZgrQXHCFfjv46we,41MozSoPIsD1dJM0CLPjZF","Kiss and Make Up","Dua Lipa (Complete Edition)","Dua Lipa,BLACKPINK",2018-10-19,189173,73,spotify:user:,2019-12-06T17:10:56Z,"dance pop,pop,uk pop,k-pop,k-pop girl group",0.678,0.729,8,-4.188,1,0.137,0.0658,0,0.303,0.643,99.895,4
5WI2ltQIdwgzf1SNE76JyR,"6nxWCVXbOlEVRexSbLsTer,6xHUXzrfhFgnIv86EBR3Ml","Never Be Like You (feat. Kai)","Skin","Flume,kai",2016-05-27,234909,66,spotify:user:,2019-12-06T17:10:56Z,"australian dance,australian electropop,australian indie,downtempo,edm",0.444,0.557,0,-5.476,1,0.0602,0.453,0,0.152,0.296,115.058,4
7GbAp0HKPQW7WnFJAzMoRk,"49tQo2QULno7gxHutgccqF","Thru These Tears","Malibu Nights","LANY",2018-10-05,204515,68,spotify:user:,2019-12-06T17:10:56Z,"la pop,pop",0.711,0.517,11,-7.695,1,0.0391,0.154,0,0.149,0.294,119.945,4
0gL0Xf8CN95HmgfEYYLRZV,"1l8Fu6IkuTP0U5QetQJ5Xt","Miss Movin' On","Miss Movin' On","Fifth Harmony",2013-07-16,193733,60,spotify:user:,2019-12-06T17:10:56Z,"dance pop,girl group,pop,post-teen pop,talent show",0.466,0.842,6,-2.937,1,0.0513,0.0332,0.00000912,0.349,0.418,75,4
2iUXsYOEPhVqEBwsqP70rE,"5Rl15oVamLq7FbSb0NNBNy","Youngblood","Youngblood (Deluxe)","5 Seconds of Summer",2018-06-15,203417,80,spotify:user:,2019-12-06T17:10:56Z,"boy band,dance pop,pop,post-teen pop",0.596,0.854,7,-5.114,0,0.463,0.0169,0,0.124,0.152,120.274,4
0qwcGscxUHGZTgq0zcaqk1,"0p4nmQO2msCgU4IF37Wi3j","Here's to Never Growing Up","Avril Lavigne (Expanded Edition)","Avril Lavigne",2013-11-01,214320,68,spotify:user:,2019-12-06T17:10:56Z,"canadian pop,candy pop,dance pop,pop,post-teen pop",0.482,0.873,0,-3.145,1,0.0853,0.0111,0,0.409,0.737,165.084,4
4IOxk5ep5ONrdlL0ZIy64v,"2PSJ6YriU7JsFucxACpU7Y","Snapping","Flourishing","청하",2019-06-24,213164,60,spotify:user:,2019-12-06T17:10:56Z,"k-pop",0.746,0.726,8,-3.499,0,0.0394,0.0706,0.00000343,0.278,0.578,104.961,4
6ocbgoVGwYJhOv1GgI9NsF,"66CXWjxzNUsdJxJ2JdwvnR","7 rings","thank u, next","Ariana Grande",2019-02-08,178626,84,spotify:user:,2019-12-06T17:10:56Z,"dance pop,pop",0.778,0.317,1,-10.732,0,0.334,0.592,0,0.0881,0.327,140.048,4
5JswXBJJ5CgHkJyoRN2Rss,"6gYn1myEM7sARWIoT2AVWG","Next 2 U","Bad Habits II","Ffion",2019-08-23,186947,20,spotify:user:,2019-12-06T17:10:56Z,"singaporean pop",0.756,0.537,8,-11.766,0,0.0495,0.383,0,0.0669,0.502,95.028,4
3pYDZTJM2tVBUhIRifWVzI,"6LqNN22kT3074XbTVUrhzX","Blow","Cannibal (Expanded Edition)","Kesha",2010-11-19,219973,68,spotify:user:,2019-12-06T17:10:56Z,"dance pop,pop,post-teen pop",0.753,0.729,11,-3.862,0,0.0392,0.00334,0.0000566,0.073,0.812,120.013,4
3eekarcy7kvN4yt5ZFzltW,"0Y5tJX1MQlPlqiwlOH1tJY","HIGHEST IN THE ROOM","HIGHEST IN THE ROOM","Travis Scott",2019-10-04,175720,82,spotify:user:,2019-12-06T17:10:56Z,"rap,slap house",0.598,0.427,7,-8.764,0,0.0317,0.0546,0.00000583,0.21,0.0605,76.469,4
1PSBzsahR2AKwLJgx8ehBj,"6TIYQ3jFPwQSRmorSezPxX,4nDoRrQiYLoBzwC5BhVJzF","Bad Things (with Camila Cabello)","bloom","Machine Gun Kelly,Camila Cabello",2017-05-12,239293,71,spotify:user:,2019-12-06T17:10:56Z,"ohio hip hop,pop,pop rap,dance pop,post-teen pop",0.697,0.691,2,-4.757,1,0.146,0.214,0,0.185,0.305,137.853,4
5fsQSDifYpjfbCqvZKPVBj,"5Rl15oVamLq7FbSb0NNBNy","She's Kinda Hot","Sounds Good Feels Good (Deluxe)","5 Seconds of Summer",2015-10-23,216454,66,spotify:user:,2019-12-06T17:10:56Z,"boy band,dance pop,pop,post-teen pop",0.664,0.908,4,-4.806,1,0.0317,0.00182,0,0.109,0.889,118.031,4
5J4ZkQpzMUFojo1CtAZYpn,"66CXWjxzNUsdJxJ2JdwvnR,1Xyo4u8uXC1ZmMpatF05PJ","Love Me Harder","My Everything (Deluxe)","Ariana Grande,The Weeknd",2014-08-25,236133,77,spotify:user:,2019-12-06T17:10:56Z,"dance pop,pop,canadian contemporary r&b,canadian pop",0.472,0.714,1,-4.389,0,0.0334,0.00937,0,0.0764,0.24,98.992,4
2Vq0JmYhhPerxP1qRcciwq,"3vYlOrtxEjNzvUPhacOdoV","Paiseh","Paiseh","ShiGGa Shay",2019-04-19,129654,8,spotify:user:,2019-12-06T17:10:56Z,"singaporean hip hop,singaporean pop",0.727,0.539,1,-11.545,1,0.34,0.185,0,0.104,0.767,154.719,4
0s2tvuGsxw0LF14kjZF5TW,"31TM5zBknJ7ZInbxnR0rlX,1kjkddXmDG9vdt7P8lwYUd","Red Flags","Red Flags","lewloh,Joie Tan",2019-06-21,139120,39,spotify:user:,2019-12-06T17:10:56Z,"singaporean pop,singaporean singer-songwriter",0.362,0.207,11,-11.57,0,0.0296,0.903,0,0.115,0.156,149.662,3
43CoIjJAKxjknG9k0YKGo9,"5uIwzjKbKHiTiRCShromkj","Burn","Burn","RRILEY",2019-05-10,184849,36,spotify:user:,2019-12-06T17:10:56Z,"singaporean pop",0.794,0.663,2,-5.219,0,0.237,0.455,0.00000275,0.0465,0.565,80.024,4
36dvcjzeono5E1n2hqRJpZ,"2NhdGz9EDv2FeUw6udu2g1","Rocket","Battleground (Deluxe Edition)","The Wanted",2011-01-01,195754,31,spotify:user:,2019-12-06T17:10:56Z,"boy band,dance pop,edm,pop,pop rock,post-teen pop",0.624,0.791,8,-3.53,0,0.0283,0.0103,0,0.641,0.701,106.007,4
7llEQsxLpfqZcMBDVb9hhx,"2C2sVVXanbOpymYBMpsi89","La La","Symphony Soldier","The Cab",2011,205586,41,spotify:user:,2019-12-06T17:10:56Z,"modern rock,neon pop punk,pop punk,pop rock,post-teen pop,vegas indie",0.57,0.949,4,-3.938,1,0.0784,0.0257,0,0.204,0.566,110.047,4
2MOoIbJWIYikwIXjBDe26i,"5JZ7CnR6gTvEMKX4g70Amv","Paris in the Rain","I met you when I was 18. (the playlist)","Lauv",2018-05-31,204712,69,spotify:user:,2019-12-06T17:10:56Z,"dance pop,electropop,pop",0.406,0.408,3,-9.419,1,0.053,0.771,0.00000788,0.394,0.525,79.705,4
3LUWWox8YYykohBbHUrrxd,"6LqNN22kT3074XbTVUrhzX","We R Who We R","Cannibal (Expanded Edition)","Kesha",2010-11-19,204760,71,spotify:user:,2019-12-06T17:10:56Z,"dance pop,pop,post-teen pop",0.736,0.817,8,-4.9,1,0.0407,0.00987,0.00167,0.117,0.653,119.95,4
5aXYm0ma1FvOwwdAf9BWQi,"3vYlOrtxEjNzvUPhacOdoV","If I,","S$","ShiGGa Shay",2020-06-19,215381,7,spotify:user:,2019-12-06T17:10:56Z,"singaporean hip hop,singaporean pop",0.78,0.787,7,-5.528,1,0.28,0.0929,0,0.0688,0.779,98.015,4
2UjlKs4RTbqpzxHlcrkz4Y,"4jGPdu95icCKVF31CcFKbS,41DKMtAnhVo7aDeluAHDJg","JU1Y","B4NGER PROJECT","Gentle Bones,MYRNE",2018-03-30,190714,24,spotify:user:,2019-12-06T17:10:56Z,"chill r&b,pop,singaporean pop,bass trap,edm,electro house,future bass,gaming edm,melodic dubstep,pop edm,singaporean electronic,vapor twitch",0.783,0.747,8,-4.592,0,0.0606,0.131,0,0.0923,0.711,112.014,4
36phXHOKx8rO7CMp2vNX4x,"5p7f24Rk5HkUZsaS3BLG5F","Love Myself","HAIZ","Hailee Steinfeld",2016-02-26,218773,69,spotify:user:,2019-12-06T17:10:56Z,"dance pop,pop,post-teen pop",0.617,0.759,0,-6.785,0,0.0678,0.0026,0,0.419,0.324,122.924,4
3G6hD9B2ZHOsgf4WfNu7X1,"163tK9Wjr9P9DmM0AVK7lm","Team","Pure Heroine","Lorde",2013-09-27,193058,76,spotify:user:,2019-12-06T17:10:56Z,"art pop,metropopolis,nz pop,pop",0.69,0.578,6,-7.436,1,0.0929,0.167,0,0.305,0.416,99.961,4
190jyVPHYjAqEaOGmMzdyk,"1uNFoZAHBGtllmzznpCI3s,0hCNtLu0JehylgoiP8L4Gh","Beauty And A Beat","Believe (Deluxe Edition)","Justin Bieber,Nicki Minaj",2012-06-15,227986,74,spotify:user:,2019-12-06T17:10:56Z,"canadian pop,pop,dance pop,hip pop,queens hip hop,rap",0.602,0.843,0,-4.831,1,0.0593,0.000688,0.0000527,0.0682,0.526,128.003,4
