Spotify ID,Artist IDs,Track Name,Album Name,Artist Name(s),Release Date,Duration (ms),Popularity,Added By,Added At,Genres,Danceability,Energy,Key,Loudness,Mode,Speechiness,Acousticness,Instrumentalness,Liveness,Valence,Tempo,Time Signature
6t3e2UfHXGVdxXJhPYj6Lg,"1OmJlIsNDkAVfdkmHbvQFM","Montania","Montania","Calma Interiore",2021-09-27,178909,69,spotify:user:,2022-11-11T13:00:19Z,"",0.213,0.0429,6,-28.484,0,0.0413,0.88,0.724,0.105,0.101,69.86,3
6hVsOvinmJAGJJpXxpPhDy,"6fVRZUOhSnwc3dtmooHbkO","Amoralis","Always Wear A Crown","Sheila's Disciples",2021-09-24,253047,66,spotify:user:,2022-11-11T13:00:19Z,"background music",0.14,0.0342,5,-30.638,1,0.0381,0.933,0.955,0.111,0.0436,140.939,3
5uxhwtFzJw9Uf2k3uBNXqT,"3ho5RtJG5r5HUTsUC7ZLSN","Objective","Objective","Olivier Lupin",2021-08-30,103728,66,spotify:user:,2022-11-11T13:00:19Z,"",0.0713,0.0155,0,-36.311,1,0.0542,0.974,0.797,0.106,0.0339,180.455,3
7x1uzRLNvPhvARGaco3nmi,"2jVswK0TYMQNByLwsyYeaS","Glemt Perle","Glemt Perle","Aksel Møller",2022-02-28,253500,65,spotify:user:,2022-11-11T13:00:19Z,"",0.153,0.0383,7,-33.082,1,0.0402,0.953,0.677,0.107,0.0846,136.569,4
2S8zzsvlurouRcb7zbJOz1,"2JG4r9snKhqze9RGKeGEvh","Liberation","Liberation","Nova Issue",2021-05-25,150000,65,spotify:user:,2022-11-11T13:00:19Z,"sleep",0.127,0.0286,5,-31.27,1,0.046,0.951,0.777,0.107,0.114,76.496,3
7k59hF8Vc7Ob9HYO8fnbLF,"06r7F3mEYRJxjksrVsurYJ","Inner Peace","Inner Peace","Sabrina McGregor",2022-01-26,179222,68,spotify:user:,2022-11-11T13:00:19Z,"",0.127,0.00488,5,-35.14,1,0.0478,0.977,0.828,0.115,0.136,146.626,3
4Dduhh8xWr0XCBoVJthchN,"5EvA844VMdq61U5M4Ds0Fk","Lorimor","Lorimor","Savasana",2021-03-11,139548,64,spotify:user:,2022-11-11T13:00:19Z,"sleep",0.202,0.00618,5,-33.929,1,0.0487,0.968,0.957,0.142,0.0601,63.358,3
2kEk2uIKtoJD5r65cH7XBP,"2FZAnYg9alDc7hUebvR9Ph","Silk","Contemplate","Sleepwear",2022-02-07,173219,64,spotify:user:,2022-11-11T13:00:19Z,"",0.168,0.0478,4,-31.896,1,0.0399,0.713,0.812,0.104,0.0317,128.611,4
2mPQlLpYdr2HFROOunOKH4,"0jrRKY6KdJnLLOmF1FPb6p","Flucht","Flucht","Elias Dome",2022-01-27,162500,65,spotify:user:,2022-11-11T13:00:19Z,"",0.212,0.0771,3,-28.135,1,0.0547,0.988,0.874,0.111,0.0387,67.145,4
4HJJh915LuQpMjEO0tFwhx,"20rsbWn7H0xVTJZFCmJ6bc","Finally At Ease","Finally At Ease","Molecular Clouds",2022-05-19,160000,70,spotify:user:,2022-11-11T13:00:19Z,"sleep",0.166,0.00398,4,-34.203,1,0.0515,0.861,0.906,0.112,0.113,128.278,4
2j1IXyTxl3Qhu8orYsj5LP,"6KMc22ewdnaUlXvuijYVaV","Terdiam","Terdiam","Dalkhan Panova",2022-09-11,142491,65,spotify:user:,2022-11-11T13:00:19Z,"",0.17,0.00474,5,-36.589,1,0.0376,0.972,0.857,0.0914,0.0942,68.773,3
3dvvEgqegvTP8lcPzoGn9N,"2UEDhQKWM42g1kvzCE4nOS","Morning Shimmer","Morning Shimmer","Ethérno",2022-10-14,175243,61,spotify:user:,2022-11-11T13:00:19Z,"",0.187,0.0233,1,-31.421,1,0.0496,0.896,0.888,0.108,0.0324,69.891,5
76HJiGoSk8VHXxfrAkyErG,"1J7K4Jr0deYSXtXoUtyp1D","True Calm Trees","Into The Beyond","Sleep Cyclone",2022-10-03,189403,62,spotify:user:,2022-11-11T13:00:19Z,"",0.125,0.00847,3,-33.357,1,0.0374,0.909,0.835,0.107,0.104,85.458,4
252UulLr0Pnwb7adch2Vha,"7cAeiCQXUfj7orfW6pkemk","Entirely","Handwritten","Gabby Laurent",2022-10-13,192309,62,spotify:user:,2022-11-11T13:00:19Z,"",0.179,0.00361,0,-34.399,1,0.0449,0.958,0.721,0.236,0.0395,68.409,3
0KfBm3qkSebxsHoBDCdGXq,"27eOFbWsw1qOMgSaMqR1MM","Schmetterling in der Nacht","Schmetterling in der Nacht","Velpo Sonols",2022-10-14,173856,61,spotify:user:,2022-11-11T13:00:19Z,"sleep",0.236,0.0321,10,-33.176,1,0.0395,0.972,0.78,0.0934,0.0629,66.969,5
2A2PrM5rdbQPHQIaDZnxCu,"3dmTIkKXnIpN7hUc46cyFi","Lucens","Lucens","Tristan Motuo",2022-09-11,138983,65,spotify:user:,2022-11-11T13:00:19Z,"",0.09,0.0231,2,-33.065,1,0.0454,0.976,0.799,0.181,0.138,67.796,4
6tkE2tVrjVPwJvF8fRob7T,"3sD5yaSCD2OZCQGFvIGPDL","Nurture","Nurture","Mirova",2022-09-05,231724,65,spotify:user:,2022-11-11T13:00:19Z,"",0.175,0.0252,0,-29.957,1,0.0435,0.772,0.773,0.103,0.0326,71.577,4
6KyPQhcAuRJxeq0Rwab6Jk,"0yv3AGgMUbIJR6DROh35j1","Orphic","Orphic","The Nowhows",2022-09-04,180909,64,spotify:user:,2022-11-11T13:00:19Z,"",0.0798,0.0216,8,-32.439,1,0.044,0.966,0.897,0.107,0.038,75.367,3
5awXJ7gr2qnEBIUmWieewJ,"4wFwJASQD2dtsEMshTmbCG","Sweet Dreams","Sunset Beach","Simon Sebastienne",2022-08-31,173546,63,spotify:user:,2022-11-11T13:00:19Z,"",0.137,0.00245,5,-36.218,1,0.0506,0.966,0.798,0.113,0.0389,141.251,3
2CZtUi10ysWgxKIcTqWOti,"3KdbxMFJCUu7a9rIwRA51W","Spiritus","Spiritus","Devon Hayes",2022-08-29,147530,65,spotify:user:,2022-11-11T13:00:19Z,"",0.154,0.0372,8,-33.019,1,0.0384,0.957,0.987,0.108,0.0605,136.062,3
2hOlHb55DMd733BdvOW1ul,"7wkpPtXuouEF1JzsvwyO0w","Sea Of Dreams","Sea Of Dreams","Joek Hama",2022-10-23,177923,41,spotify:user:,2022-11-11T13:00:19Z,"",0.184,0.0137,4,-31.755,1,0.034,0.909,0.887,0.0942,0.0469,89.801,1
0O2ndAmDQNo4dAipSw1o8o,"0JWzljcR1K7Q7Zc4IgVWu0","Echoes","Echoes","Nomadias",2022-10-23,168857,41,spotify:user:,2022-11-11T13:00:19Z,"",0.173,0.0109,5,-33.078,1,0.0402,0.968,0.91,0.0894,0.0677,87.928,3
3C65D3dNteVusdiWlMNrX3,"1E2Fc4yuG4UokQJs4NfgjA","Atmosphere","Wings","Yepon",2022-10-27,153299,41,spotify:user:,2022-11-11T13:00:19Z,"",0.169,0.00261,0,-37.333,1,0.0414,0.993,0.9,0.108,0.067,79.442,3
6xVQVTHr7fV0LF4A0Fu2nZ,"5E76BhZoqL5bXb38tiDtDu","Recognition","Recognition","Vivienne Mathieu",2022-10-27,152400,41,spotify:user:,2022-11-11T13:00:19Z,"",0.11,0.015,2,-31.719,1,0.0437,0.974,0.95,0.105,0.182,76.571,4
7hS2ckejZtpQIompCdbczv,"39ZWSqegQ0BRppztA35wXU","Worry Not","Worry Not","María Mojca",2022-10-27,165600,43,spotify:user:,2022-11-11T13:00:19Z,"",0.109,0.0523,0,-30.353,1,0.0486,0.889,0.887,0.11,0.0395,66.795,3
6SM7xwEN26ps6UmGaYOncB,"5L3uMci2iyD3APnlwYfTkO","Niebla","Niebla","Segarus",2022-10-28,153394,40,spotify:user:,2022-11-11T13:00:19Z,"",0.113,0.00741,1,-33.747,1,0.042,0.98,0.82,0.166,0.0683,73.367,5
1VmHLEPjlDmL3zCWQcygGC,"1NGzUi7PsLrERtIIPY3Cm3","Joie","Joie","Norah Wallentin",2022-10-28,174473,41,spotify:user:,2022-11-11T13:00:19Z,"sleep",0.0712,0.00603,2,-35.971,1,0.0356,0.946,0.893,0.0833,0.0393,74.147,4
5wlC59ql7RSgBjZAL9lOYc,"3kj0g7ata90ABzu9sHr5XD","Changes","Changes","Vinícius Énnae",2022-10-29,186687,41,spotify:user:,2022-11-11T13:00:19Z,"",0.202,0.0143,11,-36.429,1,0.0338,0.936,0.844,0.102,0.0962,84.5,5
2KDxOFB8pVo6AdyOqAAK0d,"4gGuCmlhgQXVqu56mIYGes","Hamn","Imprints","Juliús Reis",2022-10-30,167620,28,spotify:user:,2022-11-11T13:00:19Z,"",0.2,0.00522,0,-30.958,1,0.0484,0.975,0.924,0.107,0.0307,76.065,4
62bbizSic7MEEfMFDJniE5,"3oBTUfwSCOhxSuhdXeN1c4","Soft Blend","Complex","Awake or Asleep",2022-11-03,131797,41,spotify:user:,2022-11-11T13:00:19Z,"sleep",0.165,0.00204,3,-39.165,1,0.0453,0.952,0.926,0.109,0.0578,70.971,3
4SmdbOMZ4xlznR2lAb9mSd,"11rO7gnDUCwYoV0qZPNIHN","conscience explode","conscience explode","Cicely Temple",2022-11-04,170400,40,spotify:user:,2022-11-11T13:00:19Z,"",0.192,0.0104,0,-29.953,1,0.0472,0.902,0.975,0.116,0.0381,55.898,4
28BhahBC2qOpui6ryXoCev,"1AhX9oQWyvwH5cYYSQbqUZ","Anachronic","Anachronic","Jeila Sander",2022-11-04,168000,34,spotify:user:,2022-11-11T13:00:19Z,"",0.137,0.00512,0,-36.106,1,0.0389,0.988,0.885,0.0969,0.0347,142.216,1
6Db6Cz42MGCRkM28KHivIy,"7amQ98BuFYDzaxShGajJ1e","A Neutral Place","A Neutral Place","Logan Docherty",2022-11-04,169352,49,spotify:user:,2022-11-11T13:00:19Z,"",0.135,0.00607,0,-36.472,1,0.0393,0.993,0.892,0.0858,0.0893,68.103,3
0gBwjXf71aUxndZSzrJ6Ej,"1VtcKV38DHQyR0rBukGcep","Coucher","Coucher","Boudoin",2022-11-04,193469,40,spotify:user:,2022-11-11T13:00:19Z,"",0.15,0.00335,4,-38.624,1,0.036,0.934,0.857,0.0954,0.147,137.233,3
2etpMgKM1SbJLOXJQ4bexE,"0NqwKVBHcGGunnkgsVfouD","The Hands Of Time","The Hands Of Time","Alexandro Alain",2022-11-07,151468,41,spotify:user:,2022-11-11T13:00:19Z,"",0.106,0.012,8,-38.897,1,0.0367,0.958,0.565,0.103,0.0647,74.179,4
6f5KmR75ItwfoPM4Iu4aGt,"5TIC0VIC8D9AbwXrA0vN4f","The Glowing Warmth","The Glowing Warmth","Iseo Ander",2022-11-10,165834,40,spotify:user:,2022-11-11T13:00:19Z,"",0.109,0.00314,5,-36.936,1,0.0483,0.971,0.899,0.102,0.0386,75.73,3
0dTDnqM4UuT1RMQE2l915Y,"7H3SyQlYDmgYpQlmkm0rsO","Unfolded","Unfolded","Aca Malvina",2022-11-10,160881,47,spotify:user:,2022-11-11T13:00:19Z,"",0.215,0.0396,11,-34.184,1,0.0417,0.991,0.902,0.101,0.0358,72.154,4
6wumg3aZYgGbInRSN8S9g5,"4vbBZNG20uRReoBN64izRQ","Consonance","Consonance","Blake Tyber",2022-11-11,182747,42,spotify:user:,2022-11-11T13:00:19Z,"",0.147,0.00264,10,-37.231,0,0.0571,0.821,0.771,0.111,0.186,76.389,3
748k8Bk5Nousy75IFv6QQy,"1lI0k1BiLHvfJub3QQfe72","Following The Seasons","Following The Seasons","Aisha Akebono",2022-11-11,211774,46,spotify:user:,2022-11-11T13:00:19Z,"",0.148,0.0124,0,-34.789,1,0.0508,0.96,0.936,0.0912,0.0381,138.679,3
6QsiRBMCsArD9PdKHGy2xJ,"0yv3AGgMUbIJR6DROh35j1","Resolvation","Resolvation","The Nowhows",2022-11-11,176441,41,spotify:user:,2022-11-11T13:00:19Z,"",0.155,0.00465,1,-37.031,1,0.0522,0.968,0.873,0.128,0.166,79.468,3
57IlqBXnuaKI854KSBkeIQ,"6gvhAzNtzWKlXLxWhSJBo9","Reunion","Reunion","Belle Bardot",2022-07-14,142800,63,spotify:user:,2022-11-11T13:00:19Z,"",0.167,0.0277,7,-28.88,1,0.0342,0.984,0.882,0.102,0.0405,75.03,1
78ZMJYYePMsMltUFFV3X8S,"0tMQJ9EVT0vfsG67K867kR","Calm Patient","Calm Patient","Secret Medicine",2022-10-16,204784,59,spotify:user:,2022-11-11T13:00:19Z,"",0.167,0.0156,7,-39.189,1,0.0468,0.853,0.971,0.103,0.0383,69.476,4
50ZPTAib8pmhNbUirF8AAJ,"3bhvCKBgGPO4OURkbYkt3b","Gauean","Gauean","Darcie Roman",2022-10-21,236559,63,spotify:user:,2022-11-11T13:00:19Z,"sleep",0.197,0.00642,1,-34.822,1,0.035,0.987,0.87,0.106,0.157,71.259,3
21qtqBROcwDDNJD8ppAuwB,"3gvjsh2EulaYf5hIlS7Lk1","Softly","Softly","Delawares",2022-10-21,136022,59,spotify:user:,2022-11-11T13:00:19Z,"",0.206,0.0433,2,-31.8,1,0.0383,0.976,0.824,0.107,0.054,78.911,5
02INgHwnAG8TWhv7Fx4r7E,"1twdki52gevuZJwMcTNsEM","Intertwining Paths","Intertwining Paths","Alfa Cognitive",2022-10-21,183374,61,spotify:user:,2022-11-11T13:00:19Z,"",0.181,0.00778,9,-34.777,1,0.0373,0.964,0.644,0.0806,0.154,78.696,4
3ROErV7ENsyuiM8CYd4uNP,"0cUxB8x7iRbqVCgZmdBtk8","Erlaxatu","Erlaxatu","Aingeni",2022-10-21,158968,60,spotify:user:,2022-11-11T13:00:19Z,"",0.0971,0.0363,2,-35.126,1,0.0429,0.981,0.817,0.103,0.0371,83.529,4
3Iv7EalVhriKHE8uHVJmsS,"5J0V2NU23Rfh99C1bQJMiM","Upon a Painted Ocean","Aquarium","Aquatic Dreamer",2022-07-07,173747,64,spotify:user:,2022-11-11T13:00:19Z,"",0.161,0.0186,9,-35.26,1,0.0386,0.956,0.897,0.107,0.0397,68.756,5
2HBNfSLfBwKWiaSL5bg5jF,"0q1jgFxjleKLegFYRiyPxS","Lull","Lull","Sleepless Eye",2022-06-18,179400,63,spotify:user:,2022-11-11T13:00:19Z,"sleep",0.194,0.0304,9,-33.351,1,0.0373,0.875,0.922,0.11,0.0645,66.419,4
2SBaU2ShGWoAYDDqIi8LwG,"1oQ1F81sAYsBvHvZL3ACWu","Sanam","Sanam","Idamal",2022-08-21,142702,63,spotify:user:,2022-11-11T13:00:19Z,"",0.111,0.00625,5,-36.961,1,0.0414,0.986,0.773,0.0846,0.0591,92.845,3
2Vs8AIlAGaEyhh5y7vR7x7,"5fv48FX13ObHcPLxuxguyy","Memento Vivere","Ad Infinitum","James Matthéus",2022-09-25,157641,64,spotify:user:,2022-11-11T13:00:19Z,"",0.106,0.00482,0,-38.831,1,0.0488,0.978,0.855,0.0823,0.0298,77.113,3
3JvHEEbo89vp4EJw0PZMPJ,"0ONhDd13hkXTpzbP8tkBSy","Unavailable","Unavailable","Aysha Mathis",2022-09-23,199491,63,spotify:user:,2022-11-11T13:00:19Z,"sleep",0.146,0.00346,2,-31.666,1,0.0409,0.944,0.898,0.104,0.0894,66.722,3
13o8mCXKQvMhuuNErL4JZ2,"6mkoUM994JIaNGMTix01yW","Somnium","Somnium","Iota Psi",2022-09-23,210000,61,spotify:user:,2022-11-11T13:00:19Z,"",0.146,0.00251,2,-32.914,1,0.0442,0.992,0.873,0.106,0.206,139.44,5
6dp53x1hi7iUSHsBI8oPMz,"3eZTGNMGlHLHDZ5tSMsM2K","Invicta","Somnium","Ella Wass",2022-09-23,249000,62,spotify:user:,2022-11-11T13:00:19Z,"",0.162,0.0289,5,-32.379,1,0.0397,0.991,0.842,0.0734,0.0942,134.442,3
03o9SRxgQAu7lpmvqePASW,"32JsxZpT1TFmRtCJzr7lg2","Peaceful Sundown","Peaceful Sundown","Buddha’s Sleep",2022-09-22,154769,64,spotify:user:,2022-11-11T13:00:19Z,"",0.146,0.00634,7,-38.568,1,0.0509,0.988,0.825,0.125,0.0373,139.948,3
1iGuSsBQT3JPnJtg0Advjz,"5eIwTQpKoGAM6rFunUEd1T","The Change Of Seasons","The Change Of Seasons","Phlox Sage",2022-09-22,164823,63,spotify:user:,2022-11-11T13:00:19Z,"",0.0913,0.00671,4,-35.02,1,0.0459,0.961,0.821,0.101,0.0471,70.351,3
33Gd870hCA6BtxcUsux3II,"1zIRktVgkdLx17ZSqsKRYu","Reflections","Reflections","Arico Mist",2022-09-22,158308,63,spotify:user:,2022-11-11T13:00:19Z,"",0.186,0.00439,5,-38.161,1,0.0496,0.969,0.84,0.0971,0.0355,71.786,3
6UDUV0eh8K04FTxhfpOEdR,"2KIYhrpLJT0nQyadBkRblr","Praiseworthy","Spiritually Connected","Elisha Raymond",2022-06-30,147127,62,spotify:user:,2022-11-11T13:00:19Z,"",0.147,0.0424,0,-31.447,1,0.0453,0.934,0.799,0.0605,0.0371,140.025,1
3EcvMo6Td4Kuv05GMNXZrs,"5fwefxhrUGOhSbrg5GfIF1","Safety","Mindful","Gabriel Verci",2022-06-13,168111,64,spotify:user:,2022-11-11T13:00:19Z,"",0.0988,0.0555,5,-32.446,1,0.0424,0.854,0.69,0.0916,0.11,175.616,4
4TItjggHGUClo9prDawdHq,"626VYL04qERr5gcrn0jqQY","Ionosphere","Ionosphere","Elias Mía",2022-06-23,199900,63,spotify:user:,2022-11-11T13:00:19Z,"",0.166,0.0258,1,-28.403,1,0.0423,0.983,0.969,0.115,0.0303,76.166,4
0LpC3dt5L0hw2FT6aModNK,"0RLYYYs6bcyvH5eqzbKHq2","Turiya","Turiya","Aitana Bayá",2022-06-23,120300,62,spotify:user:,2022-11-11T13:00:19Z,"",0.0689,0.0138,7,-33.687,1,0.0468,0.959,0.827,0.122,0.0768,73.055,3
7rVzvyU7kX76Io48DBfs6r,"49ouFefWiDJtR7J8fn7Zqk","Similarities","Similarities","Benny Dawn",2022-05-09,158000,65,spotify:user:,2022-11-11T13:00:19Z,"",0.206,0.0061,6,-35.89,1,0.0438,0.96,0.896,0.118,0.127,66.276,5
6K5knPLmHce6GxU3L55K5R,"2KOGEdahm8S9YknCwiUIHf","At the Gate","Entering Dreamland","Insomnia Curator",2021-08-24,177230,62,spotify:user:,2022-11-11T13:00:19Z,"sleep",0.191,0.0393,8,-31.938,1,0.0667,0.993,0.898,0.109,0.185,140.737,4
1s8Nw1IcBENpU7pIGOH8Uk,"3VHBfS16hX93D0BLGwraUz","Pojď se mnou","Pojď se mnou","Václav Slezák",2022-08-26,185074,66,spotify:user:,2022-11-11T13:00:19Z,"focus",0.128,0.0318,10,-31.457,1,0.051,0.989,0.906,0.0999,0.126,79.831,4
6HTMLB6SXelf8e7DwItkex,"183DOqgVm3LpcUQFICEpH2","In Harmonia","In Harmonia","Ageena",2022-08-25,139912,61,spotify:user:,2022-11-11T13:00:19Z,"background music,focus",0.209,0.00969,7,-35.906,1,0.0323,0.982,0.931,0.117,0.0375,66.123,5
0peYIO0XdyvdK2znrrH3ys,"492hHpujOt6WZGWFSy2712","Light","Light","Mina Rojas",2022-08-25,169684,69,spotify:user:,2022-11-11T13:00:19Z,"",0.177,0.00876,11,-33.699,1,0.0409,0.976,0.888,0.106,0.0481,70.331,3
5zYA6XdGJbTF5zJGbLyjL3,"68kbxgcI5HmdfhnfW3vkbv","The Broken","The Broken","Juni",2022-08-22,183896,65,spotify:user:,2022-11-11T13:00:19Z,"",0.134,0.0509,11,-30.708,1,0.0411,0.927,0.897,0.111,0.0412,73.234,3
5OfZLjDUzrke9xWALBYVD7,"5L1XP5AqWWx7KskdRSiYFo","Brief Moment","Brief Moment","Megan Elofius",2022-08-12,184500,64,spotify:user:,2022-11-11T13:00:19Z,"",0.15,0.0484,11,-33.617,1,0.037,0.973,0.693,0.0925,0.062,138.112,4
6PL2VOzmCEuUDh3x7Q8biM,"22nMXe6y9TxPBF0ebouNPy","Aaraam Karo","Aaraam Karo","Dhriti Tiwari",2022-08-11,175732,64,spotify:user:,2022-11-11T13:00:19Z,"",0.0639,0.00216,0,-39.35,1,0.055,0.981,0.846,0.103,0.0554,69.994,3
47m7taVhh1ktgczbtWmbnG,"56Cs4LcuNdI6rmMF70QrOc","Lagoons","Lagoons","Xiada",2022-03-04,163000,62,spotify:user:,2022-11-11T13:00:19Z,"",0.162,0.0744,2,-28.775,1,0.0359,0.914,0.82,0.092,0.0406,75.978,5
0r60hv2JqbAk5SsaIrFu7r,"3auOPI2xcAVuyR6ULTIlqM","Santonana","Santonana","Kai Carney",2022-05-25,210600,62,spotify:user:,2022-11-11T13:00:19Z,"sleep",0.177,0.00613,1,-32.125,1,0.0541,0.965,0.859,0.112,0.0297,85.029,4
0QluGNVWnSnUrc688kQwEN,"3tXdeFwRiTfum3oQBQbLmP","Balm","Balm","Delta Shores",2022-05-27,192000,62,spotify:user:,2022-11-11T13:00:19Z,"",0.0627,0.0052,3,-32.936,1,0.0435,0.898,0.86,0.111,0.0384,68.066,3
5rnWDfjlHA2OVtes6J2RF7,"3gBRdpF4cFeZPXkvp0R1LQ","Dans Mes Rèves","Dans Mes Rèves","Ervin Alba",2022-06-10,152400,62,spotify:user:,2022-11-11T13:00:19Z,"",0.092,0.00846,0,-32.887,1,0.0424,0.978,0.959,0.152,0.0655,86.849,4
6RsZg0rFSlLWqy5AKiny95,"62QRG3Vco7ANXWeJm7pUAh","Tirana Wolves","On the Davenport","Wolves Club",2020-10-12,206426,62,spotify:user:,2022-11-11T13:00:19Z,"sleep",0.145,0.00504,5,-31.338,1,0.0472,0.952,0.977,0.109,0.0373,138.263,5
4rnHitehqGrHlgr8TiTMYX,"6SWtPjGME9m6Slzy5KmEWl","Choices","Choices","Alva Adler",2022-01-24,161885,64,spotify:user:,2022-11-11T13:00:19Z,"",0.132,0.0028,11,-34.856,1,0.0559,0.975,0.57,0.0948,0.0351,69.283,4
3o9ntzrGGcWTf455Cotank,"0wi4qBw9aaXBjMr7peZ8eT","Bid to Wonder","Sochi","Reinstallation Conundrum",2021-09-19,191440,62,spotify:user:,2022-11-11T13:00:19Z,"",0.142,0.0198,5,-32.761,1,0.0456,0.94,0.933,0.101,0.0295,75.888,4
4eoA6gqXBqpCuCemOineDh,"5jP3W8hxwSZ0VsyQ3jiMbu","Dusk Sermons","Dusk Sermons","Le Palade",2022-02-17,201663,63,spotify:user:,2022-11-11T13:00:19Z,"sleep",0.186,0.0123,3,-34.008,1,0.0442,0.934,0.942,0.112,0.0533,64.416,3
6nxvSAvwbVJIK4CaAjwA5N,"28GCtr7gDIxtcAeaaWwpIu","Een mooie droom","Een mooie droom","Zeb Maessen",2022-02-18,190500,63,spotify:user:,2022-11-11T13:00:19Z,"sleep",0.0983,0.00486,7,-36.47,1,0.0455,0.987,0.747,0.11,0.0371,65.583,3
2kVsD3DNreqNJ0CdM2ix2U,"5GhwUrUTHxWEwJRQSXqNl9","Noche Brilliante","Noche Brilliante","Santiago Penitente",2022-07-24,141995,66,spotify:user:,2022-11-11T13:00:19Z,"",0.192,0.0211,2,-32.009,1,0.0347,0.952,0.838,0.112,0.116,72.829,4
7trOz2nilrr7ZWGnzQsraX,"3IbbzLtE2xQEMIw5htkA9i","Vishram - Sleep Version","Vishram - Sleep Version","Gamini Khatri",2022-07-28,165000,64,spotify:user:,2022-11-11T13:00:19Z,"",0.151,0.00297,7,-38.743,1,0.046,0.989,0.927,0.109,0.0797,72.277,1
3TzJZVPEKdiyFcv6aKDkOg,"0JIVfIfdmw45EoZuIWSZqa","Sleepwaves","Sleepwaves","Sleepy Sine",2022-07-28,172036,64,spotify:user:,2022-11-11T13:00:19Z,"sleep",0.167,0.0037,11,-36.225,1,0.0462,0.961,0.892,0.109,0.0467,128.461,5
0YTKlaMszVp6rja34CzUDs,"2iEiuAf6GeqHMGADH76YPS","Aurora Borealis","Aurora Borealis","Astro.Not",2022-01-31,145808,62,spotify:user:,2022-11-11T13:00:19Z,"",0.167,0.0474,0,-29.459,1,0.0394,0.887,0.753,0.0931,0.0383,69.143,4
6pQxeKnVSxdasJR9PEfFom,"4AxST7mawxtkURrDeHSe7z","For Simplicity's Sake","For Simplicity's Sake","Chrastigel",2022-02-07,116214,64,spotify:user:,2022-11-11T13:00:19Z,"",0.156,0.00743,0,-35.193,1,0.0446,0.925,0.892,0.196,0.0996,133.526,3
40GGIMSbrdezThttyrdTr7,"7cAeiCQXUfj7orfW6pkemk","Half Full","Half Full","Gabby Laurent",2022-01-17,228204,61,spotify:user:,2022-11-11T13:00:19Z,"",0.169,0.00725,10,-34.609,1,0.0429,0.921,0.748,0.0989,0.0895,69.316,4
3vr2MU6TzGcU94Ozgaw6BG,"4VmIM4MrXi2N7C5apFApwz","All We Can Do","All We Can Do","Edna Lyles",2022-03-25,196374,62,spotify:user:,2022-11-11T13:00:19Z,"",0.15,0.0844,5,-31.229,1,0.0455,0.928,0.95,0.1,0.0646,136.912,3
4k6GvMEtWF31ShIk24rLp3,"5onmIZ1MD3z0KeVQ1gd5IP","Lux Mane","Mane Fluctus","Somnum Magnam",2022-01-28,158529,63,spotify:user:,2022-11-11T13:00:19Z,"",0.174,0.0622,5,-27.733,0,0.0437,0.91,0.841,0.104,0.0333,67.71,4
0QdOnce1FwtfhjHGyYWcJ5,"29rhAtl6ikj08cVQFkwcJ9","Edio","Edio","Gordo Napalma",2022-04-12,177666,61,spotify:user:,2022-11-11T13:00:19Z,"",0.164,0.0431,5,-31.493,1,0.0383,0.995,0.989,0.0909,0.0357,67.679,3
1sEa9g6jEgVVN140C89gYl,"7triIHgYSjbQ6ahcPBgicy","Inner Space","Inner Space","Taylor Dawson",2022-03-30,189492,63,spotify:user:,2022-11-11T13:00:19Z,"",0.176,0.017,8,-34.093,1,0.0474,0.972,0.824,0.108,0.103,70.188,3
7F5hM0cyofRFOFPvIzcRfd,"0wP28uWYOdpcMbUgOotRS4","Hallowed","Le Murmure de Papeete","Superiors",2021-10-03,188000,64,spotify:user:,2022-11-11T13:00:19Z,"",0.182,0.0206,1,-29.913,1,0.0458,0.881,0.857,0.111,0.0309,90.899,1
2bBNdeBMLLOrpzewcEQIPl,"32QebOlHD4A8nInyCK0wvf","For Your Relief","Graceful","Calming Eyes",2022-02-01,141510,64,spotify:user:,2022-11-11T13:00:19Z,"sleep",0.149,0.0161,2,-34.556,1,0.0351,0.906,0.945,0.111,0.03,141.243,3
7HuCQfbXT7GWHYUJ0FZoP6,"5ia5OA1CXgepgiV8qnsfE0","Dream Light","Dream Light","Novah Scotia",2022-04-08,136000,63,spotify:user:,2022-11-11T13:00:19Z,"sleep",0.132,0.00916,0,-33.579,1,0.0475,0.893,0.522,0.118,0.09,72.703,4
75awJg9Xgn3cRJrPFihiV4,"3hg9opvN3lCbZsoG6T0gpn","The Road Back","The Road Back","Corbin Tellier",2021-11-11,246655,63,spotify:user:,2022-11-11T13:00:19Z,"",0.146,0.00349,3,-37.23,1,0.045,0.987,0.927,0.11,0.0611,138.901,4
7lCWa3w5ZfuaL1vF1HyJ2J,"54gLxB9PQp26E1NsXCPsOb","Grateful","Grateful","Nathalie J",2022-01-19,264666,63,spotify:user:,2022-11-11T13:00:19Z,"sleep",0.178,0.0456,2,-32.951,1,0.0473,0.952,0.834,0.11,0.231,135.694,4
5XzqugXuvYg6mxcyjpNesn,"4mIc8FKCkWqviS6jlZ4cyc","Nuevo tiempo","De regreso","The Sun Door",2022-04-03,173431,62,spotify:user:,2022-11-11T13:00:19Z,"",0.147,0.0189,9,-33.265,1,0.0362,0.882,0.959,0.111,0.0367,140.214,3
7meCshsWEYqEIsyDz02Wwr,"4DYgl2qzOphoG3p9gZNluF","Open Heart","Open Heart","Mindful Measures",2022-03-23,168000,62,spotify:user:,2022-11-11T13:00:19Z,"rain",0.148,0.00721,2,-39.948,1,0.0416,0.888,0.843,0.111,0.0349,136.806,5
7LN8q1j8AvipS8Rd17SZh8,"3XZArTk2vsNiSzawsfi3XW","Changes","Changes","Jon Laer",2021-11-19,188552,61,spotify:user:,2022-11-11T13:00:19Z,"",0.156,0.00626,8,-37.385,1,0.0405,0.993,0.915,0.122,0.0671,71.201,5
77VlInzvpsNl69mz2bVB5W,"2vmXrZiuBbcPV8K7fBclWC","Glaciers","Glaciers","Clay Edwards",2021-11-22,173114,61,spotify:user:,2022-11-11T13:00:19Z,"",0.207,0.0193,0,-29.45,1,0.0439,0.953,0.859,0.0917,0.0516,78.419,1
3QjA9DSJn9hEIkfiRYMBZB,"751p5MqwmdTxiqWVg0J46Y","Comfort Zone","Comfort Zone","Sounds And Beyond",2022-01-20,154823,63,spotify:user:,2022-11-11T13:00:19Z,"",0.183,0.0373,9,-31.435,1,0.0377,0.953,0.868,0.0842,0.236,136.403,1
1VRFoW2WUOY4FxQNvdTcja,"3oBTUfwSCOhxSuhdXeN1c4","Hybrid","Dreamcatcher","Awake or Asleep",2022-01-17,145241,61,spotify:user:,2022-11-11T13:00:19Z,"sleep",0.147,0.0292,9,-29.227,1,0.0422,0.957,0.96,0.0849,0.039,138.358,3
7M7YsLJWsyu87my5ZnAxau,"64u292UVi3Zlu0Dl9svsMb","Shape Of A Dream","Shape Of A Dream","Sailors Of The 7 Seas",2021-11-18,186218,61,spotify:user:,2022-11-11T13:00:19Z,"sleep",0.14,0.00695,8,-35.659,1,0.0418,0.983,0.885,0.119,0.0925,74.833,4
5eKSEgKZA7CL7mA6BDX5I2,"0ONhDd13hkXTpzbP8tkBSy","Winter Morning","Winter Morning","Aysha Mathis",2021-11-12,215000,61,spotify:user:,2022-11-11T13:00:19Z,"sleep",0.178,0.0126,11,-33.436,1,0.0446,0.943,0.855,0.107,0.0481,68.788,3
2y5P7MecKp333IMNuKeOP7,"7f2S72fSfAb1fpowkNB4WK","Drži me","Drži me","Judi Khan",2021-11-12,206124,63,spotify:user:,2022-11-11T13:00:19Z,"sleep",0.201,0.00391,0,-34.832,1,0.0558,0.937,0.895,0.107,0.031,67.56,4
1IkrL2wE6aWYzOmWjZmNO9,"3Jo70Smt1IRBEAGBeXnczk","Cross A Line","Cross A Line","Sean Altar",2022-03-10,138857,69,spotify:user:,2022-11-11T13:00:19Z,"sleep",0.18,0.0187,0,-31.807,1,0.044,0.969,0.916,0.128,0.0339,71.135,3
09f1jQrl37fb3ZYoYBHVl9,"0VWtwOJIkPQtVfH1JtQEic","Panacea","Panacea","Lyla Perez-Vega",2022-01-20,222884,67,spotify:user:,2022-11-11T13:00:19Z,"",0.184,0.0214,2,-32.624,1,0.0385,0.962,0.823,0.0977,0.201,69.613,5
286oXCQiXd21D7WVeMMYCc,"0DZNNKLNypEjKUpkgJS01w","When It Was Just A Dream","When It Was Just A Dream","Diya Wiler",2021-11-11,205051,65,spotify:user:,2022-11-11T13:00:19Z,"",0.0708,0.00234,0,-38.223,1,0.0375,0.992,0.895,0.09,0.0534,70.608,1
0FTc7d89oQ0HpTYLjpPd3p,"28XFFzqCAHFNcEdRiuEf71","Nära","Nära","Najma Wallin",2021-11-05,197500,63,spotify:user:,2022-11-11T13:00:19Z,"sleep",0.175,0.00727,2,-37.244,1,0.0462,0.964,0.879,0.107,0.101,69.631,3
4tX0TK8klpx4iRXB47pOFv,"41hz9dfBrQt1zteqqTUrYd","Cohesion","Cohesion","Boris Rosenbaum",2022-04-19,121200,64,spotify:user:,2022-11-11T13:00:19Z,"",0.167,0.0211,0,-32.663,1,0.0428,0.93,0.861,0.205,0.0424,67.776,3
7mZASnos1MVmNVLHHg7nPJ,"0h9O8A9Z4u2sSj79DxyjKx","Brillo En El Mar","Brillo En El Mar","Amaia Bescós",2021-10-11,174698,66,spotify:user:,2022-11-11T13:00:19Z,"",0.226,0.0215,9,-31.618,1,0.0603,0.995,0.977,0.0943,0.0427,132.564,4
6RcqLuGZa6qzLEX5v5pAAH,"4bQ7FkaUmaSF3mVLSba0F2","Rêves","Rêves","Michèle Bastien",2022-03-17,138857,62,spotify:user:,2022-11-11T13:00:19Z,"sleep",0.22,0.00866,0,-32.639,1,0.041,0.988,0.919,0.102,0.0347,66.808,3
7ykoFQqjGcAOutbeVmg7O6,"5GneKGEamDH29m9tE0zzwo","Hiatus","Hiatus","Lost Wings",2022-01-21,203250,61,spotify:user:,2022-11-11T13:00:19Z,"background music",0.21,0.0125,0,-31.317,1,0.048,0.856,0.794,0.112,0.0365,63.806,4
5A3kw1qZP3UQwzfALXmVFd,"5Oj3bW1BamBPQQveuX6o1i","Europa","Europa","Heddwch",2022-04-22,193374,62,spotify:user:,2022-11-11T13:00:19Z,"",0.155,0.0133,10,-35.29,1,0.0387,0.963,0.922,0.111,0.039,73.721,3
7KmNEkS0sCpZPFBh2uqZu6,"28bBNTIW2aR4EQKrkqpzF7","Sessiz Tepeler","Sessiz Tepeler","Cakir Vardar",2021-11-05,170906,63,spotify:user:,2022-11-11T13:00:19Z,"sleep",0.154,0.0521,6,-30.421,1,0.0437,0.838,0.834,0.0867,0.0694,84.012,3
5NL5Ez564SBRCpaaxB89CP,"7triIHgYSjbQ6ahcPBgicy","Stillness of Mind","Stillness of Mind","Taylor Dawson",2021-10-15,188746,63,spotify:user:,2022-11-11T13:00:19Z,"",0.15,0.019,10,-35.082,1,0.0532,0.986,0.804,0.107,0.179,138.498,5
5oHQkijiGG8oxR1FlyfNE1,"5Ouz17H301vQh6K1snZRln","Patiently","Patiently","Juno Reed",2021-11-04,179787,63,spotify:user:,2022-11-11T13:00:19Z,"sleep",0.0669,0.00503,0,-35.59,1,0.0404,0.994,0.893,0.0934,0.0706,67.121,4
7vSyG4CYCYRTUMxluLaaYn,"6PEb2KuIsMYIR8DFdBL2al","Jodoh","Jodoh","Indah Bethari",2022-03-14,126000,61,spotify:user:,2022-11-11T13:00:19Z,"",0.242,0.0159,9,-33.716,1,0.0561,0.994,0.844,0.107,0.11,138.096,3
4vOHJJO8fJudz8JVVG9av6,"6J7iKiucfuY6yg4dp0b67i","Moment To Moment","Moment To Moment","Modal Colours",2021-03-04,155202,62,spotify:user:,2022-11-11T13:00:19Z,"sleep",0.113,0.0413,5,-29.786,1,0.0432,0.946,0.886,0.103,0.152,78.745,4
1GLWqjGo22RR1chi19eizU,"19Ezl9iEvMupXpC5XMgZBR","Deserted","Deserted","Marlowe Coleman",2021-10-14,172750,61,spotify:user:,2022-11-11T13:00:19Z,"sleep",0.187,0.0213,9,-30.868,0,0.0427,0.98,0.97,0.099,0.0372,67.927,4
6LPw6rbpwC63tQqYK2SWOW,"6pYz2qzA7QjTB03XMd9cdJ","Your Echo","Your Echo","Rania Lees",2021-11-01,136591,63,spotify:user:,2022-11-11T13:00:19Z,"",0.233,0.0182,6,-29.75,1,0.0583,0.991,0.872,0.109,0.0742,134.231,4
4tPLkMhxU4a62HmkA95iwC,"4AxST7mawxtkURrDeHSe7z","Noctu","Noctu","Chrastigel",2021-09-15,201530,61,spotify:user:,2022-11-11T13:00:19Z,"",0.173,0.00535,10,-34.479,1,0.0436,0.987,0.954,0.0864,0.0396,74.941,4
2dGmw1z9W32GGeofbAdNY1,"6zoOpIO7PCBlRaOP10TdJc","sierra star","sierra star","nite sky",2022-04-21,201600,62,spotify:user:,2022-11-11T13:00:19Z,"sleep",0.143,0.00772,2,-41.739,1,0.0446,0.867,0.956,0.0937,0.0366,139.474,4
6USOZA7NMQwoL9LaNfBPJP,"0Yh3qH3YP5YPSK9o1emQLC","Fliessend","Fliessend","Solar Wash",2022-04-03,164881,62,spotify:user:,2022-11-11T13:00:19Z,"sleep",0.163,0.0234,10,-34.246,1,0.0399,0.855,0.96,0.123,0.0488,132.775,5
2tEsGZfscyYYnHF7exJFIA,"6SCBzE0YewrwW07e57yvqv","Paralian","Paralian","Valérian Christophe",2022-03-24,155142,61,spotify:user:,2022-11-11T13:00:19Z,"sleep",0.198,0.0135,0,-33.174,1,0.0476,0.993,0.88,0.0891,0.0368,132.878,3
6FTI1GirXye67U41XkzR2h,"59UumpxzWdl3DRy6muL6Ln","Dreaminess","Dreaminess","Miesha Berens",2021-10-01,197573,62,spotify:user:,2022-11-11T13:00:19Z,"sleep",0.0787,0.0347,7,-30.483,1,0.0467,0.97,0.944,0.0902,0.0388,74.363,4
03E9MxVhGHKWc2qAlEfFcC,"5hnP6B3XX1yAvhQWHifkxx","Ciclo Continuo","Ciclo Continuo","Boone River",2021-10-29,183301,61,spotify:user:,2022-11-11T13:00:19Z,"",0.0709,0.0613,9,-28.668,1,0.0448,0.935,0.937,0.0714,0.0553,76.807,4
4PmZSLWRuKyMgAJuAgZ1T6,"2rQaa1vDzMh5dQOLdEiuVP","Sueño","Sueño","Abril Obrero",2021-10-11,159714,60,spotify:user:,2022-11-11T13:00:19Z,"",0.0855,0.0178,5,-29.749,0,0.0376,0.98,0.883,0.1,0.0368,44.133,4
2Pob0B0xBaszDLVBDWNh0U,"1TZG0boEXBMRfxjj1nH6TM","Amado Nervo","Amado Nervo","Sayulita",2021-08-27,189065,60,spotify:user:,2022-11-11T13:00:19Z,"sleep",0.0985,0.0341,10,-28.071,0,0.0435,0.93,0.851,0.108,0.0815,74.016,4
4DQQVW7EsOWJKd4OMRBB0x,"518pvehpCn4yp3oJJbr6zA","Sálvora","Sálvora","Huma",2022-04-22,173097,63,spotify:user:,2022-11-11T13:00:19Z,"sleep",0.0704,0.0115,0,-31.98,1,0.0422,0.952,0.732,0.12,0.0385,75.309,4
2VTvUT7mn0fEh39q5yh0KW,"518pvehpCn4yp3oJJbr6zA","A Illa","A Illa","Huma",2021-10-29,202281,61,spotify:user:,2022-11-11T13:00:19Z,"sleep",0.0653,0.0636,4,-26.674,1,0.0406,0.91,0.803,0.102,0.032,74.512,3
6ZUPb0L9JcZM1e7c1nGCIx,"6wCp7aiL9NQ8j2vl6BQAsa","Sueno","Sueno","Roland Mercier",2021-01-08,163052,61,spotify:user:,2022-11-11T13:00:19Z,"atmosphere",0.174,0.023,0,-34.037,1,0.0384,0.961,0.902,0.14,0.07,66.427,5
12Oywn6DYHxxnq1DUFrwRR,"0N0cHhRbd0hOXkUv8szdQ3","Pomalu","Pomalu","Marie Protivová",2021-10-29,204000,61,spotify:user:,2022-11-11T13:00:19Z,"sleep",0.0656,0.0272,2,-34.766,0,0.0449,0.967,0.956,0.0821,0.0638,68.828,3
5tfnG31hpSaIGTFLVUdlEx,"4HMimTAIfAny7O6iToeY3J","Lowering Mind","Humility","Geonose",2021-08-01,252918,62,spotify:user:,2022-11-11T13:00:19Z,"",0.275,0.0265,0,-31.405,1,0.0393,0.994,0.935,0.0999,0.174,68.926,3
0pQassNAXhd7OszdrhLrSF,"2BOqxhLZK8i0dICth5U9VH","Smile","Smile","Evah Linnet",2021-10-29,186000,60,spotify:user:,2022-11-11T13:00:19Z,"",0.217,0.0427,11,-29.473,1,0.0466,0.752,0.785,0.0851,0.152,90.49,5
39klOrreaNPjsYeh1zTFjh,"4FimVNSfsYDIj9JdNq1gXe","Miraculous","Miraculous","Muh Re",2021-10-11,207857,62,spotify:user:,2022-11-11T13:00:19Z,"",0.0687,0.0153,2,-31.261,1,0.0447,0.957,0.855,0.0928,0.0904,71.249,4
5IDYiDJLlEL4Mscj33ao83,"52tBivESnfK4iqF7gYhn7T","Jupiter 285","Wolf Moon","Highland Park Sleep Collective",2022-01-28,205000,62,spotify:user:,2022-11-11T13:00:19Z,"",0.159,0.0149,1,-33.825,1,0.0482,0.939,0.928,0.13,0.0273,68.808,4
7lwl3ScD69HlJQtk7h49nw,"6z737VR1MbCOSfYhG1mzY3","Deep Sleeper","Deep Sleeper","Tranquomo",2021-09-15,163563,60,spotify:user:,2022-11-11T13:00:19Z,"",0.142,0.00316,2,-37.168,1,0.0394,0.982,0.756,0.114,0.12,69.86,5
4HeGTGqUfgIA98HEkIWTp2,"4fMFhhP8Sqi3WWiaoOm5QT","apoapsis","apoapsis","our distant worlds",2021-10-28,238500,62,spotify:user:,2022-11-11T13:00:19Z,"",0.147,0.0488,1,-30.608,0,0.0406,0.33,0.856,0.0816,0.177,139.008,3
4vhjKm3JGXjBefwblXlExw,"0n4VpRA6e5Cd3snLrusqeA","Boy Blowing Bubbles","Boy Blowing Bubbles","Olivia Line",2022-04-22,157663,62,spotify:user:,2022-11-11T13:00:19Z,"sleep",0.181,0.0145,0,-32.248,1,0.0413,0.967,0.918,0.0921,0.0428,75.352,1
4osn2bAHvnGlOab7xOak7Q,"3M97AbLFCPQV6dLLTfP1nD","Awareness","Awareness","Isa Duwall",2021-10-11,173045,60,spotify:user:,2022-11-11T13:00:19Z,"",0.187,0.0299,0,-27.886,1,0.0412,0.938,0.672,0.109,0.0364,77.507,3
2Wsu9gvKCWRXLA1nEdFfXt,"0Kw9CyfoVqNGnbR2hYb0wt","First Day","Beautiful Morning","Ljomo",2021-10-24,252000,60,spotify:user:,2022-11-11T13:00:19Z,"sleep",0.172,0.14,7,-21.661,1,0.0378,0.952,0.898,0.11,0.0387,67.14,4
10ZtwOdYSWqKgiYgOg36N5,"2roONpdgmZHRTpr1IFNw0d","Annashuwa","Annashuwa","DEX 1200",2021-11-05,215590,62,spotify:user:,2022-11-11T13:00:19Z,"",0.139,0.0701,0,-25.086,1,0.0481,0.86,0.673,0.109,0.031,141.819,4
6yOZX34ZsQZV303qDJjWPm,"0JvmpwiLzNlN4bGtXCdNoK","Plegaria","Plegaria","Ecovillage",2021-09-17,198009,60,spotify:user:,2022-11-11T13:00:19Z,"indie shoegaze",0.167,0.0862,0,-23.888,1,0.0411,0.946,0.986,0.1,0.0383,126.263,4
56y8h73SZXnIzR0fGSQlca,"7i31XXbPM6vD4MDc5RlR7A","Turndown Service","Turndown Service","Adeline Verver",2021-01-04,115800,65,spotify:user:,2022-11-11T13:00:19Z,"sleep",0.164,0.0188,10,-34.105,1,0.0341,0.946,0.893,0.081,0.0593,71.96,4
0QCWhIYVGx3ousdsUZgy84,"639xerhpqwPMYay6bkjz75","Going Back","Going Back","Koby Laver",2021-10-22,228000,70,spotify:user:,2022-11-11T13:00:19Z,"background music",0.065,0.0034,9,-37.097,1,0.0489,0.984,0.847,0.101,0.0719,72.496,4
5lXpowQ714d5VWxjdFLfi7,"1UW4IN55vQzgYjkdR3ivVE","Peak Calm","Peak Calm","Claira Mikkelsen",2021-10-17,156000,60,spotify:user:,2022-11-11T13:00:19Z,"sleep",0.0971,0.00295,1,-37.887,1,0.0494,0.978,0.924,0.0984,0.033,74.576,3
62cdPqaOoaQng2DXbT47j7,"0j24YDWgdPF0QfliOxg2fj","Slow Down","Slow Down","Miracle of Silence",2021-08-28,158400,60,spotify:user:,2022-11-11T13:00:19Z,"",0.137,0.0337,9,-29.956,1,0.0418,0.993,0.977,0.0891,0.0382,68.427,3
7q0inA86Z78g6BIY06xwoz,"1aoMIhif29oGaZGwQJ1oTt","Elphine","Elphine","O.A.S.",2021-10-22,142471,60,spotify:user:,2022-11-11T13:00:19Z,"",0.229,0.0473,4,-29,0,0.0336,0.982,0.838,0.0881,0.0397,68.736,4
7wZsoD4bRQKdcii063kicd,"6kqOxJqJ4r4cIlbYR4GbP4","dream cycles","dream cycles","oh, the joy.",2021-09-30,205375,58,spotify:user:,2022-11-11T13:00:19Z,"sleep",0.0712,0.00232,5,-43.484,1,0.0546,0.917,0.806,0.102,0.0362,79.799,4
4QRKoVrx2OIfEOUamco5Uz,"4tJk8aN9skPGFZmkoAsBJD","Melantonia","Melantonia","Alpha Vectoriam",2021-10-22,223008,60,spotify:user:,2022-11-11T13:00:19Z,"sleep",0.177,0.027,2,-31.213,0,0.0405,0.857,0.657,0.108,0.0367,65.263,3
2rDUD1OjekGLpJIQTaAGAE,"3NfPyQcxlNd7Avfcgn13Sh","Enlightened","Seduction","Theatantrical",2021-09-13,209274,61,spotify:user:,2022-11-11T13:00:19Z,"sleep",0.172,0.0304,8,-30.057,1,0.0527,0.994,0.881,0.104,0.256,136.463,5
2ynHgw53910J2AsNRRnP30,"7cMuOiJswcxBwRlApHIezW","The Departure","The Departure","Disentangled",2021-06-21,90958,60,spotify:user:,2022-11-11T13:00:19Z,"",0.139,0.021,6,-33.883,0,0.0597,0.807,0.777,0.11,0.0365,141.224,3
3PFOZVcCigY9NLmnjl7z9O,"6i1anbI9lYxG8g0440Up8r","Aphelia","Aphelia","Juni Tinley",2021-10-21,140689,67,spotify:user:,2022-11-11T13:00:19Z,"atmosphere,background music,focus",0.185,0.0085,6,-35.346,1,0.0509,0.993,0.923,0.1,0.0893,70.637,4
6DCLjXH0ak1YerLNW2hwcI,"61XTODbHm8u4mMws36C1IG","Reoite","Reoite","Mila Harper",2020-10-15,142638,60,spotify:user:,2022-11-11T13:00:19Z,"sleep",0.0896,0.0183,9,-33.507,1,0.0466,0.957,0.86,0.074,0.0369,85.095,5
0vXj9LXojFSwXXKkSjzuNB,"214ZCbh6xfCOu7LunRBdBY","Chapters","Yoga Meditation","Zen Wuan",2021-09-21,163730,61,spotify:user:,2022-11-11T13:00:19Z,"",0.158,0.123,4,-27.373,0,0.0406,0.868,0.646,0.0744,0.037,134.828,3
0AY2x7N94uTmkYruyZDPKu,"5EUJpZPU6Oo6v9E5I21qFe","Migla","Migla","Adelina Palm",2021-10-21,120199,67,spotify:user:,2022-11-11T13:00:19Z,"",0.128,0.0275,8,-31.356,1,0.0363,0.984,0.934,0.124,0.0954,89.734,5
4AxLkuDH6lAh4zfAqnMk1n,"6S03l2FptTA5eeHeXo115b","Mirrors","Mirrors","Tairata",2021-02-16,138361,62,spotify:user:,2022-11-11T13:00:19Z,"sleep",0.181,0.00879,5,-33.139,1,0.0458,0.979,0.937,0.0957,0.0478,69.255,1
4qewZAWixuPZOcB3LbGpXZ,"5ibyrj4IdKuiv4huscZSuY","Despertamiento","Despertamiento","Tormenta Solar",2021-09-23,166800,60,spotify:user:,2022-11-11T13:00:19Z,"sleep",0.16,0.0488,2,-26.359,1,0.0508,0.296,0.575,0.111,0.0378,85.126,4
2iXFZRMJCWCkLd8hrm8GmO,"1E7RDm6USh7HGKtdVF9TZM","Relaksohuni","Relaksohuni","Qetesia",2021-10-21,182739,65,spotify:user:,2022-11-11T13:00:19Z,"",0.209,0.00379,3,-37.383,1,0.0351,0.994,0.833,0.103,0.0704,69.092,4
2KiBZ6xU6dnj47aT71G28P,"3S9OW04ZfXbQUjzGvjAlPZ","Giant Steps Tomorrow","Giant Steps Tomorrow","Shibb",2021-09-13,195751,59,spotify:user:,2022-11-11T13:00:19Z,"sleep",0.192,0.0409,0,-29.467,1,0.0391,0.994,0.98,0.0956,0.0394,69.071,4
5b0EbWEsagMNqlSPRk8FXb,"58PoZ2UB30eX8jppZ6B87i","Uitblinken","Uitblinken","Sohn Aelia",2021-02-11,179789,59,spotify:user:,2022-11-11T13:00:19Z,"sleep",0.199,0.0334,0,-29.758,1,0.0441,0.965,0.942,0.0819,0.0355,64.8,3
7JYgex93ldydsVqr6Um2nD,"7KoToKBUpived2ez8gxKT1","Monrovia","Heliotropism","Prescient Liquids",2020-10-19,210000,61,spotify:user:,2022-11-11T13:00:19Z,"sleep",0.0661,0.0186,1,-32.479,0,0.0445,0.974,0.933,0.0969,0.0407,70.273,4
1wqc4mp6CKNGnDV3rOTb9M,"41SaKcYP2CTeAwnQPFS3YV","Imagination","Imagination","Invertivo",2021-09-24,174000,60,spotify:user:,2022-11-11T13:00:19Z,"sleep",0.149,0.0145,5,-31.932,1,0.0569,0.968,0.781,0.109,0.114,141.109,1
14cdbX7Qi3fiyW7nFhhr6G,"7hmFAgrbDEAAIcGan0kxxM","Spiritual Tour","Spiritual Tour","Il Sognatore",2021-09-03,230000,60,spotify:user:,2022-11-11T13:00:19Z,"",0.132,0.106,5,-21.61,1,0.0447,0.929,0.855,0.103,0.0561,74.888,3
2RZxw2tD8VenO9k5vawirO,"2IxUpCvKOJSylcWrtRD6i9","Reflections","Reflections","Klara Forýs",2021-09-20,166905,60,spotify:user:,2022-11-11T13:00:19Z,"",0.112,0.0282,9,-28.377,1,0.0671,0.963,0.91,0.0949,0.052,72.002,4
5F82mtEXo9CbyPchaCWDI3,"7FUOL0pd9zlLpJu7vCBO1V","Protostar","Protostar","Vadodara",2021-07-30,207000,59,spotify:user:,2022-11-11T13:00:19Z,"sleep",0.127,0.0652,7,-27.113,1,0.0418,0.822,0.745,0.103,0.0374,82.617,4
6pnhLxKJShRqP5YeXdtkWc,"7A3PJ0HRctOwwSLMIwFDte","Hopeful","Hopeful","Asher Francis",2021-09-20,131651,61,spotify:user:,2022-11-11T13:00:19Z,"",0.199,0.0263,6,-30.47,1,0.042,0.973,0.832,0.0949,0.0379,70.949,4
5FdpUpxs471V28sEhF0VC7,"7okwKwX9ydmNTjwXXdgBO4","Omnisleep","Omnisleep","Dominum Nominum",2021-06-14,201746,59,spotify:user:,2022-11-11T13:00:19Z,"",0.144,0.014,5,-34.637,1,0.0417,0.933,0.57,0.107,0.069,139.592,3
1BElZwQK3VhQ8iHRMolo1i,"6tfQKH57x0m7yECik90Rd9","Ellips","Ellips","Nightweaver",2021-09-03,176727,60,spotify:user:,2022-11-11T13:00:19Z,"sleep",0.0872,0.11,2,-24.525,1,0.0343,0.924,0.71,0.096,0.0674,168.446,3
1EVG8oKkYocWnjot9oPZHB,"6NwzoAF59ghN7JuBvwHVex","Soul Connect","Soul Connect","Elise Magnefold",2021-09-21,196491,61,spotify:user:,2022-11-11T13:00:19Z,"background music",0.167,0.0783,9,-26.665,0,0.039,0.931,0.917,0.078,0.0327,139.731,3
2EpbD85zKeA069HQXoiWU5,"2zTDYjWYdea2V7ZXILRLKW","Here for You","Here for You","Verala Lux",2021-08-24,131987,59,spotify:user:,2022-11-11T13:00:19Z,"sleep",0.14,0.0304,10,-28.444,0,0.0406,0.955,0.824,0.112,0.0508,141.416,4
5KUm8UcbneePgumCqM7KKJ,"2e0jbFLa4g3PR9lpXv9kAB","Vie Tafare","Vie Tafare","Lahasara",2021-09-23,168465,60,spotify:user:,2022-11-11T13:00:19Z,"sleep",0.184,0.0113,0,-29.798,1,0.0468,0.988,0.973,0.115,0.124,68.044,4
29618YxnLp1lxnonnxjI46,"6iFtTBfZ2YpYJ8YRQ7eCaf","Snooze","Snooze","Aileen Morais",2021-08-31,166285,59,spotify:user:,2022-11-11T13:00:19Z,"sleep",0.145,0.0502,9,-28.435,1,0.0386,0.957,0.837,0.0946,0.0389,138.861,4
25KzsUt0zU2QOlL26MtVCi,"3AisymC691EsyYYKjPNSG6","Major Waves","Un-Awake","Night Whisperer",2021-08-01,83200,59,spotify:user:,2022-11-11T13:00:19Z,"sleep",0.0797,0.128,3,-25.668,1,0.0416,0.99,0.995,0.101,0.0433,79.896,3
7oigJ0Iei2PLS2vwA3gnib,"2qIOoLj6ilaacPexeiw7RW","Saturated Evenings","Saturated Evenings","Mao-Li",2021-09-10,217200,59,spotify:user:,2022-11-11T13:00:19Z,"",0.168,0.0551,2,-25.989,1,0.0375,0.96,0.9,0.11,0.0521,63.343,4
4942rhM8v2rn45GZwNdV1K,"5m6EST12WzdTRdYKtk5w7W","Calibration of Time","Calibration of Time","Sleep Lab",2021-06-07,200379,60,spotify:user:,2022-11-11T13:00:19Z,"",0.0869,0.0303,8,-33.156,1,0.0401,0.959,0.926,0.11,0.0849,84.063,4
1Pxoyavrxw7aElGkMwWHVj,"0mz4d5jY4R7Xby9AUlpViB","Fate","Fate","Reuben Hensley",2021-07-30,173500,59,spotify:user:,2022-11-11T13:00:19Z,"sleep",0.0665,0.0224,2,-30.906,1,0.0429,0.893,0.92,0.105,0.0398,71.623,3
3bUaSIfWsg01lqJW9O5JCS,"48LwBBG7FfBjBUjGdaRCiO","D'une Certaine Distance","D'une Certaine Distance","Aintzane Martzel",2021-09-23,171692,59,spotify:user:,2022-11-11T13:00:19Z,"",0.206,0.07,2,-26.905,1,0.0413,0.848,0.878,0.111,0.0609,70.836,4
7pSiVCrdIbpIvn8oNH3XPY,"51lfmojViPJ0XrAghn70IC","Linea Degli Alberi","Linea Degli Alberi","Giulia De Serio",2021-07-29,236258,63,spotify:user:,2022-11-11T13:00:19Z,"",0.106,0.0107,8,-32.192,1,0.0393,0.988,0.937,0.107,0.0389,70.911,3
6QNrpzKEYLzQsBqQQphfue,"4HLiKb2yZbSKwi3Uflpp36","When We Touch","Into the Night","Rain Wonder",2021-09-10,125000,61,spotify:user:,2022-11-11T13:00:19Z,"",0.273,0.26,4,-21.804,0,0.047,0.861,0.96,0.0913,0.163,70.823,4
38lCT94Uyy4t7n7UcHJ4bA,"7mRt5HifjBM95zliVtLK5F","Carnivoran","Nasal Bones","Sigmund Clyde",2021-06-18,200000,62,spotify:user:,2022-11-11T13:00:19Z,"",0.238,0.0331,4,-27.933,1,0.0843,0.989,0.876,0.092,0.0586,125.698,4
7BqlHggYnNB26lfAw6y7Ch,"73717wA5LNgbEDtJ2lqSW1","Dachaigh","Dachaigh","Cadhla Byrne",2021-09-23,197614,59,spotify:user:,2022-11-11T13:00:19Z,"",0.171,0.0979,5,-29.742,1,0.037,0.925,0.947,0.102,0.108,140.872,4
5W9fgCmnO8iDyBGxNUfAMc,"3aJYpSuHbjZsn6oONgiBwa","It's All Sound","It's All Sound","Sal Lastra",2021-07-28,198000,61,spotify:user:,2022-11-11T13:00:19Z,"sleep",0.165,0.21,0,-22.208,1,0.0561,0.501,0.849,0.12,0.0372,66.262,4
5yILnxcnDsMtZL5JK7Cbxi,"0Srt4bBej7bpUZRcgHNl3V","Blossom","Blossom","Moments Of Divinity",2021-09-24,152624,59,spotify:user:,2022-11-11T13:00:19Z,"",0.0671,0.111,2,-20.84,0,0.04,0.674,0.97,0.109,0.0385,75.532,4
7HeCLMhcYHRG5nfrd26v6C,"3awsbRupCUGnE0dw6U049n","Cairns Fossils","Planetary Funnel","Cloud Waves",2021-09-12,186919,59,spotify:user:,2022-11-11T13:00:19Z,"sleep",0.158,0.0276,2,-32.752,1,0.0395,0.986,0.749,0.105,0.0503,139.614,1
7zO8xgWtAGQpAKEG9n48Yb,"4g3KE7YbVpqmgxg2zhxzXb","Mystical - Alpha Sinus 54,8hz - 57,3 hz","Healing Alpha Sinus","Drone",2021-05-19,235894,63,spotify:user:,2022-11-11T13:00:19Z,"sleep",0.198,0.0555,8,-32.142,0,0.0503,0.844,0.852,0.107,0.149,72.421,3
0Ci8JFzz4gsoDRY7aUau5o,"2h8Lzun0E6Ei7JeGW6Hlcc","Linearity","Linearity","Hypertime",2021-07-25,191000,58,spotify:user:,2022-11-11T13:00:19Z,"sleep",0.204,0.021,1,-28.046,1,0.0917,0.995,0.943,0.19,0.0395,141.305,3
6nZs34O75vPNz6dnxegdCR,"3ac7SLoq4Rbms8XZE0rdkA","Moonlight Dreams","Moonlight Dreams","Megan Wofford",2021-07-30,200350,60,spotify:user:,2022-11-11T13:00:19Z,"",0.168,0.0325,4,-28.079,1,0.0416,0.863,0.944,0.112,0.195,134.152,5
3F8dD3bpSN4MiQtZJ4TRS1,"53uV0zzGfjaht3NaIiepwB","Eternal Drift","Eternal Drift","Koen Parker",2021-06-18,93455,58,spotify:user:,2022-11-11T13:00:19Z,"sleep",0.0996,0.0038,1,-39.413,1,0.0535,0.916,0.922,0.0939,0.036,67.909,4
70w16KjhO0HQz6eqllKYJo,"4gaEPQ8r7KJfK9QE9nV0Wa","Appreciation","Appreciation","Vishal Casey",2020-12-03,169000,64,spotify:user:,2022-11-11T13:00:19Z,"sleep",0.206,0.0132,7,-30.649,1,0.0406,0.99,0.974,0.108,0.0872,74.014,3
41Fp3VZmyloxKUUcWDUrH2,"3ULKIOVe2bR3iZF1jFqzMN","Repouso","Repouso","Polysomni",2021-06-03,236583,65,spotify:user:,2022-11-11T13:00:19Z,"sleep",0.142,0.0126,9,-36.191,0,0.0465,0.982,0.755,0.129,0.0389,141.203,5
5acpnondtQUm1FJDXNT66J,"5vuqXzXIvJedvrLxiekZk7","The Lost Key","The Lost Key","Clouded Transparency",2021-07-23,160722,59,spotify:user:,2022-11-11T13:00:19Z,"sleep",0.155,0.0877,4,-24.726,1,0.0379,0.838,0.834,0.0981,0.0403,73.183,4
6mVQDQzb0msscfSVhVwp7g,"1pNPv0QPiEM6e7ITG8JcUm","somnus state","somnus state","NREM",2021-06-24,280500,60,spotify:user:,2022-11-11T13:00:19Z,"binaural",0.125,0.0592,3,-31.244,1,0.0393,0.873,0.965,0.117,0.0368,90.815,4
5P9warDXC0ATRYIrHXUTPO,"1LvHtO44PddBf4DeQ7i9aF","Your Soul Knows (Theta Waves)","Your Soul Knows","Light Garden",2021-04-19,120882,58,spotify:user:,2022-11-11T13:00:19Z,"sleep",0.137,0.0251,11,-34.116,1,0.0463,0.863,0.864,0.099,0.0397,142.886,4
7fSBdUicxjuzxZDmAgxpdr,"1dopqchRiIBu3WhKOGzaH8","Cartography Of Water","Cartography Of Water","Beautiful Storms",2021-02-12,167294,58,spotify:user:,2022-11-11T13:00:19Z,"sleep",0.175,0.0822,0,-25.286,1,0.0414,0.898,0.793,0.0704,0.0304,77.682,4
1lznUD9b22CxILXT8CVZIM,"5TQiCNGub87gWCQRZuncKK","Nonzero","Nonzero","Stone Martyrs",2021-07-25,212000,58,spotify:user:,2022-11-11T13:00:19Z,"sleep",0.158,0.00226,2,-34.098,1,0.0567,0.941,0.72,0.109,0.0389,131.104,5
1ytBTJUCVq3ljXsEri2Bel,"0JeUJ2ivX8X1GyI4p02swQ","Eleven Degrees North","If You Please","Simeon Oliver",2021-03-15,224000,58,spotify:user:,2022-11-11T13:00:19Z,"sleep",0.2,0.0159,10,-32.112,0,0.0424,0.989,0.827,0.108,0.0336,67.532,5
6sk3KVXxU9welmb8gQEYxF,"5AvObRY7SiwpkfcIIOqb4R","Cirrus Clouds","Cirrus Clouds","Rea Inarra",2021-06-25,131500,60,spotify:user:,2022-11-11T13:00:19Z,"",0.14,0.0419,9,-28.162,1,0.0641,0.992,0.849,0.104,0.25,73.69,4
5BuUke8soY1IIEeJK4eNkk,"1TIIwr7wiRuFavs4zUlYQU","Sineway","Sineway","Boreal Embla",2021-02-19,141137,63,spotify:user:,2022-11-11T13:00:19Z,"sleep",0.123,0.00485,1,-36.102,1,0.0481,0.974,0.832,0.116,0.0394,77.05,3
7A9Y0w3bfhnc4YLAlmiKcc,"0we3lcrMUMrc57nxVUC7g2","Scenery In Dreams","Scenery In Dreams","Maurie",2021-07-29,158982,58,spotify:user:,2022-11-11T13:00:19Z,"",0.147,0.00681,5,-37.697,1,0.0396,0.986,0.716,0.109,0.0557,72.714,3
70EFtngIf7REQH2ZfkiVLB,"1KLfI1v6hjVZ1UCyrLJrC8","Slow Down the Night","Slow Down The Night","Maximilian Sievert",2021-02-22,220800,58,spotify:user:,2022-11-11T13:00:19Z,"sleep",0.175,0.0171,0,-32.054,1,0.04,0.975,0.915,0.0998,0.0318,80.512,4
6FLcSrGp3mGIEQghonDxG3,"37OoTGz80W4Gd58QeXBmrh","The Nimrod Expedition","Neomallodon","Anthropological",2021-02-22,216000,58,spotify:user:,2022-11-11T13:00:19Z,"sleep",0.172,0.0355,0,-30.442,1,0.0407,0.986,0.895,0.106,0.0386,138.015,1
2w2TNG4SXWwRAPiHZoRgnw,"2p0u1XegTR9g9diM8xYDRU","Peaceful Journey","Peaceful Journey","Pacificus Luminus",2021-06-25,131422,58,spotify:user:,2022-11-11T13:00:19Z,"",0.285,0.0072,1,-32.02,1,0.0438,0.995,0.882,0.0984,0.149,70.996,5
3aQ46BOZ8C3fOfSFfyEcwq,"4R8zw6rwLPscyd42vMpMmo","Blue Sphere","Blue Sphere","Sea of Waves",2021-05-18,162118,64,spotify:user:,2022-11-11T13:00:19Z,"sleep",0.209,0.0391,0,-27.37,1,0.043,0.888,0.838,0.0894,0.0518,60.884,4
6e8eaU1oPzSu0WXnbSyZt7,"6FDOmi6UcqTevNjdwQfpsD","Nox","Nox","Wolfgang Snow",2021-05-17,148984,64,spotify:user:,2022-11-11T13:00:19Z,"sleep",0.169,0.0488,2,-28.237,1,0.0436,0.796,0.531,0.112,0.051,125.776,3
738ZWyXzrfKT1OuyRJmmsX,"3WIjOR36QpKStT6hfxguh5","Profound","Profound","Rannar Sillard",2021-06-25,200412,58,spotify:user:,2022-11-11T13:00:19Z,"background music,focus",0.0661,0.0445,10,-27.163,1,0.046,0.93,0.801,0.0972,0.04,73.079,4
5S9eZUeM5jwr71FxpBARsA,"68k3b1woWXT4Ka3OWAz7WU","Arrival of No-thing","Downtime","Sleep Therapist",2021-05-18,231907,57,spotify:user:,2022-11-11T13:00:19Z,"sleep",0.157,0.0145,6,-30.709,1,0.0448,0.976,0.801,0.0931,0.0708,135.535,4
6HTFfsnSvXpraVQrrYDN3U,"3hcHU2Pwf2YPgQXqdEi83C","Close At Heart","Close At Heart","The Lay-Backs",2021-05-26,215439,60,spotify:user:,2022-11-11T13:00:19Z,"sleep",0.145,0.0303,0,-29.641,0,0.0417,0.938,0.7,0.0885,0.0835,139.662,3
3rAchCb8ZxPuKJVXxQX6ui,"1uNKwFEjuT8w9eXOCqrcAA","Cloud Study","Cloud Study","Norris Melcher",2021-05-28,190000,60,spotify:user:,2022-11-11T13:00:19Z,"sleep",0.19,0.0959,2,-26.159,1,0.0446,0.949,0.976,0.102,0.0464,79.531,3
45t68mRXi24W94VK0T5ItR,"3k5YPHQtmwwAFV47yGDf1C","Ocean Breeze - Alpha Sinus 69,2 hz - 70 hz","Alpha Sinus","Floating",2021-05-19,258250,57,spotify:user:,2022-11-11T13:00:19Z,"sleep",0.169,0.00523,1,-34.713,1,0.0499,0.777,0.922,0.115,0.0345,120.096,4
4ScsYR6E4wg3gFFMd8LEJG,"6gfKfJS89ZAy4mSAlwTXvc","Origami","Origami","Regentum",2021-01-08,142363,60,spotify:user:,2022-11-11T13:00:19Z,"background music",0.185,0.0165,1,-32.971,0,0.045,0.992,0.968,0.158,0.0459,71.305,4
3KbmeqpwQMymXHdhzaAFms,"55kth4t5W6MGCPvW8ueDae","Luminous","Luminous","Invisible Motion",2021-04-07,178285,61,spotify:user:,2022-11-11T13:00:19Z,"sleep",0.0649,0.0404,7,-31.385,1,0.0462,0.879,0.773,0.115,0.0347,69.824,5
67VwwXXg1k6cEMFX1rpGoo,"0pIcKP7M8X29OqdKClIIJH","Alpha Focus 97Hz - 104Hz","Alpha Focus","Universal Frequency",2021-03-28,231068,58,spotify:user:,2022-11-11T13:00:19Z,"sleep",0.177,0.0292,7,-34.392,1,0.0668,0.859,0.945,0.119,0.0772,120.22,4
5dMI1sHkCxUWvh8vksx0Rz,"0wZ9TiIXE76xXjZUUbVmN7","Pure Air","Pure Air","Calil",2021-03-28,211150,60,spotify:user:,2022-11-11T13:00:19Z,"sleep",0.109,0.0473,9,-29.024,1,0.052,0.88,0.871,0.106,0.0361,71.612,4
1Dv71hYl7XMbPonSYKqW5m,"4wapzvXqBROuuOhKmB0mxh","Dreamland","Night Hug","Beautiful Sleep",2021-05-24,166412,57,spotify:user:,2022-11-11T13:00:19Z,"sleep",0.145,0.0711,1,-29.027,1,0.0397,0.83,0.852,0.108,0.0365,139.757,4
717ijFnuktEjgu8yn7Qvw6,"40kJyvmOynMTDFT8bBuk4d","Nikad ne Zaboravi","Nikad ne Zaboravi","Nadia Bulic",2021-05-27,142621,60,spotify:user:,2022-11-11T13:00:19Z,"sleep",0.0707,0.00607,2,-36.381,1,0.0352,0.987,0.814,0.0976,0.0382,74.496,4
7Kd9aRamqqlKwB5PtT4lSf,"1uTJ77nWT4cR9Ur5HtdHPo","Novi Sad","Palaeophonus","Lost Fables",2021-06-01,212000,57,spotify:user:,2022-11-11T13:00:19Z,"sleep",0.151,0.00804,1,-31.581,1,0.0552,0.925,0.776,0.113,0.0276,135.61,3
4VdLOyYe6ZEyLx0LbYdyvy,"68NVLorVbyDWrMwmGpwyGP","Querencia","Querencia","Cameron Sinosa",2020-11-05,194648,57,spotify:user:,2022-11-11T13:00:19Z,"sleep",0.17,0.00316,5,-38.615,0,0.0422,0.991,0.931,0.111,0.0946,70.964,3
6A1rTs49C6c3KVyGoKG6el,"6FN6ymYKo21ZEKnL1wNa7w","Glauben","Glauben","Dax Wolf",2021-04-01,196109,59,spotify:user:,2022-11-11T13:00:19Z,"sleep",0.0862,0.067,1,-27.697,1,0.0456,0.92,0.966,0.108,0.0367,167.199,3
65ip2ya2ftUbZHZrfCWuVt,"19iZvlebGTx7MIFfXSbnb6","Blood Moon","Blood Moon","Carufo",2021-04-12,233121,57,spotify:user:,2022-11-11T13:00:19Z,"sleep",0.14,0.0121,7,-29.42,1,0.045,0.975,0.961,0.105,0.0392,142.641,1
2UITlqXM467haohWgPffAT,"54SQU5335smXLXiFTvOo30","Alpha Meditation","Alpha Meditation","Brainbox",2021-04-14,156734,60,spotify:user:,2022-11-11T13:00:19Z,"sleep,white noise",0.146,0.0138,7,-33.87,1,0.0531,0.809,0.815,0.111,0.102,143.265,4
4Dn2R1NeJbrJq7qa8TUwZd,"47pBhE9IfTK2560dVhv8hw","Iterative Calm","Iterative Calm","Doug Blimpstein",2021-03-24,219057,59,spotify:user:,2022-11-11T13:00:19Z,"sleep",0.131,0.0193,9,-33.204,0,0.0497,0.837,0.829,0.0842,0.0333,75.292,4
7w3SOC3cwLuTKKTUKO42XA,"6kqOxJqJ4r4cIlbYR4GbP4","cloudwalking","serenity (sleep)","oh, the joy.",2020-12-31,156738,55,spotify:user:,2022-11-11T13:00:19Z,"sleep",0.168,0.0323,6,-40.143,1,0.0533,0.926,0.815,0.109,0.0345,126.819,5
6utIEcZZHk4AbF3fBVIlNM,"7C8p7eBuwDPhRuOFamOJ9T","Eternal Glow","Eternal Glow","Soothe My Soul",2020-10-29,167500,56,spotify:user:,2022-11-11T13:00:19Z,"sleep",0.0791,0.00782,3,-38.003,1,0.0594,0.973,0.94,0.107,0.0345,83.457,4
5ardBAnHzOgVgwbC7lUeoj,"6dr0I7Dag5o0aCFKKglKSH","Norrbotten","Norrbotten","Lugnet före stormen",2021-01-05,156000,59,spotify:user:,2022-11-11T13:00:19Z,"sleep",0.161,0.0276,1,-31.676,1,0.043,0.797,0.833,0.106,0.083,69.962,3
5HfIHltHzu31DBzxJwoVQg,"6rcMboN5jrM7OzqcqIfLwd","The Riddle of Dreams","The Riddle of Dreams","Carligo",2021-03-10,147563,62,spotify:user:,2022-11-11T13:00:19Z,"sleep",0.155,0.00714,0,-36.868,1,0.0555,0.971,0.87,0.116,0.038,142.061,3
0X33Oo6yg2qlTsrFiH1qta,"0q1jgFxjleKLegFYRiyPxS","Revolve","Revolve","Sleepless Eye",2021-04-20,187200,61,spotify:user:,2022-11-11T13:00:19Z,"sleep",0.133,0.0353,0,-31.636,1,0.044,0.861,0.572,0.11,0.0356,143.332,5
4BgLM3OOiYQcjTCnFxBY38,"7KupsFSZuOm5MuWdNrVy5m","Steps into a dream","Steps into a dream","Caelando",2021-03-24,226000,56,spotify:user:,2022-11-11T13:00:19Z,"sleep",0.203,0.0359,0,-25.051,1,0.0532,0.923,0.8,0.175,0.0524,72.908,3
3bmicq5CCRnFGlvZY8mQYP,"2NsHKcM4F9lLMEppqZnsM5","From Above","From Above","Jack Rosslyn",2021-02-04,139271,60,spotify:user:,2022-11-11T13:00:19Z,"sleep",0.148,0.0299,0,-27.491,1,0.043,0.771,0.994,0.112,0.0308,67.556,5
4hLRBySljQhnEhNBNNdspx,"40ojB8ApYVpcfLDCkoSLDV","Long Distances","Long Distances","Counting Tides",2021-02-19,172374,59,spotify:user:,2022-11-11T13:00:19Z,"sleep",0.0977,0.0338,0,-34.726,1,0.0463,0.866,0.842,0.0863,0.0373,60.525,4
5LEHlRPjGcZ5RdagAwXpHS,"1UyzP6admqk7jIIgedlD4B","Beautiful Imagination","Beautiful Imagination","Little Circuits",2021-03-04,143052,70,spotify:user:,2022-11-11T13:00:19Z,"sleep",0.102,0.0333,3,-34.177,1,0.0476,0.797,0.927,0.111,0.0591,89.605,4
2akxDSUjKxkwuRfuc6HFNH,"5i3UTUN8b39fBrRIHfQ9H4","Stelle","Stelle","Tiziano Magro",2021-04-01,202000,59,spotify:user:,2022-11-11T13:00:19Z,"sleep",0.0937,0.0408,5,-26.971,1,0.0455,0.969,0.962,0.116,0.0488,175.297,4
2j9r4JRWjLsFn7VEibICxz,"61YOovGWdnYImyV9dgnaMA","Alma","Alma","Pedro Caceres",2021-03-10,171622,58,spotify:user:,2022-11-11T13:00:19Z,"sleep"
7KpA2ZOdXXU7ymU05JmAv0,"2ChvGKFUyZeFjYFX7pRtlW","Mahola","Mahola","Turquoise Palms",2021-02-04,232000,56,spotify:user:,2022-11-11T13:00:19Z,"sleep",0.0851,0.199,0,-25.653,1,0.0447,0.827,0.766,0.108,0.054,77.681,4
3jaCuiu5pvF2e7XnSi1NBw,"5kMqqN0tglnYIi4eXGmL0A","Arrival","Jupiter One","Jupiter Breeze",2021-03-31,185840,59,spotify:user:,2022-11-11T13:00:19Z,"sleep",0.101,0.0162,2,-30.002,1,0.0442,0.975,0.974,0.104,0.162,88.996,4
5YqXPRA1ErLjJ9UZCJxJyG,"2uktBHXHPmG6qYMOypLCHl","If Only I Could Fly","Ever So Slightly","Dream Flows",2021-04-04,107977,62,spotify:user:,2022-11-11T13:00:19Z,"sleep",0.156,0.0883,7,-31.389,1,0.037,0.937,0.883,0.117,0.0732,137.199,5
20WOKEJgCcTSP9fpmTN9BM,"1alyoRkSvs6MfBhq7lgY3Q","Smyrna","Smyrna","From Us",2021-03-10,199709,58,spotify:user:,2022-11-11T13:00:19Z,"sleep",0.0824,0.0361,0,-32.53,1,0.0456,0.919,0.679,0.102,0.0755,74.249,4
6AYzbLak1YhYu5litfcTdV,"4B72HNYsUpj9x0cOBi7CJ7","Schlafmittel","Schlafmittel","Felix Hertzog",2020-10-16,168000,58,spotify:user:,2022-11-11T13:00:19Z,"sleep",0.152,0.012,0,-34.256,1,0.0458,0.938,0.805,0.101,0.0939,68.978,3
0IsEyOQ5ObJcX1tnuXeXqX,"6exNpXC777DwaiJHKM6Vy0","Breathe into the Still","Breathe into the Still","Rnwy Lites",2021-04-01,192000,58,spotify:user:,2022-11-11T13:00:19Z,"sleep",0.0667,0.0895,0,-30.76,1,0.0417,0.849,0.633,0.111,0.102,72.956,3
6ijjVhsdUDrHWTkciKq0nD,"6ivO0lqiz77mOwRgh9UNev","Rituals","Rituals","Lorelle Paredes",2021-04-08,144782,63,spotify:user:,2022-11-11T13:00:19Z,"sleep",0.214,0.0422,2,-28.109,1,0.0366,0.994,0.896,0.0969,0.0575,69.912,3
3ff3N25wTsj8T1mf2gMTQp,"1I2mrOO7itWnvfrda514vi","Blua Aero","Blua Aero","Manolakas",2021-04-05,128727,60,spotify:user:,2022-11-11T13:00:19Z,"sleep",0.21,0.0868,7,-28.464,1,0.0422,0.96,0.667,0.123,0.0464,67.476,4
48mOMNLnlbok3W6anP7sTS,"1Ww4X8PlwRBiocjYoAoQ4N","Universo","Universo","Universo",2020-06-08,176952,56,spotify:user:,2022-11-11T13:00:19Z,"sleep",0.0697,0.0936,3,-22.559,1,0.0459,0.971,0.84,0.09,0.0262,76.302,4
3chCZBYrCCjcUmT4mX5x8E,"0A4UAFw5R9u5z9doUYX0WM","Perspectives","Perspectives","Norrona",2021-04-12,249656,56,spotify:user:,2022-11-11T13:00:19Z,"sleep",0.152,0.045,2,-28.476,0,0.0406,0.899,0.798,0.112,0.0821,73.916,4
3PMP7s6o3dLLyHnsfqkUs5,"2QRn1QIBN1ayOLFvAMVrIc","Dreams Of Delta","Dreams Of Delta","Sleepy Moon",2021-04-15,257142,56,spotify:user:,2022-11-11T13:00:19Z,"sleep",0.14,0.0424,7,-32.303,0,0.0416,0.886,0.723,0.0937,0.0592,141.576,4
0gny3oCHB6fKmZ6PoDedRA,"0ScQmROrSMggRHzVdPIRim","Acending","Acending","So Jao",2021-02-16,174748,57,spotify:user:,2022-11-11T13:00:19Z,"sleep",0.205,0.0406,5,-30.85,1,0.0462,0.97,0.979,0.143,0.0592,87.113,3
75skmcKUZLzncei8MyjeNs,"2HTxfhNf8wSmRiXJpXrK8Q","La amabilidad","Reflexión en el tiempo","Amor de la luna",2021-01-27,143406,55,spotify:user:,2022-11-11T13:00:19Z,"sleep",0.154,0.0121,11,-33.914,1,0.041,0.936,0.675,0.134,0.0379,135.653,3
77Fs2NajDBQaOOZkYDsFLE,"6qIThryE8kmwkl6RfPdhHI","The Journey","The Journey","Malik Jeremiassen",2020-04-10,157000,58,spotify:user:,2022-11-11T13:00:19Z,"sleep",0.165,0.0375,9,-30.391,1,0.0446,0.93,0.939,0.0855,0.0654,75.222,4
3DlKVRc8O2XjaFV5vQ5j0S,"5sKdm7FEijRv1JQfPHwrc7","Perspective","Perspective","Jorin Williams",2021-02-11,176635,58,spotify:user:,2022-11-11T13:00:19Z,"sleep",0.129,0.0376,6,-34.587,1,0.0399,0.938,0.892,0.112,0.0516,68.571,4
4iyc69HBbLOpfOgwBjn1LS,"4Urq9nM4xsgb0YitpivOLe","South of Lapland","South of Lapland","Kevin Hutchins",2021-04-19,196000,59,spotify:user:,2022-11-11T13:00:19Z,"sleep",0.14,0.0515,2,-28.531,1,0.0433,0.961,0.68,0.112,0.0327,141.935,4
17dxXweuShPwv4eXAqJMXz,"4LtA8H0WUekxMEMJV3Fdvd","Sedate Dawn","Sedate Dawn","Quinn Joshua",2021-03-04,165802,56,spotify:user:,2022-11-11T13:00:19Z,"sleep",0.0999,0.0273,11,-31.428,1,0.0405,0.91,0.66,0.11,0.117,68.322,3
1C9e2HhO9qpMYl1FYg5yBZ,"3IBhxjT8AiBiz7DpMUEjEj","Cynefin","Cynefin","Chieloka",2021-03-05,203624,56,spotify:user:,2022-11-11T13:00:19Z,"background music",0.168,0.00254,0,-34.587,1,0.0483,0.992,0.93,0.105,0.0363,59.071,4
1DERFIlUdiUtFCoLQIGdLj,"45zt0raIfZd0fb6yzSneno","Through Your Eyes","Through Your Eyes","Don Mazuck",2021-04-22,169412,59,spotify:user:,2022-11-11T13:00:19Z,"sleep",0.149,0.0565,10,-26.842,1,0.0499,0.981,0.903,0.11,0.0494,69.686,5
2vu8kAPw2W0gVKrK68YR5P,"3CAe04TEaKSxEMemLZqw3X","Vaikne","Vaikne","Eyla Calmes",2021-04-15,178228,61,spotify:user:,2022-11-11T13:00:19Z,"sleep",0.104,0.0906,2,-30.989,0,0.0518,0.603,0.825,0.126,0.0496,88.326,3
2rsMqLxGgLH6csppBYXG6f,"55DNIiMoYD4awuH7e1gZiT","Polar Breeze","Polar Breeze","Karlis Volt",2020-12-11,106800,55,spotify:user:,2022-11-11T13:00:19Z,"sleep",0.162,0.0177,3,-32.806,0,0.0421,0.921,0.953,0.115,0.121,67.572,3
4w3i820SHA0fOpqmtyAPFu,"4l026BCC3zvPlM1ByCfPgv","Inner Journey","Inner Journey","Chopade",2021-03-10,222522,58,spotify:user:,2022-11-11T13:00:19Z,"sleep",0.187,0.0549,9,-29.833,0,0.0472,0.986,0.958,0.0833,0.0386,71.308,3
6FAg23nCoYoNOpV7QXc3nb,"2s6Fglo2Tu3BBUFr5Ihcq9","Pharīthī","Pharīthī","Sami Muni",2021-03-11,128365,58,spotify:user:,2022-11-11T13:00:19Z,"sleep",0.165,0.0041,5,-36.552,1,0.0675,0.991,0.73,0.119,0.0392,139.404,4
6mmma8gbZNJcTkG40Nr2vx,"0qFeRGzewB33eItfoNqrvd","Stimmung","Stimmung","Leo Baumgart",2021-04-20,138177,58,spotify:user:,2022-11-11T13:00:19Z,"sleep",0.222,0.0552,7,-28.651,1,0.0483,0.932,0.879,0.0876,0.054,128.695,4
1lwYE92fXWS6nebOLO5yTR,"27eOFbWsw1qOMgSaMqR1MM","Engel Stemme","Engel Stemme","Velpo Sonols",2021-04-20,230000,55,spotify:user:,2022-11-11T13:00:19Z,"sleep",0.195,0.0135,1,-33.314,1,0.0414,0.898,0.863,0.101,0.039,70.434,4
1kh6iEcYhNL6jbMr5BVEVG,"0tpBeC4HolBI7fkc5omALQ","Anatomy of Change","Anatomy of Change","Oto Roth",2021-04-22,144782,65,spotify:user:,2022-11-11T13:00:19Z,"sleep",0.131,0.00333,5,-35.416,1,0.0405,0.993,0.966,0.123,0.0349,81.947,4
1QcZEkKC9yLrt4EWIWVHWS,"0fiP3M4LPNPJxvfTDizIbw","Bylgjur","Bylgjur","Einingu",2021-02-04,141061,59,spotify:user:,2022-11-11T13:00:19Z,"sleep",0.106,0.0202,8,-32.719,1,0.043,0.799,0.769,0.109,0.0342,92.214,3
7EqeAfbTta51OCd9gz6buQ,"53E9B0OiR03VSuqIqhCguq","I´ll See A Light","I´ll See A Light","Tryggve Malmberg",2021-02-11,148500,58,spotify:user:,2022-11-11T13:00:19Z,"sleep",0.147,0.104,4,-27.913,1,0.0423,0.934,0.811,0.102,0.0405,70.876,5
5Nusgvqw46McIdfuqrvM4c,"0OyLeqzC9Bd1d8uc5DgYCz","always","always","Florence Adame",2020-03-20,176500,56,spotify:user:,2022-11-11T13:00:19Z,"sleep",0.196,0.0409,7,-27.052,1,0.0422,0.989,0.997,0.0867,0.0342,67.264,5
3982hLjimRRPGIfInxlzyh,"4TmYC9ChYdsrhNwEKkKs2z","Deep Soul","Deep Soul","Sydney Woods",2020-12-11,163909,58,spotify:user:,2022-11-11T13:00:19Z,"sleep",0.162,0.172,2,-22.401,1,0.0585,0.934,0.845,0.1,0.115,89.49,3
5ixnYv40UHrZQIuqNlOJl0,"5uXsIKri6D2vNv9V1EdGet","Wood Siding Railway Station","Pristina","Baroque Modernist",2021-03-15,192000,58,spotify:user:,2022-11-11T13:00:19Z,"sleep",0.156,0.0363,4,-32.039,1,0.0522,0.98,0.697,0.0994,0.0351,141.759,4
4aBW8uatLJcGKI3u7a9TA3,"4SfajLLhVt2uROSEyVBQdx","Down the Delta 147Hz - 149Hz","Binaural Alpha","Letter One",2021-03-11,195000,55,spotify:user:,2022-11-11T13:00:19Z,"sleep",0.133,0.0336,9,-29.588,0,0.0498,0.891,0.571,0.103,0.0517,144.611,4
55MCIV8vcsHVz2ECaveJpT,"6Z65n1gThYKu7yuFqF5XmB","Dreams of the Milky Way","Dreams of the Milky Way","Zarobi",2021-03-10,125015,57,spotify:user:,2022-11-11T13:00:19Z,"sleep",0.22,0.0174,0,-31.847,1,0.0608,0.983,0.806,0.0825,0.0717,66.403,4
5Zlpz6ITS8QTfmFY9RUT4F,"0mF2EOEFiENizRK7E4ybuX","Runic Inscriptions on Parapets","Hall in Bonn","Old Norse",2021-03-08,192000,59,spotify:user:,2022-11-11T13:00:19Z,"sleep",0.145,0.00148,7,-33.379,1,0.0489,0.945,0.809,0.0916,0.037,137.571,3
6LjyIMfDZkn2uY2sLM6Hdk,"5Bnqn1xdZlNk13QC9gc5Tu","Panalipa Bisignatus","Panalipa Bisignatus","Sir Martin Walker",2021-01-18,236000,59,spotify:user:,2022-11-11T13:00:19Z,"sleep",0.14,0.0155,6,-31.517,1,0.0451,0.991,0.722,0.101,0.032,142.751,3
7bj6z4jBc4z0RSUv4lUoru,"3dZZaV34fz4h29XOiXY1v4","Bio-logical","Primary","Soundtopia",2021-01-19,179251,56,spotify:user:,2022-11-11T13:00:19Z,"sleep",0.0763,0.0261,1,-31,1,0.048,0.985,0.976,0.0891,0.0854,178.17,3
4VTYAMP7kQ7YjmGpGtuJBo,"3Ca0AyhocUD897XBmjixrN","Lighthouses - Ambient Version","Lighthouses (Ambient Version)","Felix Werner",2021-01-22,183996,58,spotify:user:,2022-11-11T13:00:19Z,"sleep",0.208,0.0581,2,-27.906,1,0.0502,0.842,0.624,0.109,0.0394,68.942,4
0CwVkwUUCZPYZdj7SafQYL,"5LqmDSsJGx12mu0u8vmj1w","Aurora","Aurora","The Destination",2021-01-18,185769,58,spotify:user:,2022-11-11T13:00:19Z,"sleep",0.165,0.164,0,-20.668,1,0.0433,0.793,0.808,0.107,0.0326,130.222,4
0SHIkGcjuVoAuAbezjBfiT,"06s7ddCmb1OcHlZzu9DzIr","Becalming","Becalming","Rebecka Aether",2021-02-05,190345,63,spotify:user:,2022-11-11T13:00:19Z,"sleep",0.158,0.0186,11,-33.662,0,0.0456,0.992,0.921,0.101,0.0531,135.36,3
7GfmMlse4JgozDkVl3NUdO,"3oRIhCYM75fKWEx2IQUPB0","Fear To Overcome","Calling For Peace","Howling Winds",2021-02-15,186478,55,spotify:user:,2022-11-11T13:00:19Z,"sleep",0.16,0.0341,6,-32.302,1,0.0423,0.96,0.961,0.105,0.0376,132.379,3
0f5IlhiVWUUq4SGHyrRxIt,"1Ww4X8PlwRBiocjYoAoQ4N","Viento Estelar","Galaxia","Universo",2021-01-18,185943,65,spotify:user:,2022-11-11T13:00:19Z,"sleep",0.141,0.0405,3,-29.013,1,0.0382,0.965,0.966,0.0983,0.0378,59.418,4
2Vd91FjcKOHXn8kiFv0gnV,"2HwBdENnqvDpXaeLBMBtqF","Altai","Altai","Sezja",2021-01-08,197500,57,spotify:user:,2022-11-11T13:00:19Z,"sleep",0.182,0.0372,5,-33.001,1,0.0409,0.932,0.816,0.0635,0.078,68.898,3
6D2fyFDu59UbQJO2rgcO9N,"6zoOpIO7PCBlRaOP10TdJc","delta state","binaural beat delta states","nite sky",2021-01-06,181750,56,spotify:user:,2022-11-11T13:00:19Z,"sleep",0.0757,0.00429,2,-38.474,1,0.0553,0.819,0.829,0.111,0.0601,75.47,4
0Ycl08JD5MBn28OPznygwz,"3GrOqlDYHDtloOS3v1cnvD","Spaces","Shimmer","Spirit Minds",2019-09-07,207000,56,spotify:user:,2022-11-11T13:00:19Z,"background music",0.22,0.0514,7,-25.116,0,0.0445,0.986,0.897,0.129,0.0358,80.671,4
1aU0CFHRycE2Va7CVmDZEX,"518pvehpCn4yp3oJJbr6zA","Illa Pancha","Candieira","Huma",2021-01-22,160000,57,spotify:user:,2022-11-11T13:00:19Z,"sleep",0.153,0.0485,9,-29.07,1,0.0422,0.748,0.683,0.111,0.0374,63.351,3
4BhIKcDVeOhkToWfl7k9OG,"1AZbxwiejbmkWYiVfbseXP","Coast of Dreams","Coast of Dreams","Ocean Mysteries",2021-02-05,167850,55,spotify:user:,2022-11-11T13:00:19Z,"sleep",0.249,0.108,0,-23.693,1,0.0445,0.946,0.834,0.096,0.0326,67.952,4
6aXdJ9fD7KLRIQu3TN7LoE,"2pyrI3SOsUuA1iiVe62WU4","Dream Of Flight","Dream Of Flight","Nile Kaufman",2021-03-02,161905,59,spotify:user:,2022-11-11T13:00:19Z,"sleep",0.145,0.097,10,-27.638,1,0.043,0.911,0.887,0.101,0.0751,139.798,5
5MsecUGfxZ2hGBoXPlJUEI,"1U9Zsa9gXKdn6Q31FUbLEh","Imber Night Shift","Imber Night Shift","Imber Ora",2021-02-05,173496,56,spotify:user:,2022-11-11T13:00:19Z,"sleep",0.203,0.0214,5,-28.571,0,0.0417,0.99,0.982,0.108,0.0351,69.748,4
1hyJfBTTlzB2JSCjOlW31o,"3PrmIS6YRTKENfGH4xf8S6","Devine Light","Devine Light","Hatha Priya",2021-02-18,140706,55,spotify:user:,2022-11-11T13:00:19Z,"sleep",0.19,0.0156,5,-30.698,1,0.0445,0.993,0.935,0.103,0.0667,74.385,5
6vZRJSlkmxAEDb51WeqZFC,"4TGwoikKqGTkf6yt1DVSSL","Langeland","Langeland","Felix Langgard",2021-02-22,182337,58,spotify:user:,2022-11-11T13:00:19Z,"sleep",0.0612,0.0941,5,-25.781,1,0.0485,0.821,0.789,0.107,0.0331,65.222,4
4lanwDkWGgvJMgrdfomThw,"1D4JTnffy0RUs0yeRKNSUT","As Seen In Silver Halide","Jibba","Silver Roses",2021-02-02,196000,59,spotify:user:,2022-11-11T13:00:19Z,"sleep",0.185,0.0506,5,-28.107,1,0.0568,0.965,0.897,0.117,0.0767,142.422,5
0vpo0LIlSsiqIWf44ydK2z,"57Inb370WrtJEz0OtdNwiG","Sea Of Colors","Sea Of Colors","Airship Express",2019-11-01,184250,56,spotify:user:,2022-11-11T13:00:19Z,"sleep",0.255,0.118,6,-20.562,1,0.0769,0.963,0.897,0.101,0.109,139.642,4
5Koyh28MrUGgBKCNz8BXvu,"6uYUVrY7fY9B99v4uEqWvZ","Waves in Space","Asterism","Spacewaves",2020-12-11,190451,55,spotify:user:,2022-11-11T13:00:19Z,"sleep",0.203,0.0337,2,-30.031,1,0.0503,0.98,0.934,0.11,0.0364,63.822,4
3xQbeORys8d2PyWuiGqHYI,"2cUKHomZHG6dG3PhDltRSJ","Nomeh","Nomeh","Alisieu",2020-12-11,234000,55,spotify:user:,2022-11-11T13:00:19Z,"sleep",0.147,0.0595,5,-29.13,0,0.0401,0.866,0.885,0.107,0.0487,69.656,4
2zLMOb6Z01X9PLxl09xJ9t,"6H1tyGfLTQzt80IXEGgKAM","Devi Drone","Devi Drone","Phunard",2021-01-27,112198,58,spotify:user:,2022-11-11T13:00:19Z,"sleep",0.208,0.0187,0,-32.373,0,0.0661,0.971,0.879,0.119,0.458,68.983,3
2lRINOduUGo6lyIMP8kUh4,"5CUQzPQ7rkBBtBFWzJ0QkQ","Sleep Drone","Focus Drone","One Stop",2021-01-27,122601,55,spotify:user:,2022-11-11T13:00:19Z,"sleep",0.218,0.0431,2,-34.942,1,0.0454,0.984,0.887,0.111,0.0279,70.707,4
5QxJpxP8HG9UpHgAXt9NcL,"1LNciO7hxkWoSQ3V8OWNQF","Wild Flowers","Deep Healing Sessions Vol 1","Zibra Inguzu",2021-01-29,207236,55,spotify:user:,2022-11-11T13:00:19Z,"background music",0.227,0.209,5,-23.684,0,0.053,0.864,0.906,0.113,0.0582,71.65,1
6jX42MuuKRVoKV0K4LIQkH,"4gaEPQ8r7KJfK9QE9nV0Wa","Determination","Determination","Vishal Casey",2021-01-26,163184,55,spotify:user:,2022-11-11T13:00:19Z,"sleep",0.204,0.0102,4,-31.136,1,0.0365,0.988,0.9,0.0867,0.0376,67.205,4
50dqV0dmuAMzLtEbt09SCp,"0A4UAFw5R9u5z9doUYX0WM","Curves","Curves","Norrona",2020-12-10,194500,59,spotify:user:,2022-11-11T13:00:19Z,"sleep",0.141,0.0732,0,-23.518,1,0.043,0.931,0.913,0.111,0.0315,69.712,4
3LWtE19kpqQemToWcKQ5Z8,"2mymvFlMFTVNqiCP2WAECS","Capotain","Capotain","Gentle Hat Club",2020-12-13,208000,54,spotify:user:,2022-11-11T13:00:19Z,"sleep",0.21,0.0356,2,-26.467,1,0.134,0.989,0.852,0.1,0.083,168.355,5
0ksnXmC80iQhmGHBbvxhyt,"3RMsxLGaCe4mvHEzJER31q","West End","Wings","Universal Balance",2020-11-20,135417,55,spotify:user:,2022-11-11T13:00:19Z,"background music",0.237,0.0814,11,-23.651,0,0.0475,0.99,0.859,0.099,0.033,102.775,4
1GnzjRqS1QnHeA9O7bR5y0,"0CdgdnjNOILlUCUFx0JfWS","Cardboard Gadgets","Cardboard Gadgets","Georg Valeks",2021-02-01,216000,58,spotify:user:,2022-11-11T13:00:19Z,"sleep",0.137,0.0539,0,-27.532,1,0.0422,0.913,0.812,0.0906,0.0573,72.474,4
1ILi7utXdtChPDygqYzAdP,"5G1Q1LkBEWL6WLWjbDHoTe","Colors","Colors","Ashtanga",2021-02-18,191000,55,spotify:user:,2022-11-11T13:00:19Z,"sleep",0.0656,0.119,6,-25.379,0,0.0407,0.821,0.937,0.086,0.0384,71.072,3
6SzQkeooDHWPsdSCpRdqgr,"0auAk2bDx8dTiTPoZcVaeY","Juguete","Juguete","Explorador Sonico",2021-02-12,221016,55,spotify:user:,2022-11-11T13:00:19Z,"sleep",0.113,0.00817,7,-39.941,1,0.043,0.986,0.903,0.107,0.0372,72.923,4
5DH1vidFEjKOWjpwEoI8CS,"4ZZFTeqpq5hugMfAdDh4oZ","Crevice","Crevice","Juhani Ahonen",2021-02-11,159913,58,spotify:user:,2022-11-11T13:00:19Z,"sleep",0.165,0.0386,4,-30.602,0,0.04,0.904,0.869,0.107,0.0451,81.498,4
7vIew2ZVzo2XVNXHxLHWkV,"3zgXwIxfRrDAWL8QYsZcih","Dromen","Dromen","Bedtijd",2021-01-27,106254,58,spotify:user:,2022-11-11T13:00:19Z,"sleep",0.137,0.00779,0,-33.622,1,0.0631,0.994,0.995,0.112,0.0227,141.805,4
5NTUER01OLd8YvsQXuhBFZ,"0eQbWfd6C8ygIpoWvUQHJY","Brain Focus Yoga","Brain Focus Yoga","Sleep Sound Hub",2021-01-27,116657,55,spotify:user:,2022-11-11T13:00:19Z,"sleep",0.0768,0.018,1,-28.181,1,0.044,0.962,0.873,0.11,0.586,68.47,3
7vGRko4f6X3H4EfhwPsIJY,"6OgJnPHALT6sZtk9En6QHj","Des rêves sans fin","Des rêves sans fin","Eric Ardouin",2021-01-29,182144,57,spotify:user:,2022-11-11T13:00:19Z,"sleep",0.177,0.00906,11,-33.48,1,0.046,0.994,0.863,0.0801,0.0475,137.832,3
7sKPbqAPAP4llKXGEXqCaH,"0AVjqSe7ExlC8YpGYMXVfn","Delta Sinus Noise Pad","Delta Sinus Noise Pad","Wiser Noise",2021-01-27,124087,59,spotify:user:,2022-11-11T13:00:19Z,"sleep",0.14,0.0149,6,-30.639,1,0.0596,0.85,0.767,0.115,0.446,68.55,3
5i3gMF4xQnyFWXtmkI1JfD,"0fgYGY8NcvoPXNv21CLlul","Lights Out","Lights Out","Solene Edgar",2021-01-22,173500,55,spotify:user:,2022-11-11T13:00:19Z,"sleep",0.177,0.0652,2,-29.909,0,0.0462,0.972,0.911,0.0802,0.168,72.676,1
4bCf42P2k4fg2bARV81dqt,"2DGtEENrN5vjB1DXzRaL58","Open Fields","Open Fields","Timothy Byrne",2021-01-08,149304,55,spotify:user:,2022-11-11T13:00:19Z,"sleep",0.104,0.0146,10,-33.509,1,0.0459,0.945,0.89,0.106,0.0373,90.82,4
0oZcBTfv9wd9Oh2JBicCmz,"7DcQEPYqfl3Nx3yBwfozPF","Shimmer in the Morning","Shimmer in the Morning","Sola Vimi",2021-01-22,126097,59,spotify:user:,2022-11-11T13:00:19Z,"sleep",0.204,0.0308,7,-29.613,1,0.0483,0.975,0.966,0.102,0.0367,35.862,3
2sf4TXYzqSRdxfwu5auS6r,"4RxXXiPn3BQ1PxUnmygCLA","Nebula","Star Ascent","Orla and the Stars",2020-11-14,197000,58,spotify:user:,2022-11-11T13:00:19Z,"sleep",0.139,0.0986,5,-30.243,1,0.0395,0.938,0.52,0.0962,0.187,141.742,4
6eua7DXiCZaYulrVuPI3i7,"2u7J0lL8WdlZBR6SqfyGFb","A Waiting","Delusion","Even Massi",2020-12-10,133793,58,spotify:user:,2022-11-11T13:00:19Z,"sleep",0.171,0.00552,0,-34.587,1,0.0422,0.912,0.871,0.109,0.0909,73.031,3
2gMo97mAY1eW2iJ8fF6sDw,"6HRgy5lTTh6w2SpMq2cCcP","Bella","Salute","Massimu",2020-12-07,220874,55,spotify:user:,2022-11-11T13:00:19Z,"sleep",0.0707,0.0549,9,-27.495,0,0.0557,0.519,0.846,0.114,0.043,76.712,3
1MyNYs0OhpaT6ZAfuKY9Ds,"2SMuzSMGO396SBRMXGZjE5","Fekerayo","Fekerayo","Cleantha",2020-12-04,203000,55,spotify:user:,2022-11-11T13:00:19Z,"sleep",0.193,0.0678,0,-23.574,1,0.0427,0.927,0.968,0.108,0.035,87.969,4
3r1ZQqUe14xxssPt2Rkd6j,"3PUoyrYPm3P6HQAPEFwdyg","Sleepy Journey","Sleepy Journey","Cokobi",2020-12-05,170700,64,spotify:user:,2022-11-11T13:00:19Z,"sleep",0.198,0.0397,4,-31.777,1,0.0385,0.872,0.952,0.107,0.0392,80.986,1
3clWNXDjKPbqvGviyo1Asg,"0dpYklrmz6pA7Yc3w48IPk","Passing Through","Millons of Trees","Flying Rivers",2020-11-13,153346,56,spotify:user:,2022-11-11T13:00:19Z,"sleep",0.155,0.101,0,-24.592,1,0.0518,0.722,0.779,0.0969,0.0271,139.744,4
1DOG1X3H2A6g6WN5ZQTLaR,"0GipzWTQjjaxqU7mtmNq2o","Sterrenhemel","Sterrenhemel","Pauline Huijbers",2020-11-06,196874,56,spotify:user:,2022-11-11T13:00:19Z,"sleep",0.112,0.013,5,-34.821,1,0.0457,0.892,0.722,0.101,0.07,71.801,3
6f2CmmgE9LM9MpyF5qJVu9,"49SU4KDi7vYuSfqsylFe6g","Atmosphere","Atmosphere","BLVKSHP",2020-07-28,68040,57,spotify:user:,2022-11-11T13:00:19Z,"sleep,trap beats",0.0954,0.0847,0,-26.166,1,0.0456,0.969,0.887,0.0826,0.0356,164.752,3
1GfdC8GouQqL0RKKzgIhXw,"7MWB4y39Fn6YnVIyxdv77K","Heavenly Harps","Deep Space","Matooma",2020-01-16,184714,58,spotify:user:,2022-11-11T13:00:19Z,"ambient",0.207,0.0537,0,-26.829,1,0.043,0.993,0.953,0.0991,0.0325,68.227,4
29jNOcTJP8rfJYWF3kxMBh,"0MRToWkw1xIpe2XZZbf1tG","Bloom","Shimmer","Dreamspot",2020-10-15,174038,55,spotify:user:,2022-11-11T13:00:19Z,"sleep",0.104,0.103,10,-23.676,1,0.0383,0.841,0.838,0.104,0.0594,88.059,3
7AEDjEJ3rLenGvEMTBPPzR,"6qIThryE8kmwkl6RfPdhHI","Drifting Apart","Drifting Apart","Malik Jeremiassen",2020-10-16,170250,54,spotify:user:,2022-11-11T13:00:19Z,"sleep",0.0746,0.0774,0,-26.976,1,0.0506,0.947,0.939,0.0852,0.0423,74.151,4
5HkG3ZdLOVZQI4rpUdGZCa,"3N5bWM0Opalb3v1tWy6NJn","Ljusa Drömmar","Ljusa Drömmar","Eleonora Feldt",2020-11-19,158982,57,spotify:user:,2022-11-11T13:00:19Z,"sleep",0.156,0.00453,9,-34.118,1,0.0404,0.994,0.91,0.0741,0.0619,73.865,3
6YHg42gULO5UiwXS2QJAmt,"7truXesPB3lxuCDpUwRqGh","Seneca Rise","Seneca Rise","Sky Wishes",2020-11-10,157800,57,spotify:user:,2022-11-11T13:00:19Z,"sleep",0.241,0.155,0,-23.99,1,0.0555,0.29,0.908,0.115,0.182,85.6,1
4KjUpdQieoX0475pPHZBum,"7CHSbRQykU4I2Tv5ebez6r","The Surname of Penton","The Surname of Penton","machine ii",2020-10-19,217655,57,spotify:user:,2022-11-11T13:00:19Z,"sleep",0.165,0.00509,9,-34.734,1,0.0428,0.991,0.779,0.0992,0.0312,75.239,3
6fKAXHHXXu0IrgNbOASoFS,"6KjzMG22RTsrSCmy71Ok0N","Peace and Quiet","Peace and Quiet","Zen Atlas",2020-11-03,210000,59,spotify:user:,2022-11-11T13:00:19Z,"sleep",0.135,0.0385,0,-29.121,1,0.0457,0.284,0.74,0.111,0.0329,70.439,4
5zeo2UddrkVqbHg7dt3jYb,"5SPUYIgR6Gpno3V0FACiRf","Self-Reflection","Self-Reflection","Apech",2020-11-05,170871,59,spotify:user:,2022-11-11T13:00:19Z,"sleep",0.145,0.0114,8,-37.291,1,0.0382,0.962,0.901,0.114,0.0362,71.013,4
0e3Pzob0dTYuUoZTs4iwpr,"6340hzyqmfpcSbPZLFC1Gf,4wZuWc5z66z9KM6Idhgpa3","Ethereal","Ethereal","Threedust,Concept15",2020-08-27,152236,57,spotify:user:,2022-11-11T13:00:19Z,"chill beats,sleep",0.144,0.0446,6,-31.839,0,0.0376,0.947,0.723,0.123,0.0315,139.469,5
12qiIPwFmB7J7Ufmru88XD,"5nhT90eO0VFPDhiBS7tuOE","Mission Control","One Astronaut","Astor Petra",2020-10-21,192000,54,spotify:user:,2022-11-11T13:00:19Z,"sleep",0.159,0.128,0,-21.972,1,0.0457,0.378,0.875,0.118,0.0392,69.02,3
2eelYEZLIgBo2teCZ1HoMg,"7ob7fE7T9MFx8x6YvaxStb","Inside Preciousness","Continuum","Mindezer",2020-09-13,231688,54,spotify:user:,2022-11-11T13:00:19Z,"sleep",0.191,0.0417,2,-28.239,0,0.0374,0.947,0.953,0.102,0.0993,89.732,4
5XpGnwCqMlGFi1x4YdlKFE,"68sYM79L5H6v9c3x6IC0XD","Deep Dive","Deep Dive","Ambienetic",2020-11-05,161886,55,spotify:user:,2022-11-11T13:00:19Z,"sleep",0.26,0.124,11,-23.815,1,0.0321,0.967,0.847,0.0939,0.167,70.057,4
3rKCZIXrsC7T6XPJhXKAQJ,"6KPAXAMmjjuL3dlucR4I29","State of Unreality","State of Unreality","Lugar",2020-10-14,161379,56,spotify:user:,2022-11-11T13:00:19Z,"sleep",0.0621,0.0402,5,-29.003,1,0.055,0.784,0.855,0.113,0.0362,69.037,4
7fP6eS6gtTs0xSAE9LvyEq,"6XrReT7PSQUBR0LipHQxMn","Arp Of Life","Á Eftir","Bjørg Stigbjørnson",2020-05-15,198162,58,spotify:user:,2022-11-11T13:00:19Z,"sleep",0.183,0.0367,0,-31.018,1,0.0375,0.841,0.877,0.115,0.0389,70.412,4
1C5muG3s6lQuIExxm1jItV,"01q7ajYufxitw2xk6V6Sju","Liven","LiKKma","LiKKma",2020-05-15,222960,56,spotify:user:,2022-11-11T13:00:19Z,"sleep",0.151,0.0203,3,-35.694,1,0.0418,0.969,0.808,0.111,0.0359,71.651,4
6ZF8463e4x5adudYv6VPMp,"78E2eTF9jgp4w9XyfL44RB","Magnetic View","Delta Dreams","Polyphonic Grain",2020-08-26,217669,54,spotify:user:,2022-11-11T13:00:19Z,"sleep",0.171,0.0755,5,-29.598,1,0.0492,0.827,0.632,0.107,0.267,74.955,4
