Spotify ID,Artist IDs,Track Name,Album Name,Artist Name(s),Release Date,Duration (ms),Popularity,Added By,Added At,Genres,Danceability,Energy,Key,Loudness,Mode,Speechiness,Acousticness,Instrumentalness,Liveness,Valence,Tempo,Time Signature
62d6YXEYxmMWAuLpw1EysL,"4fxd5Ee7UefO4CUXgwJ7IP","Garden Kisses","Garden Kisses","Giveon",2018-08-08,195405,66,spotify:user:viezdn04tqp6by8pxzcylx5cq,2021-04-21T02:41:00Z,"pop,r&b",0.478,0.373,5,-9.505,1,0.0317,0.915,0.00000636,0.128,0.354,120.129,4
4rHIfYRQw6ittRQXAlurk0,"4fxd5Ee7UefO4CUXgwJ7IP","Favorite Mistake","TAKE TIME","Giveon",2020-03-27,172907,68,spotify:user:viezdn04tqp6by8pxzcylx5cq,2021-04-21T02:41:21Z,"pop,r&b",0.535,0.409,7,-9.517,0,0.0855,0.777,0,0.129,0.138,170.123,4
4mwiRPRAUSSFD6lJ86m98B,"3tlXnStJ1fFhdScmQeLpuG","Stay Down","Sonder Son","Brent Faiyaz",2017-10-13,207325,62,spotify:user:viezdn04tqp6by8pxzcylx5cq,2021-04-21T02:41:25Z,"dmv rap,hip hop,pop,r&b,rap",0.551,0.301,11,-13.065,1,0.111,0.617,0.000011,0.136,0.488,84.695,4
6Nle9hKrkL1wQpwNfEkxjh,"2h93pZq0e7k5yf4dywlkpM","Chanel","Chanel","Frank Ocean",2017-03-10,210285,77,spotify:user:viezdn04tqp6by8pxzcylx5cq,2021-04-21T02:42:06Z,"hip hop,lgbtq+ hip hop,neo soul,pop",0.776,0.503,0,-5.732,0,0.237,0.874,0,0.112,0.473,110.134,4
19YKaevk2bce4odJkP5L22,"2h93pZq0e7k5yf4dywlkpM","Nikes","Blonde","Frank Ocean",2016-08-20,314075,71,spotify:user:viezdn04tqp6by8pxzcylx5cq,2021-04-21T02:42:16Z,"hip hop,lgbtq+ hip hop,neo soul,pop",0.633,0.395,8,-9.638,1,0.0857,0.692,0.000222,0.108,0.123,138.023,4
1hz7SRTGUNAtIQ46qiNv2p,"4V8LLVI7PbaPR0K2TGSxFF","GONE, GONE / THANK YOU","IGOR","Tyler, The Creator",2019-05-17,375386,77,spotify:user:viezdn04tqp6by8pxzcylx5cq,2021-04-21T02:42:37Z,"hip hop,rap",0.518,0.492,10,-8.436,0,0.193,0.216,0.0012,0.146,0.471,78.848,4
2LMkwUfqC6S6s6qDVlEuzV,"2h93pZq0e7k5yf4dywlkpM","White Ferrari","Blonde","Frank Ocean",2016-08-20,248807,77,spotify:user:viezdn04tqp6by8pxzcylx5cq,2021-04-21T02:43:03Z,"hip hop,lgbtq+ hip hop,neo soul,pop",0.501,0.0958,0,-15.605,1,0.0433,0.77,0,0.298,0.204,108.741,4
0PXp9QxBfSKGGpWUNaws2X,"7mDU6nMUJnOSY2Hkjz5oqM,3TVXtAsR1Inumwj472S9r4","Drama (feat. Drake)","Exis","Roy Woods,Drake",2015-07-31,251859,74,spotify:user:viezdn04tqp6by8pxzcylx5cq,2021-04-21T02:43:07Z,"canadian contemporary r&b,canadian hip hop,pop rap,r&b,trap,trap soul,canadian pop,hip hop,rap,toronto rap",0.709,0.362,11,-9.814,1,0.055,0.157,0,0.109,0.113,122.043,4
35r28RDot7nPE7y9K9H7l0,"246dkjvS1zLTtiykXe5h60","Feeling Whitney","Stoney (Deluxe)","Post Malone",2016-12-09,257266,75,spotify:user:viezdn04tqp6by8pxzcylx5cq,2021-04-21T02:43:12Z,"dfw rap,melodic rap,rap",0.412,0.227,0,-12.696,1,0.0359,0.787,0.00000469,0.282,0.226,80.111,4
6n3HGiq4v35D6eFOSwqYuo,"3TVXtAsR1Inumwj472S9r4","Teenage Fever","More Life","Drake",2017-03-18,219692,80,spotify:user:viezdn04tqp6by8pxzcylx5cq,2021-04-21T02:43:20Z,"canadian hip hop,canadian pop,hip hop,rap,toronto rap",0.766,0.283,8,-10.33,0,0.0846,0.111,0.0172,0.115,0.144,97.04,4
5hVghJ4KaYES3BFUATCYn0,"4V8LLVI7PbaPR0K2TGSxFF","EARFQUAKE","IGOR","Tyler, The Creator",2019-05-17,190066,80,spotify:user:viezdn04tqp6by8pxzcylx5cq,2021-04-21T02:43:22Z,"hip hop,rap",0.554,0.498,9,-8.866,1,0.0685,0.23,0.00000598,0.795,0.413,79.635,4
4BhGTc3Cgay2U1QcTS7vQe,"3TVXtAsR1Inumwj472S9r4","Fire & Desire","Views","Drake",2016-05-06,238120,69,spotify:user:viezdn04tqp6by8pxzcylx5cq,2021-04-21T02:43:32Z,"canadian hip hop,canadian pop,hip hop,rap,toronto rap",0.722,0.252,1,-14.411,0,0.0761,0.0671,0,0.0852,0.275,79.923,4
4c2xt1trwYZpMqPWY35Xi9,"3TVXtAsR1Inumwj472S9r4","Jaded","Scorpion","Drake",2018-06-29,262453,67,spotify:user:viezdn04tqp6by8pxzcylx5cq,2021-04-21T02:43:37Z,"canadian hip hop,canadian pop,hip hop,rap,toronto rap",0.764,0.271,0,-5.697,1,0.0414,0.037,0,0.175,0.0371,116.019,4
2KvHC9z14GSl4YpkNMX384,"3TVXtAsR1Inumwj472S9r4","Do Not Disturb","More Life","Drake",2017-03-18,283550,75,spotify:user:viezdn04tqp6by8pxzcylx5cq,2021-04-21T02:43:38Z,"canadian hip hop,canadian pop,hip hop,rap,toronto rap",0.618,0.693,7,-5.943,0,0.45,0.246,0,0.112,0.454,170.982,4
2fkeWbM6iqTw7oGHTYm2lw,"3TVXtAsR1Inumwj472S9r4,2WoVwexZuODvclzULjPQtm","4422","More Life","Drake,Sampha",2017-03-18,186293,66,spotify:user:viezdn04tqp6by8pxzcylx5cq,2021-04-21T02:43:45Z,"canadian hip hop,canadian pop,hip hop,rap,toronto rap,indie soul",0.609,0.229,11,-12.36,0,0.0333,0.558,0.0413,0.113,0.19,111.887,4
0qtK3XwbuG153dmwB8iepL,"4V8LLVI7PbaPR0K2TGSxFF","Glitter","Flower Boy","Tyler, The Creator",2017-07-21,224893,70,spotify:user:viezdn04tqp6by8pxzcylx5cq,2021-04-21T02:43:52Z,"hip hop,rap",0.449,0.434,1,-11.777,1,0.243,0.306,0.00000276,0.633,0.371,78.57,5
4bEcoz1OcfMgUbp2ft8ieQ,"4V8LLVI7PbaPR0K2TGSxFF,2h93pZq0e7k5yf4dywlkpM,57vWImR43h4CaDao012Ofp","911 / Mr. Lonely (feat. Frank Ocean & Steve Lacy)","Flower Boy","Tyler, The Creator,Frank Ocean,Steve Lacy",2017-07-21,255653,73,spotify:user:viezdn04tqp6by8pxzcylx5cq,2021-04-21T02:44:02Z,"hip hop,rap,lgbtq+ hip hop,neo soul,pop,afrofuturism",0.48,0.61,0,-7.042,1,0.305,0.0456,0,0.313,0.297,90.034,4
3sMC6vfTTSa0mMAPTwzDVD,"3TVXtAsR1Inumwj472S9r4","I Get Lonely","Care Package","Drake",2019-08-02,253561,53,spotify:user:viezdn04tqp6by8pxzcylx5cq,2021-04-21T02:44:20Z,"canadian hip hop,canadian pop,hip hop,rap,toronto rap",0.477,0.501,11,-9.178,0,0.0398,0.706,0.00000561,0.0953,0.689,81.376,4
11L064movtyopGdLiX4sVg,"3TVXtAsR1Inumwj472S9r4","Peak","Scorpion","Drake",2018-06-29,206026,58,spotify:user:viezdn04tqp6by8pxzcylx5cq,2021-04-21T02:44:21Z,"canadian hip hop,canadian pop,hip hop,rap,toronto rap",0.687,0.218,9,-13.539,0,0.0388,0.85,0.000125,0.106,0.269,91.991,4
41a7dZcq30Ss5kPMayWRV0,"3TVXtAsR1Inumwj472S9r4","That’s How You Feel","Scorpion","Drake",2018-06-29,157605,64,spotify:user:viezdn04tqp6by8pxzcylx5cq,2021-04-21T02:44:24Z,"canadian hip hop,canadian pop,hip hop,rap,toronto rap",0.85,0.473,10,-5.747,0,0.209,0.117,0.0103,0.108,0.38,85.454,4
7KA4W4McWYRpgf0fWsJZWB,"4V8LLVI7PbaPR0K2TGSxFF,1U1el3k54VvEUzo3ybLPlM","See You Again (feat. Kali Uchis)","Flower Boy","Tyler, The Creator,Kali Uchis",2017-07-21,180386,84,spotify:user:viezdn04tqp6by8pxzcylx5cq,2021-04-21T02:44:49Z,"hip hop,rap,colombian pop,pop",0.558,0.559,6,-9.222,1,0.0959,0.371,0.00000749,0.109,0.62,78.558,4
7eqoqGkKwgOaWNNHx90uEZ,"2h93pZq0e7k5yf4dywlkpM","Nights","Blonde","Frank Ocean",2016-08-20,307151,78,spotify:user:viezdn04tqp6by8pxzcylx5cq,2021-04-21T02:44:50Z,"hip hop,lgbtq+ hip hop,neo soul,pop",0.457,0.551,5,-9.36,0,0.167,0.427,0.00000115,0.113,0.428,89.87,4
371H6HjS4SXGbQ9IVfFUIL,"2h93pZq0e7k5yf4dywlkpM","Lens","Lens","Frank Ocean",2017-04-23,227654,57,spotify:user:viezdn04tqp6by8pxzcylx5cq,2021-04-21T02:44:56Z,"hip hop,lgbtq+ hip hop,neo soul,pop",0.681,0.333,9,-8.582,1,0.0974,0.588,0,0.086,0.564,118.05,4
0NjW4SKY3gbfl2orl1p8hr,"4V8LLVI7PbaPR0K2TGSxFF,2RdwBSPQiwcmiDo9kixcl8","IFHY (feat. Pharrell)","Wolf","Tyler, The Creator,Pharrell Williams",2013-04-01,319253,71,spotify:user:viezdn04tqp6by8pxzcylx5cq,2021-04-21T02:45:04Z,"hip hop,rap,pop rap",0.358,0.715,7,-6.181,1,0.331,0.197,0,0.581,0.275,85.478,4
1IF5UcqRO42D12vYwceOY6,"6KImCVD70vtIoJWnq6nGn3","From the Dining Table","Harry Styles","Harry Styles",2017-05-12,211960,73,spotify:user:viezdn04tqp6by8pxzcylx5cq,2021-04-30T01:36:14Z,"pop",0.671,0.156,8,-16.288,1,0.0371,0.804,0.0518,0.113,0.201,94.08,4
2EliNOReCRCe1ynR6G8yeT,"06HL4z0CvFAxyc27GXpf02","champagne problems","the dropped your hand while dancing chapter","Taylor Swift",2021-01-21,244000,39,spotify:user:viezdn04tqp6by8pxzcylx5cq,2021-04-30T01:36:27Z,"pop",0.462,0.242,0,-12.077,1,0.0376,0.921,0,0.113,0.32,171.352,4
4bCIt1XfHHGWo1UHKM11y9,"3AQRLZ9PuTAozP28Skbq8V","Breakeven","The Script","The Script",2008-09-08,261426,0,spotify:user:viezdn04tqp6by8pxzcylx5cq,2021-04-30T01:37:31Z,"celtic rock,neo mellow,pop,pop rock,uk pop",0.63,0.698,10,-4.51,1,0.0244,0.173,0,0.0789,0.529,94.023,4
1vrd6UOGamcKNGnSHJQlSt,"06HL4z0CvFAxyc27GXpf02","Love Story","Fearless","Taylor Swift",2008-11-11,235266,68,spotify:user:viezdn04tqp6by8pxzcylx5cq,2021-04-30T01:37:36Z,"pop",0.618,0.741,2,-3.95,1,0.031,0.17,0,0.0822,0.296,118.984,4
0FtuxFKzjbVCQAA3UQZXll,"20WmX0l9JgOpehDOAXY6iO","Crush","B.L.I.S.S.","Souly Had",2019-08-16,159813,57,spotify:user:viezdn04tqp6by8pxzcylx5cq,2021-05-28T22:22:43Z,"indie r&b",0.756,0.517,0,-8.122,1,0.0996,0.341,0.0000268,0.103,0.267,110.064,1
1HNs07uZxZniPNmniw2GTa,"6l3HvQ5sa6mXTsMTB19rO5","Apparently","2014 Forest Hills Drive","J. Cole",2014-12-09,293040,19,spotify:user:viezdn04tqp6by8pxzcylx5cq,2021-05-28T22:25:04Z,"conscious hip hop,hip hop,north carolina hip hop,rap",0.8,0.543,5,-9.236,1,0.0911,0.564,0,0.116,0.534,133.98,4
6Ius4TC0L3cN74HT7ENE6e,"6l3HvQ5sa6mXTsMTB19rO5","Wet Dreamz","2014 Forest Hills Drive","J. Cole",2014-12-09,239320,4,spotify:user:viezdn04tqp6by8pxzcylx5cq,2021-05-28T22:25:08Z,"conscious hip hop,hip hop,north carolina hip hop,rap",0.517,0.705,6,-8.205,0,0.364,0.0751,0,0.128,0.584,175.906,4
62vpWI1CHwFy7tMIcSStl8,"6l3HvQ5sa6mXTsMTB19rO5","No Role Modelz","2014 Forest Hills Drive","J. Cole",2014-12-09,292986,9,spotify:user:viezdn04tqp6by8pxzcylx5cq,2021-05-28T22:25:10Z,"conscious hip hop,hip hop,north carolina hip hop,rap",0.692,0.521,10,-8.465,0,0.33,0.301,0,0.0565,0.463,100.45,4
2tUL6dZf1mywCj5WvCPZw6,"3TVXtAsR1Inumwj472S9r4","No Friends In The Industry","Certified Lover Boy","Drake",2021-09-03,204346,73,spotify:user:viezdn04tqp6by8pxzcylx5cq,2022-01-08T23:02:07Z,"canadian hip hop,canadian pop,hip hop,rap,toronto rap",0.84,0.744,1,-4.751,1,0.113,0.0181,0,0.629,0.171,83.737,4
6jy9yJfgCsMHdu2Oz4BGKX,"3TVXtAsR1Inumwj472S9r4","Papi’s Home","Certified Lover Boy","Drake",2021-09-03,178623,69,spotify:user:viezdn04tqp6by8pxzcylx5cq,2022-01-08T23:02:59Z,"canadian hip hop,canadian pop,hip hop,rap,toronto rap",0.701,0.741,2,-6.157,1,0.313,0.112,0,0.699,0.588,140.177,4
0FnxK9FEAQyPJ284QcieNb,"3TVXtAsR1Inumwj472S9r4","5 Am in Toronto","Care Package","Drake",2019-08-02,205264,58,spotify:user:viezdn04tqp6by8pxzcylx5cq,2022-01-08T23:04:34Z,"canadian hip hop,canadian pop,hip hop,rap,toronto rap",0.555,0.88,11,-4.325,0,0.265,0.0678,0,0.0723,0.391,87.195,4
6GnhWMhgJb7uyiiPEiEkDA,"4LLpKhyESsyAXpc4laK94U,360IAlyVv4PCEVjgyMZrxK","Weekend (feat. Miguel)","GO:OD AM","Mac Miller,Miguel",2015-09-18,208080,76,spotify:user:viezdn04tqp6by8pxzcylx5cq,2022-01-08T23:07:23Z,"hip hop,pittsburgh rap,rap,dance pop,pop,r&b,urban contemporary",0.843,0.435,8,-8.442,1,0.178,0.47,0,0.147,0.19,120.058,4
56XhZKFVFeylLeAELp6pdE,"4LLpKhyESsyAXpc4laK94U","Best Day Ever","Best Day Ever (5th Anniversary Remastered Edition)","Mac Miller",2016-06-03,159119,62,spotify:user:viezdn04tqp6by8pxzcylx5cq,2022-01-08T23:07:36Z,"hip hop,pittsburgh rap,rap",0.223,0.572,9,-4.531,1,0.0461,0.0401,0,0.216,0.0681,175.028,4
3DK6m7It6Pw857FcQftMds,"5K4W6rqBFWDnAN6FQUkS6x,0ONHkAv9pCAFxb0zJwDNTy","Runaway","My Beautiful Dark Twisted Fantasy","Kanye West,Pusha T",2010-11-22,547733,78,spotify:user:viezdn04tqp6by8pxzcylx5cq,2022-01-08T23:08:19Z,"chicago rap,rap,alternative hip hop,hip hop,pop rap,southern hip hop,trap,underground hip hop,virginia hip hop",0.374,0.568,1,-3.825,0,0.109,0.219,0.00219,0.513,0.111,84.733,4
5nIu0VwPOsjkF61zfevLKh,"5K4W6rqBFWDnAN6FQUkS6x","Hold My Liquor","Yeezus","Kanye West",2013-06-18,326946,64,spotify:user:viezdn04tqp6by8pxzcylx5cq,2022-01-08T23:08:39Z,"chicago rap,rap",0.497,0.322,8,-10.358,1,0.0333,0.0194,0.00000772,0.115,0.04,106.976,4
23SZWX2IaDnxmhFsSLvkG2,"5K4W6rqBFWDnAN6FQUkS6x,0fA0VVWsXO9YnASrzqfmYu,2yQf6b8hxahZaT5dHlWaB1","Gorgeous","My Beautiful Dark Twisted Fantasy","Kanye West,Kid Cudi,Raekwon",2010-11-22,357653,70,spotify:user:viezdn04tqp6by8pxzcylx5cq,2022-01-08T23:08:53Z,"chicago rap,rap,hip hop,ohio hip hop,alternative hip hop,east coast hip hop,gangster rap,hardcore hip hop,southern hip hop",0.598,0.713,6,-3.625,0,0.0326,0.0207,0.000175,0.431,0.118,91.964,4
2Fw5S2gaOSZzdN5dFoC2dj,"2YZyLoL8N0Wb9xBt1NhZWg","A.D.H.D","Section.80","Kendrick Lamar",2011-07-02,215509,71,spotify:user:viezdn04tqp6by8pxzcylx5cq,2022-01-08T23:09:27Z,"conscious hip hop,hip hop,rap,west coast rap",0.609,0.799,9,-6.883,1,0.24,0.33,0,0.108,0.582,157.74,4
78T9DulqSBWqkaxczcGBfk,"0fA0VVWsXO9YnASrzqfmYu","Man On The Moon","Man On The Moon: The End Of Day (Deluxe)","Kid Cudi",2009-01-01,210893,60,spotify:user:viezdn04tqp6by8pxzcylx5cq,2022-01-08T23:09:58Z,"hip hop,ohio hip hop,rap",0.649,0.659,0,-8.924,1,0.066,0.638,0.0000271,0.359,0.497,90.991,4
03MWa1FMygR3RrQoQytsjS,"0fA0VVWsXO9YnASrzqfmYu","Cudi Zone","Man On The Moon: The End Of Day (Deluxe)","Kid Cudi",2009-01-01,259040,62,spotify:user:viezdn04tqp6by8pxzcylx5cq,2022-01-08T23:10:15Z,"hip hop,ohio hip hop,rap",0.706,0.691,9,-5.86,0,0.0338,0.546,0.0000013,0.366,0.597,134.751,4
2TR4i8WMnnoCPjpZ51yifw,"4LLpKhyESsyAXpc4laK94U","My Team","Blue Slide Park","Mac Miller",2011-11-08,145127,44,spotify:user:viezdn04tqp6by8pxzcylx5cq,2022-01-08T23:11:37Z,"hip hop,pittsburgh rap,rap",0.698,0.758,11,-7.228,1,0.161,0.0422,0,0.157,0.346,105.014,4
0oA9wBGDY4uyILLg4GymWP,"23xqmJEN3oVxwzqtNIyR5m,5wD0owYApRtYmjPWavWKvb","Tom's Diner","Tom's Diner","AnnenMayKantereit,Giant Rooks",2019-06-28,269333,76,spotify:user:viezdn04tqp6by8pxzcylx5cq,2022-04-25T01:38:03Z,"cologne indie,german singer-songwriter",0.68,0.428,6,-8.107,0,0.135,0.376,0.000344,0.355,0.334,98.222,4
3GZD6HmiNUhxXYf8Gch723,"2h93pZq0e7k5yf4dywlkpM","Lost","channel ORANGE","Frank Ocean",2012-07-10,234093,84,spotify:user:viezdn04tqp6by8pxzcylx5cq,2022-07-22T15:25:51Z,"hip hop,lgbtq+ hip hop,neo soul,pop",0.913,0.603,8,-4.892,1,0.226,0.0272,0.000503,0.167,0.497,123.061,4
4QhWbupniDd44EDtnh2bFJ,"2h93pZq0e7k5yf4dywlkpM","Pyramids","channel ORANGE","Frank Ocean",2012-07-10,592920,72,spotify:user:viezdn04tqp6by8pxzcylx5cq,2022-07-22T15:26:18Z,"hip hop,lgbtq+ hip hop,neo soul,pop",0.4,0.65,5,-6.104,0,0.0466,0.0118,0.0000762,0.791,0.15,107.989,4
1xLs8Mu1QEVbGCpyHQ2r2U,"6USv9qhCn6zfxlBQIYJ9qs","Why","What Could Possibly Go Wrong","Dominic Fike",2020-07-31,139906,69,spotify:user:viezdn04tqp6by8pxzcylx5cq,2022-07-22T15:26:21Z,"alternative pop rock,pop",0.684,0.856,6,-2.676,1,0.0411,0.342,0.00728,0.109,0.343,117.027,4
4YZbVct8l9MnAVIROnLQdx,"2h93pZq0e7k5yf4dywlkpM","Forrest Gump","channel ORANGE","Frank Ocean",2012-07-10,194840,67,spotify:user:viezdn04tqp6by8pxzcylx5cq,2022-07-22T15:26:24Z,"hip hop,lgbtq+ hip hop,neo soul,pop",0.701,0.417,6,-7.818,0,0.0329,0.0888,0.000648,0.375,0.186,95.003,4
7yNf9YjeO5JXUE3JEBgnYc,"6USv9qhCn6zfxlBQIYJ9qs","Babydoll","Don't Forget About Me, Demos","Dominic Fike",2018-10-16,97960,75,spotify:user:viezdn04tqp6by8pxzcylx5cq,2022-07-22T15:26:37Z,"alternative pop rock,pop",0.762,0.604,7,-5.296,0,0.11,0.114,0,0.0271,0.847,168.007,4
7rNun2AyLu4u4rQpRt0iS9,"6USv9qhCn6zfxlBQIYJ9qs","Westcoast Collective","Don't Forget About Me, Demos","Dominic Fike",2018-10-16,107280,61,spotify:user:viezdn04tqp6by8pxzcylx5cq,2022-07-22T15:26:48Z,"alternative pop rock,pop",0.682,0.571,1,-7.169,0,0.0271,0.542,0.00757,0.339,0.539,91.97,4
5SkRLpaGtvYPhw02vZhQQ9,"5K4W6rqBFWDnAN6FQUkS6x,1lE6SEy8f84Zhjvp7r8yTD","All Falls Down","The College Dropout","Kanye West,Syleena Johnson",2004-02-10,223506,79,spotify:user:viezdn04tqp6by8pxzcylx5cq,2022-07-22T15:27:06Z,"chicago rap,rap,contemporary r&b,hip pop,neo soul,r&b,urban contemporary",0.657,0.734,8,-4.832,0,0.484,0.149,0,0.139,0.434,91.03,4
1HwbgJAU9PZ7YbzKgVgoIF,"2h93pZq0e7k5yf4dywlkpM","Sierra Leone","channel ORANGE","Frank Ocean",2012-07-10,148760,64,spotify:user:viezdn04tqp6by8pxzcylx5cq,2022-07-22T15:28:11Z,"hip hop,lgbtq+ hip hop,neo soul,pop",0.529,0.608,7,-7.809,1,0.0811,0.166,0.0185,0.109,0.616,125.017,4
6MEDfjHxnVNcYmHe3mM6L2,"2h93pZq0e7k5yf4dywlkpM","Sweet Life","channel ORANGE","Frank Ocean",2012-07-10,262680,66,spotify:user:viezdn04tqp6by8pxzcylx5cq,2022-07-22T15:28:12Z,"hip hop,lgbtq+ hip hop,neo soul,pop",0.479,0.558,11,-6.074,1,0.179,0.227,0,0.0808,0.8,83.465,4
2pMPWE7PJH1PizfgGRMnR9,"2h93pZq0e7k5yf4dywlkpM","Bad Religion","channel ORANGE","Frank Ocean",2012-07-10,175453,65,spotify:user:viezdn04tqp6by8pxzcylx5cq,2022-07-22T15:28:30Z,"hip hop,lgbtq+ hip hop,neo soul,pop",0.359,0.367,9,-7.684,1,0.0335,0.738,0.00000143,0.0736,0.104,83.331,4
4sNG6zQBmtq7M8aeeKJRMQ,"2D4FOOOtWycb3Aw9nY5n3c","Brazil","What Do You Think About the Car?","Declan McKenna",2017-07-21,252306,78,spotify:user:viezdn04tqp6by8pxzcylx5cq,2022-07-22T15:28:41Z,"indie pop,modern alternative rock,modern rock,rock",0.687,0.617,4,-5.213,1,0.0287,0.0941,0.0000127,0.0898,0.665,121.079,4
4osgfFTICMkcGbbigdsa53,"2h93pZq0e7k5yf4dywlkpM","Novacane","Novacane","Frank Ocean",2011-01-01,302346,80,spotify:user:viezdn04tqp6by8pxzcylx5cq,2022-07-22T15:30:05Z,"hip hop,lgbtq+ hip hop,neo soul,pop",0.762,0.508,3,-9.112,1,0.0919,0.0584,0.00126,0.16,0.37,93.51,4
6Nw1WHydftZy2joT2nTiCR,"6l3HvQ5sa6mXTsMTB19rO5,2wIVse2owClT7go1WT98tk","Nobody's Perfect","Cole World: The Sideline Story","J. Cole,Missy Elliott",2011-09-27,190653,65,spotify:user:viezdn04tqp6by8pxzcylx5cq,2022-07-22T15:30:38Z,"conscious hip hop,hip hop,north carolina hip hop,rap,dance pop,hip pop,pop rap,r&b,urban contemporary,virginia hip hop",0.793,0.498,8,-11.208,0,0.17,0.0974,0.0000126,0.13,0.427,119.988,4
6hDgNvgXstF65ymjGlxpky,"57LYzLEk2LcFghVwuWbcuS,2RdwBSPQiwcmiDo9kixcl8,0KuF7reCTOZwV7YJnHQqgr","Dat Right There (with Pharrell Williams & The Neptunes)","Still Over It","Summer Walker,Pharrell Williams,The Neptunes",2021-11-05,190000,55,spotify:user:viezdn04tqp6by8pxzcylx5cq,2022-07-30T23:22:05Z,"pop,r&b,rap,hip hop,pop rap",0.861,0.634,9,-6.634,1,0.0393,0.532,0.000951,0.0779,0.868,106.996,4
2Fyjjpg03fn7n5cj0Qm380,"57LYzLEk2LcFghVwuWbcuS","Karma","Last Day Of Summer","Summer Walker",2018-10-19,188906,75,spotify:user:viezdn04tqp6by8pxzcylx5cq,2022-08-08T04:42:44Z,"pop,r&b,rap",0.593,0.294,1,-10.072,0,0.0499,0.345,0.0000203,0.287,0.152,113.847,4
5GUYJTQap5F3RDQiCOJhrS,"2h93pZq0e7k5yf4dywlkpM","Self Control","Blonde","Frank Ocean",2016-08-20,249667,75,spotify:user:viezdn04tqp6by8pxzcylx5cq,2022-08-08T04:44:44Z,"hip hop,lgbtq+ hip hop,neo soul,pop",0.581,0.21,8,-10.426,1,0.0321,0.768,0,0.369,0.452,80.099,4
2ZWlPOoWh0626oTaHrnl2a,"2h93pZq0e7k5yf4dywlkpM","Ivy","Blonde","Frank Ocean",2016-08-20,249191,79,spotify:user:viezdn04tqp6by8pxzcylx5cq,2022-08-09T16:14:23Z,"hip hop,lgbtq+ hip hop,neo soul,pop",0.575,0.386,9,-9.584,0,0.037,0.785,0.000289,0.229,0.466,116.408,4
5CM4UuQ9Gnd6K2YyKGPMoK,"57vWImR43h4CaDao012Ofp","Bad Habit","Bad Habit","Steve Lacy",2022-06-29,232114,90,spotify:user:viezdn04tqp6by8pxzcylx5cq,2022-08-09T16:15:28Z,"afrofuturism",0.686,0.507,1,-7.097,1,0.0357,0.626,0.0000751,0.383,0.69,168.955,4
37y7iDayfwm3WXn5BiAoRk,"57vWImR43h4CaDao012Ofp","Dark Red","Dark Red","Steve Lacy",2017-02-20,173104,77,spotify:user:viezdn04tqp6by8pxzcylx5cq,2022-08-09T16:15:35Z,"afrofuturism",0.603,0.783,6,-4.023,1,0.062,0.449,0.00000796,0.119,0.775,172.041,4
7zwn1eykZtZ5LODrf7c0tS,"77SW9BnxLY8rJ0RciFqkHh","You Get Me So High","Hard To Imagine The Neighbourhood Ever Changing","The Neighbourhood",2018-11-02,153000,82,spotify:user:viezdn04tqp6by8pxzcylx5cq,2022-08-09T16:15:46Z,"modern alternative rock,modern rock,pop,shimmer pop",0.551,0.881,7,-6.099,0,0.0542,0.186,0.0791,0.152,0.387,88.036,4
7DbdUf8aHSYoliSjO6LZv6,"7I3bkknknQkIiatWiupQgD","Sex, Drugs, Etc.","Chit Chat","Beach Weather",2016-11-04,196784,89,spotify:user:viezdn04tqp6by8pxzcylx5cq,2022-08-09T16:15:49Z,"modern rock",0.572,0.839,4,-5.083,0,0.0377,0.013,0.00976,0.522,0.465,143.969,4
3UlYBTkShcEsMYSXtC5Vu1,"5K4W6rqBFWDnAN6FQUkS6x","Jesus Lord pt 2","Donda (Deluxe)","Kanye West",2021-11-14,725853,43,spotify:user:viezdn04tqp6by8pxzcylx5cq,2022-08-24T23:34:57Z,"chicago rap,rap",0.408,0.734,1,-6.633,1,0.17,0.0818,0.00761,0.1,0.116,82.44,4
0inMKhbKWOTDA9UBUAKoU6,"0du5cEVh5yTK9QJze8zA0C","Natalie","Unorthodox Jukebox","Bruno Mars",2012-12-07,225026,58,spotify:user:viezdn04tqp6by8pxzcylx5cq,2022-09-23T02:16:10Z,"dance pop,pop",0.76,0.733,7,-6.704,1,0.0504,0.15,0,0.0647,0.611,111.975,4
4KykoaJQ5UxjCpp3lYkvTE,"0du5cEVh5yTK9QJze8zA0C,3QJzdZJYIAcoET1GcfpNGi","Liquor Store Blues (feat. Damian Marley)","Doo-Wops & Hooligans","Bruno Mars,Damian Marley",2010-10-05,229383,58,spotify:user:viezdn04tqp6by8pxzcylx5cq,2022-09-23T02:16:30Z,"dance pop,pop,reggae,reggae fusion",0.691,0.828,1,-3.909,0,0.0749,0.113,0,0.358,0.678,75.519,4
3Osd3Yf8K73aj4ySn6LrvK,"3nFkdlSjzX9mRTtwJOzDYB,5K4W6rqBFWDnAN6FQUkS6x,2h93pZq0e7k5yf4dywlkpM,1W3FSF1BLpY3hlVIgvenLz","No Church In The Wild","Watch The Throne (Deluxe)","JAY-Z,Kanye West,Frank Ocean,The-Dream",2011-08-08,272506,77,spotify:user:viezdn04tqp6by8pxzcylx5cq,2022-09-26T01:08:05Z,"east coast hip hop,hip hop,rap,chicago rap,lgbtq+ hip hop,neo soul,pop,dance pop,hip pop,r&b,southern hip hop,trap,urban contemporary",0.654,0.75,8,-7.509,0,0.105,0.246,0.0178,0.167,0.557,92.78,4
5E30LdtzQTGqRvNd7l6kG5,"77SW9BnxLY8rJ0RciFqkHh","Daddy Issues","Wiped Out!","The Neighbourhood",2015-10-30,260173,86,spotify:user:viezdn04tqp6by8pxzcylx5cq,2022-10-07T15:07:39Z,"modern alternative rock,modern rock,pop,shimmer pop",0.588,0.521,10,-9.461,1,0.0329,0.0678,0.149,0.123,0.337,85.012,4
2K7xn816oNHJZ0aVqdQsha,"77SW9BnxLY8rJ0RciFqkHh","Softcore","Hard To Imagine The Neighbourhood Ever Changing","The Neighbourhood",2018-11-02,206280,85,spotify:user:viezdn04tqp6by8pxzcylx5cq,2022-10-07T15:07:52Z,"modern alternative rock,modern rock,pop,shimmer pop",0.575,0.568,9,-5.509,0,0.03,0.0484,0.000417,0.286,0.37,93.986,4
3M0lSi5WW79CXQamgSBIjx,"7cYEt1pqMgXJdq00hAwVpT","Swim","Chase Atlantic","Chase Atlantic",2017-10-04,228786,82,spotify:user:viezdn04tqp6by8pxzcylx5cq,2022-10-07T15:07:53Z,"pop",0.666,0.542,8,-6.429,1,0.0392,0.27,0,0.0765,0.0771,120.134,4
1qwno7xb5mJe71xtMS6jl2,"0pCNk4D3E2xtszsm6hMsWr","High Enough","Every Where Is Some Where","K.Flay",2017-04-07,231600,75,spotify:user:viezdn04tqp6by8pxzcylx5cq,2022-10-07T15:08:06Z,"electropop,escape room,hip pop,modern rock,pop,rock",0.606,0.62,0,-5.005,1,0.0298,0.0301,0.0916,0.167,0.543,88.984,4
3vooOYHU0Fi3ViCG7Ozh0Y,"77SW9BnxLY8rJ0RciFqkHh","W.D.Y.W.F.M?","I Love You.","The Neighbourhood",2013-04-19,259413,67,spotify:user:viezdn04tqp6by8pxzcylx5cq,2022-10-07T15:08:14Z,"modern alternative rock,modern rock,pop,shimmer pop",0.557,0.845,8,-2.926,0,0.0346,0.0303,0.00851,0.354,0.508,123.997,4
2Ww3E6lvG1zmWlWnMRak76,"77SW9BnxLY8rJ0RciFqkHh","Baby Came Home","I'm Sorry...","The Neighbourhood",2013-05-08,226880,59,spotify:user:viezdn04tqp6by8pxzcylx5cq,2022-10-07T15:08:18Z,"modern alternative rock,modern rock,pop,shimmer pop",0.637,0.552,0,-5.823,1,0.0286,0.017,0.00487,0.104,0.276,113.029,4
3SErMoIKdRELto2OspGs5L,"2cFrymmkijnjDg9SS92EPM","idfc","dead","blackbear",2015-06-02,207026,80,spotify:user:viezdn04tqp6by8pxzcylx5cq,2022-10-07T15:08:23Z,"pop,pop rap",0.718,0.422,4,-9.115,0,0.0621,0.0764,0,0.17,0.455,144.678,4
2u0CelO5c81XS7z3dGpHbS,"77SW9BnxLY8rJ0RciFqkHh","The Beach","Wiped Out!","The Neighbourhood",2015-10-30,255133,77,spotify:user:viezdn04tqp6by8pxzcylx5cq,2022-10-11T22:11:37Z,"modern alternative rock,modern rock,pop,shimmer pop",0.245,0.64,2,-7.426,0,0.0608,0.131,0.00000811,0.0766,0.105,135.739,4
7brQHA2CgQpcMBiOlfiXYb,"77SW9BnxLY8rJ0RciFqkHh","Afraid","I Love You.","The Neighbourhood",2013-04-19,251186,76,spotify:user:viezdn04tqp6by8pxzcylx5cq,2022-10-11T22:11:43Z,"modern alternative rock,modern rock,pop,shimmer pop",0.464,0.701,6,-5.693,0,0.0411,0.00892,0.309,0.335,0.356,83.996,4
40gvh6jP5qxMJuMmF9lG9A,"77SW9BnxLY8rJ0RciFqkHh","Baby Came Home 2 / Valentines","Wiped Out!","The Neighbourhood",2015-10-30,390493,70,spotify:user:viezdn04tqp6by8pxzcylx5cq,2022-10-11T22:13:53Z,"modern alternative rock,modern rock,pop,shimmer pop",0.21,0.499,2,-9.754,0,0.0485,0.0687,0.00315,0.773,0.108,74.094,4
0X2bh8NVQ8svDQIn2AdCbW,"7cYEt1pqMgXJdq00hAwVpT,5WyJhpNewRPUahSlrxkOeR","Consume (feat. Goon Des Garcons)","Chase Atlantic","Chase Atlantic,GOON DES GARCONS*",2017-10-04,267920,78,spotify:user:viezdn04tqp6by8pxzcylx5cq,2022-10-11T22:14:02Z,"pop",0.556,0.714,9,-5.322,0,0.158,0.07,0,0.261,0.434,146.113,4
