Spotify ID,Artist IDs,Track Name,Album Name,Artist Name(s),Release Date,Duration (ms),Popularity,Added By,Added At,Genres,Danceability,Energy,Key,Loudness,Mode,Speechiness,Acousticness,Instrumentalness,Liveness,Valence,Tempo,Time Signature
6Qyc6fS4DsZjB2mRW9DsQs,"2sil8z5kiy4r76CRTXxBCA","Iris","Dizzy up the Girl","The Goo Goo Dolls",1998-09-11,289533,82,spotify:user:gmpgnsukze0oumlf9q9tw02cj,2022-03-28T06:51:27Z,"neo mellow,permanent wave,pop rock",0.315,0.715,11,-8.072,0,0.0362,0.00125,0.00000797,0.0942,0.497,155.925,3
11bD1JtSjlIgKgZG2134DZ,"3rIZMv9rysU7JkLzEaC5Jp","Chasing Cars","Eyes Open","Snow Patrol",2006-01-01,267933,48,spotify:user:gmpgnsukze0oumlf9q9tw02cj,2022-03-28T06:51:52Z,"irish rock,neo mellow,permanent wave,pop rock,rock",0.563,0.592,9,-4.571,1,0.0276,0.209,0.0000508,0.132,0.136,104.016,4
45sziCSqS4BWSQWUlLRpyf,"6S58b0fr8TkWrEHOH4tRVu","Dare You to Move","The Best Yet","Switchfoot",2008-10-31,246826,53,spotify:user:gmpgnsukze0oumlf9q9tw02cj,2022-03-28T06:52:23Z,"ccm,christian alternative rock,christian music,christian rock,neo mellow,pop rock,worship",0.439,0.908,4,-4.08,1,0.0644,0.0196,0.00537,0.137,0.35,140.009,4
3nqqDo8CcCLke3ZoTgiOKf,"3AQRLZ9PuTAozP28Skbq8V","The Man Who Can't Be Moved","The Script","The Script",2008-07-14,241373,73,spotify:user:gmpgnsukze0oumlf9q9tw02cj,2022-03-28T06:53:07Z,"celtic rock,neo mellow,pop,pop rock,uk pop",0.605,0.629,10,-5.051,1,0.0279,0.437,0,0.097,0.308,99.894,4
38xWaVFKaxZlMFvzNff2aW,"3AQRLZ9PuTAozP28Skbq8V","Breakeven","The Script","The Script",2008-09-08,261426,68,spotify:user:gmpgnsukze0oumlf9q9tw02cj,2022-03-28T06:52:57Z,"celtic rock,neo mellow,pop,pop rock,uk pop",0.627,0.699,10,-4.504,1,0.0244,0.174,0,0.0789,0.535,94.003,4
0c3yfC8zMRJGvmqphczhZb,"3AQRLZ9PuTAozP28Skbq8V","Nothing","Science & Faith","The Script",2011-01-18,272213,54,spotify:user:gmpgnsukze0oumlf9q9tw02cj,2022-03-28T07:12:17Z,"celtic rock,neo mellow,pop,pop rock,uk pop",0.473,0.833,2,-5.013,1,0.039,0.00369,0,0.118,0.503,157.012,4
2M9ro2krNb7nr7HSprkEgo,"7oPgCQqMMXEXrNau5vxYZP","Fast Car","Tracy Chapman","Tracy Chapman",1988-04-05,296800,77,spotify:user:gmpgnsukze0oumlf9q9tw02cj,2022-03-28T06:53:34Z,"folk,lilith,singer-songwriter,women's music",0.711,0.292,4,-15.523,0,0.037,0.313,0,0.131,0.194,103.951,4
4zXuYQNDmw3dlauyc8q3Kd,"4nxKz1dRYXnsGzN1lUURtG","We'll Never Have Sex","We'll Never Have Sex","Leith Ross",2022-03-25,99620,69,spotify:user:gmpgnsukze0oumlf9q9tw02cj,2022-03-28T06:53:45Z,"indie pop",0.365,0.07,2,-17.095,1,0.0838,0.959,0.000977,0.111,0.443,174.053,3
2WZyfujzMweFLnozyUJBkW,"61YE3whKiuRr83j1yOm5M7","Boston","All The Stars and Boulevards","Augustana",2005,245933,62,spotify:user:gmpgnsukze0oumlf9q9tw02cj,2022-03-28T06:54:05Z,"acoustic pop,neo mellow,piano rock,pop rock",0.404,0.571,0,-5.069,1,0.0303,0.182,0.0000208,0.129,0.29,147.01,4
75JFxkI2RXiU7L9VXzMkle,"4gzpq5DPGxSnKTe4SA8HAU","The Scientist","A Rush of Blood to the Head","Coldplay",2002-08-08,309600,85,spotify:user:gmpgnsukze0oumlf9q9tw02cj,2022-03-28T06:54:32Z,"permanent wave,pop",0.557,0.442,5,-7.224,1,0.0243,0.731,0.0000146,0.11,0.213,146.277,4
2Guz1b911CbpG8L92cnglI,"1SImpQO0GbjRgvlwCcCtFo","Your Guardian Angel","Don't You Fake It","The Red Jumpsuit Apparatus",2006-01-01,229234,65,spotify:user:gmpgnsukze0oumlf9q9tw02cj,2022-03-28T06:55:00Z,"pop punk,pop rock,screamo",0.29,0.48,5,-6.583,1,0.0296,0.116,0.00000303,0.626,0.382,112.62,4
1TvNcWY7WwPLQINhimxycA,"3Ayl7mCk0nScecqOzvNp6s","Hear You Me","Bleed American","Jimmy Eat World",2001-07-17,284373,63,spotify:user:gmpgnsukze0oumlf9q9tw02cj,2022-03-28T06:55:23Z,"alternative rock,emo,modern power pop,modern rock,pop punk,pop rock,rock",0.465,0.517,4,-6.189,1,0.0284,0.00854,0.0403,0.209,0.137,136.176,3
2KVwlelhxKUy8LVV6JypH3,"3Ngh2zDBRPEriyxQDAMKd1","Push","Yourself or Someone Like You","Matchbox Twenty",1996-10-01,238666,70,spotify:user:gmpgnsukze0oumlf9q9tw02cj,2022-03-28T06:56:09Z,"neo mellow,pop rock,post-grunge",0.42,0.672,6,-7.902,1,0.027,0.0067,0,0.108,0.476,168.019,4
0PXWpNBYg52gABrn1qL1bD,"3Ngh2zDBRPEriyxQDAMKd1","Unwell - 2007 Remaster","Exile on Mainstream","Matchbox Twenty",2007-10-02,237266,59,spotify:user:gmpgnsukze0oumlf9q9tw02cj,2022-03-28T07:11:41Z,"neo mellow,pop rock,post-grunge",0.442,0.793,9,-5.152,1,0.0347,0.0456,0,0.328,0.437,80.985,4
5zmaypMaWb21FUGBxbw8hT,"2sil8z5kiy4r76CRTXxBCA","Black Balloon","Dizzy up the Girl","The Goo Goo Dolls",1998-09-11,249533,60,spotify:user:gmpgnsukze0oumlf9q9tw02cj,2022-03-28T06:56:42Z,"neo mellow,permanent wave,pop rock",0.339,0.625,1,-8.57,1,0.028,0.057,0.000102,0.229,0.334,104.68,4
2hiB8QxWic092OablwpoVC,"2sil8z5kiy4r76CRTXxBCA","Better Days","Let Love In","The Goo Goo Dolls",2006,213266,54,spotify:user:gmpgnsukze0oumlf9q9tw02cj,2022-03-28T06:57:35Z,"neo mellow,permanent wave,pop rock",0.486,0.595,7,-5.009,1,0.0302,0.00212,0.000264,0.0953,0.331,113.276,4
6j6bTAiW0oEfLlAjmRNcbb,"3aBkeBhwadnWMWoVJ2CxJC","Little Wonders","Little Wonders","Rob Thomas",2007-01-01,224720,59,spotify:user:gmpgnsukze0oumlf9q9tw02cj,2022-03-28T07:19:42Z,"neo mellow,pop rock",0.163,0.616,9,-9.996,1,0.044,0.0286,0,0.0826,0.33,81.993,4
3QmesrvdbPjwf7i40nht1D,"7jy3rLJdDQY21OgRLCZ9sD","Everlong - Acoustic Version","Greatest Hits","Foo Fighters",2009-11-03,250906,68,spotify:user:gmpgnsukze0oumlf9q9tw02cj,2022-03-28T06:58:37Z,"alternative metal,alternative rock,modern rock,permanent wave,post-grunge,rock",0.643,0.344,2,-11.342,1,0.0349,0.909,0.0112,0.106,0.547,144.171,4
7hW3oqv5F6cyB78SrxGwNo,"7hKjAmQje8IE7SkL2KV7Rx","Pictures","Loser Boy","Joseph Dubay",2020-04-20,225044,20,spotify:user:gmpgnsukze0oumlf9q9tw02cj,2022-07-31T21:12:02Z,"",0.656,0.534,4,-12.167,0,0.0343,0.399,0.00144,0.212,0.764,119.975,4
39kHMfF3dBMZMbOtoit1XF,"7jy3rLJdDQY21OgRLCZ9sD","On The Mend","In Your Honor","Foo Fighters",2005-06-14,271826,43,spotify:user:gmpgnsukze0oumlf9q9tw02cj,2022-03-28T06:59:30Z,"alternative metal,alternative rock,modern rock,permanent wave,post-grunge,rock",0.521,0.522,11,-8.853,1,0.0279,0.258,0.00959,0.12,0.307,134.818,3
4P4s2KHOw0uISbLI3zkHtD,"7jy3rLJdDQY21OgRLCZ9sD","Come Alive","Echoes, Silence, Patience & Grace","Foo Fighters",2007-09-25,310600,52,spotify:user:gmpgnsukze0oumlf9q9tw02cj,2022-03-28T07:00:00Z,"alternative metal,alternative rock,modern rock,permanent wave,post-grunge,rock",0.389,0.612,4,-6.392,1,0.0355,0.00154,0.0000103,0.116,0.16,138.351,3
3yxpqMbfUVMLL7Ap3W71W4,"4NiJW4q9ichVqL1aUsgGAN","End Of Me","Common Courtesy","A Day To Remember",2013-10-08,237975,51,spotify:user:gmpgnsukze0oumlf9q9tw02cj,2022-03-28T07:00:09Z,"metalcore,pop punk,screamo",0.448,0.832,6,-4.994,0,0.0503,0.000747,0.00315,0.11,0.337,125.074,4
1EotcFbWTbMCXeKFVEtX6Y,"4ERtgeBbWRkFzIz6LaFCeY","Vindicated","Dusk And Summer","Dashboard Confessional",2006,201346,59,spotify:user:gmpgnsukze0oumlf9q9tw02cj,2022-03-28T07:00:33Z,"emo,neo mellow,pop punk,pop rock",0.515,0.802,8,-3.423,1,0.0345,0.0321,0,0.0844,0.29,85.998,4
0sp00HSXkQyqTa6QqM0O8V,"6XyY86QOPPrYVGvF9ch6wz","Leave Out All The Rest","Minutes to Midnight","Linkin Park",2007-05-14,209306,68,spotify:user:gmpgnsukze0oumlf9q9tw02cj,2022-03-28T07:01:06Z,"alternative metal,nu metal,post-grunge,rap metal",0.509,0.629,0,-6.434,1,0.0335,0.209,0.00000199,0.369,0.237,80.012,4
5QLHGv0DfpeXLNFo7SFEy1,"40Yq4vzPs9VNUrIBG5Jr2i","1979 - Remastered 2012","Mellon Collie And The Infinite Sadness (Deluxe Edition)","The Smashing Pumpkins",1995,266200,76,spotify:user:gmpgnsukze0oumlf9q9tw02cj,2022-03-28T07:01:54Z,"alternative metal,alternative rock,grunge,permanent wave,pop rock,rock,spacegrunge",0.767,0.787,3,-9.897,1,0.0331,0.0163,0.583,0.0513,0.964,126.879,4
5BpF1W14VJ2aTe7jods9bn,"08ct2eZF5lUPdJpHwNKWof","Let Her Cry - 2019 Remaster","Cracked Rear View (25th Anniversary Deluxe Edition)","Hootie & The Blowfish",1994-07-05,308927,32,spotify:user:gmpgnsukze0oumlf9q9tw02cj,2022-03-28T07:02:24Z,"mellow gold,neo mellow,pop rock,rock,singer-songwriter",0.352,0.691,7,-6.722,1,0.031,0.0634,0.00000102,0.134,0.285,142.63,4
09ZcYBGFX16X8GMDrvqQwt,"3AQRLZ9PuTAozP28Skbq8V","For the First Time","Science & Faith","The Script",2011-01-18,252853,61,spotify:user:gmpgnsukze0oumlf9q9tw02cj,2022-03-28T07:02:43Z,"celtic rock,neo mellow,pop,pop rock,uk pop",0.396,0.629,9,-4.78,1,0.0287,0.0328,0,0.183,0.358,173.794,4
7lWF2mVr1KKbVnaT2nSlPo,"6eouuqqGggqDlYRV63cgPo","Fall For You","A Twist In My Story","Secondhand Serenade",2008-01-15,185600,60,spotify:user:gmpgnsukze0oumlf9q9tw02cj,2022-03-28T07:03:00Z,"piano rock,pixie,pop punk",0.387,0.442,0,-7.086,1,0.0352,0.19,0,0.0788,0.382,169.481,4
5UTlZaZcqIhEbgjycaVpzZ,"7hKjAmQje8IE7SkL2KV7Rx","Vampqueen","Vampqueen","Joseph Dubay",2019-05-21,218148,18,spotify:user:gmpgnsukze0oumlf9q9tw02cj,2022-03-29T15:14:25Z,"",0.622,0.698,4,-5.479,0,0.0509,0.539,0,0.497,0.696,75.592,4
3y9dY2uTv9oW4mgzphJGjs,"7hKjAmQje8IE7SkL2KV7Rx","Pastel Goth","Pastel Goth","Joseph Dubay",2019-07-16,225044,24,spotify:user:gmpgnsukze0oumlf9q9tw02cj,2022-03-28T07:08:49Z,"",0.436,0.566,0,-7.554,0,0.0408,0.238,0.000002,0.161,0.325,76.448,4
2ndWbjiiNBEOrlfToKlABE,"0YrtvWJMgSdVrk3SfNjTbx","I Will Follow You into the Dark","Plans","Death Cab for Cutie",2005-08-29,189400,63,spotify:user:gmpgnsukze0oumlf9q9tw02cj,2022-03-28T07:11:13Z,"indie pop,indie rock,modern rock,washington indie",0.581,0.163,5,-14.686,1,0.0447,0.923,0,0.118,0.475,77.748,4
7cX4PJz1old9fyFI8RlfgW,"0C0XlULifJtAgn6ZNCW2eu","Read My Mind","Sam's Town","The Killers",2006-09-27,246840,69,spotify:user:gmpgnsukze0oumlf9q9tw02cj,2022-03-28T07:28:07Z,"alternative rock,dance rock,permanent wave,rock",0.543,0.917,1,-3.391,1,0.0444,0.00572,0.0000776,0.104,0.329,132.246,4
0vicQm86o7GnT42GdG34sA,"0C0XlULifJtAgn6ZNCW2eu","Some Kind Of Love","Wonderful Wonderful","The Killers",2017-09-22,278093,51,spotify:user:gmpgnsukze0oumlf9q9tw02cj,2022-03-28T07:39:19Z,"alternative rock,dance rock,permanent wave,rock",0.246,0.482,8,-9.949,1,0.0359,0.713,0.226,0.102,0.0776,141.863,4
5fVZC9GiM4e8vu99W0Xf6J,"0zOcE3mg9nS6l3yxt1Y0bK","How to Save a Life","How To Save A Life","The Fray",2005-09-13,262533,79,spotify:user:gmpgnsukze0oumlf9q9tw02cj,2022-03-28T07:11:00Z,"neo mellow,piano rock,pop,pop rock",0.64,0.743,10,-4.08,1,0.0379,0.269,0,0.101,0.361,122.035,4
57uX2vR9j9DNiANDYfXw1i,"0zOcE3mg9nS6l3yxt1Y0bK","Never Say Never","The Fray","The Fray",2009-02-02,256613,67,spotify:user:gmpgnsukze0oumlf9q9tw02cj,2022-03-28T07:12:23Z,"neo mellow,piano rock,pop,pop rock",0.23,0.492,8,-5.767,1,0.0317,0.568,0.00000818,0.176,0.262,160.139,4
4IoYz8XqqdowINzfRrFnhi,"0zOcE3mg9nS6l3yxt1Y0bK","You Found Me","The Fray","The Fray",2009-02-02,241853,73,spotify:user:gmpgnsukze0oumlf9q9tw02cj,2022-03-28T07:34:58Z,"neo mellow,piano rock,pop,pop rock",0.338,0.803,8,-5.412,0,0.0413,0.0187,0,0.136,0.4,151.994,4
0ll8uFnc0nANY35E0Lfxvg,"53A0W3U0s8diEn9RhXQhVz","Somewhere Only We Know","Hopes And Fears","Keane",2004-01-01,236160,75,spotify:user:gmpgnsukze0oumlf9q9tw02cj,2022-03-28T06:52:33Z,"neo mellow,piano rock,pop rock",0.453,0.655,9,-4.22,1,0.0259,0.0794,0.00000761,0.0849,0.368,172.012,4
5Xak5fmy089t0FYmh3VJiY,"1w5Kfo2jwwIPruYS2UWh56","Black","Ten","Pearl Jam",1991-08-27,342653,73,spotify:user:gmpgnsukze0oumlf9q9tw02cj,2022-03-28T07:03:27Z,"alternative rock,grunge,permanent wave,rock",0.36,0.684,4,-6.457,0,0.0308,0.323,0,0.34,0.2,77.15,4
6dwkFmLUz6hx2CZG2EqLol,"0ekbDNE2eOq8QiaXM34wer","Collide","Stop All The World Now","Howie Day",2003-10-07,249120,65,spotify:user:gmpgnsukze0oumlf9q9tw02cj,2022-03-28T07:05:50Z,"acoustic pop,neo mellow,pop rock",0.636,0.625,11,-7.895,1,0.0277,0.222,0.0000535,0.119,0.342,93.931,4
1KfKTP6p6QeYHKb78ziwNK,"7hKjAmQje8IE7SkL2KV7Rx","fine","Coping Mechanism","Joseph Dubay",2019-03-30,168150,14,spotify:user:gmpgnsukze0oumlf9q9tw02cj,2022-03-29T15:30:26Z,"",0.412,0.247,0,-9.083,1,0.0973,0.662,0.00000818,0.176,0.27,74.308,4
5QpaGzWp0hwB5faV8dkbAz,"5aMmmNxw4vgpc5XC6hK0zp","Wherever You Will Go","Camino Palmero","The Calling",2001,208600,74,spotify:user:gmpgnsukze0oumlf9q9tw02cj,2022-03-28T07:03:47Z,"neo mellow,pop rock",0.558,0.719,2,-5.113,1,0.0267,0.0367,0,0.115,0.371,112.027,4
3TwtrR1yNLY1PMPsrGQpOp,"7FgMLbnZVrEnir95O0YujA","Superman (It's Not Easy)","America Town","Five For Fighting",2000-09-26,221693,69,spotify:user:gmpgnsukze0oumlf9q9tw02cj,2022-03-28T07:04:20Z,"acoustic pop,neo mellow,piano rock,pop rock",0.382,0.416,0,-9.303,1,0.0302,0.0733,0,0.0719,0.125,102.089,4
7wpYSigAhQeZp3cdsMQ3Af,"78SHxLdtysAXgywQ4vE0Oa","Glycerine","Sixteen Stone (Remastered)","Bush",2014-10-14,266493,64,spotify:user:gmpgnsukze0oumlf9q9tw02cj,2022-03-28T07:05:24Z,"alternative metal,alternative rock,grunge,modern rock,nu metal,pop rock,post-grunge,rap rock,rock",0.437,0.337,5,-11.439,1,0.0326,0.0371,0.000946,0.0981,0.0784,114.239,4
3vucm39uVyuvpUWW8EFXD8,"168dgYui7ExaU612eooDF1","The Boy Who Blocked His Own Shot","Deja Entendu","Brand New",2003-06-17,279200,52,spotify:user:gmpgnsukze0oumlf9q9tw02cj,2022-03-28T07:06:25Z,"emo,pop punk",0.402,0.5,6,-8.186,1,0.0329,0.079,0,0.117,0.265,177.854,4
1ONoPkp5XIuw3tZ1GzrNKZ,"3WfJ1OtrWI7RViX9DMyEGy","Miserable At Best","A Lesson In Romantics","Mayday Parade",2007-07-10,316986,58,spotify:user:gmpgnsukze0oumlf9q9tw02cj,2022-03-28T07:11:06Z,"neon pop punk,pop emo,pop punk,rock",0.489,0.364,2,-10.672,1,0.03,0.572,0,0.108,0.377,135.352,4
2hKdd3qO7cWr2Jo0Bcs0MA,"3FUY2gzHeIiaesXtOAdB7A","Drops of Jupiter (Tell Me)","Drops Of Jupiter","Train",2001-03-27,259933,77,spotify:user:gmpgnsukze0oumlf9q9tw02cj,2022-03-28T07:11:20Z,"dance pop,neo mellow,pop,pop rock",0.481,0.638,0,-5.862,1,0.0276,0.153,0,0.154,0.497,79.064,4
0815caqt2Lytro5EIzMufT,"5PokPZn11xzZXyXSfnvIM3","You And Me","Lifehouse","Lifehouse",2005-03-22,195493,74,spotify:user:gmpgnsukze0oumlf9q9tw02cj,2022-03-28T07:11:31Z,"alternative metal,neo mellow,pop rock,post-grunge",0.459,0.427,7,-7.734,1,0.0267,0.114,0,0.168,0.354,139.902,3
6ORqU0bHbVCRjXm9AjyHyZ,"7oPftvlwr6VrsViSDV7fJY","Good Riddance (Time of Your Life)","Nimrod","Green Day",1997-10-14,153466,76,spotify:user:gmpgnsukze0oumlf9q9tw02cj,2022-03-28T07:11:48Z,"permanent wave,punk",0.475,0.432,7,-7.844,1,0.0302,0.183,0,0.161,0.648,94.605,4
6liaHE9iHh23PLVvw7lK8V,"1TqQi97nqeiuOJrIFv5Sw0","Closing Time","Feeling Strangely Fine (20th Anniversary Edition)","Semisonic",1998-03-24,273826,52,spotify:user:gmpgnsukze0oumlf9q9tw02cj,2022-03-28T07:12:12Z,"alternative rock,neo mellow,pop rock",0.444,0.84,7,-7.024,1,0.032,0.084,0.0000207,0.102,0.282,92.077,4
3NCg46FWgnANZc9HQHQOQR,"2PCUhxD40qlMqsKHjTZD2e","Forever And Always","The Way It Was","Parachute",2011-01-01,248960,56,spotify:user:gmpgnsukze0oumlf9q9tw02cj,2022-03-28T07:20:28Z,"acoustic pop,charlottesville indie,neo mellow,pop,pop punk,pop rock,post-teen pop,viral pop",0.657,0.716,2,-5.675,1,0.0301,0.014,0,0.0483,0.435,93.924,4
2Dz5WpEWA0vhnMmEPYiZ2y,"2PCUhxD40qlMqsKHjTZD2e","She Is Love","Losing Sleep","Parachute",2009-01-01,146066,58,spotify:user:gmpgnsukze0oumlf9q9tw02cj,2022-03-28T07:12:34Z,"acoustic pop,charlottesville indie,neo mellow,pop,pop punk,pop rock,post-teen pop,viral pop",0.629,0.174,6,-9.697,1,0.141,0.616,0,0.118,0.305,134.295,1
5JDcQAztvZTIkrWoZihgvC,"6CmXhyslohOFRJMtPpRm4O","A Drop in the Ocean","The Bedroom Demos","Ron Pope",2008-05-04,220239,66,spotify:user:gmpgnsukze0oumlf9q9tw02cj,2022-03-28T07:12:50Z,"acoustic pop,neo mellow,piano rock,pop rock,uk pop,viral pop",0.447,0.393,5,-8.65,1,0.038,0.785,0,0.28,0.564,73.139,3
7LVHVU3tWfcxj5aiPFEW4Q,"4gzpq5DPGxSnKTe4SA8HAU","Fix You","X&Y","Coldplay",2005-06-07,295533,83,spotify:user:gmpgnsukze0oumlf9q9tw02cj,2022-03-28T07:13:10Z,"permanent wave,pop",0.209,0.417,3,-8.74,1,0.0338,0.164,0.00196,0.113,0.124,138.178,4
1yYlpGuBiRRf33e1gY61bN,"07D1Bjaof0NFlU32KXiqUP","Night Shift","Historian","Lucy Dacus",2018-03-02,391829,64,spotify:user:gmpgnsukze0oumlf9q9tw02cj,2022-03-28T07:13:42Z,"art pop,indie pop,indie rock",0.48,0.311,9,-7.887,1,0.0258,0.313,0.0000152,0.113,0.162,86.15,4
0ePgO3SMLfSFAU5wsyZ1ai,"5KNNVgR6LBIABRIomyCwKJ","An Evening I Will Not Forget / Furthest Thing","Mike Dean Presents: Dermot Kennedy","Dermot Kennedy",2018-04-06,384811,51,spotify:user:gmpgnsukze0oumlf9q9tw02cj,2022-03-28T07:14:14Z,"folk-pop,irish pop,pop,uk pop",0.489,0.261,9,-15.061,0,0.0474,0.741,0.000215,0.192,0.157,121.338,4
1fkYmLPG2Oi2AkUmcspWKl,"1NU9Em6e8dDo36Js6nEo3t","Like We Used To","On Your Side","A Rocket To The Moon",2009-10-12,203733,58,spotify:user:gmpgnsukze0oumlf9q9tw02cj,2022-03-28T07:14:57Z,"alternative pop rock,neon pop punk,pixie,pop emo,pop punk,post-teen pop",0.363,0.71,2,-3.08,1,0.0308,0.216,0,0.121,0.383,170.113,4
5k9nL9Gjj4M9nPC3fFDgxN,"0znuUIjvP0LXEslfaq0Nor","Heaviside","Everybody Is Going To Heaven","Citizen",2015-06-19,229926,0,spotify:user:gmpgnsukze0oumlf9q9tw02cj,2022-03-28T07:15:37Z,"alternative emo,anthem emo,dreamo,emo,pop punk",0.539,0.221,6,-14.548,0,0.0304,0.889,0.0192,0.819,0.0502,139.905,4
15VJcOTJVt0O2udWLEJEOe,"0znuUIjvP0LXEslfaq0Nor","Sleep","Youth","Citizen",2013-06-30,189914,48,spotify:user:gmpgnsukze0oumlf9q9tw02cj,2022-03-28T07:15:51Z,"alternative emo,anthem emo,dreamo,emo,pop punk",0.351,0.639,9,-7.195,0,0.0378,0.023,0.00451,0.523,0.107,131.83,3
1pE97BhsqSKsfU8pDCBDEz,"0znuUIjvP0LXEslfaq0Nor","Control","As You Please","Citizen",2017-10-06,236815,34,spotify:user:gmpgnsukze0oumlf9q9tw02cj,2022-03-28T07:16:52Z,"alternative emo,anthem emo,dreamo,emo,pop punk",0.519,0.761,8,-5.117,0,0.0279,0.00512,0.0000656,0.128,0.417,133.583,4
7ygpwy2qP3NbrxVkHvUhXY,"2DaxqgrOhkeH0fpeiQq2f4","Wonderwall - Remastered","(What's The Story) Morning Glory? (Deluxe Remastered Edition)","Oasis",1995,258773,76,spotify:user:gmpgnsukze0oumlf9q9tw02cj,2022-03-28T07:18:32Z,"beatlesque,britpop,madchester,permanent wave,pop rock,rock",0.375,0.893,2,-4.097,1,0.0406,0.000509,0,0.187,0.434,174.323,4
12dU3vAh6AFoJkisorfoUl,"2DaxqgrOhkeH0fpeiQq2f4","Don't Look Back In Anger - Remastered","(What's The Story) Morning Glory? (Deluxe Remastered Edition)","Oasis",1995,289560,71,spotify:user:gmpgnsukze0oumlf9q9tw02cj,2022-03-28T07:18:52Z,"beatlesque,britpop,madchester,permanent wave,pop rock,rock",0.328,0.936,0,-3.254,1,0.0628,0.0665,0.00000261,0.165,0.31,162.97,4
4RAOI1etsgbh5NP3T5R8rN,"7FBcuc1gsnv6Y1nwFtNRCb","I Don't Love You","The Black Parade","My Chemical Romance",2006-10-23,238680,72,spotify:user:gmpgnsukze0oumlf9q9tw02cj,2022-03-28T07:19:06Z,"emo,pop punk",0.289,0.796,0,-4.22,1,0.0494,0.00837,0.0000261,0.202,0.33,169.835,4
0vg4WnUWvze6pBOJDTq99k,"7KMqksf0UMdyA0UCf4R3ux","You're Beautiful","Back to Bedlam","James Blunt",2005-08-08,209493,75,spotify:user:gmpgnsukze0oumlf9q9tw02cj,2022-03-28T07:20:00Z,"neo mellow,pop,pop rock",0.675,0.479,0,-9.87,0,0.0278,0.633,0.0000176,0.088,0.454,81.998,4
3iN6UdRp0kJZlWRitU8zz9,"3Ngh2zDBRPEriyxQDAMKd1","3AM - 2007 Remaster","Exile on Mainstream","Matchbox Twenty",2007-10-02,224906,45,spotify:user:gmpgnsukze0oumlf9q9tw02cj,2022-03-28T07:20:52Z,"neo mellow,pop rock,post-grunge",0.514,0.751,8,-6.839,1,0.0294,0.00138,0,0.145,0.465,108.342,4
0gZp88SA5OcujHLDGkxtI3,"3zxKH0qp3nBCuPZCZT5Vaf","Only One","Ocean Avenue","Yellowcard",2003-01-01,257399,64,spotify:user:gmpgnsukze0oumlf9q9tw02cj,2022-03-28T07:21:39Z,"bow pop,pop punk,socal pop punk",0.477,0.907,1,-4.814,0,0.0899,0.00008,0.0000782,0.149,0.304,81.291,4
0u5aO1GYsIhAWCPuXdwnak,"40Yq4vzPs9VNUrIBG5Jr2i","Today - 2011 Remaster","Siamese Dream (Deluxe Edition)","The Smashing Pumpkins",1993,201173,64,spotify:user:gmpgnsukze0oumlf9q9tw02cj,2022-03-28T07:21:57Z,"alternative metal,alternative rock,grunge,permanent wave,pop rock,rock,spacegrunge",0.456,0.826,8,-7.611,1,0.0268,0.0000335,0.57,0.0548,0.415,82.539,4
2SiqlgLMfKQbczSMRp8drY,"1TJbmc7jTpw78GKCiMpvDh","Into The Ocean","Foiled","Blue October",2006-01-01,239946,58,spotify:user:gmpgnsukze0oumlf9q9tw02cj,2022-03-28T07:22:24Z,"pop rock,post-grunge,san marcos tx indie",0.758,0.606,0,-6.444,1,0.0325,0.282,0,0.144,0.361,107.95,4
1tL40tfdtUaSLek4DvDDr3,"1TJbmc7jTpw78GKCiMpvDh","Hate Me","Foiled","Blue October",2006-01-01,380200,59,spotify:user:gmpgnsukze0oumlf9q9tw02cj,2022-03-28T07:22:32Z,"pop rock,post-grunge,san marcos tx indie",0.449,0.691,4,-5.65,0,0.0349,0.477,0,0.0966,0.201,93.267,4
2MQhTbX792AT6YyzwLz9dt,"7EGwUS3c5dXduO4sMyLWC5","Sedona","Little Neon Limelight","Houndmouth",2015-03-17,239881,67,spotify:user:gmpgnsukze0oumlf9q9tw02cj,2022-03-28T07:23:44Z,"deep new americana,indie folk,modern folk rock,modern rock,new americana,rock,stomp and holler",0.394,0.654,3,-8.243,1,0.0346,0.0404,0.0000696,0.112,0.264,135.188,4
6GrrkiCRO3HYdgRpO4eKEL,"6Wr3hh341P84m3EI8qdn9O","Swing Life Away","Siren Song Of The Counter-Culture","Rise Against",2004-01-01,200066,57,spotify:user:gmpgnsukze0oumlf9q9tw02cj,2022-03-28T07:24:02Z,"chicago hardcore,chicago punk,hardcore punk,punk",0.477,0.426,6,-6.961,1,0.043,0.544,0,0.0903,0.789,184.866,3
06cCziAHtDg6pcsidZHu03,"3mIj9lX2MWuHmhNCA7LSCW","Robbers","The 1975 (Deluxe Version)","The 1975",2013,254509,66,spotify:user:gmpgnsukze0oumlf9q9tw02cj,2022-03-28T07:24:30Z,"modern alternative rock,modern rock,pop,rock",0.621,0.702,4,-6.845,1,0.0295,0.000332,0.0000149,0.322,0.374,99.808,4
77loZpT5Y5PRP1S451P9Yz,"2MqhkhX4npxDZ62ObR5ELO","The Reason","The Reason (15th Anniversary Deluxe)","Hoobastank",2003-12-09,232800,80,spotify:user:gmpgnsukze0oumlf9q9tw02cj,2022-03-28T07:24:40Z,"alternative metal,funk metal,nu metal,pop rock,post-grunge,rap rock",0.472,0.671,4,-4.649,1,0.029,0.0129,0,0.159,0.0681,82.952,4
04IPAZ0wekDgD6coeRH2G2,"7xklw3WodFZiNNmQt3DIgp","A Little's Enough","We Don't Need To Whisper","Angels & Airwaves",2006-01-01,285080,37,spotify:user:gmpgnsukze0oumlf9q9tw02cj,2022-03-28T07:25:40Z,"pop punk,socal pop punk",0.487,0.766,9,-6.68,1,0.0466,0.00169,0.0000933,0.217,0.156,139.113,4
0gEyKnHvgkrkBM6fbeHdwK,"7t0rwkOPGlDPEhaOcVtOt9","Linger","Everybody Else Is Doing It, So Why Can't We?","The Cranberries",1993-03-01,274706,75,spotify:user:gmpgnsukze0oumlf9q9tw02cj,2022-03-28T07:26:18Z,"irish rock,pop rock",0.439,0.434,7,-14.918,1,0.0265,0.0783,0.0000487,0.14,0.204,94.845,4
0aghsq6LcHDKxTl4g11Pe4,"7hKjAmQje8IE7SkL2KV7Rx","Stuck","Coping Mechanism","Joseph Dubay",2019-03-30,223085,14,spotify:user:gmpgnsukze0oumlf9q9tw02cj,2022-04-26T04:11:35Z,"",0.649,0.675,7,-6.074,1,0.0314,0.534,0.0000559,0.587,0.359,140.047,4
3Uvx1TO0Kg5HgGPk58lHXv,"6TcnmlCSxihzWOQJ8k0rNS","How's It Going to Be","Third Eye Blind","Third Eye Blind",1997-04-08,253413,64,spotify:user:gmpgnsukze0oumlf9q9tw02cj,2022-03-28T07:27:01Z,"alternative rock,neo mellow,pop rock,post-grunge,rock",0.561,0.593,5,-9.362,1,0.0264,0.00327,0.00144,0.0967,0.574,80.282,4
3354J49VpkbZJho7Ztdzpw,"6TcnmlCSxihzWOQJ8k0rNS","Jumper - 1998 Edit","Third Eye Blind","Third Eye Blind",1997-04-08,272973,66,spotify:user:gmpgnsukze0oumlf9q9tw02cj,2022-03-28T07:27:16Z,"alternative rock,neo mellow,pop rock,post-grunge,rock",0.599,0.543,0,-9.226,1,0.0302,0.0129,0.00204,0.291,0.624,91.105,4
7nnWIPM5hwE3DaUBkvOIpy,"3YcBF2ttyueytpXtEzn1Za","Drive","Make Yourself","Incubus",1999-10-26,232453,74,spotify:user:gmpgnsukze0oumlf9q9tw02cj,2022-03-28T07:27:34Z,"alternative metal,alternative rock,funk metal,funk rock,nu metal,pop rock,post-grunge,rock",0.645,0.792,4,-7.34,0,0.036,0.0562,0.0121,0.119,0.666,90.565,4
6VzcQuzTNTMFnJ6rBSaLH9,"6KImCVD70vtIoJWnq6nGn3","Fine Line","Fine Line","Harry Styles",2019-12-13,377960,77,spotify:user:gmpgnsukze0oumlf9q9tw02cj,2022-03-28T07:28:42Z,"pop",0.306,0.347,2,-8.5,1,0.0334,0.172,0.00013,0.0485,0.0511,120.996,4
4O4dhPrjcw7GSLNafNydmb,"0vEsuISMWAKNctLlUAhSZC,5ILrArfIV0tMURcHJN8Q07","Big Yellow Taxi","Hard Candy","Counting Crows,Vanessa Carlton",2002-07-08,225573,60,spotify:user:gmpgnsukze0oumlf9q9tw02cj,2022-03-28T07:29:03Z,"alternative rock,neo mellow,pop rock,rock,lilith,piano rock,post-teen pop",0.678,0.866,1,-4.341,1,0.048,0.00295,0,0.16,0.842,88.041,4
3IbiJzcCH8fDQWqKDwHq8P,"7hKjAmQje8IE7SkL2KV7Rx","Stagger","Stagger","Joseph Dubay",2018-02-15,215841,15,spotify:user:gmpgnsukze0oumlf9q9tw02cj,2022-03-30T02:25:23Z,"",0.609,0.623,1,-2.789,1,0.0383,0.726,0,0.121,0.38,123.094,3
4BodkdQk2Ouo6BFbLqoWtG,"043r4OwwUAYREkBLK5jAiV","Tonight","Critically Ashamed","FM Static",2006-01-01,218586,64,spotify:user:gmpgnsukze0oumlf9q9tw02cj,2022-03-28T07:29:22Z,"canadian ccm,canadian pop punk,christian alternative rock,christian punk,pop rock",0.598,0.547,10,-5.93,0,0.0232,0.285,0,0.0891,0.25,77.969,4
7mnGQesk1TzQLzQ9bYWZPR,"3KEb1kbIZN5jumsjFEWgSW","She's so High","Tal Bachman","Tal Bachman",1999-02-23,224693,70,spotify:user:gmpgnsukze0oumlf9q9tw02cj,2022-03-28T07:30:10Z,"pop rock",0.537,0.84,9,-4.626,1,0.0363,0.2,0.00000215,0.0998,0.211,124.269,4
0BCPKOYdS2jbQ8iyB56Zns,"4gzpq5DPGxSnKTe4SA8HAU","Clocks","A Rush of Blood to the Head","Coldplay",2002-08-08,307879,81,spotify:user:gmpgnsukze0oumlf9q9tw02cj,2022-03-28T07:30:18Z,"permanent wave,pop",0.577,0.749,5,-7.215,0,0.0279,0.599,0.0115,0.183,0.255,130.97,4
25CMmGsl22APKhfuj4Tp7j,"5KDIH2gF0VpelTqyQS7udb","It's Been Awhile","Break the Cycle","Staind",2001-05-22,264706,66,spotify:user:gmpgnsukze0oumlf9q9tw02cj,2022-03-28T07:30:39Z,"alternative metal,nu metal,pop rock,post-grunge,rap rock,rock",0.509,0.774,6,-4.054,1,0.0338,0.00189,0.000549,0.143,0.0824,116.529,4
2tznHmp70DxMyr2XhWLOW0,"26T3LtbuGT1Fu9m0eRq5X3","Cigarette Daydreams","Melophobia","Cage The Elephant",2013-10-08,208760,77,spotify:user:gmpgnsukze0oumlf9q9tw02cj,2022-03-28T07:31:08Z,"modern rock,punk blues,rock",0.636,0.676,2,-3.442,1,0.0263,0.0807,0,0.0831,0.273,113.98,4
1nFtiJxYdhtFfFtfXBv06s,"6olE6TJLqED3rqDCT0FyPh","Something In The Way","Nevermind (Remastered)","Nirvana",1991-09-26,232146,73,spotify:user:gmpgnsukze0oumlf9q9tw02cj,2022-03-28T07:33:25Z,"grunge,permanent wave,rock",0.427,0.201,8,-13.044,1,0.0317,0.745,0.263,0.109,0.0668,105.218,4
1LjvHQWyBPCLsJYVxy0OEH,"0znuUIjvP0LXEslfaq0Nor","Dive Into My Sun","Everybody Is Going To Heaven","Citizen",2015-06-19,260371,31,spotify:user:gmpgnsukze0oumlf9q9tw02cj,2022-03-28T07:34:20Z,"alternative emo,anthem emo,dreamo,emo,pop punk",0.385,0.687,4,-6.287,0,0.0365,0.00623,0.000673,0.0866,0.195,184.883,4
1oTo3ijRbaDAtrjJrGAPSw,"6FBDaR13swtiWwGhX1WQsP","I Miss You","blink-182","blink-182",2003-01-01,227240,71,spotify:user:gmpgnsukze0oumlf9q9tw02cj,2022-03-28T07:34:57Z,"pop punk,punk,rock,socal pop punk",0.664,0.781,11,-6.547,1,0.0339,0.00103,0.00000533,0.0867,0.593,110,4
0nnwn7LWHCAu09jfuH1xTA,"2sil8z5kiy4r76CRTXxBCA","Slide","Dizzy up the Girl","The Goo Goo Dolls",1998-09-11,212066,70,spotify:user:gmpgnsukze0oumlf9q9tw02cj,2022-03-28T07:35:01Z,"neo mellow,permanent wave,pop rock",0.395,0.843,8,-4.476,1,0.0374,0.00483,0,0.0404,0.481,112.423,4
6lEuFGrUqR9Yc6hSsHPnYP,"7Ey4PD4MYsKc5I2dolUwbH","I Don't Want to Miss a Thing - From Armageddon Soundtrack","I Don't Want To Miss A Thing EP","Aerosmith",1998-08-18,299760,75,spotify:user:gmpgnsukze0oumlf9q9tw02cj,2022-03-28T07:35:02Z,"album rock,classic rock,hard rock,rock",0.39,0.649,2,-5.163,1,0.0345,0.172,0,0.216,0.144,121.16,4
1FMHNVeJ9s1x1l1WlaRs2I,"3vAaWhdBR38Q02ohXqaNHT","It Ends Tonight","Move Along","The All-American Rejects",2005-01-01,244826,59,spotify:user:gmpgnsukze0oumlf9q9tw02cj,2022-03-28T07:35:13Z,"modern rock,pop punk,pop rock",0.454,0.636,0,-4.731,1,0.0273,0.00228,0,0.154,0.313,87.89,4
0wqOReZDnrefefEsrIGeR4,"5PokPZn11xzZXyXSfnvIM3","Hanging By A Moment","No Name Face","Lifehouse",2000,216066,65,spotify:user:gmpgnsukze0oumlf9q9tw02cj,2022-03-28T07:35:20Z,"alternative metal,neo mellow,pop rock,post-grunge",0.541,0.864,1,-4.915,1,0.0357,0.00118,0,0.0896,0.435,124.557,4
2f5N826udWfjT9iomeaBJt,"3Ngh2zDBRPEriyxQDAMKd1","If You're Gone","Mad Season","Matchbox Twenty",2000-05-23,274933,63,spotify:user:gmpgnsukze0oumlf9q9tw02cj,2022-03-28T07:35:30Z,"neo mellow,pop rock,post-grunge",0.544,0.659,9,-7.191,1,0.0298,0.427,0.00000133,0.126,0.361,109.933,4
2ehkJlAysINP3czoqaklyT,"5BtHciL0e0zOP7prIHn3pP","Rain","We Are Not Alone","Breaking Benjamin",2004-01-01,205240,50,spotify:user:gmpgnsukze0oumlf9q9tw02cj,2022-03-28T07:35:42Z,"alternative metal,nu metal,post-grunge",0.618,0.317,0,-9.835,1,0.0278,0.561,0,0.102,0.372,124.826,4
4WuuMrsyFVUciCMCpVjFrM,"2RTUTCvo6onsAnheUk3aL9","Here By Me","Seventeen Days","3 Doors Down",2005-01-01,227933,40,spotify:user:gmpgnsukze0oumlf9q9tw02cj,2022-03-28T07:35:49Z,"alternative metal,nu metal,pop rock,post-grunge",0.591,0.607,0,-7.626,1,0.0274,0.554,0,0.102,0.365,118.084,4
2tUhCTpGeEfssyYTeu0chm,"3utxjLheHaVEd9bPjQRsy8","Wake Up","Good Apollo I'm Burning Star IV Volume One: From Fear Through The Eyes Of Madness","Coheed and Cambria",2005-01-15,215946,47,spotify:user:gmpgnsukze0oumlf9q9tw02cj,2022-03-28T07:36:04Z,"alternative metal,emo,screamo",0.559,0.44,11,-9.273,1,0.0312,0.593,0.00000381,0.402,0.483,72.015,4
3hdpdPAeU8uhQm6FbUERj9,"4NiJW4q9ichVqL1aUsgGAN","You Had Me @ Hello","Old Record","A Day To Remember",2008-10-28,274960,48,spotify:user:gmpgnsukze0oumlf9q9tw02cj,2022-03-28T07:36:07Z,"metalcore,pop punk,screamo",0.455,0.654,2,-7.507,1,0.0286,0.167,0.00132,0.494,0.413,84.956,4
1wt8PzNPhWi5o0voZjzhMs,"2sil8z5kiy4r76CRTXxBCA","Let Love In","Let Love In","The Goo Goo Dolls",2006,301173,43,spotify:user:gmpgnsukze0oumlf9q9tw02cj,2022-03-28T07:37:39Z,"neo mellow,permanent wave,pop rock",0.531,0.908,2,-2.822,1,0.0408,0.015,0.00346,0.135,0.174,118.935,4
5zGrlUCEJy4yMZ5xuqxrr0,"0abIHznUj0oKhDB29cpBZ9","Goodnight Moon","Do Overs And Second Chances","Go Radio",2010-01-01,306186,52,spotify:user:gmpgnsukze0oumlf9q9tw02cj,2022-03-28T07:37:48Z,"neon pop punk,pop emo,pop punk",0.519,0.668,0,-5.844,1,0.028,0.037,0,0.17,0.424,141.965,4
0EAvKXjChn1Rc3QmfYXevy,"4M5nCE77Qaxayuhp3fVn4V","The Trapeze Swinger","Around the Well","Iron & Wine",2009-05-19,571080,50,spotify:user:gmpgnsukze0oumlf9q9tw02cj,2022-03-29T15:16:49Z,"chamber pop,indie folk,stomp and holler",0.607,0.399,2,-12.163,1,0.036,0.892,0.000317,0.1,0.688,75.476,4
4uGQL3tGODimyeLlfqXPAW,"6FBDaR13swtiWwGhX1WQsP","I'm Lost Without You","blink-182","blink-182",2003-01-01,380573,35,spotify:user:gmpgnsukze0oumlf9q9tw02cj,2022-03-28T07:38:02Z,"pop punk,punk,rock,socal pop punk",0.392,0.699,4,-6.097,1,0.0341,0.129,0.0271,0.622,0.348,85.3,4
38YgZVHPWOWsKrsCXz6JyP,"4NGiEU3Pkd8ASRyQR30jcA","Come On Get Higher","Some Mad Hope","Matt Nathanson",2007-01-01,215173,69,spotify:user:gmpgnsukze0oumlf9q9tw02cj,2022-03-28T07:38:06Z,"acoustic pop,neo mellow,pop rock",0.672,0.623,9,-5.699,1,0.0297,0.241,0,0.0848,0.617,92.018,4
1uiwlmWedlNpzAxDSRGqdK,"2xiIXseIJcq3nG7C8fHeBj","Lost in You","Life Starts Now","Three Days Grace",2009-09-22,232813,57,spotify:user:gmpgnsukze0oumlf9q9tw02cj,2022-03-28T07:38:19Z,"alternative metal,canadian metal,canadian rock,nu metal,post-grunge",0.434,0.868,9,-3.503,1,0.0366,0.0199,0,0.162,0.366,162.969,5
5fIrBv7PrI2MBcktQOcmpI,"2sil8z5kiy4r76CRTXxBCA","Sympathy","Gutterflower","The Goo Goo Dolls",2002-04-08,178146,62,spotify:user:gmpgnsukze0oumlf9q9tw02cj,2022-03-28T20:50:08Z,"neo mellow,permanent wave,pop rock",0.546,0.631,8,-5.757,1,0.0283,0.25,0,0.123,0.569,129.556,4
2lFlveK1y13WWp3vnQtrr3,"7FgMLbnZVrEnir95O0YujA","100 Years","The Battle for Everything","Five For Fighting",2003,244600,65,spotify:user:gmpgnsukze0oumlf9q9tw02cj,2022-03-28T20:50:17Z,"acoustic pop,neo mellow,piano rock,pop rock",0.643,0.569,7,-7.459,1,0.0276,0.544,0.0000217,0.178,0.275,120.507,4
6jlqDfX8TQNxcaAz5oxYJA,"1Cq0LAHFfvUTBEtMPXUidI","Shattered (Turn The Car Around)","All Sides (Deluxe Edition)","O.A.R.",2008-07-15,255493,60,spotify:user:gmpgnsukze0oumlf9q9tw02cj,2022-03-28T20:50:47Z,"neo mellow,pop rock",0.572,0.783,11,-6.398,1,0.0353,0.0172,0,0.19,0.46,105.975,4
6BfOhpHADzrvKN2kMPTMPv,"4HQjQ1pCcv25LRqTxWKN4t","I'm Still Here (Jim's Theme) - From Treasure Planet/Soundtrack Version","Treasure Planet","John Rzeznik",2002-01-01,251466,58,spotify:user:gmpgnsukze0oumlf9q9tw02cj,2022-03-28T21:49:29Z,"pop rock",0.531,0.597,9,-9.004,1,0.0324,0.000403,0.00105,0.063,0.33,110.791,3
0pRfOWb0VgT5o8bws4iHvf,"0gHWXdaWQObi1A6C1rzgRM","Angels On The Moon","Thriving Ivory","Thriving Ivory",2008-06-24,252800,56,spotify:user:gmpgnsukze0oumlf9q9tw02cj,2022-03-29T01:27:16Z,"neo mellow,piano rock,pop rock",0.441,0.8,10,-3.268,1,0.0365,0.267,0,0.101,0.204,151.011,4
1fZhHANKVFNZ9W8iSh76gF,"4ERtgeBbWRkFzIz6LaFCeY","Stolen","Dusk And Summer","Dashboard Confessional",2006,199106,51,spotify:user:gmpgnsukze0oumlf9q9tw02cj,2022-03-29T11:43:37Z,"emo,neo mellow,pop punk,pop rock",0.636,0.838,3,-3.988,1,0.0329,0.00143,0.0000122,0.0573,0.318,101.584,4
6EMynpZ10GVcwVqiLZj6Ye,"2DaxqgrOhkeH0fpeiQq2f4","Champagne Supernova","(What's The Story) Morning Glory?","Oasis",1995-10-02,450506,61,spotify:user:gmpgnsukze0oumlf9q9tw02cj,2022-03-30T02:16:47Z,"beatlesque,britpop,madchester,permanent wave,pop rock,rock",0.303,0.853,2,-2.26,1,0.0366,0.223,0.00159,0.361,0.119,150.381,4
47wtXjG0Sk6DI6cjkRBcEg,"6TcnmlCSxihzWOQJ8k0rNS","Motorcycle Drive By","Third Eye Blind","Third Eye Blind",1997-04-08,262626,53,spotify:user:gmpgnsukze0oumlf9q9tw02cj,2022-03-30T04:54:04Z,"alternative rock,neo mellow,pop rock,post-grunge,rock",0.424,0.577,0,-9.292,1,0.0263,0.0127,0.000859,0.0848,0.615,122.473,4
6EIVLz5xM1xE29r0OmIkWt,"3Caot8EtHX6wLpNF2wRzS0,4SklVMGMsWTq7cJd9MixUx","Falling Slowly","Music From The Motion Picture Once","Glen Hansard,Markéta Irglová",2007-05-22,244133,63,spotify:user:gmpgnsukze0oumlf9q9tw02cj,2022-03-30T04:54:52Z,"irish rock,irish singer-songwriter,melancholia,chamber folk,czech singer-songwriter",0.34,0.209,0,-11.869,1,0.0279,0.679,0.000443,0.101,0.151,137.042,4
1He65kwoioammNSyIdxNb5,"6ok7bEDf9CZ0448D59AaNL","Streetlights","You're Awful, I Love You","Ludo",2007-01-01,258013,25,spotify:user:gmpgnsukze0oumlf9q9tw02cj,2022-03-31T21:51:05Z,"tulsa indie",0.511,0.557,7,-4.91,1,0.0286,0.199,0,0.26,0.221,114.934,4
6Vecwo7AHst9V2CE3kmwr0,"0hEurMDQu99nJRq8pTxO14","No Such Thing","Room For Squares","John Mayer",2001-08-16,231466,62,spotify:user:gmpgnsukze0oumlf9q9tw02cj,2022-04-22T16:12:36Z,"neo mellow,singer-songwriter",0.668,0.739,4,-4.919,1,0.0308,0.0383,0,0.13,0.571,131.918,4
1ztW0Lu8SFYrIWmaCy9e5G,"6S58b0fr8TkWrEHOH4tRVu","Your Love Is a Song","Hello Hurricane","Switchfoot",2009-11-03,259986,49,spotify:user:gmpgnsukze0oumlf9q9tw02cj,2022-04-24T23:17:20Z,"ccm,christian alternative rock,christian music,christian rock,neo mellow,pop rock,worship",0.519,0.524,6,-4.082,0,0.0282,0.0305,0.00012,0.207,0.357,80.013,4
094t7qaaDdnpHOrzuCdmEc,"7hKjAmQje8IE7SkL2KV7Rx","oatmeal - demo","oatmeal","Joseph Dubay",2022-10-07,157685,20,spotify:user:gmpgnsukze0oumlf9q9tw02cj,2022-10-07T14:35:30Z,"",0.455,0.281,5,-9.396,1,0.0328,0.903,0.000226,0.144,0.238,80.027,4
