Spotify ID,Artist IDs,Track Name,Album Name,Artist Name(s),Release Date,Duration (ms),Popularity,Added By,Added At,Genres,Danceability,Energy,Key,Loudness,Mode,Speechiness,Acousticness,Instrumentalness,Liveness,Valence,Tempo,Time Signature
5uZm7EFtP5aoTJvx5gv9Xf,"31W5EY0aAly4Qieq6OFu6I","Jungle","Artist","A Boogie Wit da Hoodie",2016-09-16,174192,74,spotify:user:amcball25,2019-06-12T21:52:09Z,"melodic rap,rap,trap",0.538,0.52,7,-11.063,0,0.737,0.308,0,0.214,0.551,180.274,4
5nzhL67GpF9szXWg5y509A,"5f7VJjfbwm532GiveGC0ZK","Close Friends (Lil Baby & Gunna)","Drip Harder","Lil Baby",2018-10-05,203881,73,spotify:user:amcball25,2019-06-12T21:52:14Z,"atl hip hop,atl trap,rap,trap",0.676,0.578,10,-4.669,0,0.375,0.0509,0,0.0796,0.698,158.896,4
0WZFN4E8HrmGUU0EMyKQ8c,"4MCBfE4596Uoi2O4DtmEMz","Used To","Goodbye & Good Riddance","Juice WRLD",2018-12-10,176443,71,spotify:user:amcball25,2019-06-12T21:52:22Z,"chicago rap,melodic rap",0.631,0.709,2,-4.666,1,0.0505,0.0963,0,0.376,0.2,84.504,4
2FTeQQ5Rg9tBpgpTF5mnhE,"31W5EY0aAly4Qieq6OFu6I","Still Think About You","Artist","A Boogie Wit da Hoodie",2016-09-16,246987,75,spotify:user:amcball25,2019-06-12T21:52:30Z,"melodic rap,rap,trap",0.946,0.646,5,-6.604,1,0.21,0.219,0,0.0643,0.961,127.978,4
75ZvA4QfFiZvzhj2xkaWAh,"246dkjvS1zLTtiykXe5h60","I Fall Apart","Stoney (Deluxe)","Post Malone",2016-12-09,223346,78,spotify:user:amcball25,2019-06-12T21:52:42Z,"dfw rap,melodic rap,rap",0.556,0.538,8,-5.408,0,0.0382,0.0689,0,0.196,0.291,143.95,4
0AICBlLzFCTpUqmAbtzB2z,"6Xgp2XMz1fhVYe7i6yNAax","Love Scars","A Love Letter To You","Trippie Redd",2017-05-14,143969,72,spotify:user:amcball25,2019-06-12T21:53:10Z,"melodic rap,rap,trap",0.659,0.614,9,-7.32,0,0.0541,0.000404,0,0.123,0.26,119.405,4
2z3htsNRuhDN923ITatc56,"3TVXtAsR1Inumwj472S9r4","Marvins Room","Take Care (Deluxe)","Drake",2011-11-15,347226,34,spotify:user:amcball25,2019-06-12T21:54:02Z,"canadian hip hop,canadian pop,hip hop,rap,toronto rap",0.492,0.26,9,-17.341,0,0.0921,0.646,0.00178,0.0705,0.312,111.519,5
6jT3etAOkvMUw0zsEw5QnR,"6Xgp2XMz1fhVYe7i6yNAax","Romeo & Juliet","A Love Letter To You","Trippie Redd",2017-05-14,208000,64,spotify:user:amcball25,2019-06-12T21:54:49Z,"melodic rap,rap,trap",0.609,0.37,0,-13.933,1,0.0712,0.664,0.086,0.328,0.352,119.806,4
7KA4W4McWYRpgf0fWsJZWB,"4V8LLVI7PbaPR0K2TGSxFF,1U1el3k54VvEUzo3ybLPlM","See You Again (feat. Kali Uchis)","Flower Boy","Tyler, The Creator,Kali Uchis",2017-07-21,180386,84,spotify:user:amcball25,2019-06-12T21:55:27Z,"hip hop,rap,colombian pop,pop",0.558,0.559,6,-9.222,1,0.0959,0.371,0.00000749,0.109,0.62,78.558,4
7022xokeCJFSeZxw2npVkn,"6Xgp2XMz1fhVYe7i6yNAax","It Takes Time","A Love Letter To You","Trippie Redd",2017-05-14,282666,65,spotify:user:amcball25,2019-06-12T21:56:00Z,"melodic rap,rap,trap",0.845,0.304,10,-16.441,1,0.195,0.371,0,0.112,0.413,90.01,4
561jH07mF1jHuk7KlaeF0s,"7dGJo4pcD2V6oG8kP0tJRR","Mockingbird","Encore (Deluxe Version)","Eminem",2004-11-12,250760,88,spotify:user:amcball25,2019-06-12T21:56:10Z,"detroit hip hop,hip hop,rap",0.637,0.678,0,-3.798,1,0.266,0.209,0,0.156,0.254,84.039,4
2ulXW6DPrhTDt7ZqqYDdhu,"7wlFDEWiM5OoIAt8RSli8b","Genie","Genie","YoungBoy Never Broke Again",2018-06-08,194791,0,spotify:user:amcball25,2019-06-12T21:57:53Z,"baton rouge rap,trap",0.598,0.605,7,-4.92,0,0.452,0.286,0,0.0875,0.513,159.517,4
61Oo3DUJubecZQosjho6Pp,"7wlFDEWiM5OoIAt8RSli8b","Valuable Pain","Realer","YoungBoy Never Broke Again",2018-12-20,169459,62,spotify:user:amcball25,2019-06-12T21:58:18Z,"baton rouge rap,trap",0.525,0.811,5,-5.702,0,0.345,0.23,0,0.213,0.513,169.685,4
0Jr4zQh5i3vrKFEcXrhhxl,"7wlFDEWiM5OoIAt8RSli8b","Solar Eclipse","Until Death Call My Name (Reloaded)","YoungBoy Never Broke Again",2018-06-29,227060,60,spotify:user:amcball25,2019-06-12T21:58:51Z,"baton rouge rap,trap",0.671,0.775,10,-3.969,0,0.0667,0.203,0,0.223,0.331,148.195,4
3pXF1nA74528Edde4of9CC,"2EMAnMvWE2eb56ToJVfCWs","Don't","T R A P S O U L","Bryson Tiller",2015-10-02,198293,82,spotify:user:amcball25,2019-06-12T21:59:32Z,"kentucky hip hop,pop,r&b,rap,trap",0.765,0.356,11,-5.556,0,0.195,0.223,0,0.0963,0.189,96.991,4
7GX5flRQZVHRAGd6B4TmDO,"4O15NlyKLIASxsJ0PrXPfz","XO Tour Llif3","Luv Is Rage 2","Lil Uzi Vert",2017-08-25,182706,82,spotify:user:amcball25,2019-06-12T22:01:03Z,"melodic rap,philly rap,rap,trap",0.732,0.75,11,-6.366,0,0.231,0.00264,0,0.109,0.401,155.096,4
6brl7bwOHmGFkNw3MBqssT,"21E3waRsmPlU7jZsS13rcj","So Sick","In My Own Words","Ne-Yo",2006-01-01,207186,76,spotify:user:amcball25,2019-06-12T22:02:20Z,"dance pop,pop,urban contemporary",0.452,0.574,6,-8.336,1,0.31,0.246,0,0.189,0.58,92.791,4
2tJulUYLDKOg9XrtVkMgcJ,"0du5cEVh5yTK9QJze8zA0C","Grenade","Doo-Wops & Hooligans","Bruno Mars",2010-10-05,222091,77,spotify:user:amcball25,2019-06-12T22:02:29Z,"dance pop,pop",0.704,0.558,2,-7.273,0,0.0542,0.148,0,0.107,0.245,110.444,4
12yGwtB2h9NlzeOKYfVYTF,"0z4gvV4rjIZ9wHck67ucSV","Don't Matter","Konvicted","Akon",2006,293066,3,spotify:user:amcball25,2019-06-12T22:02:35Z,"dance pop",0.801,0.454,2,-6.035,1,0.0371,0.225,0,0.226,0.34,125.139,4
5xV0Czdqefft6sPDqjmFBu,"20s0P9QLxGqKuCsGwFsp7w","Let Me Love You","Turning Point","Mario",2004-08-06,249093,52,spotify:user:amcball25,2019-06-12T22:02:39Z,"dance pop,hip pop,pop,post-teen pop,r&b,urban contemporary",0.681,0.586,7,-8.324,0,0.058,0.169,0,0.0924,0.604,94.539,4
0KeQsDMe3GSRRXF46aNl2s,"6AgTAQt8XS6jRWi4sX7w49","Finer Things","Finer Things","Polo G",2018-11-30,182400,0,spotify:user:amcball25,2019-06-19T22:04:17Z,"chicago rap,rap",0.504,0.453,2,-12.589,1,0.383,0.0551,0.000199,0.0993,0.0928,177.939,4
6n3HGiq4v35D6eFOSwqYuo,"3TVXtAsR1Inumwj472S9r4","Teenage Fever","More Life","Drake",2017-03-18,219692,80,spotify:user:amcball25,2019-07-06T17:03:12Z,"canadian hip hop,canadian pop,hip hop,rap,toronto rap",0.766,0.283,8,-10.33,0,0.0846,0.111,0.0172,0.115,0.144,97.04,4
2xbI8Vmyv3TkpTdywpPyNw,"21WS9wngs9AqFckK7yYJPM","Selfish","GTTM: Goin Thru the Motions","PnB Rock",2017-01-13,245604,72,spotify:user:amcball25,2019-07-06T17:03:19Z,"melodic rap,pop,pop rap,rap,trap",0.638,0.6,1,-5.84,0,0.0438,0.114,0,0.187,0.0399,101.981,4
230wNo1dnexltKYQbsW7oD,"1cNDP5yjU5vjeR8qMf4grg","772 Love","772 Love","YNW Melly",2017-10-16,209488,72,spotify:user:amcball25,2019-07-06T17:03:23Z,"melodic rap,trap",0.676,0.623,6,-7.297,0,0.0352,0.226,0.0000166,0.159,0.347,111.466,4
6ChdMi0GZVAM6ENMwNvyjk,"7wlFDEWiM5OoIAt8RSli8b","You the One","Ain't Too Long","YoungBoy Never Broke Again",2017-07-31,187088,61,spotify:user:amcball25,2019-10-27T19:02:34Z,"baton rouge rap,trap",0.697,0.493,5,-7.989,0,0.234,0.317,0,0.108,0.25,145.904,4
0Doa5K0ifq5RgdTWngqoYS,"45TgXXqMDdF8BkjA83OM7z","Chip On My Shoulder","Ghetto Gospel","Rod Wave",2019-11-01,111751,0,spotify:user:amcball25,2020-01-02T07:32:06Z,"florida rap",0.668,0.365,2,-9.465,1,0.509,0.887,0,0.0763,0.623,71.066,4
4LLAT3X8l9gcW8B6sdVYjh,"45TgXXqMDdF8BkjA83OM7z","How Would You Feel","PTSD","Rod Wave",2019-06-14,165019,0,spotify:user:amcball25,2020-01-02T07:32:13Z,"florida rap",0.821,0.593,2,-7.689,1,0.429,0.208,0,0.0738,0.739,157.978,4
6fWa5CRgy0z30OeGZyMBvD,"45TgXXqMDdF8BkjA83OM7z","Heart On Ice","PTSD","Rod Wave",2019-06-14,159669,1,spotify:user:amcball25,2020-01-02T07:32:21Z,"florida rap",0.733,0.389,10,-8.468,0,0.0738,0.0513,0,0.141,0.244,157.878,3
21jGcNKet2qwijlDFuPiPb,"246dkjvS1zLTtiykXe5h60","Circles","Hollywood's Bleeding","Post Malone",2019-09-06,215280,85,spotify:user:amcball25,2020-01-09T00:46:21Z,"dfw rap,melodic rap,rap",0.695,0.762,0,-3.497,1,0.0395,0.192,0.00244,0.0863,0.553,120.042,4
028JxheELfIvvY4zBXuMjw,"6AgTAQt8XS6jRWi4sX7w49,0YinUQ50QDB7ZxSCLyQ40k","Heartless (feat. Mustard)","Heartless (feat. Mustard)","Polo G,Mustard",2019-09-20,201626,47,spotify:user:amcball25,2020-01-22T23:25:29Z,"chicago rap,rap,cali rap,hip hop,pop,pop rap,southern hip hop,trap",0.776,0.64,7,-8.058,1,0.183,0.15,0,0.0983,0.326,160.038,4
7w1yRWWeP2s0anD6luiBYs,"45TgXXqMDdF8BkjA83OM7z","Dark Conversations","Ghetto Gospel","Rod Wave",2019-11-01,144960,0,spotify:user:amcball25,2020-03-02T05:30:46Z,"florida rap",0.719,0.648,9,-5.667,0,0.189,0.302,0,0.0561,0.61,158.992,4
6gQ2zRxHeWH3gKRV541A4c,"6Xgp2XMz1fhVYe7i6yNAax,1anyVhU62p31KFi8MEzkbf","I Love You","A Love Letter To You 4 (Deluxe)","Trippie Redd,Chance the Rapper",2020-02-21,229244,0,spotify:user:amcball25,2020-03-02T05:46:28Z,"melodic rap,rap,trap,chicago rap,conscious hip hop,hip hop,pop rap",0.732,0.736,0,-3.916,1,0.0344,0.0699,0,0.0899,0.472,142.976,4
1gub4k6PiSUSAJpf6eZumF,"6Xgp2XMz1fhVYe7i6yNAax","Leray","A Love Letter To You 4 (Deluxe)","Trippie Redd",2020-02-21,122706,0,spotify:user:amcball25,2020-03-02T05:46:35Z,"melodic rap,rap,trap",0.774,0.195,4,-12.233,1,0.087,0.789,0.00103,0.109,0.369,132.847,4
7jYxZ8Fi6OTmnmQVLN3tni,"6Xgp2XMz1fhVYe7i6yNAax","Love Sick","A Love Letter To You 4 (Deluxe)","Trippie Redd",2020-02-21,177981,0,spotify:user:amcball25,2020-03-02T05:46:40Z,"melodic rap,rap,trap",0.861,0.712,6,-6.72,0,0.104,0.527,0.0000412,0.622,0.687,119.042,4
3jT2LKH0RSbQ8jIUNFzXm5,"5QdEbQJ3ylBnc3gsIASAT5,4MCBfE4596Uoi2O4DtmEMz,4O15NlyKLIASxsJ0PrXPfz,1anyVhU62p31KFi8MEzkbf","PTSD","PTSD","G Herbo,Juice WRLD,Lil Uzi Vert,Chance the Rapper",2020-02-28,232064,2,spotify:user:amcball25,2020-03-02T05:46:54Z,"chicago drill,chicago rap,drill,hip hop,rap,southern hip hop,trap,melodic rap,philly rap,conscious hip hop,pop rap",0.883,0.808,1,-3.158,0,0.183,0.0317,0,0.207,0.805,119.012,4
6mABK96naF062FmZEs7lr3,"5QdEbQJ3ylBnc3gsIASAT5,6AgTAQt8XS6jRWi4sX7w49","Lawyer Fees","PTSD","G Herbo,Polo G",2020-02-28,247740,0,spotify:user:amcball25,2020-03-02T05:47:01Z,"chicago drill,chicago rap,drill,hip hop,rap,southern hip hop,trap",0.815,0.546,9,-5.053,1,0.172,0.176,0,0.109,0.182,141.074,4
2fSW54bA6x2iWePU7rpCiP,"1cNDP5yjU5vjeR8qMf4grg","Mama Cry","I AM YOU","YNW Melly",2018-08-03,231297,71,spotify:user:amcball25,2020-03-02T15:52:38Z,"melodic rap,trap",0.543,0.492,7,-7.432,1,0.156,0.0739,0,0.11,0.107,220.099,4
1iSqfoUFnQwV0QW1EfUit8,"1cNDP5yjU5vjeR8qMf4grg","Suicidal","Melly vs. Melvin","YNW Melly",2019-11-22,222997,74,spotify:user:amcball25,2020-03-02T15:52:56Z,"melodic rap,trap",0.735,0.369,9,-9.682,0,0.0688,0.334,0,0.126,0.235,140.004,4
0rhxoXFMKRtm1dQJfi72Yh,"1cNDP5yjU5vjeR8qMf4grg","No Heart","We All Shine","YNW Melly",2019-01-18,221419,62,spotify:user:amcball25,2020-03-02T15:53:12Z,"melodic rap,trap",0.76,0.568,9,-3.92,1,0.0558,0.505,0,0.107,0.414,77.482,4
5SlW8zZXwitcPKHr8pW51q,"45TgXXqMDdF8BkjA83OM7z","Paint The Sky Red","PTSD","Rod Wave",2019-06-14,136071,0,spotify:user:amcball25,2020-03-02T23:31:23Z,"florida rap",0.721,0.512,6,-6.579,1,0.147,0.112,0,0.0911,0.709,159.875,4
04A5qhQVpAp6NterkHjZYt,"45TgXXqMDdF8BkjA83OM7z","Proud of Me","PTSD","Rod Wave",2019-06-14,110730,0,spotify:user:amcball25,2020-03-02T23:34:35Z,"florida rap",0.705,0.527,1,-9.646,0,0.246,0.0488,0,0.105,0.311,156.908,4
6cZH4rX1KTt1aJ3Ql6Ynja,"31W5EY0aAly4Qieq6OFu6I","Me and My Guitar","Artist 2.0","A Boogie Wit da Hoodie",2020-02-14,161764,72,spotify:user:amcball25,2020-03-03T00:27:15Z,"melodic rap,rap,trap",0.644,0.587,7,-6.736,0,0.353,0.473,0,0.0759,0.68,173.972,4
2JRbJG7R7FQyjos58rBMxA,"45TgXXqMDdF8BkjA83OM7z","Popular Loner","PTSD","Rod Wave",2019-06-14,156813,0,spotify:user:amcball25,2020-03-03T00:36:07Z,"florida rap",0.683,0.62,10,-9.029,1,0.188,0.0541,0,0.142,0.773,159.897,4
6JjCS3FuQ1VpRuqKJ5Z33W,"45TgXXqMDdF8BkjA83OM7z","Heart 4 Sale","Hunger Games 3","Rod Wave",2018-12-07,176035,0,spotify:user:amcball25,2020-03-03T00:37:04Z,"florida rap",0.862,0.458,4,-7.179,0,0.34,0.28,0.000282,0.113,0.566,149.048,4
41MCdlvXOl62B7Kv86Bb1v,"4MCBfE4596Uoi2O4DtmEMz","Empty","Death Race For Love","Juice WRLD",2019-03-08,248431,4,spotify:user:amcball25,2020-03-03T00:37:50Z,"chicago rap,melodic rap",0.745,0.561,0,-4.869,1,0.0807,0.0758,0,0.133,0.449,77.557,4
3NqCEpT8xsHdzpiRlM1kpS,"6AgTAQt8XS6jRWi4sX7w49","Through Da Storm","Die A Legend","Polo G",2019-06-07,195586,74,spotify:user:amcball25,2020-03-03T00:37:58Z,"chicago rap,rap",0.71,0.49,1,-9.832,1,0.246,0.128,0,0.0942,0.621,74.351,4
7AQim7LbvFVZJE3O8TYgf2,"15UsOTVnJzReFVN1VCnxy4,6Xgp2XMz1fhVYe7i6yNAax","Fuck Love (feat. Trippie Redd)","17","XXXTENTACION,Trippie Redd",2017-08-25,146520,82,spotify:user:amcball25,2020-03-03T00:39:02Z,"emo rap,miami hip hop,melodic rap,rap,trap",0.797,0.533,0,-9.74,0,0.0412,0.0172,0.000152,0.103,0.329,131.036,4
03eJ2DclFWXYU8GWgANdmZ,"15UsOTVnJzReFVN1VCnxy4,21WS9wngs9AqFckK7yYJPM,6Xgp2XMz1fhVYe7i6yNAax","bad vibes forever","Bad Vibes Forever","XXXTENTACION,PnB Rock,Trippie Redd",2019-12-06,150475,74,spotify:user:amcball25,2020-03-03T00:41:23Z,"emo rap,miami hip hop,melodic rap,pop,pop rap,rap,trap",0.8,0.526,8,-5.153,1,0.0716,0.334,0.00174,0.0571,0.746,129.874,4
1sXJ0TZDdYBIV4mlzQFi4j,"31W5EY0aAly4Qieq6OFu6I","Fall in Love","Artist","A Boogie Wit da Hoodie",2016-09-16,214857,60,spotify:user:amcball25,2020-03-03T00:46:25Z,"melodic rap,rap,trap",0.842,0.727,0,-6.241,1,0.0675,0.261,0,0.131,0.721,107.994,4
3wwo0bJvDSorOpNfzEkfXx,"4MCBfE4596Uoi2O4DtmEMz","Let Me Know (I Wonder Why Freestyle)","Let Me Know (I Wonder Why Freestyle)","Juice WRLD",2019-12-07,215380,77,spotify:user:amcball25,2020-03-03T00:47:46Z,"chicago rap,melodic rap",0.635,0.537,7,-7.895,0,0.0832,0.172,0,0.418,0.383,125.028,4
4H7WNRErSbONkM06blBoGc,"246dkjvS1zLTtiykXe5h60","Stay","beerbongs & bentleys","Post Malone",2018-04-27,204426,75,spotify:user:amcball25,2020-03-03T00:50:07Z,"dfw rap,melodic rap,rap",0.507,0.48,5,-5.418,1,0.0266,0.449,0,0.147,0.35,86.046,4
25yup6WYnPoITrfzhkBLmt,"6bmlMHgSheBauioMgKv2tn,1bq8rqNnfrojn0OSAfeNXJ","I Can't Sleep","Some Boring, Love Stories","Powfu,Sarcastic Sounds",2018-12-12,152500,60,spotify:user:amcball25,2020-03-03T00:50:26Z,"sad rap,lo-fi chill,sad lo-fi",0.805,0.479,6,-9.238,0,0.363,0.182,0.00000341,0.346,0.363,80.454,4
1sSb4ATG8E30IGDdjAvlxh,"1cNDP5yjU5vjeR8qMf4grg","Catchin Feelings","Catching Feelings","YNW Melly",2017-10-14,230257,59,spotify:user:amcball25,2020-03-11T22:45:24Z,"melodic rap,trap",0.79,0.433,9,-10.527,1,0.145,0.32,0.00791,0.089,0.263,122.006,4
2ktxr00GpTtbMNeBjNeY8D,"6Xgp2XMz1fhVYe7i6yNAax","Who Needs Love","A Love Letter To You 4","Trippie Redd",2019-11-22,158532,69,spotify:user:amcball25,2020-03-11T22:45:41Z,"melodic rap,rap,trap",0.85,0.516,0,-7.664,0,0.0714,0.763,0,0.0896,0.874,108.963,4
40KuvsFD0zpUFuCcmt5Xm0,"15UsOTVnJzReFVN1VCnxy4","Ex Bitch","Bad Vibes Forever","XXXTENTACION",2019-12-06,121671,72,spotify:user:amcball25,2020-03-19T06:05:55Z,"emo rap,miami hip hop",0.835,0.462,7,-6.227,1,0.155,0.513,0,0.0875,0.702,78.99,4
4S2uhQE8L9V6p7rj7SiauJ,"1cNDP5yjU5vjeR8qMf4grg,4MCBfE4596Uoi2O4DtmEMz","Suicidal (Remix) [feat. Juice WRLD]","Suicidal (Remix) [feat. Juice WRLD]","YNW Melly,Juice WRLD",2020-03-13,225857,73,spotify:user:amcball25,2020-03-20T02:44:06Z,"melodic rap,trap,chicago rap",0.655,0.441,9,-5.245,0,0.0629,0.474,0,0.099,0.273,139.957,4
3MN1S0JoiAPTCnsE5w38UC,"1WyA79ym7BSwqagjKNQ862","Where Did You Go","Where Did You Go","wrldofjuice",2020-03-04,244140,0,spotify:user:amcball25,2020-03-31T05:15:51Z,"",0.589,0.611,8,-9.281,1,0.147,0.0805,0,0.846,0.209,121.99,4
0OyQns5ayNK2OVaES0Vb8t,"4MCBfE4596Uoi2O4DtmEMz","Righteous","Righteous","Juice WRLD",2020-04-24,243356,0,spotify:user:amcball25,2020-04-24T05:06:07Z,"chicago rap,melodic rap",0.707,0.622,0,-6.951,1,0.031,0.0397,0,0.149,0.223,142.942,4
61StVXD7XDEeVBBdnvmFfM,"6ASri4ePR7RlsvIQgWPJpS","what is real","what is real","iann dior",2019-07-03,134819,43,spotify:user:amcball25,2020-04-26T21:04:05Z,"melodic rap,pop,pop rap",0.626,0.769,1,-4.48,1,0.0343,0.224,0,0.116,0.446,93.483,4
0t3ZvGKlmYmVsDzBJAXK8C,"246dkjvS1zLTtiykXe5h60,50co4Is1HCEo8bhOyUWKpn","Goodbyes (feat. Young Thug)","Hollywood's Bleeding","Post Malone,Young Thug",2019-09-06,174853,79,spotify:user:amcball25,2020-04-26T21:04:12Z,"dfw rap,melodic rap,rap,atl hip hop,atl trap,gangster rap,hip hop,pop rap,southern hip hop,trap",0.548,0.653,5,-3.875,1,0.081,0.456,0,0.103,0.163,150.068,4
6tmw9HOUPAzvhmxMk8VTuD,"2e3LzbZx1VP4wBNFCaxZVD","Save Me","Save Me","TheHxliday",2020-04-28,259668,26,spotify:user:amcball25,2020-05-03T02:45:31Z,"sad rap",0.704,0.475,4,-7.424,0,0.0303,0.00836,0.00000589,0.09,0.164,90.024,4
2ge6aHBYDZs6FjlFIe6Vjn,"0POkErJcpuhWNnCXAhgJoZ,6Xgp2XMz1fhVYe7i6yNAax","Beautiful","Beautiful","BigKlit,Trippie Redd",2020-04-30,188893,27,spotify:user:amcball25,2020-05-15T09:10:04Z,"escape room,viral rap,melodic rap,rap,trap",0.642,0.527,9,-7.234,0,0.0526,0.682,0.00000609,0.184,0.334,88.952,4
4wVOKKEHUJxHCFFNUWDn0B,"3TVXtAsR1Inumwj472S9r4,4fxd5Ee7UefO4CUXgwJ7IP","Chicago Freestyle (feat. Giveon)","Dark Lane Demo Tapes","Drake,Giveon",2020-05-01,220487,82,spotify:user:amcball25,2020-05-15T09:10:27Z,"canadian hip hop,canadian pop,hip hop,rap,toronto rap,pop,r&b",0.735,0.449,10,-7.507,1,0.347,0.629,0,0.113,0.0397,122.947,4
4dKe8YJZg545pXqWBksYIe,"6AgTAQt8XS6jRWi4sX7w49","No Matter What","THE GOAT","Polo G",2020-05-15,199458,54,spotify:user:amcball25,2020-05-15T09:10:37Z,"chicago rap,rap",0.539,0.705,11,-6.89,1,0.284,0.111,0,0.093,0.456,83.367,4
4SIB2yxKoFOrbkjA4zfQbB,"6AgTAQt8XS6jRWi4sX7w49","Beautiful Pain (Losin My Mind)","THE GOAT","Polo G",2020-05-15,171441,66,spotify:user:amcball25,2020-05-15T09:10:47Z,"chicago rap,rap",0.597,0.477,1,-9.638,0,0.642,0.137,0,0.113,0.512,80.382,4
65jw6GhwQW3Db55PxlPEpS,"6AgTAQt8XS6jRWi4sX7w49,5f7VJjfbwm532GiveGC0ZK","Be Something","THE GOAT","Polo G,Lil Baby",2020-05-15,194117,66,spotify:user:amcball25,2020-05-15T09:17:45Z,"chicago rap,rap,atl hip hop,atl trap,trap",0.829,0.52,8,-10.34,1,0.294,0.0232,0,0.134,0.248,136.103,4
5bgwqaRSS3M8WHWruHgSL5,"6LuN9FCkKOj5PcnpouEgny","8TEEN","American Teen","Khalid",2017-04-27,228600,75,spotify:user:amcball25,2020-05-16T01:17:35Z,"pop,pop r&b",0.83,0.585,1,-5.802,1,0.0366,0.225,0.00209,0.0576,0.642,105.03,4
0D6DuyRMy38uLLN4RXHcQU,"45TgXXqMDdF8BkjA83OM7z","Dark Clouds","Pray 4 Love","Rod Wave",2020-04-03,169453,0,spotify:user:amcball25,2020-09-15T04:03:39Z,"florida rap",0.709,0.593,4,-10.05,0,0.26,0.207,0,0.0939,0.42,169.92,4
65QRS8iMQ1TsQ93fPZIZ4i,"45TgXXqMDdF8BkjA83OM7z","Girl Of My Dreams","Pray 4 Love","Rod Wave",2020-04-03,159817,0,spotify:user:amcball25,2020-11-13T03:23:46Z,"florida rap",0.586,0.547,4,-7.383,0,0.095,0.502,0,0.0963,0.35,75.911,4
1rLWsLY98u9hcWePdfN2y5,"21WS9wngs9AqFckK7yYJPM","Notice Me","GTTM: Goin Thru the Motions","PnB Rock",2017-01-13,209050,58,spotify:user:amcball25,2020-11-13T03:23:53Z,"melodic rap,pop,pop rap,rap,trap",0.597,0.645,0,-5.356,0,0.0588,0.457,0,0.11,0.55,128.258,4
6HeCk6yewXH7WO4D93eub9,"5rGbtFeEVjymN6xzE8opA6","Ruthless (Nice Guys Always Finish Last)","Oso Different","MarMar Oso",2019-08-14,233023,69,spotify:user:amcball25,2020-11-13T03:24:10Z,"pop r&b",0.724,0.269,5,-15.465,1,0.0456,0.388,0,0.0808,0.866,86.042,4
4mHgYpuGHu99Mw69E83CP2,"6Xgp2XMz1fhVYe7i6yNAax","Taking A Walk","LIFE'S A TRIP","Trippie Redd",2018-08-10,121680,77,spotify:user:amcball25,2020-11-13T03:24:12Z,"melodic rap,rap,trap",0.767,0.538,0,-6.044,0,0.052,0.68,0,0.192,0.343,81.031,4
5rgrBsAFYMun6yhtnLKRPz,"2EMAnMvWE2eb56ToJVfCWs","Right My Wrongs","T R A P S O U L","Bryson Tiller",2015-10-02,249320,74,spotify:user:amcball25,2020-11-13T03:24:16Z,"kentucky hip hop,pop,r&b,rap,trap",0.543,0.449,1,-8.065,1,0.0463,0.345,0,0.157,0.29,132.609,4
0I3Lzmf3JDIOyFLcrruRjO,"1CyAtnOmpHpo7OcTqkLMnR","She Wonders Why","She Wonders Why","Astrus*",2018-02-07,131201,0,spotify:user:amcball25,2020-11-13T03:24:18Z,"aesthetic rap,lo-fi chill,sad lo-fi,sad rap",0.671,0.288,1,-14.176,1,0.496,0.468,0,0.139,0.42,68.287,5
6uopU5gxLNYdykfjAozHkW,"45TgXXqMDdF8BkjA83OM7z","Abandoned","Ghetto Gospel","Rod Wave",2019-11-01,246465,0,spotify:user:amcball25,2021-03-06T20:36:25Z,"florida rap",0.713,0.517,4,-13.556,1,0.12,0.471,0,0.0756,0.673,149.965,4
5Kskr9LcNYa0tpt5f0ZEJx,"6jGMq4yGs7aQzuGsMgVgZR,4IVAbR2w4JJNJDDRFP3E83","Calling My Phone","Calling My Phone","Lil Tjay,6LACK",2021-02-12,205458,5,spotify:user:amcball25,2021-03-06T20:36:31Z,"brooklyn drill,melodic rap,nyc rap,atl hip hop,hip hop,pop,r&b,rap,trap",0.907,0.393,4,-7.636,0,0.0539,0.451,0.00000135,0.135,0.202,104.949,4
227zDpSFSls5Wlkdujw709,"6zQRQ2jsbICny41g2fVT5U","Monsters","Monsters","Damien",2020-12-18,205482,43,spotify:user:amcball25,2021-03-06T20:36:39Z,"lo-fi chill,sad lo-fi,sad rap",0.834,0.369,4,-10.781,0,0.129,0.807,0,0.171,0.168,121.57,4
3sNVsP50132BTNlImLx70i,"5K4W6rqBFWDnAN6FQUkS6x","Bound 2","Yeezus","Kanye West",2013-06-18,229146,86,spotify:user:amcball25,2021-03-06T20:36:54Z,"chicago rap,rap",0.367,0.665,1,-2.821,1,0.0465,0.145,0,0.113,0.31,148.913,4
00c6I4e1BL1vqbD97KIh50,"1ueFyDvrq8tCjAd6x8AVxD","Traveling Alone","Traveling Alone","Tom The Mail Man",2019-11-18,160165,53,spotify:user:amcball25,2021-03-06T20:37:06Z,"modern indie pop,sad rap",0.691,0.595,8,-6.865,0,0.0377,0.0888,0.0000556,0.0886,0.415,121.004,4
3QCU8BT0zDS9LPVfEhRFEE,"2tIP7SsRs7vjIcLrU85W8J","ALWAYS DO","F*CK LOVE (SAVAGE)","The Kid LAROI",2020-11-06,151704,71,spotify:user:amcball25,2021-03-06T20:37:46Z,"australian hip hop,pop",0.762,0.426,8,-6.865,1,0.113,0.0442,0,0.0858,0.582,167.827,4
13EW51DKru044OJDJ9Bm8o,"2tIP7SsRs7vjIcLrU85W8J,7wlFDEWiM5OoIAt8RSli8b,6MPCFvOQv5cIGfw3jODMF0","TRAGIC (feat. Youngboy Never Broke Again & Internet Money)","F*CK LOVE (SAVAGE)","The Kid LAROI,YoungBoy Never Broke Again,Internet Money",2020-11-06,153147,69,spotify:user:amcball25,2021-03-06T20:37:51Z,"australian hip hop,pop,baton rouge rap,trap,pop rap,rap",0.779,0.642,8,-6.321,0,0.116,0.0383,0,0.2,0.388,82.363,4
27OeeYzk6klgBh83TSvGMA,"2tIP7SsRs7vjIcLrU85W8J","WITHOUT YOU","F*CK LOVE (SAVAGE)","The Kid LAROI",2020-11-06,161384,78,spotify:user:amcball25,2021-03-06T20:37:56Z,"australian hip hop,pop",0.662,0.413,0,-7.357,1,0.0299,0.213,0,0.134,0.467,93.005,4
7CdoE8U5DwrwCaLoyf3ME0,"7wlFDEWiM5OoIAt8RSli8b","All In","Top","YoungBoy Never Broke Again",2020-09-11,156662,66,spotify:user:amcball25,2021-03-06T20:38:34Z,"baton rouge rap,trap",0.511,0.654,8,-6.133,1,0.314,0.053,0,0.316,0.279,154.868,4
6pgSQuEY2hJhRkC4YpZfJQ,"0bBz5bRBkExaej2HxtVfCw","Demons and Monsters","Demons and Monsters","347aidan",2020-09-28,197881,0,spotify:user:amcball25,2021-03-06T20:38:42Z,"sad rap",0.786,0.319,9,-11.699,0,0.0718,0.927,0.00000107,0.265,0.392,80.996,4
4X5AMbgW6whnAuDX10fhgq,"5IbEL2xjRtKsunfmsahLuO","Revenge","Revenge","$NOT",2020-09-24,148093,54,spotify:user:amcball25,2021-03-06T20:38:56Z,"aesthetic rap,florida rap,rap,underground hip hop",0.829,0.619,1,-7.258,1,0.198,0.29,0.000371,0.0975,0.351,96.035,4
50a8bKqlwDEqeiEknrzkTO,"1URnnhqYAYcrqrcwql10ft","ball w/o you","i am > i was","21 Savage",2018-12-21,195046,81,spotify:user:amcball25,2021-03-06T20:39:16Z,"atl hip hop,rap",0.892,0.633,8,-7.471,1,0.0902,0.0467,0.000189,0.139,0.459,137.994,4
2KvHC9z14GSl4YpkNMX384,"3TVXtAsR1Inumwj472S9r4","Do Not Disturb","More Life","Drake",2017-03-18,283550,75,spotify:user:amcball25,2021-03-06T20:39:32Z,"canadian hip hop,canadian pop,hip hop,rap,toronto rap",0.618,0.693,7,-5.943,0,0.45,0.246,0,0.112,0.454,170.982,4
35r28RDot7nPE7y9K9H7l0,"246dkjvS1zLTtiykXe5h60","Feeling Whitney","Stoney (Deluxe)","Post Malone",2016-12-09,257266,75,spotify:user:amcball25,2021-03-06T20:39:57Z,"dfw rap,melodic rap,rap",0.412,0.227,0,-12.696,1,0.0359,0.787,0.00000469,0.282,0.226,80.111,4
1Fyt835V4QrKt5GGWXENtz,"45TgXXqMDdF8BkjA83OM7z","Girl Of My Dreams","Pray 4 Love (Deluxe)","Rod Wave",2020-08-07,159817,0,spotify:user:amcball25,2021-03-06T20:40:03Z,"florida rap",0.586,0.547,4,-7.383,0,0.095,0.505,0,0.0963,0.35,75.911,4
0M55vYy54LCyaA4yoJVx8e,"45TgXXqMDdF8BkjA83OM7z","Ribbon In The Sky","Pray 4 Love (Deluxe)","Rod Wave",2020-08-07,163160,0,spotify:user:amcball25,2021-03-06T20:40:11Z,"florida rap",0.417,0.736,0,-6.203,1,0.216,0.248,0,0.114,0.395,81.912,4
2SN8hAybjzLpXYCw8hs5a7,"45TgXXqMDdF8BkjA83OM7z","Dark Clouds","Pray 4 Love (Deluxe)","Rod Wave",2020-08-07,169453,0,spotify:user:amcball25,2021-03-06T20:40:16Z,"florida rap",0.709,0.593,4,-10.05,0,0.26,0.207,0,0.0939,0.417,169.922,4
1bEE1ByVPAoBKgFTNfqUou,"45TgXXqMDdF8BkjA83OM7z","5% Tints","Pray 4 Love (Deluxe)","Rod Wave",2020-08-07,157962,0,spotify:user:amcball25,2021-03-06T20:40:22Z,"florida rap",0.75,0.585,1,-8.57,1,0.118,0.331,0,0.181,0.634,152.026,1
0jo6Nd4iJU0UFHqS0Xd4l4,"4MCBfE4596Uoi2O4DtmEMz","Fighting Demons","Legends Never Die","Juice WRLD",2020-07-10,200628,0,spotify:user:amcball25,2021-03-06T20:40:41Z,"chicago rap,melodic rap",0.707,0.67,7,-6.328,0,0.257,0.0813,0,0.098,0.235,163.099,4
5iSEsR6NKjlC9SrIJkyL3k,"0fA0VVWsXO9YnASrzqfmYu,0SwO7SWeDHJijQ3XNS7xEE,57dN52uHvrHOxijzpIgu3E","Pursuit Of Happiness (Nightmare)","Man On The Moon: The End Of Day","Kid Cudi,MGMT,Ratatat",2009-09-15,295293,73,spotify:user:amcball25,2021-03-06T20:40:49Z,"hip hop,ohio hip hop,rap,alternative dance,indietronica,modern rock,rock",0.63,0.605,0,-8.951,1,0.0414,0.484,0.0000929,0.298,0.266,115.277,4
3qHgGyJY4GpXNOK4WL4NSo,"7wlFDEWiM5OoIAt8RSli8b","Red Eye","Still Flexin, Still Steppin","YoungBoy Never Broke Again",2020-02-21,156076,58,spotify:user:amcball25,2021-03-06T20:41:03Z,"baton rouge rap,trap",0.485,0.814,9,-3.907,1,0.138,0.217,0,0.112,0.327,159.894,4
6Nle9hKrkL1wQpwNfEkxjh,"2h93pZq0e7k5yf4dywlkpM","Chanel","Chanel","Frank Ocean",2017-03-10,210285,77,spotify:user:amcball25,2021-03-06T20:41:47Z,"hip hop,lgbtq+ hip hop,neo soul,pop",0.776,0.503,0,-5.732,0,0.237,0.874,0,0.112,0.473,110.134,4
0V3hLEdliICajolw9eULwd,"40zuFXVJaYmGFpEXojbUiV","Lonely Planet","Lonely Planet","Lil Goat",2020-02-07,235120,15,spotify:user:amcball25,2021-03-06T20:42:57Z,"",0.725,0.564,1,-8.771,1,0.183,0.156,0,0.0977,0.558,76.031,4
0AFmxuY039QJ7aNIeAID6N,"2zhgWhhKeDGw6gGd16y7tc","Nandina","Nandina","Drex Carter",2018-07-20,177000,51,spotify:user:amcball25,2021-03-06T20:43:03Z,"emo rap,sad lo-fi,sad rap",0.831,0.458,7,-10.59,1,0.238,0.668,0,0.226,0.618,98.512,4
4XP80XNbzSC5V2vxx0pG9L,"6Xgp2XMz1fhVYe7i6yNAax","Real Feel","A Love Letter To You 4 (Deluxe)","Trippie Redd",2020-02-21,258552,0,spotify:user:amcball25,2021-03-06T20:43:45Z,"melodic rap,rap,trap",0.837,0.57,2,-5.221,1,0.0767,0.372,0,0.0862,0.425,74.514,4
6gU9OKjOE7ghfEd55oRO57,"7tYKF4w9nC0nq9CsPZTHyP","The Weekend","Ctrl","SZA",2017-06-09,272186,73,spotify:user:amcball25,2021-03-06T20:46:08Z,"pop,r&b,rap",0.4,0.366,8,-9.405,0,0.0597,0.242,0,0.126,0.161,73.313,3
6m9qPYXmhge2QhBLfFKnVF,"1anyVhU62p31KFi8MEzkbf","Same Drugs","Coloring Book","Chance the Rapper",2016-05-27,257775,60,spotify:user:amcball25,2021-03-06T20:47:01Z,"chicago rap,conscious hip hop,hip hop,pop rap,rap",0.461,0.293,6,-9.52,1,0.0555,0.947,0.00000995,0.0936,0.531,180.297,4
39Jg5GEpMGXVGj85aXBCXZ,"6TIYQ3jFPwQSRmorSezPxX","The Break Up","The Break Up","Machine Gun Kelly",2017-12-15,200258,48,spotify:user:amcball25,2021-03-06T20:47:17Z,"ohio hip hop,pop,pop rap",0.771,0.713,9,-6.755,0,0.0643,0.00265,0.00000197,0.105,0.235,130.095,4
4VXIryQMWpIdGgYR4TrjT1,"4MCBfE4596Uoi2O4DtmEMz","All Girls Are The Same","Goodbye & Good Riddance","Juice WRLD",2018-12-10,165819,83,spotify:user:amcball25,2021-03-06T20:49:26Z,"chicago rap,melodic rap",0.671,0.529,0,-7.226,1,0.307,0.0769,0.000335,0.0856,0.203,161.989,4
2eAZfqOm4EnOF9VvN50Tyc,"4O15NlyKLIASxsJ0PrXPfz,5cIc3SBFuBLVxJz58W2tU9","The Way Life Goes (feat. Oh Wonder)","Luv Is Rage 2","Lil Uzi Vert,Oh Wonder",2017-08-25,221746,79,spotify:user:amcball25,2021-03-06T20:49:30Z,"melodic rap,philly rap,rap,trap,electropop",0.703,0.757,1,-3.612,1,0.05,0.617,0,0.106,0.696,82.008,4
0vQM29chWYNTrqPoirulxI,"33r8rPgsHXfVN1r3adlrWw","Love Is a Drug","Thbk.","Papithbk",2018-10-24,97906,7,spotify:user:amcball25,2021-03-06T20:49:45Z,"australian trap,sad lo-fi,sad rap",0.841,0.406,7,-12.389,1,0.358,0.791,0,0.0872,0.384,110.061,4
2BSbCCbaSCzkOEZa6N5901,"4MCBfE4596Uoi2O4DtmEMz","Flaws And Sins","Death Race For Love","Juice WRLD",2019-03-08,218348,5,spotify:user:amcball25,2021-03-06T20:50:31Z,"chicago rap,melodic rap",0.709,0.662,8,-4.55,1,0.0766,0.00966,0,0.108,0.439,150.046,4
