Spotify ID,Artist IDs,Track Name,Album Name,Artist Name(s),Release Date,Duration (ms),Popularity,Added By,Added At,Genres,Danceability,Energy,Key,Loudness,Mode,Speechiness,Acousticness,Instrumentalness,Liveness,Valence,Tempo,Time Signature
3Uo7WG0vmLQ07WB4BDwy7D,"06HL4z0CvFAxyc27GXpf02","willow","evermore","Taylor Swift",2020-12-10,214706,69,spotify:user:3164bclj2ni32jwrja3iqj7tcubi,2022-02-24T16:16:18Z,"pop",0.392,0.579,7,-9.195,1,0.164,0.835,0.00179,0.145,0.549,80.961,4
35mvY5S1H3J2QZyna3TFe0,"66CXWjxzNUsdJxJ2JdwvnR","positions","Positions","Ariana Grande",2020-10-30,172324,83,spotify:user:3164bclj2ni32jwrja3iqj7tcubi,2022-02-24T16:16:40Z,"dance pop,pop",0.737,0.802,0,-4.771,1,0.0878,0.468,0,0.0931,0.682,144.015,4
6Im9k8u9iIzKMrmV7BWtlF,"66CXWjxzNUsdJxJ2JdwvnR","34+35","Positions","Ariana Grande",2020-10-30,173710,80,spotify:user:3164bclj2ni32jwrja3iqj7tcubi,2022-02-24T16:16:55Z,"dance pop,pop",0.83,0.585,0,-6.476,1,0.094,0.237,0,0.248,0.485,109.978,4
3ko9jEHNt4O5fjKN65ULJp,"66CXWjxzNUsdJxJ2JdwvnR","shut up","Positions","Ariana Grande",2020-10-30,157710,59,spotify:user:3164bclj2ni32jwrja3iqj7tcubi,2022-02-24T16:17:32Z,"dance pop,pop",0.499,0.462,0,-5.308,1,0.0312,0.801,0,0.0946,0.599,127.698,4
1D4PL9B8gOg78jiHg3FvBb,"06HL4z0CvFAxyc27GXpf02","Love Story","Fearless (Big Machine Radio Release Special)","Taylor Swift",2008-11-11,236266,76,spotify:user:3164bclj2ni32jwrja3iqj7tcubi,2022-02-24T16:17:48Z,"pop",0.617,0.741,2,-3.97,1,0.0311,0.131,0,0.0772,0.306,118.984,4
2DpCdPMg1BADE4HDnxt3Rd,"6Dd3NScHWwnW6obMFbl1BH","Sit Still, Look Pretty","Sit Still, Look Pretty","Daya",2017-01-06,202226,62,spotify:user:3164bclj2ni32jwrja3iqj7tcubi,2022-02-24T16:18:26Z,"alt z,dance pop,edm,electropop,pop,pop dance,post-teen pop,tropical house",0.655,0.787,2,-3.031,1,0.264,0.122,0.00000311,0.178,0.554,181.799,4
5mpWGq83n0sIgGRopGk5QZ,"5RR0MLwcjc87wjSw2JYdwx,0fEj1fYIQwWj1bzzAto9rp","Wrap Me In Plastic","Wrap Me In Plastic","모모랜드,CHROMANCE",2021-02-05,192808,63,spotify:user:3164bclj2ni32jwrja3iqj7tcubi,2022-02-24T16:20:22Z,"k-pop,k-pop girl group,modern indie pop",0.821,0.602,5,-2.916,0,0.0907,0.286,0,0.0862,0.776,179.932,4
5HCyWlXZPP0y6Gqq8TgA20,"2tIP7SsRs7vjIcLrU85W8J,1uNFoZAHBGtllmzznpCI3s","STAY (with Justin Bieber)","STAY (with Justin Bieber)","The Kid LAROI,Justin Bieber",2021-07-09,141805,87,spotify:user:3164bclj2ni32jwrja3iqj7tcubi,2022-02-24T16:20:33Z,"australian hip hop,pop,canadian pop",0.591,0.764,1,-5.484,1,0.0483,0.0383,0,0.103,0.478,169.928,4
2ayIgfvWo3SfYP2pVOr4pC,"3eVa5w3URK5duf6eyVDbu9","Gone","R","ROSÉ",2021-03-12,207163,70,spotify:user:3164bclj2ni32jwrja3iqj7tcubi,2022-02-24T16:20:39Z,"k-pop",0.647,0.377,6,-6.003,1,0.0375,0.594,0,0.0768,0.653,79.936,4
1brwdYwjltrJo7WHpIvbYt,"7vk5e3vY1uw9plTHJAMwjN","Faded","Faded","Alan Walker",2015-12-04,212626,1,spotify:user:3164bclj2ni32jwrja3iqj7tcubi,2022-02-24T16:20:48Z,"electro house",0.589,0.651,6,-5.097,1,0.0306,0.0291,0.0000032,0.111,0.166,90.011,4
1cdbkpZ3q1KYZDNSrOpdkb,"41MozSoPIsD1dJM0CLPjZF,0C8ZW7ezQVs4URX5aX7Kqx","Ice Cream (with Selena Gomez)","THE ALBUM","BLACKPINK,Selena Gomez",2020-10-02,175813,68,spotify:user:3164bclj2ni32jwrja3iqj7tcubi,2022-02-24T16:21:00Z,"k-pop,k-pop girl group,dance pop,pop,post-teen pop",0.791,0.733,9,-3.852,1,0.35,0.0305,0.000169,0.0423,0.913,159.974,4
10BfqdiV5PhV1UYsMEyou1,"5L1lO4eRHmJ7a0Q6csE5cT","LALISA","LALISA","LISA",2021-09-10,200689,52,spotify:user:3164bclj2ni32jwrja3iqj7tcubi,2022-02-24T16:21:13Z,"k-pop",0.804,0.652,8,-6.282,1,0.0898,0.0267,0.000782,0.118,0.854,150.076,4
7hU3IHwjX150XLoTVmjD0q,"5L1lO4eRHmJ7a0Q6csE5cT","MONEY","LALISA","LISA",2021-09-10,168227,78,spotify:user:3164bclj2ni32jwrja3iqj7tcubi,2022-02-24T16:21:20Z,"k-pop",0.831,0.554,1,-9.998,0,0.218,0.161,0.0000612,0.152,0.396,140.026,4
7esW1rZT024k0Bn0pLWOCT,"6QrQ7OrISRYIfS5mtacaw2","Infinity","Infinity (Piano Version)","Jaymes Young",2021-10-29,237720,0,spotify:user:3164bclj2ni32jwrja3iqj7tcubi,2022-02-24T16:21:39Z,"modern rock,pop",0.671,0.673,11,-6.941,0,0.0444,0.15,0.0000516,0.304,0.493,121.96,4
6b3b7lILUJqXcp6w9wNQSm,"5WUlDfRSoLAfcVSX1WnrxN,3Isy6kedDrgPYoTS1dazA9","Cheap Thrills (feat. Sean Paul)","Cheap Thrills (feat. Sean Paul)","Sia,Sean Paul",2016-02-11,224813,67,spotify:user:3164bclj2ni32jwrja3iqj7tcubi,2022-02-24T16:22:47Z,"australian dance,australian pop,dance pop,pop,dancehall,pop rap",0.592,0.8,6,-4.931,0,0.215,0.0561,0.00000201,0.0775,0.728,89.972,4
16ih0TTm4REIQuYBMPTHm8,"1psakk7GVUl85AnTEvwtk2","Sugar & Brownies","Sugar & Brownies","DHARIA",2019-04-05,197836,66,spotify:user:3164bclj2ni32jwrja3iqj7tcubi,2022-02-24T16:23:17Z,"",0.792,0.719,1,-5.123,0,0.257,0.168,0,0.0276,0.472,100.02,4
06KyNuuMOX1ROXRhj787tj,"6VuMaDnrHyPL1p4EHjYLi7,0C8ZW7ezQVs4URX5aX7Kqx","We Don't Talk Anymore (feat. Selena Gomez)","Nine Track Mind","Charlie Puth,Selena Gomez",2016-01-29,217706,81,spotify:user:3164bclj2ni32jwrja3iqj7tcubi,2022-02-24T16:24:09Z,"dance pop,pop,viral pop,post-teen pop",0.728,0.563,1,-8.053,0,0.134,0.621,0,0.179,0.352,100.017,4
5T6bJp3XgwT0IaCfKMxmAu,"6eUKZXaKkcviH0Ku9w2n3V","Perfect - Acoustic","Perfect (Acoustic)","Ed Sheeran",2017-11-10,260866,62,spotify:user:3164bclj2ni32jwrja3iqj7tcubi,2022-02-24T16:24:17Z,"pop,uk pop",0.432,0.377,7,-5.79,1,0.0304,0.459,0,0.114,0.394,94.973,3
39LLxExYz6ewLAcYrzQQyP,"6M2wZ9GZgrQXHCFfjv46we","Levitating","Future Nostalgia","Dua Lipa",2020-03-27,203807,83,spotify:user:3164bclj2ni32jwrja3iqj7tcubi,2022-02-24T16:24:25Z,"dance pop,pop,uk pop",0.695,0.884,6,-2.278,0,0.0753,0.0561,0,0.213,0.914,103.014,4
0lYBSQXN6rCTvUZvg9S0lU,"540vIaP2JwjQb9dm3aArA4,1uNFoZAHBGtllmzznpCI3s","Let Me Love You","Encore","DJ Snake,Justin Bieber",2016-08-05,205946,83,spotify:user:3164bclj2ni32jwrja3iqj7tcubi,2022-02-24T16:24:40Z,"dance pop,edm,electronic trap,pop,pop dance,pop rap,canadian pop",0.649,0.716,8,-5.371,1,0.0349,0.0863,0.0000263,0.135,0.163,99.988,4
4TgxFMOn5yoESW6zCidCXL,"56mfhUDKa1vec6rSLZV5Eg,07YZf4WDAMNwqr4jfgOZ8y,3Nrfpe0tUJi4K4DXYWgMUX","Savage Love (Laxed – Siren Beat) [BTS Remix]","Savage Love (Laxed - Siren Beat) [BTS Remix]","Jawsh 685,Jason Derulo,방탄소년단",2020-10-02,184905,72,spotify:user:3164bclj2ni32jwrja3iqj7tcubi,2022-02-24T16:24:59Z,"nz pop,dance pop,edm,pop,pop rap,post-teen pop,k-pop,k-pop boy group",0.758,0.598,0,-5.695,0,0.0868,0.16,0,0.295,0.658,149.836,4
0Cy7wt6IlRfBPHXXjmZbcP,"0X2BH1fck6amBIoJhDVmmJ","Love Me Like You Do","Fifty Shades Freed (Original Motion Picture Soundtrack)","Ellie Goulding",2018-02-09,253520,78,spotify:user:3164bclj2ni32jwrja3iqj7tcubi,2022-02-24T16:25:17Z,"dance pop,edm,electropop,indietronica,metropopolis,pop,post-teen pop,uk pop",0.489,0.597,5,-6.633,0,0.0292,0.27,0,0.105,0.324,95.012,4
3TcL0dyCMyr0kyTTc4NLgI,"6dJeKm76NjfXBNTpHmOhfO","Who Says","When The Sun Goes Down","Selena Gomez & The Scene",2011-01-01,195613,75,spotify:user:3164bclj2ni32jwrja3iqj7tcubi,2022-02-24T16:27:21Z,"dance pop,pop,post-teen pop",0.682,0.927,4,-2.915,1,0.0479,0.0843,0,0.149,0.744,101.019,4
6ocbgoVGwYJhOv1GgI9NsF,"66CXWjxzNUsdJxJ2JdwvnR","7 rings","thank u, next","Ariana Grande",2019-02-08,178626,84,spotify:user:3164bclj2ni32jwrja3iqj7tcubi,2022-02-24T16:28:05Z,"dance pop,pop",0.778,0.317,1,-10.732,0,0.334,0.592,0,0.0881,0.327,140.048,4
2nqio0SfWg6gh2eCtfuMa5,"06HL4z0CvFAxyc27GXpf02","Fifteen (Taylor’s Version)","Fearless (Taylor's Version)","Taylor Swift",2021-04-09,294419,67,spotify:user:3164bclj2ni32jwrja3iqj7tcubi,2022-02-24T16:34:25Z,"pop",0.559,0.646,7,-4.61,1,0.0272,0.116,0,0.32,0.289,95.466,4
550erGcdD9n6PnwxrvYqZT,"06HL4z0CvFAxyc27GXpf02","Hey Stephen (Taylor’s Version)","Fearless (Taylor's Version)","Taylor Swift",2021-04-09,254254,66,spotify:user:3164bclj2ni32jwrja3iqj7tcubi,2022-02-24T16:37:21Z,"pop",0.788,0.571,6,-6.135,1,0.0296,0.106,0,0.0934,0.797,115.99,4
1u8c2t2Cy7UBoG4ArRcF5g,"06HL4z0CvFAxyc27GXpf02","Blank Space","1989 (Deluxe)","Taylor Swift",2014-01-01,231826,84,spotify:user:3164bclj2ni32jwrja3iqj7tcubi,2022-02-24T16:40:13Z,"pop",0.76,0.703,5,-5.412,1,0.054,0.103,0,0.0913,0.57,95.997,4
7aGyRfJWtLqgJaZoG9lJhE,"3QJUFtGBGL05vo0kCJZsmT","Mad at Disney","Mad at Disney","salem ilese",2020-07-24,136838,71,spotify:user:3164bclj2ni32jwrja3iqj7tcubi,2022-02-24T16:40:29Z,"modern indie pop",0.738,0.621,0,-7.313,1,0.0486,0.424,0.00000739,0.692,0.715,113.968,4
7BoobGhD4x5K96Me0hqC8Q,"26cMerAxjx9GedFt0lMDjm","Build a Bitch","Build a Bitch","Bella Poarch",2021-05-14,122772,75,spotify:user:3164bclj2ni32jwrja3iqj7tcubi,2022-02-24T16:40:39Z,"modern alternative pop",0.855,0.463,3,-7.454,1,0.0367,0.217,0.0000177,0.347,0.866,102.931,4
3NxuezMdSLgt4OwHzBoUhL,"72nLe76yBFSlP6VBzME358","Way Back Home","Take","숀",2018-06-27,214136,70,spotify:user:3164bclj2ni32jwrja3iqj7tcubi,2022-02-24T16:40:57Z,"k-pop",0.745,0.739,10,-4.591,1,0.0327,0.405,0.000183,0.127,0.556,99.913,4
5QDLhrAOJJdNAmCTJ8xMyW,"3Nrfpe0tUJi4K4DXYWgMUX","Dynamite","BE","방탄소년단",2020-11-20,199053,84,spotify:user:3164bclj2ni32jwrja3iqj7tcubi,2022-02-24T16:41:05Z,"k-pop,k-pop boy group",0.746,0.765,6,-4.41,0,0.0993,0.0112,0,0.0936,0.737,114.044,4
2j3BmbOK0ZElUhsKH7q7eh,"7sNr4UxauWqLRElKZufDRU","Princesses Don't Cry","Princesses Don't Cry","CARYS",2019-10-18,212106,27,spotify:user:3164bclj2ni32jwrja3iqj7tcubi,2022-02-24T16:41:45Z,"canadian electropop",0.626,0.595,0,-4.975,0,0.0288,0.285,0,0.0859,0.65,74.986,4
1ue7zm5TVVvmoQV8lK6K2H,"0uGk2czvcpWQA383Im6ajf","Pretty Girl","Pretty Girl","Maggie Lindemann",2016-09-30,219428,66,spotify:user:3164bclj2ni32jwrja3iqj7tcubi,2022-02-24T16:42:30Z,"alt z,dark pop,pop,pop punk,post-teen pop",0.456,0.764,10,-3.584,1,0.148,0.298,0,0.229,0.383,124.971,5
6xsEAm6w9oMQYYg3jkEkMT,"06HL4z0CvFAxyc27GXpf02,2YZyLoL8N0Wb9xBt1NhZWg","Bad Blood","Bad Blood","Taylor Swift,Kendrick Lamar",2015-05-17,200106,72,spotify:user:3164bclj2ni32jwrja3iqj7tcubi,2022-02-25T02:54:51Z,"pop,conscious hip hop,hip hop,rap,west coast rap",0.654,0.655,11,-7.388,0,0.106,0.0294,0,0.139,0.221,170.16,4
3fVnlF4pGqWI9flVENcT28,"06HL4z0CvFAxyc27GXpf02","Wildest Dreams","1989","Taylor Swift",2014-01-01,220440,79,spotify:user:3164bclj2ni32jwrja3iqj7tcubi,2022-02-25T11:04:42Z,"pop",0.553,0.664,8,-7.417,1,0.0741,0.0709,0.0056,0.106,0.467,140.06,4
0b11D9D0hMOYCIMN3OKreM,"5ghnxpW47ojtLHHyTLdxdY,4npEfmQ6YuiwW1GpUmaq3F","Into Your Arms (feat. Ava Max)","Into Your Arms (feat. Ava Max)","Witt Lowry,Ava Max",2018-06-08,186022,76,spotify:user:3164bclj2ni32jwrja3iqj7tcubi,2022-02-25T14:33:08Z,"pop rap,dance pop,pop",0.504,0.788,3,-4.113,0,0.215,0.0134,0,0.363,0.228,170.039,4
6v3KW9xbzN5yKLt9YKDYA2,"7n2wHs1TKAczGzO7Dd2rGr,4nDoRrQiYLoBzwC5BhVJzF","Señorita","Shawn Mendes (Deluxe)","Shawn Mendes,Camila Cabello",2019-06-19,190799,80,spotify:user:3164bclj2ni32jwrja3iqj7tcubi,2022-02-25T14:34:33Z,"canadian pop,dance pop,pop,viral pop,post-teen pop",0.759,0.548,9,-6.049,0,0.029,0.0392,0,0.0828,0.749,116.967,4
6epn3r7S14KUqlReYr77hA,"1uNFoZAHBGtllmzznpCI3s,3ipn9JLAPI5GUEo4y4jcoi","Baby","My World 2.0","Justin Bieber,Ludacris",2010-01-01,214240,81,spotify:user:3164bclj2ni32jwrja3iqj7tcubi,2022-02-25T14:36:07Z,"canadian pop,pop,atl hip hop,dance pop,dirty south rap,hip hop,old school atlanta hip hop,pop rap,rap,southern hip hop,trap",0.728,0.859,5,-5.237,0,0.137,0.0401,0,0.111,0.535,65.043,4
4fkM7M4Uo5AUASnnsRC7EZ,"4npEfmQ6YuiwW1GpUmaq3F","Not Your Barbie Girl","Not Your Barbie Girl","Ava Max",2018-08-13,186520,67,spotify:user:3164bclj2ni32jwrja3iqj7tcubi,2022-02-25T14:37:11Z,"dance pop,pop",0.745,0.642,6,-4.138,0,0.0506,0.103,0,0.0335,0.35,120.063,4
48QmG1dfvMuYLxMPt7KSRA,"3Isy6kedDrgPYoTS1dazA9,6M2wZ9GZgrQXHCFfjv46we","No Lie","Mad Love The Prequel","Sean Paul,Dua Lipa",2018-06-29,221176,82,spotify:user:3164bclj2ni32jwrja3iqj7tcubi,2022-02-25T16:31:02Z,"dance pop,dancehall,pop rap,pop,uk pop",0.742,0.882,7,-2.862,1,0.117,0.0466,0,0.206,0.463,102.04,4
0hVXuCcriWRGvwMV1r5Yn9,"6eUKZXaKkcviH0Ku9w2n3V,1uNFoZAHBGtllmzznpCI3s","I Don't Care (with Justin Bieber)","No.6 Collaborations Project","Ed Sheeran,Justin Bieber",2019-07-12,219946,74,spotify:user:3164bclj2ni32jwrja3iqj7tcubi,2022-02-26T16:29:42Z,"pop,uk pop,canadian pop",0.798,0.676,6,-5.041,1,0.0442,0.0902,0,0.0894,0.843,101.956,4
08bNPGLD8AhKpnnERrAc6G,"64KEffDW9EtZ1y2vBYgq8T,1zNqDE7qDGCsyzJwohVaoX","FRIENDS","FRIENDS","Marshmello,Anne-Marie",2018-02-09,202620,78,spotify:user:3164bclj2ni32jwrja3iqj7tcubi,2022-02-28T10:37:46Z,"brostep,dance pop,edm,pop,pop dance,progressive electro house,post-teen pop,tropical house,uk pop",0.626,0.88,9,-2.384,0,0.0504,0.205,0,0.128,0.534,95.079,4
1V6gIisPpYqgFeWbMLI0bA,"6S2OmqARrzebs0tKUEyXyp","Heart Attack","Demi","Demi Lovato",2013-01-01,210840,78,spotify:user:3164bclj2ni32jwrja3iqj7tcubi,2022-03-02T16:24:39Z,"dance pop,pop,post-teen pop",0.504,0.785,8,-4.802,1,0.104,0.0738,0,0.239,0.502,173.968,4
0zzVTGyRrWpQu8Fr28NRAv,"64KEffDW9EtZ1y2vBYgq8T,6S2OmqARrzebs0tKUEyXyp","OK Not To Be OK","OK Not To Be OK","Marshmello,Demi Lovato",2020-09-10,159862,73,spotify:user:3164bclj2ni32jwrja3iqj7tcubi,2022-03-04T10:23:08Z,"brostep,dance pop,edm,pop,pop dance,progressive electro house,post-teen pop",0.743,0.837,1,-5.025,0,0.0649,0.0172,0,0.0743,0.263,103.072,4
58dGRQrNmAJeRMFuguUbvD,"0wEvWMQRqaXcgnrZv6KtyL,5EvFsr3kj42KNv97ZEnqij,3Isy6kedDrgPYoTS1dazA9","Go Down Deh (feat. Shaggy and Sean Paul)","10","Spice,Shaggy,Sean Paul",2021-08-06,154151,69,spotify:user:3164bclj2ni32jwrja3iqj7tcubi,2022-03-04T10:30:21Z,"dancehall,dancehall queen,jamaican dancehall,dance pop,pop rap,reggae fusion",0.801,0.764,2,-5.112,1,0.0986,0.109,0.0000162,0.247,0.578,89.999,4
5vTPxzm4h2bY9rYyVrGEU5,"6S2OmqARrzebs0tKUEyXyp,4m4SfDVbF5wxrwEjDKgi4k","Really Don't Care","Demi","Demi Lovato,Cher Lloyd",2013-01-01,201600,69,spotify:user:3164bclj2ni32jwrja3iqj7tcubi,2022-03-04T10:30:21Z,"dance pop,pop,post-teen pop,electropop,talent show",0.706,0.728,7,-3.602,1,0.0852,0.123,0,0.185,0.851,121.017,4
0ClPIeT6MSgfSgQ9ZrJbAq,"6VuMaDnrHyPL1p4EHjYLi7","Cheating on You","Cheating on You","Charlie Puth",2019-10-01,196606,77,spotify:user:3164bclj2ni32jwrja3iqj7tcubi,2022-03-04T10:30:21Z,"dance pop,pop,viral pop",0.749,0.535,4,-6.785,1,0.0336,0.0131,0.0000365,0.0982,0.601,123.042,4
1SOClUWhOi8vHZYMz3GluK,"6QrQ7OrISRYIfS5mtacaw2","Infinity","Feel Something","Jaymes Young",2017-06-23,237720,84,spotify:user:3164bclj2ni32jwrja3iqj7tcubi,2022-03-04T10:30:21Z,"modern rock,pop",0.671,0.673,11,-6.941,0,0.0444,0.148,0.0000529,0.304,0.494,121.963,4
2M0627dznvRUfgc6jp7cst,"0SCbttzoZTnLFebDYmAWCm","Stereo Hearts (Glee Cast Version)","Glee Love Songs","Glee Cast",2021-02-11,211800,57,spotify:user:3164bclj2ni32jwrja3iqj7tcubi,2022-03-04T10:30:21Z,"glee club,hollywood,post-teen pop",0.62,0.698,6,-4.38,1,0.0449,0.0168,0,0.153,0.617,90.059,4
0tBbt8CrmxbjRP0pueQkyU,"0C8ZW7ezQVs4URX5aX7Kqx,64KEffDW9EtZ1y2vBYgq8T","Wolves","Wolves","Selena Gomez,Marshmello",2017-10-25,197993,79,spotify:user:3164bclj2ni32jwrja3iqj7tcubi,2022-03-04T10:30:21Z,"dance pop,pop,post-teen pop,brostep,edm,pop dance,progressive electro house",0.724,0.804,11,-4.614,0,0.0448,0.124,0,0.204,0.306,124.987,4
0laYHRpNTS6i8FXdupHkJ4,"6dJeKm76NjfXBNTpHmOhfO","Love You Like A Love Song","When The Sun Goes Down","Selena Gomez & The Scene",2011-01-01,188453,80,spotify:user:3164bclj2ni32jwrja3iqj7tcubi,2022-03-04T10:30:21Z,"dance pop,pop,post-teen pop",0.858,0.678,1,-3.87,0,0.0469,0.0761,0,0.0741,0.922,117.009,4
7a53HqqArd4b9NF4XAmlbI,"4npEfmQ6YuiwW1GpUmaq3F","Kings & Queens","Heaven & Hell","Ava Max",2020-09-18,162398,80,spotify:user:3164bclj2ni32jwrja3iqj7tcubi,2022-03-04T10:30:21Z,"dance pop,pop",0.637,0.69,1,-4.057,0,0.0405,0.00786,0,0.124,0.457,129.857,4
28VbwtsYnj85UEODGpQRem,"7vk5e3vY1uw9plTHJAMwjN,4npEfmQ6YuiwW1GpUmaq3F","Alone, Pt. II","World Of Walker","Alan Walker,Ava Max",2021-11-26,179052,71,spotify:user:3164bclj2ni32jwrja3iqj7tcubi,2022-03-04T10:30:21Z,"electro house,dance pop,pop",0.673,0.659,3,-4.493,0,0.0439,0.539,0,0.129,0.628,88.011,4
6KfoDhO4XUWSbnyKjNp9c4,"4Uc8Dsxct0oMqx0P6i60ea","Maniac","Kid Krow","Conan Gray",2020-03-20,185773,80,spotify:user:3164bclj2ni32jwrja3iqj7tcubi,2022-03-04T13:17:12Z,"bedroom pop,pop",0.628,0.639,8,-5.46,1,0.0435,0.00162,0,0.354,0.493,108.045,4
02MWAaffLxlfxAUY7c5dvx,"4yvcSjfu4PC0CYQyLy4wSq","Heat Waves","Dreamland (+ Bonus Levels)","Glass Animals",2020-08-06,238805,86,spotify:user:3164bclj2ni32jwrja3iqj7tcubi,2022-03-05T09:53:22Z,"gauze pop,indietronica,shiver pop",0.761,0.525,11,-6.9,1,0.0944,0.44,0.0000067,0.0921,0.531,80.87,4
7N1fSNc1rhiwWt2l8FOgjm,"4nDoRrQiYLoBzwC5BhVJzF,6FupcSGek9Zs4EJGpkBllL","Perfect","Cinderella (Soundtrack from the Amazon Original Movie)","Camila Cabello,Nicholas Galitzine",2021-09-03,187622,58,spotify:user:3164bclj2ni32jwrja3iqj7tcubi,2022-03-06T08:16:37Z,"dance pop,pop,post-teen pop",0.289,0.363,11,-7.513,0,0.0361,0.404,0,0.102,0.133,185.537,3
11ZulcYY4lowvcQm4oe3VJ,"3PyJHH2wyfQK3WZrk9rpmP,6lay1nwbE6hTx1jivysUAL","Slumber Party (feat. Princess Nokia)","DEMIDEVIL","Ashnikko,Princess Nokia",2021-01-15,178404,74,spotify:user:3164bclj2ni32jwrja3iqj7tcubi,2022-03-06T15:53:49Z,"dance pop,electropop,escape room,pop,alternative r&b,lgbtq+ hip hop,trap queen,viral rap",0.964,0.398,11,-8.981,0,0.0795,0.00151,0.0000395,0.101,0.563,105.012,4
4OAuvHryIVv4kMDNSLuPt6,"06HL4z0CvFAxyc27GXpf02","Red (Taylor's Version)","Red (Taylor's Version)","Taylor Swift",2021-11-12,223093,76,spotify:user:3164bclj2ni32jwrja3iqj7tcubi,2022-03-09T12:56:00Z,"pop",0.516,0.777,1,-4.908,0,0.0375,0.00108,0.00000162,0.0761,0.408,125.047,4
7snnEDYwv30hRtmifVni8P,"0jNDKefhfSbLR9sFvcPLHo,5pKrorYHoVt088MOxEhNLg","lift me from the ground","album1","San Holo,Sofie Winterson",2018-09-21,260903,51,spotify:user:3164bclj2ni32jwrja3iqj7tcubi,2022-03-10T02:55:42Z,"edm,electro house,electronic trap,electropop,future bass,pop dance,pop edm,vapor twitch",0.573,0.69,2,-4.939,1,0.0399,0.523,0.0000458,0.148,0.345,155.138,4
4XII12nbsvJblXfG1I2QR4,"6CwfuxIqcltXDGjfZsMd9A","About Love - From The Netflix Film “To All The Boys: P.S. I Still Love You”","About Love (From The Netflix Film “To All The Boys: P.S. I Still Love You”)","MARINA",2020-02-07,214106,57,spotify:user:3164bclj2ni32jwrja3iqj7tcubi,2022-03-10T02:55:42Z,"dance pop,electropop,metropopolis,pop,uk alternative pop",0.636,0.758,0,-5.567,1,0.0427,0.331,0.0000101,0.16,0.281,97.025,4
4pCUMrVlDuWIk6X03VDvT2,"3w6zswp5THsSKYLICUbDTZ","Night Bus","Miss You","Gabrielle Aplin",2016-12-16,221826,32,spotify:user:3164bclj2ni32jwrja3iqj7tcubi,2022-03-10T02:55:42Z,"acoustic pop,neo mellow,neo-singer-songwriter,pop,pop rock,post-teen pop,uk pop,viral pop",0.458,0.815,1,-7.16,0,0.0514,0.00374,0.0000105,0.115,0.362,118.226,4
1wjzFQodRWrPcQ0AnYnvQ9,"5JZ7CnR6gTvEMKX4g70Amv","I Like Me Better","I Like Me Better","Lauv",2017-05-19,197436,2,spotify:user:3164bclj2ni32jwrja3iqj7tcubi,2022-03-10T02:55:42Z,"dance pop,electropop,pop",0.752,0.505,9,-7.621,1,0.253,0.535,0.00000255,0.104,0.419,91.97,4
0FfZudphGgQTGeEV6AhmOs,"7FU0xCgmSYQEiBeevUqQ4S","Beige","Goodpain","Yoke Lore",2017-06-16,204208,0,spotify:user:3164bclj2ni32jwrja3iqj7tcubi,2022-03-10T02:55:42Z,"indie folk,nyc pop,stomp and holler",0.434,0.677,10,-7.535,1,0.119,0.384,0.0684,0.119,0.218,167.927,4
16XiTUC2rQvb5lmtOm3FYY,"4EzkuveR9pLvDVFNx6foYD","Us","Electric Light","James Bay",2018-05-18,181360,74,spotify:user:3164bclj2ni32jwrja3iqj7tcubi,2022-03-10T02:55:42Z,"neo mellow,pop",0.559,0.473,0,-4.147,1,0.0364,0.177,0.0000015,0.108,0.341,69.973,4
514rhnksEwHUh6LxXsQ4Y9,"0C8ZW7ezQVs4URX5aX7Kqx","Back To You","13 Reasons Why (Season 2)","Selena Gomez",2018-05-18,210240,70,spotify:user:3164bclj2ni32jwrja3iqj7tcubi,2022-03-10T02:55:42Z,"dance pop,pop,post-teen pop",0.6,0.683,6,-6.271,1,0.0493,0.0984,0.00000126,0.11,0.494,102.036,4
4cluDES4hQEUhmXj6TXkSo,"4AK6F7OLvEQ5QYCBNiQWHq","What Makes You Beautiful","Up All Night","One Direction",2012-05-25,199986,83,spotify:user:3164bclj2ni32jwrja3iqj7tcubi,2022-04-20T13:59:29Z,"boy band,pop,post-teen pop,talent show",0.726,0.787,4,-2.494,1,0.0737,0.009,0,0.0596,0.888,124.99,4
1GEBsLDvJGw7kviySRI6GX,"06HL4z0CvFAxyc27GXpf02","You Belong With Me","Fearless (Big Machine Radio Release Special)","Taylor Swift",2008-11-11,232120,75,spotify:user:3164bclj2ni32jwrja3iqj7tcubi,2022-04-20T13:59:50Z,"pop",0.687,0.745,6,-4.432,1,0.0379,0.178,0.0000159,0.111,0.435,129.966,4
2K87XMYnUMqLcX3zvtAF4G,"4AK6F7OLvEQ5QYCBNiQWHq","Drag Me Down","Made In The A.M. (Deluxe Edition)","One Direction",2015-11-13,192120,79,spotify:user:3164bclj2ni32jwrja3iqj7tcubi,2022-04-20T17:04:48Z,"boy band,pop,post-teen pop,talent show",0.73,0.703,0,-5.672,0,0.0369,0.109,0,0.0657,0.595,138.113,4
2Bs4jQEGMycglOfWPBqrVG,"4AK6F7OLvEQ5QYCBNiQWHq","Steal My Girl","FOUR (Deluxe)","One Direction",2014-11-17,228133,79,spotify:user:3164bclj2ni32jwrja3iqj7tcubi,2022-04-20T17:05:11Z,"boy band,pop,post-teen pop,talent show",0.536,0.768,10,-5.948,0,0.0347,0.00433,0,0.114,0.545,77.217,4
6Uj1ctrBOjOas8xZXGqKk4,"5cj0lLjcoR7YOSnhnX0Po5","Woman","Planet Her","Doja Cat",2021-06-25,172626,87,spotify:user:3164bclj2ni32jwrja3iqj7tcubi,2022-05-16T13:25:59Z,"dance pop,pop",0.824,0.764,5,-4.175,0,0.0854,0.0888,0.00294,0.117,0.881,107.998,4
3DmW6y7wTEYHJZlLo1r6XJ,"4obzFoKoKRHIphyHzJ35G3","Shower","Shower","Becky G",2014-04-23,206166,76,spotify:user:3164bclj2ni32jwrja3iqj7tcubi,2022-05-16T13:26:16Z,"dance pop,latin pop,latin viral pop,pop,rap latina,reggaeton",0.699,0.529,2,-7.548,1,0.0487,0.0317,0.0000359,0.285,0.121,119.987,4
6osKPJp6kQwZcgUqBteJFN,"3TnHUGTOpN3yuYw59iGMSd","Safari","Safari","Serena",2017-11-28,187408,71,spotify:user:3164bclj2ni32jwrja3iqj7tcubi,2022-05-16T13:26:39Z,"desi pop",0.799,0.689,5,-6.793,0,0.053,0.445,0.0122,0.18,0.477,103.019,4
1ORwrvXGsLGVqabn0minCr,"7D25zMq1tDmT0nfh6ieYph","Groupie","Groupie","Cate",2021-03-10,188702,61,spotify:user:3164bclj2ni32jwrja3iqj7tcubi,2022-05-20T07:04:12Z,"alt z,canadian pop",0.643,0.698,4,-5.488,1,0.0571,0.197,0,0.112,0.353,130.916,4
0k5hoseEJnCAbpRh38dNoI,"6JL8zeS1NmiOftqZTRgdTz","Title","Title (Deluxe)","Meghan Trainor",2015-01-09,174733,73,spotify:user:3164bclj2ni32jwrja3iqj7tcubi,2022-05-24T09:39:13Z,"dance pop,hip pop,pop,post-teen pop",0.779,0.754,5,-4.358,1,0.0966,0.343,0.0000026,0.0965,0.883,89.998,4
4fouWK6XVHhzl78KzQ1UjL,"2VSHKHBTiXWplO8lxcnUC9","abcdefu","abcdefu","GAYLE",2021-08-13,168601,84,spotify:user:3164bclj2ni32jwrja3iqj7tcubi,2022-05-24T09:39:25Z,"modern alternative pop",0.695,0.54,4,-5.692,1,0.0493,0.299,0,0.367,0.415,121.932,4
2nC3QhMI9reBIOWutbU3Tj,"6P5NO5hzJbuOqSdyPB7SJM","Moral of the Story","Moral of the Story","Ashe",2019-02-14,201083,75,spotify:user:3164bclj2ni32jwrja3iqj7tcubi,2022-05-26T08:09:24Z,"alt z,electropop,pop,post-teen pop",0.572,0.406,10,-8.624,1,0.0427,0.587,0.00000448,0.102,0.265,119.812,4
4ZtFanR9U6ndgddUvNcjcG,"1McMsnEElThX1knmY4oliG","good 4 u","SOUR","Olivia Rodrigo",2021-05-21,178146,86,spotify:user:3164bclj2ni32jwrja3iqj7tcubi,2022-05-26T09:18:03Z,"pop",0.563,0.664,9,-5.044,1,0.154,0.335,0,0.0849,0.688,166.928,4
6vzLbfskWigBsCzNdB0kfE,"6y5amJcTjeDgLXIjtQLMst","Boys Ain't Shit","Boys Ain't Shit","SAYGRACE",2019-10-18,175883,62,spotify:user:3164bclj2ni32jwrja3iqj7tcubi,2022-05-26T09:35:45Z,"dance pop,pop,post-teen pop,r&b",0.826,0.615,1,-4.729,0,0.137,0.435,0.00631,0.334,0.841,102.999,4
2BgEsaKNfHUdlh97KmvFyo,"1zNqDE7qDGCsyzJwohVaoX","2002","Speak Your Mind (Deluxe)","Anne-Marie",2018-04-27,186986,81,spotify:user:3164bclj2ni32jwrja3iqj7tcubi,2022-05-26T09:36:51Z,"dance pop,pop,pop dance,post-teen pop,tropical house,uk pop",0.697,0.683,1,-2.881,0,0.117,0.0372,0,0.137,0.603,96.133,4
0ri0Han4IRJhzvERHOZTMr,"1W7FNibLa0O0b572tB2w7t","At My Worst","The Prelude","Pink Sweat$",2020-07-17,170344,73,spotify:user:3164bclj2ni32jwrja3iqj7tcubi,2022-05-31T15:23:28Z,"bedroom soul,chill r&b,pop",0.813,0.415,0,-5.926,1,0.0349,0.777,0,0.131,0.667,91.921,4
5wANPM4fQCJwkGd4rN57mH,"1McMsnEElThX1knmY4oliG","drivers license","SOUR","Olivia Rodrigo",2021-05-21,242013,86,spotify:user:3164bclj2ni32jwrja3iqj7tcubi,2022-05-31T16:12:34Z,"pop",0.561,0.431,10,-8.81,1,0.0578,0.768,0.0000142,0.106,0.137,143.875,4
4v7DgEMw6EvYyuQ4eWFD9l,"6aX6KqXgEcARRHwvWxHcFW,5pWUVnrc1y0FpWZ6VCy0Hg","What If (I Told You I Like You)","What If (I Told You I Like You)","Johnny Orlando,kenzie",2018-05-18,219186,69,spotify:user:3164bclj2ni32jwrja3iqj7tcubi,2022-06-01T03:51:20Z,"canadian pop,pop,post-teen pop,social media pop",0.735,0.584,1,-5.047,1,0.14,0.189,0,0.125,0.395,93.016,4
1c97hmN3Z064RQZTvCfM84,"5g3uG8zZZANGT6YOssgjfC","Everything at Once","Two (Expanded Edition)","Lenka",2011-04-19,157600,60,spotify:user:3164bclj2ni32jwrja3iqj7tcubi,2022-06-01T03:54:50Z,"",0.766,0.466,0,-8.036,1,0.0718,0.332,0.00378,0.379,0.839,145.003,4
2UcK3xgGDxPSyKzKqyPv0s,"64M6ah0SkkRsnPGtGiRAbb","Girl in the Mirror","UglyDolls (Original Motion Picture Soundtrack)","Bebe Rexha",2019-04-26,158066,63,spotify:user:3164bclj2ni32jwrja3iqj7tcubi,2022-06-01T08:30:47Z,"dance pop,edm,pop,post-teen pop",0.748,0.69,2,-3.053,1,0.0352,0.0615,0,0.296,0.513,106.966,4
62usIcDxqFIQ7x5qN91hrN,"0NxhAEPOSeCg6vypFr7yjU,6WyeyhNDpeIVbznnztFDQZ","I Need Your Love","The Covers, Vol. 6","Madilyn Bailey,Jake Coco",2013-09-13,199797,40,spotify:user:3164bclj2ni32jwrja3iqj7tcubi,2022-06-01T08:33:23Z,"viral pop,channel pop",0.562,0.252,3,-7.428,1,0.0356,0.864,0,0.124,0.289,110.825,4
1nahzW3kfMuwReTka28tH5,"1uNFoZAHBGtllmzznpCI3s","Hold On","Justice","Justin Bieber",2021-03-19,170813,77,spotify:user:3164bclj2ni32jwrja3iqj7tcubi,2022-06-01T11:04:53Z,"canadian pop,pop",0.658,0.634,1,-6.068,0,0.0431,0.0104,0,0.12,0.302,140.002,4
5TYzXnUxupx23ysdZz3eha,"5pWUVnrc1y0FpWZ6VCy0Hg","Breathe","Breathe","kenzie",2017-09-27,208950,59,spotify:user:3164bclj2ni32jwrja3iqj7tcubi,2022-06-09T15:04:05Z,"social media pop",0.716,0.451,1,-6.423,0,0.0336,0.495,0,0.121,0.461,100,4
3BwkldhE22DdxOcXegF2Kv,"0z4gvV4rjIZ9wHck67ucSV","Bananza (Belly Dancer)","Trouble Deluxe Edition","Akon",2005-01-01,238493,67,spotify:user:3164bclj2ni32jwrja3iqj7tcubi,2022-06-11T10:13:28Z,"dance pop",0.877,0.702,10,-5.899,0,0.127,0.0334,0.00000892,0.743,0.69,104.833,4
1UKPQvXNqrVffuKoSi4SZe,"1qXPyHmy0rFG5gbjGIW5i9","Go Bananza... Wanna See You Touch the Ground","Go Bananza... Wanna See You Touch the Ground","DJ Track",2022-01-28,235516,6,spotify:user:3164bclj2ni32jwrja3iqj7tcubi,2022-06-11T10:13:50Z,"",0.748,0.692,2,-7.091,1,0.0316,0.108,0.00111,0.192,0.341,118.756,4
1Bhm5HNO1cq8olDbBmokyL,"7IlRNXHjoOCgEAWN5qYksg","Copines","NAKAMURA","Aya Nakamura",2018-11-02,171720,72,spotify:user:3164bclj2ni32jwrja3iqj7tcubi,2022-06-16T07:48:57Z,"basshall,francoton,pop urbaine",0.701,0.787,8,-3.941,0,0.0855,0.27,0,0.105,0.904,180.027,4
29YpdLgOLNOhQqkLSAYoCp,"6gV1KEwZN4LwOxFoZhumr6","Boys","Boys","Natalie Summer",2017-09-28,163030,34,spotify:user:3164bclj2ni32jwrja3iqj7tcubi,2022-06-16T07:51:55Z,"",0.829,0.647,7,-6.31,1,0.0532,0.0275,0,0.101,0.591,140.018,4
13hvHEstJ4sNbzdroPrPI3,"6M2wZ9GZgrQXHCFfjv46we,41MozSoPIsD1dJM0CLPjZF","Kiss and Make Up","Dua Lipa (Complete Edition)","Dua Lipa,BLACKPINK",2015,190560,58,spotify:user:3164bclj2ni32jwrja3iqj7tcubi,2022-06-16T07:52:05Z,"dance pop,pop,uk pop,k-pop,k-pop girl group",0.675,0.729,8,-4.383,1,0.146,0.0557,0,0.189,0.63,99.986,4
3FAJ6O0NOHQV8Mc5Ri6ENp,"4fxd5Ee7UefO4CUXgwJ7IP","Heartbreak Anniversary","TAKE TIME","Giveon",2020-03-27,198370,83,spotify:user:3164bclj2ni32jwrja3iqj7tcubi,2022-07-11T15:39:19Z,"pop,r&b",0.449,0.465,0,-8.964,1,0.0791,0.524,0.00000102,0.303,0.543,89.087,3
4pt5fDVTg5GhEvEtlz9dKk,"0lAWpj5szCSwM4rUMHYmrr","I WANNA BE YOUR SLAVE","Teatro d'ira - Vol. I","Måneskin",2021-03-19,173346,82,spotify:user:3164bclj2ni32jwrja3iqj7tcubi,2022-07-18T13:26:05Z,"indie rock italiano,italian pop",0.75,0.608,1,-4.008,1,0.0387,0.00165,0,0.178,0.958,132.507,4
27NovPIUIRrOZoCHxABJwK,"7jVv8c5Fj3E9VhNjxT4snq,2LIk90788K0zvyj2JJVwkJ","INDUSTRY BABY (feat. Jack Harlow)","INDUSTRY BABY (feat. Jack Harlow)","Lil Nas X,Jack Harlow",2021-07-23,212000,84,spotify:user:3164bclj2ni32jwrja3iqj7tcubi,2022-07-20T13:50:03Z,"lgbtq+ hip hop,pop,deep underground hip hop,kentucky hip hop,rap",0.736,0.704,3,-7.409,0,0.0615,0.0203,0,0.0501,0.894,149.995,4
4lhUziuDKvQJu7ZW9cLmIv,"24D8gx0257CDd1HAuqNuHu","Such a Whore","Such a Whore","JVLA",2020-06-22,124687,67,spotify:user:3164bclj2ni32jwrja3iqj7tcubi,2022-07-20T13:50:24Z,"viral rap",0.702,0.872,5,-4.2,1,0.0323,0.00225,0.00865,0.104,0.325,100.052,4
13P5rwmk2EsoFRIz9UCeh9,"1PbBg2aYjWLKRk84zJK15x","Cool Kids","Talking Dreams (Deluxe Edition)","Echosmith",2013-10-04,237626,75,spotify:user:3164bclj2ni32jwrja3iqj7tcubi,2022-07-31T05:44:45Z,"indie poptimism",0.719,0.671,8,-6.279,1,0.0336,0.0372,0.00000821,0.12,0.786,130.027,4
4gvrJnKCKIPiacNsWVQwEU,"048LktY5zMnakWq7PTtFrz,7iTLGcddv1bOPirdYJjKVy,5fUXK5m3BNwoRgTyKq8tnz","love nwantiti (feat. Dj Yo! & AX'EL) - Remix","love nwantiti (feat. Dj Yo! & AX'EL) [Remix]","CKay,Dj Yo!,AX'EL",2021-09-09,188368,79,spotify:user:3164bclj2ni32jwrja3iqj7tcubi,2022-07-31T15:10:01Z,"afro r&b",0.579,0.596,8,-4.823,1,0.0561,0.436,0.0938,0.0549,0.443,119.9,3
62a0gOi6Far1aNL15p63XZ,"2ozPCkyHfA8kLDghkVwGrq,4EdUsCGAVQWUtLwVMnwKru","If I Was Your Girlfriend","Be With You","Mondays,Lucy",2017-01-12,195821,57,spotify:user:3164bclj2ni32jwrja3iqj7tcubi,2022-07-31T15:11:56Z,"post-teen pop",0.737,0.622,9,-6.209,1,0.0288,0.00588,0,0.0831,0.788,100.952,4
0wI7QkCcs8FUQE1OkXUIqd,"2wUjUUtkb5lvLKcGKsKqsR","Scars To Your Beautiful","Know-It-All","Alessia Cara",2015-11-13,230240,78,spotify:user:3164bclj2ni32jwrja3iqj7tcubi,2022-07-31T15:12:29Z,"canadian contemporary r&b,canadian pop,dance pop,pop,post-teen pop",0.573,0.739,0,-5.74,1,0.129,0.0285,0,0.111,0.451,97.085,4
0yIywEquxORnu1dR0WYsdN,"1uNFoZAHBGtllmzznpCI3s","Love Me","My World","Justin Bieber",2009-01-01,191573,69,spotify:user:3164bclj2ni32jwrja3iqj7tcubi,2022-07-31T15:14:26Z,"canadian pop,pop",0.729,0.868,3,-3.319,1,0.0609,0.00939,0,0.283,0.632,124.957,4
6Mcd2tlwSiqsnMC85DF4Ns,"7CajNmpbOovFoOoasH2HaY,6M2wZ9GZgrQXHCFfjv46we","One Kiss","New Year's Eve - NYE 2018/2019","Calvin Harris,Dua Lipa",2018-12-07,209040,59,spotify:user:3164bclj2ni32jwrja3iqj7tcubi,2022-07-31T15:46:03Z,"dance pop,edm,electro house,house,pop,progressive house,uk dance,uk pop",0.753,0.852,9,-4.028,0,0.138,0.0319,0.00000863,0.328,0.586,124.023,4
4IaxDf2FixiQXq0mW7key9,"64k5e9kV9MdukXjFrR5R37","ZOOM","ZOOM","제시",2022-04-13,174840,75,spotify:user:3164bclj2ni32jwrja3iqj7tcubi,2022-07-31T15:46:39Z,"k-pop",0.874,0.6,6,-6.064,1,0.158,0.00942,0,0.126,0.457,100.012,4
39TJ1IsCUeW7SfZp9Stw1S,"7KPV1P97pyfltRbpDBKbP9","Girl on Fire","Feel the Magic","Angelica Hale",2019-10-18,237113,38,spotify:user:3164bclj2ni32jwrja3iqj7tcubi,2022-08-02T13:09:25Z,"",0.618,0.49,9,-9.521,1,0.0266,0.363,0.00000495,0.0798,0.4,92.956,4
6VrLYoQKdhu1Jruei06t65,"7gAppWoH7pcYmphCVTXkzs","Somebody To You","Meet The Vamps","The Vamps",2014-01-01,185097,76,spotify:user:3164bclj2ni32jwrja3iqj7tcubi,2022-08-08T11:59:48Z,"boy band,dance pop,pop,post-teen pop",0.526,0.818,3,-5.952,1,0.0358,0.0587,0,0.333,0.896,171.96,4
6FB3v4YcR57y4tXFcdxI1E,"06HL4z0CvFAxyc27GXpf02","I Knew You Were Trouble.","Red (Big Machine Radio Release Special)","Taylor Swift",2012-10-22,219720,77,spotify:user:3164bclj2ni32jwrja3iqj7tcubi,2022-08-08T13:44:37Z,"pop",0.622,0.469,3,-6.798,0,0.0363,0.00454,0.00000225,0.0335,0.679,77.019,4
14BH4qO7pgCmIe6mgLKOK3,"4qWnlmXWuGv2TtuxtIWlJX","Someone To You","Empires On Fire","BANNERS",2017-11-03,219800,71,spotify:user:3164bclj2ni32jwrja3iqj7tcubi,2022-08-08T13:51:11Z,"indie poptimism,pop,pop rock",0.468,0.936,2,-3.683,1,0.0455,0.00568,0,0.24,0.663,75.05,4
0KztjtD3ytzgYjUKIVfBnW,"06HL4z0CvFAxyc27GXpf02","Mean","Speak Now","Taylor Swift",2010-10-25,237746,58,spotify:user:3164bclj2ni32jwrja3iqj7tcubi,2022-08-08T13:56:45Z,"pop",0.57,0.747,4,-3.978,1,0.0426,0.445,0,0.219,0.808,164.004,4
4DpNNXFMMxQEKl7r0ykkWA,"63yrD80RY3RNEM2YDpUpO8","Play Date","Cry Baby (Deluxe Edition)","Melanie Martinez",2015-08-14,179867,77,spotify:user:3164bclj2ni32jwrja3iqj7tcubi,2022-08-10T01:04:17Z,"alt z,electropop,pop",0.68,0.729,5,-5.077,1,0.0475,0.612,0,0.224,0.446,123.97,4
43rA71bccXFGD4C8GOpIlN,"06HL4z0CvFAxyc27GXpf02","I Forgot That You Existed","Lover","Taylor Swift",2019-08-23,170640,72,spotify:user:3164bclj2ni32jwrja3iqj7tcubi,2022-08-10T13:22:25Z,"pop",0.664,0.316,5,-10.345,1,0.519,0.298,0.00000203,0.0812,0.541,92.875,4
6lzc0Al0zfZOIFsFvBS1ki,"06HL4z0CvFAxyc27GXpf02","State Of Grace (Taylor's Version)","Red (Taylor's Version)","Taylor Swift",2021-11-12,295413,69,spotify:user:3164bclj2ni32jwrja3iqj7tcubi,2022-08-11T16:26:26Z,"pop",0.594,0.713,9,-5.314,1,0.0503,0.000328,0,0.114,0.328,129.958,4
3fGW43fnu3OHEw6ohTC2Bw,"1zNqDE7qDGCsyzJwohVaoX,1Hsdzj7Dlq2I7tHP7501T4","Our Song","Therapy","Anne-Marie,Niall Horan",2021-07-23,163733,70,spotify:user:3164bclj2ni32jwrja3iqj7tcubi,2022-08-14T09:23:18Z,"dance pop,pop,pop dance,post-teen pop,tropical house,uk pop",0.572,0.759,2,-4.312,1,0.0506,0.127,0,0.224,0.519,80.95,4
6uIRaU6EFvhAjYm7spHVeA,"4B1bjBU8CLkIBTYTRklo2u","Pretty's on the Inside","Pretty's on the Inside","Chloe Adams",2017-10-29,258250,56,spotify:user:3164bclj2ni32jwrja3iqj7tcubi,2022-08-14T09:23:35Z,"alt z,social media pop",0.567,0.539,3,-7.399,1,0.0462,0.722,0,0.0768,0.406,80.005,4
0l4iG7Vx88u4X5aRG2Ruih,"1lOVVJwY0tfAHY1SP1sUxY","Copines","Copines","SlowTune",2022-03-18,215399,58,spotify:user:3164bclj2ni32jwrja3iqj7tcubi,2022-08-14T13:16:53Z,"slowed and reverb",0.822,0.659,4,-4.373,0,0.0723,0.218,0.00000206,0.123,0.658,145.817,4
3RjL8AnKslWWPmlNLTJsAU,"1zNqDE7qDGCsyzJwohVaoX","Beautiful","Therapy","Anne-Marie",2021-07-23,194680,56,spotify:user:3164bclj2ni32jwrja3iqj7tcubi,2022-08-14T13:18:48Z,"dance pop,pop,pop dance,post-teen pop,tropical house,uk pop",0.493,0.597,2,-6.944,1,0.305,0.337,0,0.0711,0.66,90.096,4
304uzYXYjPulJpLRJzuesX,"42daDEQTdYaqtHG5sH5HMD,58LXBTOy629nyAjqX8iUTE","24/7","CECE","Celina Sharma,Harris J.",2021-10-08,184478,64,spotify:user:3164bclj2ni32jwrja3iqj7tcubi,2022-08-14T13:20:11Z,"",0.704,0.638,10,-2.834,1,0.0742,0.385,0,0.0683,0.386,107.974,4
1R6qeTvAvaxB7hydIYVIY8,"3ytV7vc4ZuwGgwaOuWvkk8,4XpUIb8uuNlIWVKmgKZXC0","Okay Dokey","Show Me the Money 4 Episode 6","MINO,지코",2015-08-29,248202,61,spotify:user:3164bclj2ni32jwrja3iqj7tcubi,2022-08-26T16:40:24Z,"k-pop,k-rap,korean r&b",0.828,0.61,1,-4.23,1,0.0528,0.00544,0,0.158,0.311,126.011,4
3fvY2U1AzW0diYF0hnBbKt,"6MDME20pz9RveH9rEXvrOM,3Isy6kedDrgPYoTS1dazA9,1zNqDE7qDGCsyzJwohVaoX","Rockabye (feat. Sean Paul & Anne-Marie)","Speak Your Mind (Deluxe)","Clean Bandit,Sean Paul,Anne-Marie",2018-04-27,250456,55,spotify:user:3164bclj2ni32jwrja3iqj7tcubi,2022-08-29T12:31:22Z,"dance pop,edm,pop,pop dance,post-teen pop,tropical house,uk dance,uk funky,dancehall,pop rap,uk pop",0.724,0.759,9,-3.996,0,0.0542,0.412,0,0.437,0.765,101.946,4
0MMyJUC3WNnFS1lit5pTjk,"1McMsnEElThX1knmY4oliG","jealousy, jealousy","SOUR","Olivia Rodrigo",2021-05-21,173160,82,spotify:user:3164bclj2ni32jwrja3iqj7tcubi,2022-09-03T05:04:04Z,"pop",0.695,0.575,10,-6.334,0,0.116,0.198,0,0.0614,0.699,163.929,4
0lks2Kt9veMOFEAPN0fsqN,"7vk5e3vY1uw9plTHJAMwjN,6pWcSL9wSJZQ9ne0TnhdWr,61pvU6ZLOF3bl0IOtbmME7","Lily","Different World","Alan Walker,K-391,Emelie Hollow",2018-12-14,195840,73,spotify:user:3164bclj2ni32jwrja3iqj7tcubi,2022-09-03T05:38:45Z,"electro house,nordic house,pop dance,norwegian indie,norwegian pop",0.423,0.634,6,-5.877,0,0.0578,0.196,0,0.189,0.467,150.978,4
4d1CG5ei1E2vGbvmgf5KKv,"06HL4z0CvFAxyc27GXpf02","This Love (Taylor’s Version)","This Love (Taylor’s Version)","Taylor Swift",2022-05-06,250100,76,spotify:user:3164bclj2ni32jwrja3iqj7tcubi,2022-09-03T15:52:30Z,"pop",0.47,0.494,4,-8.672,1,0.0349,0.302,0,0.0672,0.0524,144.039,4
5IgjP7X4th6nMNDh4akUHb,"7bXgB6jMjp9ATFy66eO08Z","Under The Influence","Indigo (Extended)","Chris Brown",2019-10-04,184613,95,spotify:user:3164bclj2ni32jwrja3iqj7tcubi,2022-09-05T14:47:43Z,"dance pop,pop,r&b",0.733,0.69,9,-5.529,0,0.0427,0.0635,0.00000118,0.105,0.31,116.992,4
1ZY1PqizIl78geGM4xWlEA,"06HL4z0CvFAxyc27GXpf02","Gorgeous","reputation","Taylor Swift",2017-11-10,209680,78,spotify:user:3164bclj2ni32jwrja3iqj7tcubi,2022-09-06T13:06:44Z,"pop",0.8,0.535,7,-6.684,1,0.135,0.0713,0.00000948,0.213,0.451,92.027,4
4R2kfaDFhslZEMJqAFNpdd,"06HL4z0CvFAxyc27GXpf02","cardigan","folklore","Taylor Swift",2020-07-24,239560,83,spotify:user:3164bclj2ni32jwrja3iqj7tcubi,2022-09-16T16:29:33Z,"pop",0.613,0.581,0,-8.588,0,0.0424,0.537,0.000345,0.25,0.551,130.033,4
2eAvDnpXP5W0cVtiI0PUxV,"2WzaAvm2bBCf4pEhyuDgCY","Dandelions","Safe Haven","Ruth B.",2017-05-05,233720,89,spotify:user:3164bclj2ni32jwrja3iqj7tcubi,2022-09-22T14:16:15Z,"alt z,canadian contemporary r&b,canadian pop,pop",0.609,0.692,1,-2.958,1,0.0259,0.0157,0,0.0864,0.454,116.959,3
6Jkm5kUldvIqxzI1Pa7nXH,"6oWOHAOyBUn6aJlKIPJK9r","10 Things I Hate About You","10 Things I Hate About You","Leah Kate",2022-03-23,157138,78,spotify:user:3164bclj2ni32jwrja3iqj7tcubi,2022-09-23T14:20:59Z,"alt z,pop",0.544,0.786,8,-2.97,1,0.0501,0.00991,0,0.169,0.446,153.967,4
5MWXOo8DJwgODtPGaietNz,"4S38gbKfKkEbty2YAIDIlV","cinderella's dead","cinderella's dead","EMELINE",2022-04-01,120666,76,spotify:user:3164bclj2ni32jwrja3iqj7tcubi,2022-10-04T14:01:05Z,"alt z",0.596,0.607,6,-6.179,0,0.168,0.33,0,0.103,0.531,119.882,4
7vRriwrloYVaoAe3a9wJHe,"3iri9nBFs9e4wN7PLIetAw,1QRj3hoop9Mv5VvHQkwPEp","i hate u, i love u (feat. olivia o'brien)","us","gnash,Olivia O'Brien",2016-03-25,251033,77,spotify:user:3164bclj2ni32jwrja3iqj7tcubi,2022-10-18T14:28:26Z,"pop,pop rap,alt z,dance pop,electropop,post-teen pop",0.492,0.275,6,-13.4,0,0.3,0.687,0,0.101,0.18,92.6,4
6naxalmIoLFWR0siv8dnQQ,"26dSoYclwsYLMAKD3tpOr4","Oops!...I Did It Again","Oops!... I Did It Again","Britney Spears",2000-05-16,211160,77,spotify:user:3164bclj2ni32jwrja3iqj7tcubi,2022-10-21T13:29:48Z,"dance pop,pop",0.751,0.834,1,-5.444,0,0.0437,0.3,0.0000177,0.355,0.894,95.053,4
4UuVbsWwTyfJ6CcNOCtzBe,"5pUmXBIQtqpvdV1HAy2xYC","Trouble","Me and My Uke","Never Shout Never",2009-11-03,145906,56,spotify:user:3164bclj2ni32jwrja3iqj7tcubi,2022-10-22T08:48:53Z,"alternative pop rock,neon pop punk,pop emo,pop punk",0.809,0.28,10,-8.818,1,0.329,0.918,0,0.179,0.564,122.046,4
360Wr96ywrCQq4kTAJ8Pq6,"63yrD80RY3RNEM2YDpUpO8","Pacify Her","Cry Baby (Deluxe Edition)","Melanie Martinez",2015-08-14,220013,79,spotify:user:3164bclj2ni32jwrja3iqj7tcubi,2022-10-23T14:31:51Z,"alt z,electropop,pop",0.576,0.593,9,-6.024,0,0.0306,0.0467,0.000767,0.237,0.373,157.993,4
6YYeBYEpkiR84eCDNPBDoF,"0E3lRHTut04XpirvWC45bn,5yCkSShz4MTqE4Lp6fVZMz,4KyX6IwYaHVTz4KSHtMJw0","Meant to Be Yours","Heathers: The Musical (World Premiere Cast Recording)","Ryan McCartan,Barrett Wilbert Weed,Michelle Duffy",2014-06-10,205826,66,spotify:user:3164bclj2ni32jwrja3iqj7tcubi,2022-10-23T14:54:54Z,"broadway,hollywood,show tunes,indie pop",0.505,0.589,6,-6.916,1,0.0852,0.514,0,0.058,0.585,99.648,4
6WC5fhc9XMaCrUNKNjm9xE,"74KM79TiuVKeVCqs8QtB0B","Thumbs","EVOLution","Sabrina Carpenter",2016-10-14,216466,70,spotify:user:3164bclj2ni32jwrja3iqj7tcubi,2022-10-24T02:03:04Z,"alt z,dance pop,pop,post-teen pop",0.73,0.718,8,-3.496,1,0.0478,0.0284,0,0.0892,0.127,135.045,4
0V3wPSX9ygBnCm8psDIegu,"06HL4z0CvFAxyc27GXpf02","Anti-Hero","Midnights","Taylor Swift",2022-10-21,200690,97,spotify:user:3164bclj2ni32jwrja3iqj7tcubi,2022-10-30T16:08:45Z,"pop",0.637,0.643,4,-6.571,1,0.0519,0.13,0.0000018,0.142,0.533,97.008,4
0ug5NqcwcFR2xrfTkc7k8e,"06HL4z0CvFAxyc27GXpf02","Style","1989 (Deluxe)","Taylor Swift",2014-01-01,231000,80,spotify:user:3164bclj2ni32jwrja3iqj7tcubi,2022-11-02T15:25:48Z,"pop",0.588,0.791,7,-5.595,1,0.0402,0.00245,0.00258,0.118,0.487,94.933,4
3nqQXoyQOWXiESFLlDF1hG,"2wY79sveU1sp5g7SokKOiI,3Xt3RrJMFv5SZkCfUE8C1J","Unholy (feat. Kim Petras)","Unholy (feat. Kim Petras)","Sam Smith,Kim Petras",2022-09-22,156943,100,spotify:user:3164bclj2ni32jwrja3iqj7tcubi,2022-11-04T16:22:16Z,"dance pop,pop,uk pop,post-teen pop,transpop",0.714,0.472,2,-7.375,1,0.0864,0.013,0.00000451,0.266,0.238,131.121,4
2gcs6LDGhgoIrZio5Z2d3P,"3aROeSNBd69DWHpcyyMOcI","Sensitive","Sensitive","Alex Porat",2022-05-27,157819,51,spotify:user:3164bclj2ni32jwrja3iqj7tcubi,2022-11-08T04:42:38Z,"indonesian pop",0.863,0.641,1,-4.185,1,0.0333,0.128,0.00000678,0.129,0.914,106.023,4
6dbRJbHFoLlWiT5mTDxO4N,"1LZA1ogH8dv88KVinABKBy","RIDE OR DIE","RIDE OR DIE","Avery Grace",2022-07-22,196190,33,spotify:user:3164bclj2ni32jwrja3iqj7tcubi,2022-11-08T15:27:33Z,"",0.531,0.738,5,-3.317,0,0.0557,0.544,0,0.119,0.434,125.929,4
2uThc9fZx2BEL3t6uuRMO1,"384pA1WJO9B09gUcuIL2XP,1n6pjRJkTY5v8RtUCAv5pi","Cold Hours","Cold Hours","aleemrk,Umair",2022-08-07,206117,73,spotify:user:3164bclj2ni32jwrja3iqj7tcubi,2022-11-11T14:09:06Z,"desi hip hop,pakistani hip hop",0.737,0.613,1,-7.304,0,0.358,0.316,0.00000126,0.343,0.493,170.14,4
6QNphn62YKaHG1hrnPSoHi,"1RhOh9I75vVWEDmzRVkRUz,1DisOtNFBsfGAuifnt4o8j","A Gangster's Wife","Smile Now Cry Never","Ms Krazie,Chino Grande",2008-07-01,229640,75,spotify:user:3164bclj2ni32jwrja3iqj7tcubi,2022-11-20T01:38:49Z,"chicano rap,latin hip hop,rap latina",0.822,0.59,6,-8.005,0,0.18,0.429,0,0.102,0.383,89.995,4
