Spotify ID,Artist IDs,Track Name,Album Name,Artist Name(s),Release Date,Duration (ms),Popularity,Added By,Added At,Genres,Danceability,Energy,Key,Loudness,Mode,Speechiness,Acousticness,Instrumentalness,Liveness,Valence,Tempo,Time Signature
5xcunlfaZvD9BDQsLONI7A,"3csPCeXsj2wezyvkRFzvmV","Halcyon and On and On","Orbital 2","Orbital",1993-01-01,567106,56,spotify:user:g4badfvhtyh2hed9hcmbtqtjx,2021-04-30T09:22:30Z,"big beat,breakbeat,electronica,intelligent dance music,rave",0.577,0.729,11,-14.376,0,0.0319,0.0953,0.928,0.184,0.177,126.988,4
43DnalVz4tL1pR1GWCpfCj,"49gaZqfow2v8EEQmjGyEIw","Delorean Dynamite","It's Album Time","Todd Terje",2014-04-07,405933,33,spotify:user:g4badfvhtyh2hed9hcmbtqtjx,2021-04-30T09:22:30Z,"alternative dance,balearic,electronica,filter house,norwegian space disco,nu disco",0.634,0.858,1,-11.661,1,0.0417,0.0125,0.84,0.0984,0.237,123.991,4
1fmoCZ6mtMiqA5GHWPcZz9,"2exkZbmNqMKnT8LRWuxWgy","A New Error","Moderat","Moderat",2009-05-11,367306,61,spotify:user:g4badfvhtyh2hed9hcmbtqtjx,2021-04-30T09:22:30Z,"electronica,microhouse,minimal techno",0.717,0.46,11,-11.326,0,0.0372,0.0287,0.785,0.0661,0.0961,110.993,4
3hWu4Z5IkREyWNT4zuuXM5,"4pejUc4iciQfgdX6OKulQn","Auto Pilot","Rated R - Deluxe Edition","Queens of the Stone Age",2010-01-01,240986,43,spotify:user:g4badfvhtyh2hed9hcmbtqtjx,2021-04-30T09:22:30Z,"alternative metal,alternative rock,blues rock,modern rock,nu metal,palm desert scene,rock,stoner metal,stoner rock",0.247,0.75,11,-4.624,0,0.041,0.501,0.0389,0.624,0.416,79.603,4
4pJ8psYUOWqkWxYlo22JDL,"284mnx33IWcymQEpMxyfHl,5yxyJsFanEAuwSM5kOuZKc,52sDxFX9DvIxUupTy8f1yx","A Night On The Bare Mountain","Mussorgsky-Stokowski: Pictures At An Exhibition","Modest Mussorgsky,London Symphony Orchestra,Leopold Stokowski",2015-04-20,571080,32,spotify:user:g4badfvhtyh2hed9hcmbtqtjx,2021-04-30T09:22:30Z,"late romantic era,russian romanticism,british orchestra,classical performance,orchestra,orchestral performance",0.221,0.423,2,-13.491,1,0.0519,0.884,0.742,0.138,0.0488,96.938,4
7ItpUlCUwTRyiXZ0YclPQ7,"2LMR8u7DOMF0FBseDpTsRa","Dry the Rain","The Three E.P.'s","The Beta Band",1998-09-28,366826,54,spotify:user:g4badfvhtyh2hed9hcmbtqtjx,2021-04-30T09:22:30Z,"britpop,chamber psych,indie rock,scottish indie",0.593,0.626,4,-11.287,1,0.0317,0.0931,0.166,0.218,0.753,150.483,4
2iWfZFAF8BCi0CY4NyuP8D,"3vbKDsSS70ZX9D2OcvbZmS","Gamma Ray","Modern Guilt","Beck",2008-07-08,176920,54,spotify:user:g4badfvhtyh2hed9hcmbtqtjx,2021-04-30T09:22:30Z,"alternative rock,anti-folk,indie rock,modern rock,permanent wave,rock",0.603,0.909,11,-4.213,0,0.0385,0.109,0.249,0.329,0.7,168.116,4
3B7mbMbbcuKdfWssAcyvG8,"02uYdhMhCgdB49hZlYRm9o","Wannabe in L.A","Heart On","Eagles Of Death Metal",2008-11-10,135853,50,spotify:user:g4badfvhtyh2hed9hcmbtqtjx,2021-04-30T09:22:30Z,"alternative rock,blues rock,garage rock,garage rock revival,modern blues rock,modern rock,palm desert scene,rock",0.638,0.945,5,-3.949,0,0.0463,0.259,0.152,0.0931,0.966,158.341,4
5xYC48nOppVemY6U5GRGTb,"1Cs0zKBU1kc0i8ypK3B9ai,0fA0VVWsXO9YnASrzqfmYu","Memories (feat. Kid Cudi)","One More Love","David Guetta,Kid Cudi",2010-11-22,210853,76,spotify:user:g4badfvhtyh2hed9hcmbtqtjx,2021-04-30T09:22:30Z,"big room,dance pop,edm,pop,pop dance,hip hop,ohio hip hop,rap",0.546,0.916,8,-3.932,1,0.255,0.00144,0.00000434,0.251,0.375,129.983,4
5yAu4njFSdM47dfsTkQPZ2,"2UZMlIwnkgAEDBsw1Rejkn","Runnin' Down A Dream","The Best Of Everything - The Definitive Career Spanning Hits Collection 1976-2016","Tom Petty",2019-03-01,261813,70,spotify:user:g4badfvhtyh2hed9hcmbtqtjx,2021-04-30T09:22:30Z,"album rock,classic rock,country rock,folk rock,heartland rock,mellow gold,pop rock,rock,singer-songwriter,soft rock",0.471,0.956,9,-6.371,1,0.0403,0.000596,0.62,0.624,0.715,169.798,4
0LuVpXVTaWY9Un2w9GkXjf,"0RkqytrwoGyXGvDiZwT6i2,5oRnbmgqvvq7fVlgk4vcEa","Mad World","Donnie Darko (Original Motion Picture Soundtrack)","Michael Andrews,Gary Jules",2002-04-02,184813,57,spotify:user:g4badfvhtyh2hed9hcmbtqtjx,2021-04-30T09:22:30Z,"soundtrack,neo mellow",0.346,0.133,3,-11.954,1,0.0339,0.966,0.0000111,0.109,0.332,174.291,4
1bp2IO61zbQrbWNmKKxg3f,"6QtGlUje9TIkLrgPZrESuk","The Joker","The Joker","Steve Miller Band",1973-01-01,264503,73,spotify:user:g4badfvhtyh2hed9hcmbtqtjx,2021-04-30T09:22:30Z,"album rock,blues rock,classic rock,country rock,folk rock,hard rock,heartland rock,mellow gold,rock,singer-songwriter,soft rock",0.596,0.448,5,-9.616,1,0.0396,0.365,0.0000053,0.206,0.796,83.293,4
50WFCEWGX0pUEFI9YXeP1x,"18n57lp9vXwU17jg4Vb1sM","Let All The Earth Be As One","Fantastic Sounds","Sam Spence",1976-07-01,227280,15,spotify:user:g4badfvhtyh2hed9hcmbtqtjx,2021-04-30T09:22:30Z,"library music,marching band",0.293,0.365,9,-13.518,1,0.0326,0.676,0.00467,0.0991,0.241,139.548,4
4b6WRfxJRY40RBpl3TMQVq,"0cmWgDlu9CwTgxPhf403hb,0g3NiCRhEv7M4SEDMrpItN","Heartbreak","Heartbreak","Bonobo,Totally Enormous Extinct Dinosaurs",2020-09-23,265017,47,spotify:user:g4badfvhtyh2hed9hcmbtqtjx,2021-04-30T09:22:30Z,"downtempo,electronica,jazztronica,ninja,nu jazz,trip hop,alternative dance,indietronica,new rave,nu disco,oxford indie",0.636,0.961,6,-5.644,1,0.0491,0.000168,0.9,0.095,0.398,126.997,4
1dHtqgncVJYx6bi3sHTcEL,"5mMkUZv8uUrlH0SHX89BeS","And The Living Is Easy","And The Living Is Easy","배짱이들",2007-10-09,311493,0,spotify:user:g4badfvhtyh2hed9hcmbtqtjx,2021-04-30T09:22:30Z,"bboy,electronica,nu jazz",0.872,0.614,5,-7.935,0,0.0422,0.0819,0.246,0.644,0.551,114.992,4
58nUOJJpnhO4xXVaFN1eao,"4eFImh8D3F15dtZk0JQlpT","When the Night Comes","Morning in Japan","Fakear",2013-06-03,237716,41,spotify:user:g4badfvhtyh2hed9hcmbtqtjx,2021-04-30T09:22:30Z,"french indie pop,french indietronica,new french touch,tropical house",0.688,0.767,0,-4.457,1,0.0334,0.0129,0.00462,0.322,0.42,105.974,4
56dkUDNWKSBRQXgiQNcgxh,"7abaqPX14i31AxrQ3lFQgv","Rain","Army of Me","Senbeï",2015-02-23,264133,36,spotify:user:g4badfvhtyh2hed9hcmbtqtjx,2021-04-30T09:22:30Z,"hip-hop experimental,new french touch",0.702,0.8,4,-5.065,0,0.202,0.208,0.00566,0.477,0.659,92.02,4
1kzl7hqWC0ZJr366DDbmjs,"0Q35wRRhdsU8EbsJ1eouCY","Better Days","Fabric","The Black Seeds",2017-09-08,300093,18,spotify:user:g4badfvhtyh2hed9hcmbtqtjx,2021-04-30T09:22:30Z,"kiwi rock,nz reggae,reggae fusion,ska jazz",0.69,0.589,4,-8.97,1,0.0292,0.00871,0.68,0.0356,0.512,94.068,4
4wSmqFg31t6LsQWtzYAJob,"1gR0gsQYfi6joyO1dlp76N","Genesis","Justice","Justice",2007-06-11,234960,58,spotify:user:g4badfvhtyh2hed9hcmbtqtjx,2021-04-30T09:22:30Z,"alternative dance,electro house,electronica,filter house,new rave",0.693,0.789,9,-5.13,1,0.384,0.0168,0.366,0.0985,0.283,117.055,4
1RgptEcoSqG30ea7LeE6Iz,"5nPOO9iTcrs9k6yFffPxjH","So Easy","Melody AM","Röyksopp",2001-09-03,249360,42,spotify:user:g4badfvhtyh2hed9hcmbtqtjx,2021-04-30T09:22:30Z,"alternative dance,downtempo,electronica,electropop,trip hop",0.716,0.8,10,-10.399,0,0.0518,0.027,0.796,0.437,0.465,104.014,4
76nVSbl4LfZVALNIJ2sm3q,"43mWhBXSflupNLuNjM5vff","Krack","Nite Versions","Soulwax",2005-09-18,326386,41,spotify:user:g4badfvhtyh2hed9hcmbtqtjx,2021-04-30T09:22:30Z,"alternative dance,belgian electronic,belgian indie,belgian indie rock,belgian rock,big beat,electro house,electronica,filter house,ghent indie,mashup,new rave",0.58,0.91,10,-5.942,0,0.0316,0.247,0.909,0.0937,0.344,112.816,4
4Y2W4zKa3q72ztbkA0r8Va,"2VAvhf61GgLYmC6C8anyX1","Dayvan Cowboy","The Campfire Headphase","Boards of Canada",2005-10-17,300186,55,spotify:user:g4badfvhtyh2hed9hcmbtqtjx,2021-04-30T09:22:30Z,"ambient,electronica,intelligent dance music,scottish electronic,trip hop",0.322,0.615,11,-10.774,1,0.0427,0.507,0.819,0.0677,0.0361,167.95,4
1fARWKNn6zOhHoxDRX2gq8,"49eo9xE4yGzJLWkOndiODs","Bück dich hoch","Befehl von ganz unten","Deichkind",2012-01-01,247586,50,spotify:user:g4badfvhtyh2hed9hcmbtqtjx,2021-04-30T09:22:30Z,"german pop,german rock,hamburg hip hop",0.851,0.745,7,-4.495,1,0.177,0.0434,0,0.087,0.693,130.016,4
3gmxpKRiDdCe6ub96LvKx5,"49eo9xE4yGzJLWkOndiODs","Leider geil (Leider geil)","Befehl von ganz unten","Deichkind",2012-01-01,191266,52,spotify:user:g4badfvhtyh2hed9hcmbtqtjx,2021-04-30T09:22:30Z,"german pop,german rock,hamburg hip hop",0.958,0.592,9,-7.933,1,0.358,0.182,0,0.167,0.836,120.067,4
4Tzal54wYMmXX0Es1QwAJW,"3oCrmkKTKBi7DUgmtyGkId","Vom selben Stern - Radio Edit","Vom selben Stern","Ich + Ich",2007-06-29,228373,0,spotify:user:g4badfvhtyh2hed9hcmbtqtjx,2021-04-30T09:22:30Z,"german pop,german rock",0.688,0.834,1,-6.345,1,0.0343,0.0121,0.000119,0.0882,0.886,140.006,4
1zzxoZVylsna2BQB65Ppcb,"1HwM5zlC5qNWhJtM00yXzG","X Gon' Give It To Ya","The Definition Of X: Pick Of The Litter","DMX",2007-06-12,217586,73,spotify:user:g4badfvhtyh2hed9hcmbtqtjx,2021-04-30T09:22:30Z,"east coast hip hop,gangster rap,hardcore hip hop,hip hop,pop rap,rap",0.761,0.899,10,-3.09,0,0.183,0.0135,0,0.0719,0.673,95.027,4
2ao2s8OOBSEaAVPJS7tNzB,"3Gaqw2nGyE7yM3rcRSzE3U","Sun Flower Sun Kissed","They Know What Ghost Know","Yppah",2009-05-18,231666,10,spotify:user:g4badfvhtyh2hed9hcmbtqtjx,2021-04-30T09:22:30Z,"electronica,ninja,nu jazz,trip hop",0.41,0.888,2,-4.869,1,0.0441,0.00000663,0.0208,0.196,0.389,126.055,4
3amRcskC5xqDIz40jXF43a,"1UQ5GQDdYPKgbIEn9sMiSg","Hayling","nu: electronica_","FC Kahuna",2003-04-15,228800,0,spotify:user:g4badfvhtyh2hed9hcmbtqtjx,2021-04-30T09:22:30Z,"big beat,electronica",0.544,0.279,5,-12.08,1,0.0326,0.636,0.00134,0.0904,0.0644,139.968,4
5L8ta4ECl5zeA6bGqY7G38,"1pBuKaLHJlIlqYxQQaflve","Sing, Sing, Sing","The Essential Benny Goodman","Benny Goodman",2007-05-22,520293,51,spotify:user:g4badfvhtyh2hed9hcmbtqtjx,2021-04-30T09:22:30Z,"adult standards,big band,jazz,jazz clarinet,lounge,stride,swing,vintage jazz,vocal jazz",0.62,0.67,2,-11.575,0,0.0591,0.853,0.896,0.156,0.295,113.492,4
0Fyj9w0HVfjoxm9S8nGClt,"6uothxMWeLWIhsGeF7cyo4","Orinoco Flow","Themes From Calmi Cuori Appassionati","Enya",2001,266960,57,spotify:user:g4badfvhtyh2hed9hcmbtqtjx,2021-04-30T09:22:30Z,"celtic,middle earth",0.685,0.46,0,-11.223,1,0.0283,0.797,0.257,0.101,0.566,114.995,4
54CAG8n70kKVbFV6l1zF4G,"1q1wfzh2xtpj27TnIAqIvd,5qwzRqCWqo8sLL9fLAytbD,73GJmUlQIaIhau1wiDsXVB,4FjeS3mNCRfJqN4jRTr4Er,3PfJE6ebCbCHeuqO4BfNeA,2ZYdpQgTZ31R3tjiX25XNT","Adiemus","Adiemus - Songs Of Sanctuary","Karl Jenkins,Mike Ratledge,Adiemus,Jody K. Jenkins,London Philharmonic Orchestra,Mary Carewe",1995,237413,60,spotify:user:g4badfvhtyh2hed9hcmbtqtjx,2021-04-30T09:22:30Z,"choral,rock keyboard,new age,british orchestra,orchestra",0.295,0.408,4,-16.632,0,0.0693,0.804,0.148,0.165,0.164,150.454,3
5jZM2ut63rT6MGCW3omsaK,"0epOFNiUfyON9EYx7Tpr6V","Juicebox","First Impressions Of Earth","The Strokes",2005-12-22,194573,0,spotify:user:g4badfvhtyh2hed9hcmbtqtjx,2021-04-30T09:22:30Z,"alternative rock,garage rock,modern rock,permanent wave,rock",0.462,0.981,2,-2.371,0,0.127,0.00164,0.00903,0.0855,0.547,154.996,4
16iApoNZYaN6gbMtRRVV6B,"1nyQBzKgZ2hBLr7PnyV7cI","Incense And Peppermints","Incense And Peppermints","Strawberry Alarm Clock",1967,167453,53,spotify:user:g4badfvhtyh2hed9hcmbtqtjx,2021-04-30T09:22:30Z,"bubblegum pop,classic garage rock,folk rock,freakbeat,psychedelic rock,sunshine pop",0.484,0.655,4,-11.118,1,0.0316,0.033,0,0.0885,0.634,133.158,4
48n92l7OnLEURhalUBtsl7,"3a9qv6NLHnsVxJUtKOMHvD","We Can Make The World Stop","We Can Make the World Stop - EP","The Glitch Mob",2011-07-12,325908,51,spotify:user:g4badfvhtyh2hed9hcmbtqtjx,2021-04-30T09:22:30Z,"edm,electro house,glitch,glitch hop,indietronica",0.563,0.836,5,-5.891,0,0.0357,0.000846,0.5,0.116,0.154,105.006,4
0MRs5O62wfDgf5cQKalrPq,"4gIdjgLlvgEOz7MexDZzpM","Pictures of Matchstick Men - Mono Version","Picturesque Matchstickable Messages from the Status Quo","Status Quo",1968-09-27,190600,51,spotify:user:g4badfvhtyh2hed9hcmbtqtjx,2021-04-30T09:22:30Z,"album rock,blues rock,british blues,classic rock,classic uk pop,glam rock,hard rock,rock",0.241,0.604,7,-3.817,1,0.0313,0.0672,0.0000498,0.0541,0.417,173.134,4
6wMTeVootJ8RdCLNOZy5Km,"7yxi31szvlbwvKq9dYOmFI","Open Eye Signal","Immunity","Jon Hopkins",2013-06-03,468586,44,spotify:user:g4badfvhtyh2hed9hcmbtqtjx,2021-04-30T09:22:30Z,"ambient,compositional ambient,electronica,intelligent dance music",0.798,0.715,0,-7.103,1,0.215,0.191,0.773,0.112,0.199,122.47,3
2HZuHI4KuN6uuRt8r7Mmtj,"3zunDAtRDg7kflREzWAhxl","Beautiful Freak","Beautiful Freak","Eels",1996-08-13,214040,38,spotify:user:g4badfvhtyh2hed9hcmbtqtjx,2021-04-30T09:22:30Z,"alternative rock,melancholia,pop rock",0.308,0.177,0,-15.125,1,0.0374,0.925,0.04,0.0889,0.087,139.719,3
4uPi47C1WcnhIbvCx4zCu6,"3zunDAtRDg7kflREzWAhxl","Novocaine For The Soul","Beautiful Freak","Eels",1996-08-13,188693,57,spotify:user:g4badfvhtyh2hed9hcmbtqtjx,2021-04-30T09:22:30Z,"alternative rock,melancholia,pop rock",0.409,0.717,6,-7.75,1,0.0395,0.000578,0.0632,0.0827,0.311,169.212,4
0G3fbPbE1vGeABDEZF0jeG,"0Xf8oDAJYd2D0k3NLI19OV","Good Times","Risqué","CHIC",1979-07-30,495400,63,spotify:user:g4badfvhtyh2hed9hcmbtqtjx,2021-04-30T09:22:30Z,"disco,funk,post-disco,quiet storm,soul",0.87,0.657,2,-7.32,1,0.0522,0.149,0.0102,0.053,0.893,110.596,4
62iRNRNRD0dqp2UbuSNPVn,"5ZMwoAjeDtLJ0XRwRTgaK8","The 5th Exotic","The 5th Exotic","Quantic",2001-06-19,247826,52,spotify:user:g4badfvhtyh2hed9hcmbtqtjx,2021-04-30T09:22:30Z,"downtempo,electronica,funk,latin alternative,nu jazz,nu-cumbia,trip hop,world",0.667,0.599,10,-12.837,0,0.0597,0.00469,0.697,0.35,0.315,110.001,4
1g7tqO5lzjQIQxdVZapBwf,"0HGVduSq54fO1fazKRZnaD","La Californie","La Beat Tape","Souleance",2013-02-04,176000,47,spotify:user:g4badfvhtyh2hed9hcmbtqtjx,2021-04-30T09:22:30Z,"abstract beats",0.775,0.756,1,-5.471,1,0.104,0.00207,0.714,0.274,0.706,89.968,4
7aAZOl8GHF6ge391oY0Kmy,"4P0dddbxPil35MNN9G2MEX","When the Shit Goes Down","Black Sunday","Cypress Hill",1993-07-20,188760,58,spotify:user:g4badfvhtyh2hed9hcmbtqtjx,2021-04-30T09:22:30Z,"chicano rap,gangster rap,hardcore hip hop,hip hop,rap,rap rock,west coast rap",0.861,0.411,4,-11.362,0,0.222,0.0331,0.807,0.225,0.544,96.283,4
5YpZh8wfS4moRBk0ijNcXr,"6Mo9PoU6svvhgEum7wh2Nd","Harder Than You Think","How You Sell Soul to a Soulless People Who Sold Their Soul?","Public Enemy",2007-08-07,249521,61,spotify:user:g4badfvhtyh2hed9hcmbtqtjx,2021-04-30T09:22:30Z,"conscious hip hop,east coast hip hop,gangster rap,golden age hip hop,hardcore hip hop,hip hop,old school hip hop,political hip hop,rap",0.484,0.852,11,-4.442,0,0.274,0.0317,0,0.0547,0.766,103.578,4
6iqmL2Ep0ms1zdCRn6r6bz,"2nQzvHpLWtJunJyyTBTBs8","Heavy Metal (Takin' A Ride)","Walk Into Now","SoundSwitch",2012-06-16,259863,33,spotify:user:g4badfvhtyh2hed9hcmbtqtjx,2021-04-30T09:22:30Z,"",0.538,0.699,9,-5.784,0,0.0426,0.0111,0.00224,0.147,0.617,113.18,4
5JPqcnABbQ0IT7Hyt0TAZT,"3qwxSif06Qwzykdln8ZGfG,7l5PU5tGpm10fVfzbrKBvp","Only Once","Dusty Rainbow from the Dark","Wax Tailor,Ali Harter",2012-09-10,164200,0,spotify:user:g4badfvhtyh2hed9hcmbtqtjx,2021-04-30T09:22:30Z,"electronica,hip-hop experimental,ninja,nu jazz,trip hop,turntablism,deep acoustic pop,ok indie",0.697,0.853,1,-5.913,0,0.0701,0.000682,0.143,0.128,0.759,151.952,4
7BL37ODilvPqzSAP8xkpoE,"3zunDAtRDg7kflREzWAhxl","Fresh Blood","Fresh Blood","Eels",2009-04-28,264666,38,spotify:user:g4badfvhtyh2hed9hcmbtqtjx,2021-04-30T09:22:30Z,"alternative rock,melancholia,pop rock",0.564,0.904,0,-4.651,1,0.0536,0.298,0.74,0.0804,0.721,192.188,4
6l9xjeuOWfJFyopPe5oqur,"4aEnNH9PuU1HF3TsZTru54","Bees","The Milk of Human Kindness","Caribou",2005-04-18,323666,0,spotify:user:g4badfvhtyh2hed9hcmbtqtjx,2021-04-30T09:22:30Z,"alternative dance,electronica,folktronica,indie rock,indietronica,intelligent dance music,new rave",0.714,0.59,9,-12.821,1,0.0304,0.8,0.901,0.111,0.784,130.71,4
1MmDfBzGsWKXb0rQfTyvOy,"6dgwEwnK0YtDfS9XhRwBTG","After the Disco","After the Disco","Broken Bells",2014-01-13,219293,53,spotify:user:g4badfvhtyh2hed9hcmbtqtjx,2021-04-30T09:22:30Z,"alternative dance,alternative rock,indie rock,indietronica,la indie,modern rock,new rave,rock",0.729,0.74,9,-5.444,1,0.0258,0.00226,0.0305,0.13,0.966,115.984,4
5g0fzItkqbBIHRjw9PoKhg,"6rbW4PmepEAeeow5x9eW3u","Love Affair","How To Dance","Nôze",2006,367440,13,spotify:user:g4badfvhtyh2hed9hcmbtqtjx,2021-04-30T09:22:30Z,"french techno",0.898,0.656,10,-7.76,0,0.0643,0.0122,0.405,0.0649,0.128,120.03,4
2VGDntFPvgvqSiUf9ITEfW,"066X20Nz7iquqkkCW6Jxy6","Someone Great","Sound of Silver","LCD Soundsystem",2007-03-12,390013,56,spotify:user:g4badfvhtyh2hed9hcmbtqtjx,2021-04-30T09:22:30Z,"alternative dance,alternative rock,dance rock,dance-punk,electronic rock,electronica,indie rock,indietronica,modern rock,new rave,rock",0.722,0.894,7,-5.903,1,0.0325,0.0418,0.00374,0.11,0.396,113.003,4
32cTlpJqKrWXCwOlzchK3m,"4aEnNH9PuU1HF3TsZTru54","Hannibal","Swim","Caribou",2010-04-16,375520,26,spotify:user:g4badfvhtyh2hed9hcmbtqtjx,2021-04-30T09:22:30Z,"alternative dance,electronica,folktronica,indie rock,indietronica,intelligent dance music,new rave",0.73,0.582,7,-11.359,0,0.033,0.509,0.877,0.0933,0.276,117,4
23SsE9a9AdbIwawJ6beUVk,"31DXlldabwPHwu6dYevuzK","I Believe","Attack Decay Sustain Release","Simian Mobile Disco",2007-01-01,198560,49,spotify:user:g4badfvhtyh2hed9hcmbtqtjx,2021-04-30T09:22:30Z,"alternative dance,big beat,electroclash,electronica,filter house,indietronica,new rave",0.657,0.719,6,-4.821,1,0.194,0.00441,0.0128,0.065,0.775,97.198,4
1VsuSOEVhuCaybeb1rFeCM,"70W0ftdGNlFkgrqu5O0QiI","The Magic Key","The One-T ODC","One-T",2003-07-02,228706,63,spotify:user:g4badfvhtyh2hed9hcmbtqtjx,2021-04-30T09:22:30Z,"",0.809,0.728,5,-1.252,0,0.0533,0.0855,0.00000333,0.303,0.967,204.192,4
59ByVOlmTSuVcEefBpviJQ,"4aEnNH9PuU1HF3TsZTru54","Melody Day","Andorra","Caribou",2007-08-17,251066,31,spotify:user:g4badfvhtyh2hed9hcmbtqtjx,2021-04-30T09:22:30Z,"alternative dance,electronica,folktronica,indie rock,indietronica,intelligent dance music,new rave",0.411,0.842,8,-6.21,0,0.038,0.0149,0.00368,0.115,0.509,137.977,4
6TTViB62ZhFuGrGhQ5xj0w,"31DXlldabwPHwu6dYevuzK","Sleep Deprivation","Attack Decay Sustain Release","Simian Mobile Disco",2007-01-01,299146,40,spotify:user:g4badfvhtyh2hed9hcmbtqtjx,2021-04-30T09:22:30Z,"alternative dance,big beat,electroclash,electronica,filter house,indietronica,new rave",0.679,0.819,10,-6.905,0,0.0468,0.00482,0.561,0.111,0.109,130.243,4
7zxDWJtcsVvXsbMBxxbSba,"3wury2nd8idV4GecUg5xze","Loaded - Andy Weatherall Mix","Screamadelica","Primal Scream",1991-09-23,421906,52,spotify:user:g4badfvhtyh2hed9hcmbtqtjx,2021-04-30T09:22:30Z,"alternative rock,big beat,britpop,dance rock,new wave,rock,scottish indie",0.621,0.544,8,-14.754,1,0.0514,0.0000923,0.579,0.889,0.885,91.147,4
5EfqyWMPkZvEceR9cpfSb4,"3HJIB8sYPyxrFGuwvKXSLR","DLZ","Dear Science (Bonus Track Version)","TV On The Radio",2008-09-21,228706,0,spotify:user:g4badfvhtyh2hed9hcmbtqtjx,2021-04-30T09:22:30Z,"alternative dance,alternative rock,brooklyn indie,indie rock,indietronica,modern rock,new rave,rock,stomp and holler",0.513,0.878,8,-3.981,0,0.0447,0.0348,0.00237,0.108,0.521,176.041,4
11S5xASMtwYHBaCq3iVxix,"18n57lp9vXwU17jg4Vb1sM","Classic Battle","Music From NFL Films, Vol. 4","Sam Spence",2010-09-14,139746,30,spotify:user:g4badfvhtyh2hed9hcmbtqtjx,2021-04-30T09:22:30Z,"library music,marching band",0.579,0.604,7,-10.276,1,0.0625,0.778,0.96,0.0679,0.612,109.959,4
5HONB1N3YrPfLu4dynQAlC,"0VeT7hHTJFJZcENGekjCsB","Theme (From Battlefield 1942)","The Essential Games Music Collection Vol.1","London Music Works",2011-12-05,155986,39,spotify:user:g4badfvhtyh2hed9hcmbtqtjx,2021-04-30T09:22:30Z,"scorecore,theme",0.679,0.612,10,-9.501,0,0.0351,0.622,0.935,0.155,0.603,90.059,3
3ZutEEWSlDdpOMEg7xEk2v,"2F8GvYuY0lfZNYu45dY6gJ","Freunde","All die ganzen Jahre: Ihre besten Lieder","Die Toten Hosen",2011-11-11,244733,33,spotify:user:g4badfvhtyh2hed9hcmbtqtjx,2021-04-30T09:22:30Z,"german alternative rock,german pop,german punk,german rock",0.678,0.706,7,-4.671,1,0.0248,0.031,0.00000111,0.195,0.396,102.009,4
3Vc5ClchHGaK13ikZdRFhT,"3vbKDsSS70ZX9D2OcvbZmS","E-Pro","Guero","Beck",2005-01-01,202360,36,spotify:user:g4badfvhtyh2hed9hcmbtqtjx,2021-04-30T09:22:30Z,"alternative rock,anti-folk,indie rock,modern rock,permanent wave,rock",0.624,0.959,11,-6.253,0,0.0722,0.00117,0.115,0.125,0.71,95.774,4
01Y1yNZyVYL6K1Ag1KJinw,"6vgw0jwJkUnW2NR1rzsQU3","Bunni Groove","Groove Sessions","Chinese Man",2007-01-09,265306,30,spotify:user:g4badfvhtyh2hed9hcmbtqtjx,2021-04-30T09:22:30Z,"electro swing,electronica,hip-hop experimental,nu jazz,rap marseille",0.754,0.918,6,-7.508,0,0.0383,0.602,0.795,0.0952,0.918,124.991,4
1yjwb3Gf0AGgkF5trbUsWE,"7r9FLm0Rxp8u9tfSZhFxtL","Autobahn","Habediehre","LaBrassBanda",2008-04-19,219453,46,spotify:user:g4badfvhtyh2hed9hcmbtqtjx,2021-04-30T09:22:30Z,"blasmusik,german reggae,volkspop",0.844,0.745,10,-7.245,0,0.0676,0.451,0.00651,0.0982,0.964,98.02,4
3MRRYgnAAgXVLVnA6Wp33l,"2fBURuq7FrlH6z5F92mpOl","Anything New","Idealism","Digitalism",2007-05-09,299106,0,spotify:user:g4badfvhtyh2hed9hcmbtqtjx,2021-04-30T09:22:30Z,"alternative dance,dance-punk,electro house,electronica,indietronica,new rave",0.642,0.843,7,-5.267,1,0.0566,0.000671,0.0898,0.113,0.527,129.971,4
0Goz4649UwLkEJ0pia2Z4w,"2fBURuq7FrlH6z5F92mpOl","The Pulse","Idealism","Digitalism",2007-05-09,259200,0,spotify:user:g4badfvhtyh2hed9hcmbtqtjx,2021-04-30T09:22:30Z,"alternative dance,dance-punk,electro house,electronica,indietronica,new rave",0.54,0.944,4,-4.721,0,0.121,0.000964,0.0129,0.368,0.0811,135.974,4
4CLZlTPjaKqbadAJc031OQ,"2fBURuq7FrlH6z5F92mpOl","Pogo","Idealism","Digitalism",2007-05-09,226466,0,spotify:user:g4badfvhtyh2hed9hcmbtqtjx,2021-04-30T09:22:30Z,"alternative dance,dance-punk,electro house,electronica,indietronica,new rave",0.403,0.754,0,-5.256,1,0.0441,0.0000608,0.0000773,0.529,0.398,136.021,4
2jJ2OyPniCS1a16Ghw8vZo,"2fBURuq7FrlH6z5F92mpOl","Idealistic","Idealism","Digitalism",2007-05-09,250693,0,spotify:user:g4badfvhtyh2hed9hcmbtqtjx,2021-04-30T09:22:30Z,"alternative dance,dance-punk,electro house,electronica,indietronica,new rave",0.605,0.805,0,-6.134,0,0.0436,0.0131,0.0705,0.453,0.369,128.954,4
5osSw3tL07Tuid7AWsvYcc,"1BH45DVSTeGBvcYXNCd67g,1YfEcTuGvBQ8xSD1f53UnK,7362Tj1IkoHp7oWveGTf51,7MseR8aIHbFMXzMAkRPCZy","Ante Up (feat. Busta Rhymes, Teflon & Remi Martin) - Remix","Warriorz","M.O.P.,Busta Rhymes,Teflon,Remi Martin",2000-08-29,247693,61,spotify:user:g4badfvhtyh2hed9hcmbtqtjx,2021-04-30T09:22:30Z,"east coast hip hop,gangster rap,hardcore hip hop,hip hop,rap,hip pop,pop rap",0.68,0.894,1,-4.86,1,0.255,0.0206,0,0.462,0.803,94.089,4
1vMrhsVcrByysJf0ru2SqL,"3Gaqw2nGyE7yM3rcRSzE3U","Gumball Machine Weekend","They Know What Ghost Know","Yppah",2009-05-18,239533,49,spotify:user:g4badfvhtyh2hed9hcmbtqtjx,2021-04-30T09:22:30Z,"electronica,ninja,nu jazz,trip hop",0.577,0.833,8,-7.157,1,0.0274,0.0000477,0.263,0.154,0.65,117.968,4
77Z3GScTSO5X0bGty3pASA,"2D9Oe8R9UhbMvFAsMJpXj0","Loreley - unmixed","DJ-Kicks (Digitalism)","Kölsch",2012-06-25,405017,0,spotify:user:g4badfvhtyh2hed9hcmbtqtjx,2021-04-30T09:22:30Z,"danish electronic,danish techno,electronica,melodic techno,minimal techno,tech house",0.808,0.467,9,-8.688,0,0.156,0.271,0.0000697,0.112,0.0312,128.076,4
3FDW9fIjPQLO4FnaMbLTPV,"5e3Z7HYpiVcP3TlU0a4yap","Getting Kinda Boring - Bonus Track","My Groove Your Move (Bonus Version)","Lack Of Afro",2009-10-19,209502,44,spotify:user:g4badfvhtyh2hed9hcmbtqtjx,2021-04-30T09:22:30Z,"afrobeat,bboy,brass band,british soul,electronica,funk,nu jazz",0.713,0.603,4,-12.78,0,0.0318,0.205,0.851,0.11,0.81,130.451,4
7h72v0F5vKvKBSaCEOtVVi,"5JBNcYBpRMPc5oZO6a9MfD","Out of This World (Co-Produced By SuperVision)","Even If It Isn't Right","Michal Menert",2012-05-01,235186,37,spotify:user:g4badfvhtyh2hed9hcmbtqtjx,2021-04-30T09:22:30Z,"downtempo bass,glitch hop",0.565,0.684,1,-10.33,1,0.0538,0.00995,0.707,0.193,0.428,98.986,4
6syBFNheQcC5HYt4sh6gkC,"2CKaDZ1Yo8YnWega9IeUzB","Body Language - Interpretation","Movements","Booka Shade",2006-05-12,300266,0,spotify:user:g4badfvhtyh2hed9hcmbtqtjx,2021-04-30T09:22:30Z,"electronica,frankfurt electronic,german techno,microhouse,minimal techno,tech house",0.8,0.756,11,-10.124,0,0.0671,0.3,0.885,0.16,0.67,128.004,4
5cwN1htZyoWqZCc33f3RfE,"6dgwEwnK0YtDfS9XhRwBTG","The High Road","Broken Bells","Broken Bells",2010-03-01,232200,64,spotify:user:g4badfvhtyh2hed9hcmbtqtjx,2021-04-30T09:22:30Z,"alternative dance,alternative rock,indie rock,indietronica,la indie,modern rock,new rave,rock",0.61,0.638,0,-6.574,1,0.0238,0.0672,0.00000659,0.283,0.603,79.955,4
2DKhE0CxWGYoYQxYYbLrjJ,"7b04D0yLktCUpvxQBhmG7R","Got It Bad","Leisure","LEISURE",2016-10-21,205601,1,spotify:user:g4badfvhtyh2hed9hcmbtqtjx,2021-04-30T09:22:30Z,"auckland indie,indie r&b,indie soul,vapor soul",0.793,0.468,11,-10.054,1,0.0408,0.00839,0.0786,0.0689,0.534,95.999,4
6HhVHZTzhjvS5erfCm4roh,"67ea9eGLXYMsO2eYQRui3w","Eminence Front","It's Hard","The Who",1982-09-04,340240,46,spotify:user:g4badfvhtyh2hed9hcmbtqtjx,2021-04-30T09:22:30Z,"album rock,art rock,blues rock,british invasion,classic rock,hard rock,mellow gold,psychedelic rock,rock",0.694,0.788,5,-9.679,0,0.0299,0.222,0.554,0.0372,0.569,98.089,4
2IKgM8fKIKUXVsARYL4FFW,"0epOFNiUfyON9EYx7Tpr6V","Trying Your Luck","Is This It","The Strokes",2001-08-24,207573,0,spotify:user:g4badfvhtyh2hed9hcmbtqtjx,2021-04-30T09:22:30Z,"alternative rock,garage rock,modern rock,permanent wave,rock",0.499,0.69,9,-9.424,0,0.0316,0.00963,0.00795,0.13,0.629,143.9,4
7hm4HTk9encxT0LYC0J6oI,"0epOFNiUfyON9EYx7Tpr6V","Someday","Is This It","The Strokes",2001-07-30,183440,65,spotify:user:g4badfvhtyh2hed9hcmbtqtjx,2021-04-30T09:22:30Z,"alternative rock,garage rock,modern rock,permanent wave,rock",0.539,0.521,9,-7.46,1,0.0299,0.00425,0,0.367,0.679,106.035,4
4ek71wqDqmg2nrPHpFNRnU,"0b9ukmbg0MO5eMlorcgOwz","Flat Beat - Radio edit","Analog Worms Attack","Mr. Oizo",1999,316973,0,spotify:user:g4badfvhtyh2hed9hcmbtqtjx,2021-04-30T09:22:30Z,"alternative dance,electro house,filter house,new rave,ninja",0.937,0.425,4,-11.584,0,0.569,0.000209,0.49,0.273,0.497,129.016,4
1dUjponHxfH9hp1JnAoMmW,"4M84umUNRbZy1mJleyyRM9","La Rock 01","OK Cowboy","Vitalic",2005-04-04,326040,0,spotify:user:g4badfvhtyh2hed9hcmbtqtjx,2021-04-30T09:22:30Z,"alternative dance,electro house,electroclash,electronica,filter house,french techno,new rave",0.635,0.697,11,-5.567,0,0.0733,0.0000016,0.932,0.358,0.564,136.493,4
2jJIxT6WAIVWzDo3Ou53Q0,"3hteYQFiMFbJY7wS0xDymP","Pursuit","Aleph","Gesaffelstein",2013-10-28,247603,50,spotify:user:g4badfvhtyh2hed9hcmbtqtjx,2021-04-30T09:22:30Z,"dark clubbing,destroy techno",0.682,0.934,7,-4.822,1,0.0741,0.0619,0.926,0.106,0.0708,108.982,3
3B3RrQpEhggB4y8xpXNJPw,"5CE2IfdYZEQGIDsfiRm8SI","You Can't Go Home Again","The Private Press (Expanded Edition)","DJ Shadow",2002-06-04,423720,28,spotify:user:g4badfvhtyh2hed9hcmbtqtjx,2021-04-30T09:22:30Z,"big beat,downtempo,electronica,hip hop,trip hop,turntablism",0.671,0.924,10,-6.784,0,0.0598,0.00334,0.805,0.0427,0.965,162.503,4
0Gk2NWITP9Q1QJewMr28po,"5CE2IfdYZEQGIDsfiRm8SI","Midnight In A Perfect World","Endtroducing.....","DJ Shadow",1996-09-16,298373,0,spotify:user:g4badfvhtyh2hed9hcmbtqtjx,2021-04-30T09:22:30Z,"big beat,downtempo,electronica,hip hop,trip hop,turntablism",0.666,0.627,7,-9.234,0,0.0391,0.52,0.727,0.23,0.612,79.508,4
2fQ2iALVbAZ7MkH6PaaIJ6,"36QJpDe2go2KgaRleHCDTp","No Quarter - 1990 Remaster","Houses of the Holy (1994 Remaster)","Led Zeppelin",1973-03-28,419133,0,spotify:user:g4badfvhtyh2hed9hcmbtqtjx,2021-04-30T09:22:30Z,"album rock,classic rock,hard rock,rock",0.339,0.34,11,-14.377,1,0.0385,0.657,0.459,0.375,0.117,142.362,4
3ykW6QCJkD26NIHev6qhht,"3cbU0WxlZJTFLTfXEUB433","Above The Clouds","Mickey Mouse Operation","Little People",2006-09-04,230106,27,spotify:user:g4badfvhtyh2hed9hcmbtqtjx,2021-04-30T09:22:30Z,"electronica,ninja,trip hop",0.75,0.722,7,-8.51,0,0.0472,0.0165,0.582,0.105,0.708,99.652,4
2sNGaLOMBIkyVFPsQqPQdW,"1P6U1dCeHxPui5pIrGmndZ","Alpha Beta Gaga","Talkie Walkie","Air",2004-01-26,279773,47,spotify:user:g4badfvhtyh2hed9hcmbtqtjx,2021-04-30T09:22:30Z,"ambient pop,downtempo,electronica,trip hop",0.477,0.833,7,-8.271,1,0.0315,0.00226,0.848,0.171,0.555,169.968,4
1bx7OUl2UmAnA5oZkm9If7,"4rGrN4XDYhP6dUAZMvcuHr","Jerk It Out","Jerk It Out","Caesars",2005-01-14,195666,62,spotify:user:g4badfvhtyh2hed9hcmbtqtjx,2021-04-30T09:22:30Z,"swedish indie rock",0.58,0.981,8,-2.603,0,0.06,0.0171,0.0000107,0.386,0.861,134.007,4
0LC0tLjHgSydrNcp5AgEno,"68g1s6VqLLLBI3tXR0Bb7C","Around The Bend","Fruit","The Asteroids Galaxy Tour",2009-09-21,229880,24,spotify:user:g4badfvhtyh2hed9hcmbtqtjx,2021-04-30T09:22:30Z,"alternative dance,electropop",0.692,0.93,9,-3.691,1,0.0399,0.0399,0.00368,0.361,0.771,95.009,4
6QLp8WLQlkqSd9l5fEt36R,"3cbU0WxlZJTFLTfXEUB433","Moon","Mickey Mouse Operation","Little People",2006-09-04,227866,46,spotify:user:g4badfvhtyh2hed9hcmbtqtjx,2021-04-30T09:22:30Z,"electronica,ninja,trip hop",0.714,0.528,6,-10.223,1,0.0365,0.345,0.851,0.109,0.721,151.499,4
1TuopWDIuDi1553081zvuU,"2exebQUDoIoT0dXA8BcN1P","Resonance","Odyssey","Home",2014-07-01,212881,1,spotify:user:g4badfvhtyh2hed9hcmbtqtjx,2021-04-30T09:22:30Z,"vaporwave",0.567,0.743,8,-8.614,1,0.0626,0.0356,0.847,0.221,0.423,170.083,5
0P5bg4JX1fUplClPC0nkUS,"2WoVwexZuODvclzULjPQtm","Plastic 100°C","Process","Sampha",2017-02-03,316187,0,spotify:user:g4badfvhtyh2hed9hcmbtqtjx,2021-04-30T09:22:30Z,"indie soul",0.596,0.362,3,-11.879,0,0.0535,0.735,0.00216,0.654,0.175,132.067,4
0phAx12SI8oWN1AmhyceSQ,"6vgw0jwJkUnW2NR1rzsQU3,3KgJ3JCDre5mBJoVzlJAiy","Washington Square","Groove Sessions","Chinese Man,Bionic Man Sound",2007-01-09,250600,51,spotify:user:g4badfvhtyh2hed9hcmbtqtjx,2021-04-30T09:22:30Z,"electro swing,electronica,hip-hop experimental,nu jazz,rap marseille",0.676,0.751,4,-6.985,0,0.0845,0.38,0,0.102,0.758,89.041,4
6rU0dLXyWbXqti69nrQP4H,"6FXMGgJwohJLUSr5nVlf9X,27LGatz1m8aJ7ZaVVWEphc","Paradise Circus","Heligoland","Massive Attack,Gui Boratto",2010-02-08,487574,45,spotify:user:g4badfvhtyh2hed9hcmbtqtjx,2021-04-30T09:22:30Z,"big beat,downtempo,electronica,trip hop,brazilian house,microhouse,minimal techno,tech house",0.836,0.811,8,-9.228,1,0.0515,0.162,0.814,0.0818,0.534,126.017,4
0pg2VKzTsBdbxPzcOkReY2,"1ViF5mdcW7pEn7md71YjOL","A grand love theme","A Grand Love Story","Kid Loco",1997,242800,48,spotify:user:g4badfvhtyh2hed9hcmbtqtjx,2021-04-30T09:22:30Z,"big beat,electronica,ninja,nu jazz,trip hop",0.553,0.659,9,-9.281,1,0.0613,0.502,0.859,0.184,0.46,183.815,4
1r9mGafUiSgumJoRqyLrSt,"6FXMGgJwohJLUSr5nVlf9X","Splitting The Atom","Heligoland","Massive Attack",2010-02-08,316627,46,spotify:user:g4badfvhtyh2hed9hcmbtqtjx,2021-04-30T09:22:30Z,"big beat,downtempo,electronica,trip hop",0.72,0.358,0,-9.776,0,0.0351,0.495,0.0354,0.186,0.59,100.044,4
3vGhQoG6IalBCxkEr6Aw6v,"6bWxFw65IEJzBYjx3SxUXd","Big Calm","Big Calm","Morcheeba",1998,361266,51,spotify:user:g4badfvhtyh2hed9hcmbtqtjx,2021-04-30T09:22:30Z,"downtempo,electronica,nu jazz,trip hop",0.345,0.809,0,-6.655,1,0.106,0.0467,0.723,0.074,0.323,150.234,4
4AeY0SpL3pnfXNU6aIsIt2,"5nPOO9iTcrs9k6yFffPxjH","Eple","Melody AM","Röyksopp",2001,216640,0,spotify:user:g4badfvhtyh2hed9hcmbtqtjx,2021-04-30T09:22:30Z,"alternative dance,downtempo,electronica,electropop,trip hop",0.673,0.76,6,-8.381,1,0.0456,0.00236,0.21,0.114,0.795,106.48,4
5Fgc7nYJmFwFekDYFou6JU,"1UQ5GQDdYPKgbIEn9sMiSg","Hayling - Radio Edit","Hayling","FC Kahuna",2003-01-01,224773,40,spotify:user:g4badfvhtyh2hed9hcmbtqtjx,2021-04-30T09:22:30Z,"big beat,electronica",0.545,0.361,5,-7.931,1,0.0305,0.578,0.00249,0.141,0.0629,139.982,4
3oBbsA0Etxg0doF0b4nrd0,"6bWxFw65IEJzBYjx3SxUXd","Blood Like Lemonade","Blood Like Lemonade","Morcheeba",2010-06-07,293306,0,spotify:user:g4badfvhtyh2hed9hcmbtqtjx,2021-04-30T09:22:30Z,"downtempo,electronica,nu jazz,trip hop",0.653,0.59,5,-9.649,1,0.104,0.000942,0.378,0.2,0.625,168.054,4
4Jv7lweGIUOFQ7Oq2AtAh9,"6oBm8HB0yfrIc9IHbxs6in,4WUGQykLBGFfsl0Qjl6TDM","I Follow Rivers - The Magician Remix","I Follow Rivers (The Magician Remix)","Lykke Li,The Magician",2011-10-10,280069,71,spotify:user:g4badfvhtyh2hed9hcmbtqtjx,2021-04-30T09:22:30Z,"art pop,electropop,pop,swedish electropop,swedish indie pop,swedish pop,belgian edm,edm,house,pop dance,tropical house",0.786,0.696,9,-5.796,0,0.0428,0.0234,0.0019,0.0839,0.306,121.974,4
