Spotify ID,Artist IDs,Track Name,Album Name,Artist Name(s),Release Date,Duration (ms),Popularity,Added By,Added At,Genres,Danceability,Energy,Key,Loudness,Mode,Speechiness,Acousticness,Instrumentalness,Liveness,Valence,Tempo,Time Signature
4lnnde7PnrXR3pUzQKBe6X,"4xFUf1FHVy696Q1JQZMTRj","Little Toy Guns","Greatest Hits: Decade #1","Carrie Underwood",2014-12-09,210760,49,spotify:user:e020vkree8khod1a7bc82vfq1,2021-10-05T19:04:30Z,"contemporary country,country,country dawn,oklahoma country,pop",0.434,0.868,7,-1.208,1,0.0603,0.00407,0.00000198,0.0919,0.204,161.886,4
63bo7NDoWdMFXufhsYOxwG,"66CXWjxzNUsdJxJ2JdwvnR,2Rf4X6m0oayCJhaJ5K63GQ","Almost Is Never Enough","Yours Truly","Ariana Grande,Nathan Sykes",2013-01-01,327773,54,spotify:user:e020vkree8khod1a7bc82vfq1,2021-10-05T19:05:00Z,"dance pop,pop,post-teen pop,uk pop",0.323,0.327,2,-7.494,1,0.0411,0.824,0,0.101,0.335,81.329,4
4qCySCQyiyLT2mVUOM2zdS,"1McMsnEElThX1knmY4oliG,3xvaSlT4xsyk6lY1ESOspO","The Rose Song","High School Musical: The Musical: The Series (Original Soundtrack/Season 2)","Olivia Rodrigo,Disney",2021-07-30,174380,53,spotify:user:e020vkree8khod1a7bc82vfq1,2021-10-05T19:05:06Z,"pop",0.437,0.374,5,-8.991,1,0.0376,0.786,0,0.107,0.461,141.897,4
1EpKvCBKXiJUtU47LFtZ38,"6jDwZUFYUH1dC4xWzOd8QU","Love Like You","Love Like You","Caleb Hyles",2017-07-15,246455,53,spotify:user:e020vkree8khod1a7bc82vfq1,2021-10-05T19:05:12Z,"otacore",0.543,0.124,3,-15.651,1,0.0506,0.977,0.0000887,0.117,0.137,95.412,3
2BwRvOaG8JdpX3F5LqiLHo,"2NvmDZar6FF2CICK1yBS4I,720fJ5sGqAOhvU2IUypqIr","Ho Hey","The Music Of Nashville Original Soundtrack Volume 2","Nashville Cast,Lennon & Maisy",2013-01-01,126440,42,spotify:user:e020vkree8khod1a7bc82vfq1,2021-10-05T19:05:22Z,"canadian country",0.692,0.434,1,-8.53,1,0.026,0.601,0,0.102,0.455,82.978,4
7n6fQgF1mjITSSpxfjUMVc,"5z2SvHuqebjSy6000AzsJ1","The Wave","Wilderness","Iziah Dawn",2020-11-20,83748,2,spotify:user:e020vkree8khod1a7bc82vfq1,2021-10-05T19:05:33Z,"",0.911,0.65,11,-5.976,0,0.336,0.547,0.000536,0.259,0.804,128.98,4
5gOwwg0Dqz1hFywXia6aom,"6FKeUu8U16w2fzH1vLxPkg","No Humanity","No Humanity","Kyla Imani",2020-06-05,198095,20,spotify:user:e020vkree8khod1a7bc82vfq1,2021-10-05T19:05:54Z,"",0.699,0.248,5,-16.284,0,0.0841,0.672,0,0.08,0.566,125.982,4
7jP7iCJ1cXVXYHWIkYtP6d,"4xFUf1FHVy696Q1JQZMTRj","See You Again","Blown Away","Carrie Underwood",2012-05-01,246453,52,spotify:user:e020vkree8khod1a7bc82vfq1,2021-10-05T19:06:15Z,"contemporary country,country,country dawn,oklahoma country,pop",0.514,0.742,8,-2.525,1,0.0258,0.27,0.0000017,0.085,0.47,101,4
2W9u3whoCkQYOUbmnSrHi1,"3twuAojvYNrlWZpMkxLm3P,3cR4rhS2hBWqI7rJEBacvN,6G3sPhnj4JBCsBVBGvZnkk,3UUJfRbrA2nTbcg4i0MOwu","What'd I Miss","Hamilton (Original Broadway Cast Recording)","Daveed Diggs,Leslie Odom Jr.,Okieriete Onaodowan,Original Broadway Cast of Hamilton",2015-09-25,236701,62,spotify:user:e020vkree8khod1a7bc82vfq1,2021-10-05T19:06:32Z,"alternative hip hop,broadway,hollywood,show tunes,vocal jazz",0.539,0.577,7,-7.763,1,0.386,0.169,0,0.14,0.319,177.787,4
2G9lekfCh83S0lt2yfffBz,"4lSm9vkdpKSs1O8nKflRaB,4aXXDj9aZnlshx7mzj3W1N,3UUJfRbrA2nTbcg4i0MOwu","Farmer Refuted","Hamilton (Original Broadway Cast Recording)","Thayne Jasperson,Lin-Manuel Miranda,Original Broadway Cast of Hamilton",2015-09-25,112742,63,spotify:user:e020vkree8khod1a7bc82vfq1,2021-10-05T19:06:40Z,"show tunes,hollywood,broadway",0.795,0.409,9,-8.334,0,0.372,0.684,0,0.0548,0.577,77.879,3
7l94dyN2hX9c6wWcZQuOGJ,"66CXWjxzNUsdJxJ2JdwvnR","Dangerous Woman","Dangerous Woman","Ariana Grande",2016-05-20,235946,1,spotify:user:e020vkree8khod1a7bc82vfq1,2021-10-05T19:07:09Z,"dance pop,pop",0.664,0.602,4,-5.369,0,0.0412,0.0529,0,0.356,0.289,134.049,3
5Q0Nhxo0l2bP3pNjpGJwV1,"5YGY8feqx7naU7z4HrwZM6","Party In The U.S.A.","The Time Of Our Lives","Miley Cyrus",2009-01-01,202066,75,spotify:user:e020vkree8khod1a7bc82vfq1,2021-10-05T19:07:18Z,"dance pop,pop,post-teen pop",0.652,0.698,10,-4.667,0,0.042,0.00112,0.000115,0.0886,0.47,96.021,4
3GCL1PydwsLodcpv0Ll1ch,"06HL4z0CvFAxyc27GXpf02","You Belong With Me","Fearless","Taylor Swift",2008-11-11,231133,70,spotify:user:e020vkree8khod1a7bc82vfq1,2021-10-05T19:07:30Z,"pop",0.687,0.783,6,-4.44,1,0.0386,0.162,0.0000135,0.114,0.443,129.964,4
6uW03WHG3qv2FzxPIW6SUP,"3E0MPcbZSjfJ1HsnJKXkqd,3zT7dcLl9wbSXsVh3VQx3A,79cmm0PKrLWIrqp80GpJtK,5TKKPpY9zr2qrz3JM3Vawq,66mvEj9XSF89tUj87Y3HDu,3xvaSlT4xsyk6lY1ESOspO","The Gospel Truth I / Main Titles - Hercules","Hercules (Original Motion Picture Soundtrack)","Cheryl Freeman,LaChanze,Vaneese Thomas,Lillias White,Roz Ryan,Disney",1997-01-01,145640,59,spotify:user:e020vkree8khod1a7bc82vfq1,2021-10-05T19:08:32Z,"disney,movie tunes",0.5,0.565,11,-10.528,1,0.145,0.25,0.000147,0.145,0.466,158.072,4
4E7B45OimTovLiETRzSBly,"0SCbttzoZTnLFebDYmAWCm,6Fi8CHfO8WGtu3yO8c2Mc4","Smooth Criminal (Glee Cast Version) (feat. 2CELLOS)","Glee: The Music, The Complete Season Three","Glee Cast,2CELLOS",2012-08-28,214680,54,spotify:user:e020vkree8khod1a7bc82vfq1,2021-10-05T19:08:40Z,"glee club,hollywood,post-teen pop,bow pop,cello",0.756,0.814,0,-6.111,1,0.0436,0.634,0.00068,0.161,0.905,135.045,4
5CZ40GBx1sQ9agT82CLQCT,"1McMsnEElThX1knmY4oliG","traitor","SOUR","Olivia Rodrigo",2021-05-21,229226,86,spotify:user:e020vkree8khod1a7bc82vfq1,2021-10-05T19:09:02Z,"pop",0.38,0.339,3,-7.885,1,0.0338,0.691,0,0.12,0.0849,100.607,4
3qxzozdGFaBxQ0X4HkrMr0,"1McMsnEElThX1knmY4oliG,3xvaSlT4xsyk6lY1ESOspO","The Rose Song - From High School Musical: The Musical: The Series (Season 2)","The Rose Song [From High School Musical: The Musical: The Series (Season 2)]","Olivia Rodrigo,Disney",2021-06-18,174380,64,spotify:user:e020vkree8khod1a7bc82vfq1,2021-10-05T19:09:34Z,"pop",0.437,0.372,5,-9,1,0.0373,0.784,0,0.107,0.439,141.786,4
18wSH9W51fEBd9qrUAb9aW,"4T7KICeQg50AwFzauMCR9C","Ain't No Crying","Songs of the SMP","Derivakat",2021-02-26,156901,58,spotify:user:e020vkree8khod1a7bc82vfq1,2021-10-05T19:10:20Z,"dream smp,otacore",0.639,0.482,8,-8.245,0,0.0341,0.439,0,0.135,0.394,69.451,4
7fRt5HCt4KgLlH45wFQCho,"6DQwC1hPrwv3JRmvxONCoZ,5EJf9pRO532SnGtOaeiw4F","Dead Mom","Beetlejuice (Original Broadway Cast Recording)","Sophia Anne Caruso,Beetlejuice Original Broadway Cast Recording Ensemble",2019-06-07,184147,61,spotify:user:e020vkree8khod1a7bc82vfq1,2021-10-05T19:10:25Z,"broadway,hollywood,show tunes",0.528,0.477,2,-6.552,1,0.0319,0.291,0,0.0965,0.247,135.315,4
0gMW8XpPFPjoApDii5Tj1u,"6qGkLCMQkNGOJ079iEcC5k,5bi4lyuj5ZrayYKlibl9ij","Waving Through A Window","Dear Evan Hansen (Original Broadway Cast Recording)","Ben Platt,Original Broadway Cast of Dear Evan Hansen",2017-02-03,236360,63,spotify:user:e020vkree8khod1a7bc82vfq1,2021-10-05T19:10:42Z,"hollywood,pop,show tunes,broadway",0.549,0.705,9,-5.563,1,0.0564,0.316,0,0.12,0.52,146.024,4
7sapKrjDij2fpDVj0GxP66,"04gDigrS5kc9YWfZHwBETP","She Will Be Loved","Songs About Jane","Maroon 5",2002-06-25,257133,73,spotify:user:e020vkree8khod1a7bc82vfq1,2021-10-05T19:11:02Z,"pop",0.706,0.713,0,-5.512,0,0.0301,0.0596,0,0.132,0.544,102.037,4
0m8Ta268d1kBBG7lxMyWqa,"4xFUf1FHVy696Q1JQZMTRj","Mama's Song","Play On","Carrie Underwood",2009,240240,50,spotify:user:e020vkree8khod1a7bc82vfq1,2021-10-05T19:11:15Z,"contemporary country,country,country dawn,oklahoma country,pop",0.341,0.659,2,-5.419,1,0.0357,0.442,0,0.096,0.269,79.987,4
37Azvau0wN3ihy77eJsLo8,"2NvmDZar6FF2CICK1yBS4I,5DOQ7jQ2pnXaiJiIoiEQjz,720fJ5sGqAOhvU2IUypqIr","Sanctuary","The Music Of Nashville Original Soundtrack Season 5 Volume 1","Nashville Cast,Charles Esten,Lennon & Maisy",2017-03-10,205786,46,spotify:user:e020vkree8khod1a7bc82vfq1,2021-10-05T19:11:28Z,"country pop,canadian country",0.344,0.263,9,-9.806,1,0.0298,0.67,0,0.0924,0.151,129.123,4
4R51u0GULZ7DwJ3z1rKzjL,"2oAjTQDqwzr77nKJnzF33g,1HOwDF8ViHLeud6oiuTFyt","The One","The One","Gospel,Mesgana",2020-01-09,213333,12,spotify:user:e020vkree8khod1a7bc82vfq1,2021-10-05T19:11:34Z,"",0.504,0.489,10,-6.586,0,0.253,0.751,0.000262,0.101,0.302,179.961,4
1V6gIisPpYqgFeWbMLI0bA,"6S2OmqARrzebs0tKUEyXyp","Heart Attack","Demi","Demi Lovato",2013-01-01,210840,77,spotify:user:e020vkree8khod1a7bc82vfq1,2021-10-05T19:12:30Z,"dance pop,pop,post-teen pop,uk pop",0.504,0.785,8,-4.802,1,0.104,0.0738,0,0.239,0.502,173.968,4
0ZUo4YjG4saFnEJhdWp9Bt,"4xFUf1FHVy696Q1JQZMTRj","Before He Cheats","Some Hearts","Carrie Underwood",2005-11-14,199946,77,spotify:user:e020vkree8khod1a7bc82vfq1,2021-10-05T19:12:34Z,"contemporary country,country,country dawn,oklahoma country,pop",0.519,0.749,6,-3.318,0,0.0405,0.271,0,0.119,0.29,147.905,4
6OqdF0vHI9xkqswI7EK0cD,"4xFUf1FHVy696Q1JQZMTRj","Cowboy Casanova","Play On","Carrie Underwood",2009,236786,62,spotify:user:e020vkree8khod1a7bc82vfq1,2021-10-05T19:12:40Z,"contemporary country,country,country dawn,oklahoma country,pop",0.597,0.82,5,-2.529,1,0.0582,0.0328,0,0.119,0.576,119.969,4
44xWtabQzBHKXxD0UVLSNQ,"4xFUf1FHVy696Q1JQZMTRj","Last Name","Carnival Ride","Carrie Underwood",2007-10-23,241053,57,spotify:user:e020vkree8khod1a7bc82vfq1,2021-10-05T19:12:44Z,"contemporary country,country,country dawn,oklahoma country,pop",0.395,0.869,3,-3.154,1,0.109,0.194,0,0.0874,0.688,159.833,4
6rmXhRIemCTPyMYZRDN7Qg,"3e7awlrlDSwF3iM0WBjGMp","Black Magic","Get Weird (Expanded Edition)","Little Mix",2015-11-06,211786,74,spotify:user:e020vkree8khod1a7bc82vfq1,2021-10-05T19:14:01Z,"dance pop,girl group,pop,post-teen pop,talent show,uk pop",0.776,0.875,4,-5.535,1,0.0575,0.0343,0,0.314,0.849,111.988,4
71X7bPDljJHrmEGYCe7kQ8,"5VJN4jB6PqqEg4kJiAj6Eu,2OEGI2wrCVmvavKEOMlccy,4H3e5t5utgPvj6Nsuda5QF,3cR4rhS2hBWqI7rJEBacvN,3UUJfRbrA2nTbcg4i0MOwu","The Schuyler Sisters","Hamilton (Original Broadway Cast Recording)","Renée Elise Goldsberry,Phillipa Soo,Jasmine Cephas-Jones,Leslie Odom Jr.,Original Broadway Cast of Hamilton",2015-09-25,186542,67,spotify:user:e020vkree8khod1a7bc82vfq1,2021-10-06T23:36:43Z,"hollywood,show tunes,broadway,vocal jazz",0.74,0.727,2,-6.253,1,0.278,0.187,0,0.627,0.792,101.409,4
6GfTYfb5eBLN1p1ByOsPmi,"1McMsnEElThX1knmY4oliG,5aTwY2xyrJy4cS1jlFg1oG,3xvaSlT4xsyk6lY1ESOspO","Wondering - From High School Musical: The Musical: The Series","Wondering (From High School Musical: The Musical: The Series)","Olivia Rodrigo,Julia Lester,Disney",2019-11-12,225381,63,spotify:user:e020vkree8khod1a7bc82vfq1,2021-10-24T23:47:05Z,"pop",0.469,0.444,6,-7.064,1,0.0396,0.808,0,0.0932,0.221,129.385,4
2M0627dznvRUfgc6jp7cst,"0SCbttzoZTnLFebDYmAWCm","Stereo Hearts (Glee Cast Version)","Glee Love Songs","Glee Cast",2021-02-11,211800,56,spotify:user:e020vkree8khod1a7bc82vfq1,2021-10-24T23:47:15Z,"glee club,hollywood,post-teen pop",0.62,0.698,6,-4.38,1,0.0449,0.0168,0,0.153,0.617,90.059,4
6M31fPFCYB8Job3MCjjrDV,"4AK6F7OLvEQ5QYCBNiQWHq","They Don't Know About Us","Take Me Home (Expanded Edition)","One Direction",2012-11-12,200400,76,spotify:user:e020vkree8khod1a7bc82vfq1,2021-10-24T23:47:20Z,"boy band,pop,post-teen pop,talent show",0.514,0.727,0,-6.131,1,0.0492,0.126,0,0.0978,0.37,147.917,4
0R3VceNdOWRvcYPuv7Rwr9,"3rse0xkCrTq4vDCYtOSGPU","Sit Still, Look Pretty","Pitch Perfect 3 (Original Motion Picture Soundtrack)","The New Barden Bellas",2017-12-15,186946,55,spotify:user:e020vkree8khod1a7bc82vfq1,2021-10-24T23:47:23Z,"",0.654,0.727,2,-4.433,1,0.0856,0.603,0,0.112,0.944,92.019,4
2tGvwE8GcFKwNdAXMnlbfl,"1McMsnEElThX1knmY4oliG","happier","SOUR","Olivia Rodrigo",2021-05-21,175933,84,spotify:user:e020vkree8khod1a7bc82vfq1,2021-12-09T19:52:04Z,"pop",0.395,0.443,6,-9.72,1,0.133,0.765,0.00000967,0.0839,0.338,168.924,3
466s1BacUmiRdR3ISvNjyx,"2gsggkzM5R49q6jpPvazou,66CXWjxzNUsdJxJ2JdwvnR,0hCNtLu0JehylgoiP8L4Gh","Bang Bang","My Everything (Deluxe)","Jessie J,Ariana Grande,Nicki Minaj",2014-08-25,199320,60,spotify:user:e020vkree8khod1a7bc82vfq1,2022-05-21T15:37:13Z,"dance pop,pop,pop rap,post-teen pop,uk pop,hip pop,queens hip hop,rap",0.703,0.747,0,-4.446,0,0.0895,0.283,0,0.396,0.7,149.974,4
7ywzEdEuVG1lsjsRCGJfLy,"5YGY8feqx7naU7z4HrwZM6","When I Look At You","The Time Of Our Lives","Miley Cyrus",2009-01-01,248586,61,spotify:user:e020vkree8khod1a7bc82vfq1,2022-05-21T15:37:20Z,"dance pop,pop,post-teen pop",0.459,0.545,6,-4.874,1,0.0282,0.142,0,0.105,0.194,137.941,3
7xoUc6faLbCqZO6fQEYprd,"66CXWjxzNUsdJxJ2JdwvnR","One Last Time","My Everything (Deluxe)","Ariana Grande",2014-08-25,197266,82,spotify:user:e020vkree8khod1a7bc82vfq1,2022-05-21T15:37:30Z,"dance pop,pop",0.628,0.593,8,-5.036,1,0.0323,0.093,0.00000165,0.096,0.104,125.026,4
0Qh38w01QRXK6KHIv0e3hb,"1KCSPY1glIKqW2TotWuXOR","What About Us","Beautiful Trauma","P!nk",2017-10-13,269600,73,spotify:user:e020vkree8khod1a7bc82vfq1,2022-05-21T15:37:43Z,"dance pop,pop",0.491,0.588,1,-6.177,1,0.0506,0.0281,0.00000201,0.0906,0.193,113.608,4
4IhKLu7Vk3j2TLmnFPl6To,"5IH6FPUwQTxPSXurCrcIov","Water Fountain","Narrated For You","Alec Benjamin",2018-11-16,218893,78,spotify:user:e020vkree8khod1a7bc82vfq1,2022-05-21T15:37:50Z,"alt z,electropop,pop",0.723,0.504,8,-5.572,1,0.0392,0.388,0.000074,0.087,0.551,133.975,4
5gqLY5H1ZyT3BScVr0nDMs,"6cK3NBO6uP7hh0oyuVELFl,0tu3jGW89NZZ8qrpd8c7xC","Sway With Me (with GALXARA)","Sway With Me (with GALXARA)","Saweetie,GALXARA",2020-01-31,168018,59,spotify:user:e020vkree8khod1a7bc82vfq1,2022-05-21T15:38:07Z,"cali rap,dance pop,pop,rap,trap queen,la pop",0.621,0.849,3,-4.243,0,0.0489,0.00468,0.000005,0.328,0.875,130.979,4
2TeLIzFBe3hxkPR5FIQZut,"2wY79sveU1sp5g7SokKOiI","Like I Can","In The Lonely Hour","Sam Smith",2014-05-26,167065,81,spotify:user:e020vkree8khod1a7bc82vfq1,2022-05-21T15:38:16Z,"dance pop,pop,uk pop",0.656,0.627,7,-6.627,0,0.0379,0.343,0.0000217,0.124,0.481,99.933,4
2e3ZtFtjaPvcBgJy3xpXFT,"52OQXvCMAJ0zqE2ZQrBTqC,7zGcGkMtgpbkCKljWto3NQ,2HJ4hedICRfMlEQCCNPdyz,2jLTy8ur5VewqDyKUZohXa,5wcXTMooUetMp8uUNqC03W","Flying Solo (feat. Madison Reyes, Charlie Gillespie, Owen Patrick Joyner & Jeremy Shada)","Julie and the Phantoms: Season 1 (From the Netflix Original Series)","Julie and the Phantoms Cast,Madison Reyes,Charlie Gillespie,Owen Patrick Joyner,Jeremy Shada",2020-09-10,184807,57,spotify:user:e020vkree8khod1a7bc82vfq1,2022-05-21T15:38:44Z,"post-teen pop",0.556,0.592,0,-5.285,0,0.065,0.00946,0.00000249,0.0683,0.381,165.983,4
1jU975woNIEkmSxN3V2Z39,"7HY5Pq3S3lk3y5YfpKTIAL,36VZ9Qcd9R6748xk6KZELr,0lIcZRXtXq7snGHGaiynjP,2FYOI01brbNN7gtT58DElr,4EiYhcpx56Z8cQ2xFU5gB7","We Got Heart - From Jem And The Holograms Soundtrack","Jem And The Holograms (Original Motion Picture Soundtrack)","Jem and the Holograms,Aubrey Peeples,Aurora Perrineau,Stefanie Scott,Ryan Guzman",2015-10-23,177106,33,spotify:user:e020vkree8khod1a7bc82vfq1,2022-05-21T15:38:53Z,"",0.729,0.606,11,-5.917,1,0.335,0.548,0,0.264,0.91,82.994,4
4pPIWWOny4xWSiSRPsIY1c,"4xFUf1FHVy696Q1JQZMTRj","Mama's Song","Greatest Hits: Decade #1","Carrie Underwood",2014-12-09,240506,37,spotify:user:e020vkree8khod1a7bc82vfq1,2022-05-21T15:40:23Z,"contemporary country,country,country dawn,oklahoma country,pop",0.354,0.664,7,-5.413,1,0.0352,0.443,0,0.0835,0.235,79.742,3
5vlEg2fT4cFWAqU5QptIpQ,"5tKXB9uuebKE34yowVaU3C","Replay","Replay","Iyaz",2009-08-11,182306,71,spotify:user:e020vkree8khod1a7bc82vfq1,2022-05-21T15:40:40Z,"dance pop,pop rap,post-teen pop",0.706,0.751,9,-6.323,1,0.0708,0.173,0,0.168,0.195,91.031,4
4tCtwWceOPWzenK2HAIJSb,"1l8Fu6IkuTP0U5QetQJ5Xt,7c0XG5cIJTrrAgEC3ULPiq","Work from Home (feat. Ty Dolla $ign)","7/27 (Deluxe)","Fifth Harmony,Ty Dolla $ign",2016-05-27,214480,74,spotify:user:e020vkree8khod1a7bc82vfq1,2022-05-21T15:40:48Z,"dance pop,girl group,pop,post-teen pop,talent show,uk pop,hip hop,pop rap,r&b,southern hip hop,trap,trap soul",0.803,0.585,8,-5.861,1,0.0432,0.103,0.00000394,0.0644,0.593,105.017,4
0qvzXomUDJVaUboy2wMfiS,"1Hsdzj7Dlq2I7tHP7501T4","This Town","Flicker (Deluxe)","Niall Horan",2017-10-20,232852,79,spotify:user:e020vkree8khod1a7bc82vfq1,2022-05-23T13:52:42Z,"dance pop,pop,post-teen pop,uk pop",0.677,0.401,9,-8.467,1,0.0308,0.712,0,0.116,0.195,111.825,4
54OBgO0Xwu20Jak9TMXbR7,"1PKErrAhYFdfrDymGHRQRo","Wellerman - Sea Shanty","Wellerman (Sea Shanty)","Nathan Evans",2021-01-21,155333,77,spotify:user:e020vkree8khod1a7bc82vfq1,2022-05-23T14:44:35Z,"",0.675,0.359,3,-5.157,1,0.108,0.614,0,0.137,0.792,191.903,4
4LRPiXqCikLlN15c3yImP7,"6KImCVD70vtIoJWnq6nGn3","As It Was","As It Was","Harry Styles",2022-03-31,167303,93,spotify:user:e020vkree8khod1a7bc82vfq1,2022-05-24T03:54:34Z,"pop",0.52,0.731,6,-5.338,0,0.0557,0.342,0.00101,0.311,0.662,173.93,4
5dPz35akJjPqb17yeqNwqH,"1uNFoZAHBGtllmzznpCI3s","Ghost","Justice","Justin Bieber",2021-03-19,153190,77,spotify:user:e020vkree8khod1a7bc82vfq1,2022-05-24T03:54:43Z,"canadian pop,pop",0.604,0.741,2,-5.571,1,0.0475,0.178,0.0000349,0.409,0.473,153.947,4
2ldBp6eNIE4wk8C3j0bz8n,"1VbWMsap5Ex2erHPlmndr0,3nl3Ok4MCLC1gZhmi2OGBs","No Way","Six: The Musical (Studio Cast Recording)","SIX,Renée Lamb",2018-08-31,241501,61,spotify:user:e020vkree8khod1a7bc82vfq1,2022-05-24T19:01:38Z,"broadway,hollywood,show tunes",0.629,0.713,5,-6.498,0,0.173,0.0306,0,0.173,0.511,119.363,4
198ZUXC5jCr5DiQNlKBiNV,"1VbWMsap5Ex2erHPlmndr0,4KTRy7CDu3niJnTWPYA2Sd","Get Down","Six: The Musical (Studio Cast Recording)","SIX,Genesis Lynea",2018-08-31,253993,60,spotify:user:e020vkree8khod1a7bc82vfq1,2022-05-24T19:01:45Z,"broadway,hollywood,show tunes",0.898,0.406,4,-9.905,0,0.102,0.00986,0,0.0509,0.39,102.985,4
1U0hiOuodfSsxdcTYXGEdT,"1VbWMsap5Ex2erHPlmndr0,5vhs6tHx6ahaFoLrkyEClj","All You Wanna Do","Six: The Musical (Studio Cast Recording)","SIX,Aimie Atkinson",2018-08-31,410089,62,spotify:user:e020vkree8khod1a7bc82vfq1,2022-05-24T19:01:48Z,"broadway,hollywood,show tunes",0.738,0.532,11,-7.967,0,0.187,0.302,0,0.0855,0.596,143.991,4
03GBiorLGTk7T4IScIl4jj,"1VbWMsap5Ex2erHPlmndr0","Ex-Wives","Six: The Musical (Studio Cast Recording)","SIX",2018-08-31,350218,63,spotify:user:e020vkree8khod1a7bc82vfq1,2022-05-24T19:01:56Z,"broadway,hollywood,show tunes",0.703,0.443,0,-9.601,0,0.0862,0.0499,0,0.338,0.367,136.647,4
3jnntYfllN05QxplcXtpaS,"1VbWMsap5Ex2erHPlmndr0","Six","Six: The Musical (Studio Cast Recording)","SIX",2018-08-31,239795,62,spotify:user:e020vkree8khod1a7bc82vfq1,2022-05-24T19:02:06Z,"broadway,hollywood,show tunes",0.729,0.674,3,-6.249,1,0.0435,0.159,0,0.105,0.64,135.026,4
50kpGaPAhYJ3sGmk6vplg0,"1uNFoZAHBGtllmzznpCI3s","Love Yourself","Purpose (Deluxe)","Justin Bieber",2015-11-13,233720,83,spotify:user:e020vkree8khod1a7bc82vfq1,2022-05-24T22:50:45Z,"canadian pop,pop",0.609,0.378,4,-9.828,1,0.438,0.835,0,0.28,0.515,100.418,4
6l8GvAyoUZwWDgF1e4822w,"1dfeR4HaWDbWqFHLkxsg1d","Bohemian Rhapsody","Stone Cold Classics","Queen",2006-01-01,355400,66,spotify:user:e020vkree8khod1a7bc82vfq1,2022-05-24T22:52:05Z,"classic rock,glam rock,rock",0.397,0.386,0,-10.405,0,0.0503,0.271,0,0.188,0.21,144.242,4
6hNY4p5XTQdRu9xJemGcgw,"5z2SvHuqebjSy6000AzsJ1","Forty Three","Forty Three","Iziah Dawn",2021-08-05,146560,1,spotify:user:e020vkree8khod1a7bc82vfq1,2022-05-25T01:18:55Z,"",0.865,0.482,2,-8.773,1,0.424,0.508,0,0.0803,0.332,129.896,4
0u2P5u6lvoDfwTYjAADbn4,"6qqNVTkY8uBg9cP3Jd7DAH,6LuN9FCkKOj5PcnpouEgny","lovely (with Khalid)","lovely (with Khalid)","Billie Eilish,Khalid",2018-04-19,200185,88,spotify:user:e020vkree8khod1a7bc82vfq1,2022-05-25T05:56:56Z,"art pop,electropop,pop,pop r&b",0.351,0.296,4,-10.109,0,0.0333,0.934,0,0.095,0.12,115.284,4
6N22FZs2ZhPBYi3b9XPajV,"2feDdbD5araYcm6JhFHHw7","Still Don't Know My Name","Euphoria (Original Score from the HBO Series)","Labrinth",2019-10-04,153294,78,spotify:user:e020vkree8khod1a7bc82vfq1,2022-05-26T05:22:46Z,"indie poptimism,pop",0.316,0.63,5,-5.963,1,0.117,0.471,0.262,0.205,0.313,89.643,1
2xXNLutYAOELYVObYb1C1S,"3kft86DbqCNr7rjq3pEj0G","As the World Caves In","As the World Caves In","Sarah Cothran",2021-06-10,161612,74,spotify:user:e020vkree8khod1a7bc82vfq1,2022-05-26T19:18:48Z,"gen z singer-songwriter",0.422,0.25,0,-6.836,1,0.0351,0.441,0,0.35,0.246,124.026,4
3ZFTkvIE7kyPt6Nu3PEa7V,"0EmeFodog0BfCgMzAIvKQp,7aBzpmFXB4WWpPl2F7RjBe","Hips Don't Lie (feat. Wyclef Jean)","Oral Fixation, Vol. 2 (Expanded Edition)","Shakira,Wyclef Jean",2005-11-28,218093,83,spotify:user:e020vkree8khod1a7bc82vfq1,2022-05-29T03:36:23Z,"colombian pop,dance pop,latin pop,rap kreyol",0.778,0.824,10,-5.892,0,0.0707,0.284,0,0.405,0.758,100.024,4
3yMC1KsTwh0ceXdIe4QQAQ,"79AyR6ATpj2LTPxfb6FX50","Fingers Crossed","Fingers Crossed","Lauren Spencer Smith",2022-01-05,175344,80,spotify:user:e020vkree8khod1a7bc82vfq1,2022-05-30T19:15:29Z,"alt z,gen z singer-songwriter,pop,uk pop",0.56,0.473,5,-7.23,1,0.0533,0.618,0,0.31,0.441,109.414,4
0Cy7wt6IlRfBPHXXjmZbcP,"0X2BH1fck6amBIoJhDVmmJ","Love Me Like You Do","Fifty Shades Freed (Original Motion Picture Soundtrack)","Ellie Goulding",2018-02-09,253520,78,spotify:user:e020vkree8khod1a7bc82vfq1,2022-06-06T18:43:46Z,"dance pop,edm,electropop,indietronica,metropopolis,pop,post-teen pop,uk pop",0.489,0.597,5,-6.633,0,0.0292,0.27,0,0.105,0.324,95.012,4
1H7Zqkq54andtaSSnLRrfp,"6qGkLCMQkNGOJ079iEcC5k,31Rv7Yk0rBrYdQ0ELNZDaR,2FYB9zfwe2ayj4zfNeh466,5hqM93qFRmwRv3QGrLO0jK,5bi4lyuj5ZrayYKlibl9ij","You Will Be Found","Dear Evan Hansen (Original Broadway Cast Recording)","Ben Platt,Kristolyn Lloyd,Will Roland,Laura Dreyfuss,Original Broadway Cast of Dear Evan Hansen",2017-02-03,360906,62,spotify:user:e020vkree8khod1a7bc82vfq1,2022-06-10T17:03:49Z,"hollywood,pop,show tunes,broadway",0.293,0.624,9,-7.13,1,0.0613,0.0865,0,0.0874,0.213,87.335,4
6hYvw3LLTViP2mT4MpDNmT,"6qGkLCMQkNGOJ079iEcC5k","Grow As We Go","Sing To Me Instead","Ben Platt",2019-03-29,249426,63,spotify:user:e020vkree8khod1a7bc82vfq1,2022-06-10T17:04:14Z,"hollywood,pop,show tunes",0.458,0.137,8,-14.083,1,0.0355,0.882,0,0.15,0.437,80.824,4
7BqBn9nzAq8spo5e7cZ0dJ,"0du5cEVh5yTK9QJze8zA0C","Just the Way You Are","Doo-Wops & Hooligans","Bruno Mars",2010-10-05,220734,81,spotify:user:e020vkree8khod1a7bc82vfq1,2022-06-14T18:31:12Z,"dance pop,pop",0.635,0.841,5,-5.379,1,0.0422,0.0134,0,0.0622,0.424,109.021,4
1QV6tiMFM6fSOKOGLMHYYg,"1HY2Jd0NmPuamShAr6KMms","Poker Face","The Fame","Lady Gaga",2008-01-01,237200,78,spotify:user:e020vkree8khod1a7bc82vfq1,2022-06-14T18:31:29Z,"art pop,dance pop,pop",0.851,0.806,4,-4.62,1,0.0787,0.118,0.00000164,0.121,0.787,118.999,4
39glqzRVRAy4vq3PqeTGb8,"20DZAfCuP1TKZl5KcY7z3Q,6d0ZjIp5L7Ygy2l02HskRX","Love Is Gone","Love Is Gone","SLANDER,Dylan Matthew",2019-05-10,256042,65,spotify:user:e020vkree8khod1a7bc82vfq1,2022-06-15T07:09:37Z,"dubstep,edm,pop dance",0.452,0.465,4,-10.006,0,0.0344,0.0589,0.000524,0.095,0.0832,149.586,4
3odrUVQ9tvRpkC9II2oWzx,"0X2BH1fck6amBIoJhDVmmJ","Still Falling For You - From Bridget Jones's Baby","Still Falling For You (From Bridget Jones's Baby Original Motion Picture Soundtrack)","Ellie Goulding",2016-08-19,240867,72,spotify:user:e020vkree8khod1a7bc82vfq1,2022-06-15T17:45:20Z,"dance pop,edm,electropop,indietronica,metropopolis,pop,post-teen pop,uk pop",0.473,0.518,1,-8.1,1,0.0405,0.553,0.00000126,0.111,0.18,96.129,4
0ctJr4dFdrk0Fv1CWW9cSW,"0ekCwZGQUkAISV1h48jlHn","It'll Be Okay","It'll Be Okay","Rachel Grae",2022-05-20,232905,65,spotify:user:e020vkree8khod1a7bc82vfq1,2022-06-16T16:30:07Z,"alt z,uk pop",0.488,0.195,3,-9.163,1,0.0325,0.775,0,0.104,0.336,77.849,4
4vlnIIEJCooktVkmXtpjgZ,"66CXWjxzNUsdJxJ2JdwvnR","breathin","Sweetener","Ariana Grande",2018-08-17,198160,45,spotify:user:e020vkree8khod1a7bc82vfq1,2022-06-19T07:53:13Z,"dance pop,pop",0.378,0.646,8,-5.411,1,0.0594,0.0232,0.0000104,0.0941,0.417,100.072,4
1PckUlxKqWQs3RlWXVBLw3,"56oDRnqbIiwx4mymNEv7dS","About Damn Time","About Damn Time","Lizzo",2022-04-14,191822,86,spotify:user:e020vkree8khod1a7bc82vfq1,2022-06-20T20:31:48Z,"escape room,minnesota hip hop,pop,trap queen",0.836,0.743,10,-6.305,0,0.0656,0.0995,0,0.335,0.722,108.966,4
1T575AhHueYinKSDflEsGK,"0ZED1XzwlLHW4ZaG4lOT6m","Heaven","Fifty Shades Freed (Original Motion Picture Soundtrack)","Julia Michaels",2018-02-09,191786,67,spotify:user:e020vkree8khod1a7bc82vfq1,2022-06-21T05:26:16Z,"alt z,dance pop,electropop,pop,post-teen pop",0.552,0.371,7,-9.104,0,0.0359,0.857,0,0.0838,0.245,199.843,3
0A1v3EIFD2w0nzFJmtsDbL,"5YGY8feqx7naU7z4HrwZM6","Kicking And Screaming","The Time Of Our Lives (International Version)","Miley Cyrus",2009-01-01,178333,37,spotify:user:e020vkree8khod1a7bc82vfq1,2022-06-21T14:03:08Z,"dance pop,pop,post-teen pop",0.651,0.87,4,-3.565,0,0.078,0.00643,0.00485,0.186,0.507,136.067,4
4Yxc55NX3tAXC2mHRAhtcW,"1McMsnEElThX1knmY4oliG,3xvaSlT4xsyk6lY1ESOspO","All I Want - From High School Musical: The Musical: The Series","All I Want (From High School Musical: The Musical: The Series)","Olivia Rodrigo,Disney",2019-11-27,177322,78,spotify:user:e020vkree8khod1a7bc82vfq1,2022-06-21T14:03:27Z,"pop",0.376,0.43,0,-6.585,0,0.0328,0.0902,0,0.0912,0.129,77.599,3
6YvqWjhGD8mB5QXcbcUKtx,"06HL4z0CvFAxyc27GXpf02","Love Story (Taylor’s Version)","Fearless (Taylor's Version)","Taylor Swift",2021-04-09,235766,75,spotify:user:e020vkree8khod1a7bc82vfq1,2022-06-21T14:03:29Z,"pop",0.627,0.792,2,-4.311,1,0.031,0.13,0.00000397,0.0845,0.415,119.054,4
4nVBt6MZDDP6tRVdQTgxJg,"4AK6F7OLvEQ5QYCBNiQWHq","Story of My Life","Midnight Memories (Deluxe)","One Direction",2013-11-25,245493,82,spotify:user:e020vkree8khod1a7bc82vfq1,2022-06-21T14:03:33Z,"boy band,pop,post-teen pop,talent show",0.6,0.663,3,-5.802,1,0.0477,0.225,0,0.119,0.286,121.07,4
2vEDOWuYM6r2LO9HXI47F1,"52OQXvCMAJ0zqE2ZQrBTqC,2HJ4hedICRfMlEQCCNPdyz","Unsaid Emily (feat. Charlie Gillespie)","Julie and the Phantoms: Season 1 (From the Netflix Original Series)","Julie and the Phantoms Cast,Charlie Gillespie",2020-09-10,230240,66,spotify:user:e020vkree8khod1a7bc82vfq1,2022-06-21T14:03:34Z,"post-teen pop",0.515,0.53,4,-6.974,1,0.0294,0.256,0,0.089,0.312,83.056,3
5yeHtAPGAFsfN9baoglUlc,"52OQXvCMAJ0zqE2ZQrBTqC,7zGcGkMtgpbkCKljWto3NQ,2HJ4hedICRfMlEQCCNPdyz","Perfect Harmony (feat. Madison Reyes & Charlie Gillespie)","Julie and the Phantoms: Season 1 (From the Netflix Original Series)","Julie and the Phantoms Cast,Madison Reyes,Charlie Gillespie",2020-09-10,204000,60,spotify:user:e020vkree8khod1a7bc82vfq1,2022-06-21T14:03:41Z,"post-teen pop",0.602,0.531,5,-6.858,1,0.0361,0.0161,0,0.116,0.239,80.014,4
3JjnGLK8IxkNLvo8Lb3KOM,"4AK6F7OLvEQ5QYCBNiQWHq","18","FOUR (Deluxe)","One Direction",2014-11-17,248360,77,spotify:user:e020vkree8khod1a7bc82vfq1,2022-06-21T14:03:42Z,"boy band,pop,post-teen pop,talent show",0.681,0.582,6,-7.76,0,0.0313,0.22,0,0.119,0.221,124.038,4
5O2P9iiztwhomNh8xkR9lJ,"4AK6F7OLvEQ5QYCBNiQWHq","Night Changes","FOUR (Deluxe)","One Direction",2014-11-17,226600,87,spotify:user:e020vkree8khod1a7bc82vfq1,2022-06-21T14:03:45Z,"boy band,pop,post-teen pop,talent show",0.672,0.52,8,-7.747,1,0.0353,0.859,0,0.115,0.37,120.001,4
3gy83YfNaZOsAvkbVgD6IQ,"52OQXvCMAJ0zqE2ZQrBTqC,7zGcGkMtgpbkCKljWto3NQ","Wake Up (feat. Madison Reyes)","Julie and the Phantoms: Season 1 (From the Netflix Original Series)","Julie and the Phantoms Cast,Madison Reyes",2020-09-10,217846,61,spotify:user:e020vkree8khod1a7bc82vfq1,2022-06-21T14:03:48Z,"post-teen pop",0.676,0.653,5,-4.729,1,0.039,0.101,0,0.101,0.181,129.978,4
4cluDES4hQEUhmXj6TXkSo,"4AK6F7OLvEQ5QYCBNiQWHq","What Makes You Beautiful","Up All Night","One Direction",2012-05-25,199986,83,spotify:user:e020vkree8khod1a7bc82vfq1,2022-06-21T14:03:49Z,"boy band,pop,post-teen pop,talent show",0.726,0.787,4,-2.494,1,0.0737,0.009,0,0.0596,0.888,124.99,4
2eAvDnpXP5W0cVtiI0PUxV,"2WzaAvm2bBCf4pEhyuDgCY","Dandelions","Safe Haven","Ruth B.",2017-05-05,233720,89,spotify:user:e020vkree8khod1a7bc82vfq1,2022-06-21T14:04:01Z,"alt z,canadian contemporary r&b,canadian pop,pop",0.609,0.692,1,-2.958,1,0.0259,0.0157,0,0.0864,0.454,116.959,3
1slthWjsnxzavQXRRKv36q,"52OQXvCMAJ0zqE2ZQrBTqC,7zGcGkMtgpbkCKljWto3NQ,2HJ4hedICRfMlEQCCNPdyz,2jLTy8ur5VewqDyKUZohXa,5wcXTMooUetMp8uUNqC03W","Stand Tall (feat. Madison Reyes, Charlie Gillespie, Owen Patrick Joyner & Jeremy Shada)","Julie and the Phantoms: Season 1 (From the Netflix Original Series)","Julie and the Phantoms Cast,Madison Reyes,Charlie Gillespie,Owen Patrick Joyner,Jeremy Shada",2020-09-10,213145,58,spotify:user:e020vkree8khod1a7bc82vfq1,2022-06-21T14:04:17Z,"post-teen pop",0.734,0.574,2,-5.576,1,0.0436,0.0741,0,0.0849,0.175,124.054,4
6hmhG1b4LEyNuashVvuIAo,"1Xylc3o4UrD53lo9CvFvVg,7uMh23xWiuR7zsNkuNcm2G","Never Forget You","So Good","Zara Larsson,MNEK",2017-03-17,213427,72,spotify:user:e020vkree8khod1a7bc82vfq1,2022-06-21T16:33:27Z,"dance pop,edm,electropop,pop,pop dance,post-teen pop,scandipop,swedish electropop,swedish pop,tropical house,uk pop,uk contemporary r&b,uk dance",0.583,0.732,11,-5.728,0,0.0457,0.00312,0.00000986,0.269,0.276,145.992,4
43bCmCI0nSgcT7QdMXY6LV,"66CXWjxzNUsdJxJ2JdwvnR,0hCNtLu0JehylgoiP8L4Gh","Side To Side","Dangerous Woman","Ariana Grande,Nicki Minaj",2016-05-20,226160,67,spotify:user:e020vkree8khod1a7bc82vfq1,2022-06-21T16:48:14Z,"dance pop,pop,hip pop,queens hip hop,rap",0.65,0.736,6,-5.84,0,0.229,0.0528,0,0.235,0.613,159.173,4
1Hzi3KQVnvVYAn8Vv9zL2o,"2tIP7SsRs7vjIcLrU85W8J","WITHOUT YOU","F*CK LOVE (SAVAGE)","The Kid LAROI",2020-11-04,161384,46,spotify:user:e020vkree8khod1a7bc82vfq1,2022-06-22T05:36:01Z,"australian hip hop,pop",0.43,0.417,0,-7.385,1,0.0366,0.19,0,0.142,0.455,93.297,4
2nC3QhMI9reBIOWutbU3Tj,"6P5NO5hzJbuOqSdyPB7SJM","Moral of the Story","Moral of the Story","Ashe",2019-02-14,201083,75,spotify:user:e020vkree8khod1a7bc82vfq1,2022-06-24T18:59:08Z,"alt z,electropop,pop,post-teen pop",0.572,0.406,10,-8.624,1,0.0427,0.587,0.00000448,0.102,0.265,119.812,4
2DgdHcjWmO3qd50RzuBLgZ,"20JZFwl6HVl6yg8a4H3ZqK","House of Memories","Death of a Bachelor","Panic! At The Disco",2016-01-15,208706,84,spotify:user:e020vkree8khod1a7bc82vfq1,2022-06-25T20:14:33Z,"modern rock",0.506,0.817,11,-5.051,0,0.0335,0.00272,0,0.0486,0.506,109.952,4
33LC84JgLvK2KuW43MfaNq,"4S9EykWXhStSc15wEx8QFK","My Heart Will Go On - Love Theme from Titanic","Let's Talk About Love","Céline Dion",1997-11-14,280000,73,spotify:user:e020vkree8khod1a7bc82vfq1,2022-06-26T06:30:14Z,"canadian pop",0.428,0.276,4,-11.729,1,0.0312,0.732,0.00000533,0.117,0.0382,99.195,1
5Ukq4kMAIyBBEfVCXvgU9W,"7JSBgXyCDzX24iZCHJofIG","Look at me now","Look at me now","Levent Geiger",2021-07-30,158851,47,spotify:user:e020vkree8khod1a7bc82vfq1,2022-06-26T07:42:54Z,"",0.666,0.607,6,-7.297,1,0.0793,0.285,0,0.126,0.757,173.912,4
1XYb7j151Uoan1RVDpt9F4,"6C7CCNJVIGEla8AI1LuBxI","Happening Again","Happening Again","Katherine Li",2022-06-15,173951,53,spotify:user:e020vkree8khod1a7bc82vfq1,2022-06-27T05:45:23Z,"alt z",0.653,0.705,0,-6.334,1,0.03,0.374,0.00000121,0.549,0.85,148.928,4
6WXvM7Ku5aM7SfdXym7DEN,"7DQYAz99eM3Y5PkP9WtUew","To All The Boys I’ve Loved Before","To All The Boys I’ve Loved Before","Jax",2022-01-20,188864,62,spotify:user:e020vkree8khod1a7bc82vfq1,2022-06-27T06:37:04Z,"gen z singer-songwriter",0.788,0.663,6,-5.596,1,0.0319,0.0282,0.0000019,0.264,0.624,124.008,4
4svaKoxMMP7ImmKrD5hfQu,"7DQYAz99eM3Y5PkP9WtUew","Victoria's Secret","Victoria’s Secret","Jax",2022-06-30,176124,80,spotify:user:e020vkree8khod1a7bc82vfq1,2022-07-01T19:24:09Z,"gen z singer-songwriter",0.586,0.556,6,-7.639,1,0.0592,0.00655,0,0.0836,0.517,167.018,4
5YVmHTAsdWnoanWXB7AwZX,"7DQYAz99eM3Y5PkP9WtUew","Like My Father","Like My Father","Jax",2021-06-03,183428,72,spotify:user:e020vkree8khod1a7bc82vfq1,2022-07-02T20:11:08Z,"gen z singer-songwriter",0.492,0.224,5,-8.098,1,0.0493,0.91,0,0.142,0.424,93.039,4
0vFMQi8ZnOM2y8cuReZTZ2,"4xFUf1FHVy696Q1JQZMTRj","Blown Away","Blown Away","Carrie Underwood",2012-05-01,240133,63,spotify:user:e020vkree8khod1a7bc82vfq1,2022-07-06T17:52:47Z,"contemporary country,country,country dawn,oklahoma country,pop",0.531,0.843,9,-2.569,0,0.0429,0.0909,0,0.0283,0.392,136.991,4
6s9m5J92By7jii22Q2XtY2,"66lH4jAE7pqPlOlzUKbwA0,4xFUf1FHVy696Q1JQZMTRj","Somethin' Bad (with Carrie Underwood) - Duet with Carrie Underwood [Album]","Platinum","Miranda Lambert,Carrie Underwood",2014-06-02,169586,65,spotify:user:e020vkree8khod1a7bc82vfq1,2022-07-06T17:52:57Z,"contemporary country,country,country dawn,oklahoma country,pop",0.68,0.888,9,-5.308,1,0.055,0.0527,0.00000282,0.0575,0.484,90.076,4
5mFYtqhN4T2D9IPSaZnVDw,"4xFUf1FHVy696Q1JQZMTRj","Two Black Cadillacs","Blown Away","Carrie Underwood",2012-05-01,297946,56,spotify:user:e020vkree8khod1a7bc82vfq1,2022-07-06T17:53:06Z,"contemporary country,country,country dawn,oklahoma country,pop",0.555,0.854,5,-4.468,0,0.0609,0.0223,0.00000395,0.0672,0.448,119.991,4
1ei3hzQmrgealgRKFxIcWn,"22wbnEMDvgVIAGdFeek6ET","In The Stars","In The Stars","Benson Boone",2022-04-29,216410,84,spotify:user:e020vkree8khod1a7bc82vfq1,2022-07-06T18:20:12Z,"pop,uk pop",0.362,0.54,10,-6.031,1,0.0528,0.338,0,0.139,0.3,78.007,3
