Spotify ID,Artist IDs,Track Name,Album Name,Artist Name(s),Release Date,Duration (ms),Popularity,Added By,Added At,Genres,Danceability,Energy,Key,Loudness,Mode,Speechiness,Acousticness,Instrumentalness,Liveness,Valence,Tempo,Time Signature
1meosvrJFk4xXo1HwUIasC,"31doejENzNckcbU7CUrUs0","M to the B","M to the B","Millie B",2020-09-18,137743,58,spotify:user:5oazj97jjpu5u05htdg1zuf9n,2022-03-29T00:33:45Z,"viral rap",0.897,0.513,10,-6.973,0,0.309,0.571,0,0.101,0.692,139.935,4
4vewD7EZL4NELL98l8ys5A,"7Gz6VlTVwlNtBNMYV4OI3w","Master Sword","Willy the Kid","Shotgun Willy",2019-04-06,156845,58,spotify:user:5oazj97jjpu5u05htdg1zuf9n,2022-03-29T00:33:47Z,"meme rap,sad rap,viral rap",0.738,0.74,0,-8.336,1,0.0609,0.355,0.0299,0.0957,0.779,140.004,4
32zff4De11aTFhr6O5Dh8a,"7Gz6VlTVwlNtBNMYV4OI3w,7ulnU80aA4UleNCZ95c4PE","NaNaNa","Viva La Kid","Shotgun Willy,TRAQULA",2021-08-06,178076,37,spotify:user:5oazj97jjpu5u05htdg1zuf9n,2022-03-29T00:33:48Z,"meme rap,sad rap,viral rap",0.787,0.759,6,-10.257,0,0.0735,0.0999,0.0163,0.055,0.942,155.01,4
0uepd4dBVHY5CqoMGk2iXH,"2Vrlq6LmKIUu2kuJp5fMUP","TRENCHBOY","TRENCHBOY","Gutterboysouz",2018-01-03,120092,47,spotify:user:5oazj97jjpu5u05htdg1zuf9n,2022-03-29T00:33:48Z,"",0.901,0.168,10,-14.184,1,0.439,0.181,0,0.343,0.0674,143.984,4
5KNMKrnGKurVFEx9lyA8z7,"7csUGV7nG6ACis1ejDkGIB,1dXyyDButMVteLKOOVqz6Z","Desperado Slowed - Remix","Desperado Slowed (Remix)","RH Music,Eduardo Luzquiños",2021-01-26,216975,0,spotify:user:5oazj97jjpu5u05htdg1zuf9n,2022-03-29T00:33:49Z,"viral rap",0.495,0.399,2,-13.29,0,0.0591,0.397,0,0.11,0.198,162.479,3
4fYVgBTMOShPGBKINMN45w,"7Gz6VlTVwlNtBNMYV4OI3w,5CVsjwjuzUOrlEc2OJbUg4","Mr. Money Bags","Mr. Money Bags","Shotgun Willy,Lucian",2020-07-26,142197,49,spotify:user:5oazj97jjpu5u05htdg1zuf9n,2022-03-29T00:33:50Z,"meme rap,sad rap,viral rap,pop edm,vapor twitch",0.777,0.658,4,-8.351,0,0.209,0.0192,0,0.38,0.459,84.008,4
6hhRhOIkpUIu1CFNNJfsnt,"7Gz6VlTVwlNtBNMYV4OI3w,1V2sJvNlPQYSO4Kf6GC3if","Oreo","Oreo","Shotgun Willy,Yung Craka",2020-08-21,128932,65,spotify:user:5oazj97jjpu5u05htdg1zuf9n,2022-03-29T00:33:53Z,"meme rap,sad rap,viral rap",0.791,0.778,11,-5.557,1,0.0406,0.745,0.00000235,0.303,0.88,136.982,4
308n5lVxtdYiD0TJHH4EXM,"7Gz6VlTVwlNtBNMYV4OI3w,1V2sJvNlPQYSO4Kf6GC3if","Just Got Sued","God's Favorite Rappers","Shotgun Willy,Yung Craka",2020-01-11,170004,40,spotify:user:5oazj97jjpu5u05htdg1zuf9n,2022-03-29T00:33:55Z,"meme rap,sad rap,viral rap",0.614,0.853,2,-5.975,1,0.277,0.0339,0,0.287,0.512,177.937,4
6KMoLX8mNZafSdDusjEA1M,"7Gz6VlTVwlNtBNMYV4OI3w,1V2sJvNlPQYSO4Kf6GC3if","Respected Man","Respected Man","Shotgun Willy,Yung Craka",2021-04-02,151951,55,spotify:user:5oazj97jjpu5u05htdg1zuf9n,2022-03-29T00:33:56Z,"meme rap,sad rap,viral rap",0.914,0.388,8,-11.593,1,0.415,0.0306,0.00000105,0.187,0.441,99.966,4
4TCjSf5wyxMERqfbXsHM5f,"7Gz6VlTVwlNtBNMYV4OI3w,5P46zciG5gm8IALoKTLYGb","Wombo Combo","Wombo Combo","Shotgun Willy,Lil Kapow",2019-07-05,184497,50,spotify:user:5oazj97jjpu5u05htdg1zuf9n,2022-03-29T00:34:00Z,"meme rap,sad rap,viral rap",0.792,0.511,0,-10.29,1,0.141,0.436,0.00000141,0.0942,0.634,120.14,4
5iOL70LB4Y0MUJBJnY427o,"7Gz6VlTVwlNtBNMYV4OI3w,1V2sJvNlPQYSO4Kf6GC3if","Breakfast in Heaven","God's Favorite Rappers","Shotgun Willy,Yung Craka",2020-01-11,178187,42,spotify:user:5oazj97jjpu5u05htdg1zuf9n,2022-03-29T00:34:02Z,"meme rap,sad rap,viral rap",0.627,0.451,2,-14.042,1,0.154,0.332,0,0.0852,0.0748,140.031,4
6vedobQfVk0dfAGVfJbiQ5,"7Gz6VlTVwlNtBNMYV4OI3w,7ulnU80aA4UleNCZ95c4PE","Splat","Splat","Shotgun Willy,TRAQULA",2020-05-01,113605,38,spotify:user:5oazj97jjpu5u05htdg1zuf9n,2022-03-29T00:34:03Z,"meme rap,sad rap,viral rap",0.929,0.521,9,-9.807,1,0.223,0.000111,0.00000196,0.103,0.457,111.989,4
6QjQVnk9sGAyLibFw001u4,"7Gz6VlTVwlNtBNMYV4OI3w","Danny Devito","Danny Devito","Shotgun Willy",2018-10-23,139498,41,spotify:user:5oazj97jjpu5u05htdg1zuf9n,2022-03-29T00:34:06Z,"meme rap,sad rap,viral rap",0.633,0.86,1,-7.418,1,0.217,0.169,0,0.351,0.875,154.942,4
2f7CMLC5tgk3rqYOien3qY,"3W9toegbQ2lCTNdfkXHThR","Laffy Taffy - Remix","Laffy Taffy (Remix)","FlyBoyFu",2020-09-02,111428,38,spotify:user:5oazj97jjpu5u05htdg1zuf9n,2022-03-29T00:34:07Z,"",0.905,0.778,7,-10.021,1,0.172,0.00337,0.0131,0.0768,0.772,140.06,4
4se25yP3bMpaMAlcxvyJ5Q,"0DbBBj0ScPumRqKXswGQH1,4C6vnglzmsWszcdp5WaX6O","Violin","Vanice","Cookiee Kawaii,Dear Silas",2021-07-30,109714,68,spotify:user:5oazj97jjpu5u05htdg1zuf9n,2022-03-29T00:34:45Z,"alternative r&b,escape room,viral rap,mississippi hip hop",0.83,0.875,2,-4.212,1,0.094,0.0695,0.000877,0.117,0.675,139.9,4
4RCWB3V8V0dignt99LZ8vH,"1g1yxsNVPhMUl9GrMjEb2o","Hey There Delilah","All That We Needed","Plain White T's",2005-01-01,232533,78,spotify:user:5oazj97jjpu5u05htdg1zuf9n,2022-03-29T00:34:46Z,"neo mellow,pop punk,pop rock",0.656,0.291,2,-10.572,1,0.0293,0.872,0,0.114,0.298,103.971,4
6h3lMAmmpQDFqoHk9F99IR,"1o2NpYGqHiCq7FoiYdyd1x","S.L.U.T.","aurora","Bea Miller",2018-02-23,179146,66,spotify:user:5oazj97jjpu5u05htdg1zuf9n,2022-03-29T00:34:59Z,"alt z,dance pop,electropop,indie poptimism,pop,post-teen pop,talent show,uk pop",0.722,0.773,5,-4.378,0,0.0792,0.0598,0,0.179,0.724,94.997,4
7rdIKBTAQm4nLlpA5E8DBI,"6pagcowMoN3u2CNYuuf3Ne","Shake","Shake","Ishowsped",2021-11-24,156798,2,spotify:user:5oazj97jjpu5u05htdg1zuf9n,2022-03-29T00:35:03Z,"",0.643,0.766,2,-6.736,1,0.398,0.0303,0,0.102,0.383,179.963,4
23yxlmsXxljX6AVF2NlYP6,"5N4ydSgV26FDMKuZcFsttp,6LDmAUGAL9bDnQpu5dxBv5","Throw It Back (Abow)","Throw It Back (Abow)","TarioP,ShantiiP",2022-01-07,70542,50,spotify:user:5oazj97jjpu5u05htdg1zuf9n,2022-03-29T00:49:25Z,"",0.829,0.459,1,-12.491,1,0.352,0.185,0.0214,0.57,0.331,102.363,4
10iTEeb8hoM5jBGh0OxBOO,"7Gz6VlTVwlNtBNMYV4OI3w,7ulnU80aA4UleNCZ95c4PE","Cheat Codes for Hoes","Cheat Codes for Hoes","Shotgun Willy,TRAQULA",2018-05-23,141663,61,spotify:user:5oazj97jjpu5u05htdg1zuf9n,2022-04-01T23:56:08Z,"meme rap,sad rap,viral rap",0.715,0.55,10,-10.293,0,0.425,0.651,0.000292,0.172,0.824,116.669,4
20D6llRck15SJIY1g9y5lJ,"7Gz6VlTVwlNtBNMYV4OI3w","Last Chance","Last Chance","Shotgun Willy",2019-06-14,159040,53,spotify:user:5oazj97jjpu5u05htdg1zuf9n,2022-04-01T23:56:16Z,"meme rap,sad rap,viral rap",0.785,0.648,4,-8.816,0,0.173,0.174,0,0.245,0.236,114.912,4
276yQKwbjGnF8nVdvaBnBG,"1V2sJvNlPQYSO4Kf6GC3if","Buy U","Buy U","Yung Craka",2019-03-02,177173,55,spotify:user:5oazj97jjpu5u05htdg1zuf9n,2022-05-06T01:49:20Z,"meme rap",0.797,0.453,8,-11.346,1,0.185,0.0313,0,0.0849,0.432,143.023,4
56KAsTLcOQIVrcbfHrTua4,"7Gz6VlTVwlNtBNMYV4OI3w,1V2sJvNlPQYSO4Kf6GC3if","Mexico","Mexico","Shotgun Willy,Yung Craka",2021-04-30,204000,63,spotify:user:5oazj97jjpu5u05htdg1zuf9n,2022-05-06T01:49:24Z,"meme rap,sad rap,viral rap",0.84,0.45,9,-8.185,1,0.0893,0.26,0.000029,0.107,0.275,99.998,4
1R0URa3Wh9LT403zzYyXDl,"7Gz6VlTVwlNtBNMYV4OI3w,1V2sJvNlPQYSO4Kf6GC3if,5CVsjwjuzUOrlEc2OJbUg4,1kmyK4B8GpPz1nHI2MvOSO","Blues Clues","God's Favorite Rappers","Shotgun Willy,Yung Craka,Lucian,ANH",2020-01-11,162389,47,spotify:user:5oazj97jjpu5u05htdg1zuf9n,2022-05-06T01:49:29Z,"meme rap,sad rap,viral rap,pop edm,vapor twitch,future bass",0.8,0.699,6,-8.791,0,0.278,0.0946,0.00112,0.324,0.881,153.944,4
4KZsozPYxMjnHlBvcXyRDR,"7Gz6VlTVwlNtBNMYV4OI3w","So What?","Willy the Kid","Shotgun Willy",2019-04-06,148307,48,spotify:user:5oazj97jjpu5u05htdg1zuf9n,2022-05-06T01:49:32Z,"meme rap,sad rap,viral rap",0.784,0.761,1,-9.241,1,0.115,0.0291,0.0143,0.083,0.482,113.964,4
6ZIHglHONC4zZflon2Nihm,"4gJ4W3vOTBO6VqOM0MtN2H,7Gz6VlTVwlNtBNMYV4OI3w,1V2sJvNlPQYSO4Kf6GC3if","She Took the Kids","She Took the Kids","Yung Nugget,Shotgun Willy,Yung Craka",2019-06-09,129937,46,spotify:user:5oazj97jjpu5u05htdg1zuf9n,2022-05-06T01:49:35Z,"meme rap,sad rap,viral rap",0.811,0.196,11,-19.648,0,0.119,0.323,0,0.065,0.386,119.96,4
15JINEqzVMv3SvJTAXAKED,"7dGJo4pcD2V6oG8kP0tJRR,5pKCCKE2ajJHZ9KAiaK11H","Love The Way You Lie","Recovery","Eminem,Rihanna",2010-06-18,263373,82,spotify:user:5oazj97jjpu5u05htdg1zuf9n,2022-05-26T01:59:50Z,"detroit hip hop,hip hop,rap,barbadian pop,dance pop,pop,urban contemporary",0.749,0.925,10,-5.034,1,0.227,0.241,0,0.52,0.641,86.989,4
1Y9cAYTmyWJCcmfqdG2I29,"3BmGtnKgCSGYIUhmivXKWX","Broken & Beautiful","Broken & Beautiful","Kelly Clarkson",2019-03-27,218948,63,spotify:user:5oazj97jjpu5u05htdg1zuf9n,2022-05-26T01:59:51Z,"dance pop,pop,post-teen pop,talent show,uk pop",0.73,0.732,8,-2.556,1,0.0366,0.0823,0,0.0757,0.546,112.058,4
1b7yNn6p80byWnFhZUWWnt,"7Gz6VlTVwlNtBNMYV4OI3w","Go Kart!","Go Kart!","Shotgun Willy",2019-01-06,103052,37,spotify:user:5oazj97jjpu5u05htdg1zuf9n,2022-05-26T01:59:57Z,"meme rap,sad rap,viral rap",0.674,0.83,5,-9.708,1,0.0446,0.328,0.0844,0.108,0.149,130.088,4
6xsEAm6w9oMQYYg3jkEkMT,"06HL4z0CvFAxyc27GXpf02,2YZyLoL8N0Wb9xBt1NhZWg","Bad Blood","Bad Blood","Taylor Swift,Kendrick Lamar",2015-05-17,200106,72,spotify:user:5oazj97jjpu5u05htdg1zuf9n,2022-07-23T02:41:12Z,"pop,conscious hip hop,hip hop,rap,west coast rap",0.654,0.655,11,-7.388,0,0.106,0.0294,0,0.139,0.221,170.16,4
29d0nY7TzCoi22XBqDQkiP,"1aSxMhuvixZ8h9dK9jIDwL","Running Up That Hill (A Deal With God) - 2018 Remaster","Hounds of Love (2018 Remaster)","Kate Bush",1985-09-16,300840,82,spotify:user:5oazj97jjpu5u05htdg1zuf9n,2022-07-25T02:15:12Z,"art pop,art rock,baroque pop,new wave pop,permanent wave,piano rock,singer-songwriter",0.625,0.533,10,-11.903,0,0.0596,0.659,0.00266,0.0546,0.139,108.296,4
62ke5zFUJN6RvtXZgVH0F8,"4fwuXg6XQHfdlOdmw36OHa","Only Love Can Hurt Like This","A Perfect Contradiction (Outsiders' Expanded Edition)","Paloma Faith",2014-03-10,232893,86,spotify:user:5oazj97jjpu5u05htdg1zuf9n,2022-07-27T02:20:31Z,"british soul,dance pop,uk pop",0.566,0.885,8,-4.528,1,0.0818,0.0958,0.0000997,0.334,0.304,90.99,4
1BkY0N8ChFk2mdLbAUu8ZK,"2CuzDPkRD6BJBvdWqCrt2I","Pass The Dutchie","Anthology","Musical Youth",1994-02-28,205426,75,spotify:user:5oazj97jjpu5u05htdg1zuf9n,2022-07-27T02:21:00Z,"uk reggae",0.805,0.418,7,-14.374,1,0.0979,0.459,0,0.288,0.966,149.724,4
1PckUlxKqWQs3RlWXVBLw3,"56oDRnqbIiwx4mymNEv7dS","About Damn Time","About Damn Time","Lizzo",2022-04-14,191822,86,spotify:user:5oazj97jjpu5u05htdg1zuf9n,2022-07-28T23:27:30Z,"escape room,minnesota hip hop,pop,trap queen",0.836,0.743,10,-6.305,0,0.0656,0.0995,0,0.335,0.722,108.966,4
3JvKfv6T31zO0ini8iNItO,"2txHhyCwHjUEpJjWrEyqyX","Another Love","Long Way Down (Deluxe)","Tom Odell",2013-06-24,244360,92,spotify:user:5oazj97jjpu5u05htdg1zuf9n,2022-08-02T00:40:53Z,"chill pop,pop",0.445,0.537,4,-8.532,0,0.04,0.695,0.0000165,0.0944,0.131,122.769,4
6w2pWpwDY4igt0UAtowyAV,"0V8tQXWkKPD5SxsB2moGew","Chrissy, Wake Up","Chrissy, Wake Up","The Gregory Brothers",2022-06-26,65454,68,spotify:user:5oazj97jjpu5u05htdg1zuf9n,2022-08-06T17:02:02Z,"antiviral pop,comic,social media pop",0.839,0.765,2,-5.603,1,0.0851,0.16,0,0.1,0.656,119.917,4
0lUSd7TCG8srh6HpIAEIWL,"3e7awlrlDSwF3iM0WBjGMp","Power","Glory Days (Expanded Edition)","Little Mix",2016-11-18,247840,76,spotify:user:5oazj97jjpu5u05htdg1zuf9n,2022-08-06T17:43:47Z,"dance pop,girl group,pop,post-teen pop,talent show,uk pop",0.566,0.855,7,-4.016,1,0.211,0.0372,0.000157,0.181,0.517,172.966,4
3BJm2KbylyJuzZjRUFXLBJ,"2l35CQqtYRh3d8ZIiBep4v","Classic","MKTO","MKTO",2012,175426,62,spotify:user:5oazj97jjpu5u05htdg1zuf9n,2022-08-08T02:37:10Z,"dance pop,pop,pop rap,pop rock,post-teen pop,uk pop",0.72,0.79,1,-4.686,1,0.125,0.0383,0,0.156,0.755,102.068,4
27rdGxbavYJeBphck5MZAF,"3hv9jJF3adDNsBSIQDqcjp,5YGY8feqx7naU7z4HrwZM6","Nothing Breaks Like a Heart (feat. Miley Cyrus)","Nothing Breaks Like a Heart (feat. Miley Cyrus)","Mark Ronson,Miley Cyrus",2018-11-30,217466,77,spotify:user:5oazj97jjpu5u05htdg1zuf9n,2022-08-10T02:35:17Z,"dance pop,pop,uk pop,post-teen pop",0.601,0.794,7,-5.844,0,0.0671,0.00987,0.00000136,0.388,0.244,114.066,4
5ghIJDpPoe3CfHMGu71E6T,"6olE6TJLqED3rqDCT0FyPh","Smells Like Teen Spirit","Nevermind (Remastered)","Nirvana",1991-09-26,301920,78,spotify:user:5oazj97jjpu5u05htdg1zuf9n,2022-08-16T03:15:48Z,"grunge,permanent wave,rock",0.502,0.912,1,-4.556,1,0.0564,0.0000255,0.000173,0.106,0.72,116.761,4
4gMgiXfqyzZLMhsksGmbQV,"0k17h0D3J5VfsdmQ1iZtE9","Another Brick in the Wall, Pt. 2","The Wall","Pink Floyd",1979-11-30,238746,75,spotify:user:5oazj97jjpu5u05htdg1zuf9n,2022-08-16T03:16:32Z,"album rock,art rock,classic rock,progressive rock,psychedelic rock,rock,symphonic rock",0.693,0.394,0,-15.882,1,0.0428,0.0782,0.000694,0.247,0.721,104.114,4
3S68RFe1lsdCdTMPIMJM3X,"2RdwBSPQiwcmiDo9kixcl8,1URnnhqYAYcrqrcwql10ft,4V8LLVI7PbaPR0K2TGSxFF","Cash In Cash Out","Cash In Cash Out","Pharrell Williams,21 Savage,Tyler, The Creator",2022-06-10,216135,78,spotify:user:5oazj97jjpu5u05htdg1zuf9n,2022-08-26T18:20:20Z,"hip hop,pop rap,atl hip hop,rap",0.877,0.56,7,-3.751,1,0.0596,0.00721,0.00000145,0.0839,0.154,119.971,4
1nFtiJxYdhtFfFtfXBv06s,"6olE6TJLqED3rqDCT0FyPh","Something In The Way","Nevermind (Remastered)","Nirvana",1991-09-26,232146,73,spotify:user:5oazj97jjpu5u05htdg1zuf9n,2022-09-08T10:48:06Z,"grunge,permanent wave,rock",0.427,0.201,8,-13.044,1,0.0317,0.745,0.263,0.109,0.0668,105.218,4
11LmqTE2naFULdEP94AUBa,"6olE6TJLqED3rqDCT0FyPh","Heart-Shaped Box","In Utero - 20th Anniversary - Deluxe Edition","Nirvana",1993-09-21,281160,78,spotify:user:5oazj97jjpu5u05htdg1zuf9n,2022-09-08T10:48:27Z,"grunge,permanent wave,rock",0.256,0.641,1,-10.283,1,0.0552,0.199,0.0329,0.0853,0.382,203.006,4
5Rizj5FLb2AyNKu9esjYY6,"6olE6TJLqED3rqDCT0FyPh","Rape Me","In Utero - 20th Anniversary - Deluxe Edition","Nirvana",1993-09-21,170000,70,spotify:user:5oazj97jjpu5u05htdg1zuf9n,2022-09-08T10:48:32Z,"grunge,permanent wave,rock",0.42,0.746,8,-10.628,1,0.0467,0.0141,0,0.0661,0.229,111.886,4
5O8L4I2S4izFGDjvP7xAKv,"6olE6TJLqED3rqDCT0FyPh","You Know You're Right","Nirvana","Nirvana",2002-10-29,217000,68,spotify:user:5oazj97jjpu5u05htdg1zuf9n,2022-09-08T10:49:02Z,"grunge,permanent wave,rock",0.289,0.716,5,-6.53,0,0.106,0.0407,0.00123,0.135,0.344,168.049,4
3JTMWdhcJPiegDSe7SvZS3,"6LqNN22kT3074XbTVUrhzX","Cannibal","Cannibal (Expanded Edition)","Kesha",2010-11-19,194253,71,spotify:user:5oazj97jjpu5u05htdg1zuf9n,2022-09-09T21:49:06Z,"dance pop,pop,post-teen pop",0.71,0.68,1,-4.676,1,0.106,0.0078,0.0165,0.0493,0.571,129.971,4
6MpCaSIOfqBqbMED4kXgNY,"2vnB6tuQMaQpORiRdvXF9H","Prom Queen","Prom Queen","Beach Bunny",2018-08-10,136562,80,spotify:user:5oazj97jjpu5u05htdg1zuf9n,2022-09-25T15:08:18Z,"bubblegrunge,chicago indie,indie pop,indie rock",0.528,0.797,4,-7.487,1,0.0485,0.000391,0.011,0.14,0.751,143.785,4
4LmzPJDil70LpiApWfOI6O,"0IF46mUS8NXjgHabxk2MCM","Milkshake","The Hits","Kelis",2008,182813,56,spotify:user:5oazj97jjpu5u05htdg1zuf9n,2022-09-30T02:31:04Z,"dance pop,electropop,hip pop,neo soul,r&b,urban contemporary",0.887,0.774,1,-6.108,1,0.0434,0.00933,0.0213,0.159,0.826,113,4
