Spotify ID,Artist IDs,Track Name,Album Name,Artist Name(s),Release Date,Duration (ms),Popularity,Added By,Added At,Genres,Danceability,Energy,Key,Loudness,Mode,Speechiness,Acousticness,Instrumentalness,Liveness,Valence,Tempo,Time Signature
0e8nrvls4Qqv5Rfa2UhqmO,"7jVv8c5Fj3E9VhNjxT4snq","THATS WHAT I WANT","MONTERO","Lil Nas X",2021-09-17,143901,85,spotify:user:2m5s06f2dc1e2nl3uhp9atba4,2022-10-23T19:29:48Z,"lgbtq+ hip hop,pop",0.737,0.846,1,-4.51,0,0.22,0.00614,0,0.0486,0.546,87.981,4
0A1hoCfMLkiAgvhWkkucJa,"181bsRPaVXVlUKXrxwZfHK","Body","Good News","Megan Thee Stallion",2020-11-20,171067,71,spotify:user:2m5s06f2dc1e2nl3uhp9atba4,2022-10-23T19:29:53Z,"dance pop,houston rap,pop,rap,trap queen",0.914,0.732,8,-6.1,0,0.241,0.0166,0,0.107,0.469,94.066,4
4Oun2ylbjFKMPTiaSbbCih,"4kYSro6naA4h99UJvo89HB,181bsRPaVXVlUKXrxwZfHK","WAP (feat. Megan Thee Stallion)","WAP (feat. Megan Thee Stallion)","Cardi B,Megan Thee Stallion",2020-08-07,187541,79,spotify:user:2m5s06f2dc1e2nl3uhp9atba4,2022-10-23T19:30:09Z,"dance pop,pop,rap,houston rap,trap queen",0.935,0.454,1,-7.509,1,0.375,0.0194,0,0.0824,0.357,133.073,4
4vjpLMyL3ZO6aphdYr8XYw,"5JZ7CnR6gTvEMKX4g70Amv,3WGpXCj9YhhfX11TToZcXP","i'm so tired...","~how i'm feeling~","Lauv,Troye Sivan",2020-03-06,162586,72,spotify:user:2m5s06f2dc1e2nl3uhp9atba4,2022-10-23T19:30:16Z,"dance pop,electropop,pop,australian pop,viral pop",0.576,0.736,11,-7.572,1,0.224,0.178,0,0.238,0.484,101.928,4
3nqQXoyQOWXiESFLlDF1hG,"2wY79sveU1sp5g7SokKOiI,3Xt3RrJMFv5SZkCfUE8C1J","Unholy (feat. Kim Petras)","Unholy (feat. Kim Petras)","Sam Smith,Kim Petras",2022-09-22,156943,100,spotify:user:2m5s06f2dc1e2nl3uhp9atba4,2022-10-23T19:30:27Z,"dance pop,pop,uk pop,post-teen pop,transpop",0.714,0.472,2,-7.375,1,0.0864,0.013,0.00000451,0.266,0.238,131.121,4
1M4OcYkxAtu3ErzSgDEfoi,"4kYSro6naA4h99UJvo89HB","Up","Up (Instrumental)","Cardi B",2021-02-04,156944,70,spotify:user:2m5s06f2dc1e2nl3uhp9atba4,2022-10-23T19:30:38Z,"dance pop,pop,rap",0.868,0.795,11,-6.044,1,0.269,0.0012,0.0193,0.0461,0.819,166,4
6zFMeegAMYQo0mt8rXtrli,"7jVv8c5Fj3E9VhNjxT4snq","HOLIDAY","HOLIDAY","Lil Nas X",2020-11-13,154997,74,spotify:user:2m5s06f2dc1e2nl3uhp9atba4,2022-10-23T19:30:55Z,"lgbtq+ hip hop,pop",0.81,0.511,5,-6.924,0,0.164,0.12,0,0.0832,0.837,151.947,4
67BtfxlNbhBmCDR2L2l8qd,"7jVv8c5Fj3E9VhNjxT4snq","MONTERO (Call Me By Your Name)","MONTERO (Call Me By Your Name)","Lil Nas X",2021-03-31,137875,77,spotify:user:2m5s06f2dc1e2nl3uhp9atba4,2022-10-23T19:30:59Z,"lgbtq+ hip hop,pop",0.61,0.508,8,-6.682,0,0.152,0.297,0,0.384,0.758,178.818,4
1000nHvUdawXuUHgBod4Wv,"7jVv8c5Fj3E9VhNjxT4snq","Panini","Panini","Lil Nas X",2019-09-13,114893,71,spotify:user:2m5s06f2dc1e2nl3uhp9atba4,2022-10-23T19:31:07Z,"lgbtq+ hip hop,pop",0.703,0.594,5,-6.146,0,0.0752,0.342,0,0.123,0.475,153.848,4
0TcJ7QWpggdSg8t0fHThHm,"1HY2Jd0NmPuamShAr6KMms","LoveGame","The Fame","Lady Gaga",2008-01-01,216333,71,spotify:user:2m5s06f2dc1e2nl3uhp9atba4,2022-10-24T04:59:56Z,"art pop,dance pop,pop",0.894,0.678,6,-5.611,0,0.0523,0.00569,0.00000243,0.317,0.844,105.024,4
0SiywuOBRcynK0uKGWdCnn,"1HY2Jd0NmPuamShAr6KMms","Bad Romance","The Fame Monster (Deluxe Edition)","Lady Gaga",2009-11-05,294573,82,spotify:user:2m5s06f2dc1e2nl3uhp9atba4,2022-10-24T05:00:11Z,"art pop,dance pop,pop",0.696,0.921,0,-3.755,1,0.0363,0.00314,0.0000524,0.0842,0.714,119.001,4
6Up545NUflOiXo8cEraH49,"40LHVA5BTQp9RxHOQ9JPYj","You Say","Look Up Child","Lauren Daigle",2018-09-07,274693,74,spotify:user:2m5s06f2dc1e2nl3uhp9atba4,2022-10-24T05:00:22Z,"ccm,christian alternative rock,christian music,worship",0.494,0.632,5,-6.89,1,0.0342,0.682,0,0.0869,0.0797,147.873,4
50f6Sc85lbQgEaOfQm41Zr,"40LHVA5BTQp9RxHOQ9JPYj","Trust in You","How Can It Be","Lauren Daigle",2015-04-14,211600,65,spotify:user:2m5s06f2dc1e2nl3uhp9atba4,2022-10-25T02:47:05Z,"ccm,christian alternative rock,christian music,worship",0.413,0.636,9,-5.651,1,0.0407,0.0186,0,0.106,0.203,176.048,4
1BZG99C7Co1r6QUC3zaS59,"0C8ZW7ezQVs4URX5aX7Kqx","Same Old Love","Revival (Deluxe)","Selena Gomez",2015-10-09,229080,66,spotify:user:2m5s06f2dc1e2nl3uhp9atba4,2022-10-25T03:19:54Z,"dance pop,pop,post-teen pop",0.672,0.593,11,-4.01,0,0.0304,0.0223,0,0.214,0.438,98.02,4
3s2Qd1rsWqbvOoxpFTRp8D,"16Nc36xAtNyQ7BMBcDsaLv","Kraazy","Million Dollar Mindset","Likybo",2017-07-14,151578,60,spotify:user:2m5s06f2dc1e2nl3uhp9atba4,2022-10-25T17:43:22Z,"cali rap",0.689,0.701,6,-9.477,0,0.237,0.314,0,0.123,0.37,94.982,4
1gugDOSMREb34Xo0c1PlxM,"5Rl15oVamLq7FbSb0NNBNy","She Looks So Perfect","5 Seconds Of Summer","5 Seconds of Summer",2014-06-27,202496,71,spotify:user:2m5s06f2dc1e2nl3uhp9atba4,2022-10-26T06:44:47Z,"boy band,dance pop,pop,post-teen pop",0.494,0.951,9,-4.237,1,0.132,0.000569,0,0.327,0.441,160.025,4
7fBv7CLKzipRk6EC6TWHOB,"1Xyo4u8uXC1ZmMpatF05PJ","The Hills","Beauty Behind The Madness","The Weeknd",2015-08-28,242253,86,spotify:user:2m5s06f2dc1e2nl3uhp9atba4,2022-10-26T06:44:57Z,"canadian contemporary r&b,canadian pop,pop",0.585,0.564,0,-7.063,0,0.0515,0.0671,0,0.135,0.137,113.003,4
2AVaz5BV1gTrjSZt0HZ8dV,"1uNFoZAHBGtllmzznpCI3s","I Feel Funny","I Feel Funny","Justin Bieber",2022-04-27,75546,48,spotify:user:2m5s06f2dc1e2nl3uhp9atba4,2022-10-28T03:23:04Z,"canadian pop,pop",0.961,0.14,1,-12.742,1,0.59,0.333,0.00689,0.111,0.234,120.019,4
6fujklziTHa8uoM5OQSfIo,"7iZtZyCzp3LItcw1wtPI3D,13y7CgLHjMVRMDqxdx0Xdo","Black Beatles","SremmLife 2 (Deluxe)","Rae Sremmurd,Gucci Mane",2016-08-12,291893,75,spotify:user:2m5s06f2dc1e2nl3uhp9atba4,2022-10-28T06:34:26Z,"hip hop,melodic rap,mississippi hip hop,pop rap,rap,southern hip hop,trap,atl hip hop,dirty south rap,gangster rap",0.794,0.632,0,-6.163,1,0.0649,0.142,0,0.128,0.355,145.926,4
1Fid2jjqsHViMX6xNH70hE,"4Ly0KABsxlx4fNj63zJTrF","Atlantis","Tell Me It's Real (Expanded Edition)","Seafret",2016-01-29,229173,88,spotify:user:2m5s06f2dc1e2nl3uhp9atba4,2022-10-28T06:39:57Z,"folk-pop,pop",0.4,0.479,8,-7.989,0,0.0308,0.0529,0.00000214,0.115,0.213,166.159,4
2VeLdiYiILcCOEV0izfzEW,"5nwjcZ87CGNRiO98nFKdOD","A Sky Full of Stars","Sing 2 (Original Motion Picture Soundtrack)","Taron Egerton",2021-12-17,206437,69,spotify:user:2m5s06f2dc1e2nl3uhp9atba4,2022-10-28T22:39:25Z,"hollywood",0.44,0.676,6,-7.57,1,0.0582,0.152,0.0201,0.108,0.429,125.013,4
