Spotify ID,Artist IDs,Track Name,Album Name,Artist Name(s),Release Date,Duration (ms),Popularity,Added By,Added At,Genres,Danceability,Energy,Key,Loudness,Mode,Speechiness,Acousticness,Instrumentalness,Liveness,Valence,Tempo,Time Signature
37vVp2sWHuuIBOSl1NswP6,"5arKwJZEvT5uKq4o0JfqR4","i'm yours","i'm yours","Isabel LaRosa",2022-10-28,145667,83,spotify:user:12128755886,2022-11-08T16:31:17Z,"hyperpop,pop",0.398,0.705,5,-7.07,0,0.0756,0.204,0.0000513,0.443,0.635,111.487,4
5CM4UuQ9Gnd6K2YyKGPMoK,"57vWImR43h4CaDao012Ofp","Bad Habit","Bad Habit","Steve Lacy",2022-06-29,232114,90,spotify:user:12128755886,2022-11-08T16:31:40Z,"afrofuturism",0.686,0.507,1,-7.097,1,0.0357,0.626,0.0000751,0.383,0.69,168.955,4
0tgVpDi06FyKpA1z0VMD4v,"6eUKZXaKkcviH0Ku9w2n3V","Perfect","÷ (Deluxe)","Ed Sheeran",2017-03-03,263400,87,spotify:user:12128755886,2022-11-08T16:31:44Z,"pop,uk pop",0.599,0.448,8,-6.312,1,0.0232,0.163,0,0.106,0.168,95.05,3
2GiJYvgVaD2HtM8GqD9EgQ,"1KP6TWI40m7p3QBTU6u2xo","Electric Love","Dopamine","BØRNS",2015-10-16,218106,80,spotify:user:12128755886,2022-11-08T16:31:47Z,"modern rock,pop",0.611,0.797,6,-7.627,0,0.0533,0.00543,0.00137,0.26,0.518,120.041,4
02MWAaffLxlfxAUY7c5dvx,"4yvcSjfu4PC0CYQyLy4wSq","Heat Waves","Dreamland (+ Bonus Levels)","Glass Animals",2020-08-06,238805,86,spotify:user:12128755886,2022-11-08T16:31:50Z,"gauze pop,indietronica,shiver pop",0.761,0.525,11,-6.9,1,0.0944,0.44,0.0000067,0.0921,0.531,80.87,4
3AVXwaOGCEL8cmBecfcsFJ,"6VuMaDnrHyPL1p4EHjYLi7","Light Switch","Light Switch (Instrumental)","Charlie Puth",2022-01-19,187703,71,spotify:user:12128755886,2022-11-08T16:31:56Z,"dance pop,pop,viral pop",0.69,0.626,6,-5.693,1,0.306,0.105,0.000335,0.0881,0.912,184.009,4
6I3mqTwhRpn34SLVafSH7G,"1uNFoZAHBGtllmzznpCI3s","Ghost","Justice","Justin Bieber",2021-03-19,153190,86,spotify:user:12128755886,2022-11-08T16:32:09Z,"canadian pop,pop",0.601,0.741,2,-5.569,1,0.0478,0.185,0.0000291,0.415,0.441,153.96,4
769Ld8demNhMgVLAQcjTDn,"2HPqVfdPh9JkBSlFG5hK6h","sun and moon","sun and moon","anees",2022-04-06,151507,74,spotify:user:12128755886,2022-11-08T16:32:13Z,"",0.815,0.442,6,-7.462,0,0.107,0.457,0,0.101,0.706,90.019,4
0e5UZadoZ5me957hKsxRYh,"164Uj4eKjl6zTBKfJLFKKK","golden hour","this is what ____ feels like (Vol. 1-4)","JVKE",2022-09-23,209259,56,spotify:user:12128755886,2022-11-08T16:32:18Z,"modern indie pop,pop",0.511,0.594,1,-4.799,0,0.0316,0.651,0.177,0.249,0.143,94.473,3
3rsZY9djzo1egB9OBJLuQ1,"164Uj4eKjl6zTBKfJLFKKK","this is what falling in love feels like","this is what ____ feels like (Vol. 1-4)","JVKE",2022-09-23,120308,52,spotify:user:12128755886,2022-11-08T16:32:22Z,"modern indie pop,pop",0.424,0.438,11,-5.53,1,0.0553,0.617,0,0.0837,0.325,128.983,5
0O6u0VJ46W86TxN9wgyqDj,"246dkjvS1zLTtiykXe5h60,5cj0lLjcoR7YOSnhnX0Po5","I Like You (A Happier Song) (with Doja Cat)","Twelve Carat Toothache","Post Malone,Doja Cat",2022-06-03,192840,89,spotify:user:12128755886,2022-11-08T16:33:35Z,"dfw rap,melodic rap,rap,dance pop,pop",0.733,0.67,5,-6.009,1,0.0751,0.121,0,0.121,0.472,100.964,4
4Dvkj6JhhA12EX05fT7y2e,"6KImCVD70vtIoJWnq6nGn3","As It Was","Harry's House","Harry Styles",2022-05-20,167303,91,spotify:user:12128755886,2022-11-08T16:33:39Z,"pop",0.52,0.731,6,-5.338,0,0.0557,0.342,0.00101,0.311,0.662,173.93,4
4h4QlmocP3IuwYEj2j14p8,"7qmpXeNz2ojlMl2EEfkeLs,38PzLQE4GW8o7A18oGhi0x","Sunroof","Sunroof","Nicky Youre,dazy",2021-12-03,163025,89,spotify:user:12128755886,2022-11-08T16:33:50Z,"pop",0.768,0.714,10,-5.11,1,0.0401,0.352,0,0.15,0.842,131.443,4
6VhuP99TE6gYNQRJIlAWFD,"5XKFrudbV4IiuE5WuTPRmT","Until I Found You","Easy On My Eyes","Stephen Sanchez",2022-08-19,176666,84,spotify:user:12128755886,2022-11-08T16:33:52Z,"gen z singer-songwriter,pop",0.346,0.5,10,-6.097,1,0.0388,0.757,0,0.189,0.191,202.466,3
4228YpK0ZZuY4CZzBDVi3q,"164Uj4eKjl6zTBKfJLFKKK","moon and back","this is what ____ feels like (Vol. 1-4)","JVKE",2022-09-23,148298,67,spotify:user:12128755886,2022-11-08T16:34:10Z,"modern indie pop,pop",0.594,0.494,2,-4.262,1,0.0722,0.571,0.0000248,0.206,0.486,180.132,4
3F3roWqJPMtmLbPPl93bbR,"164Uj4eKjl6zTBKfJLFKKK","i can't help it","this is what ____ feels like (Vol. 1-4)","JVKE",2022-09-23,177886,66,spotify:user:12128755886,2022-11-08T16:35:51Z,"modern indie pop,pop",0.459,0.639,1,-4.152,1,0.0638,0.236,0.00922,0.248,0.344,155.935,4
4a6q8CR2hzLk2plDkSxkfD,"4GvEc3ANtPPjt1ZJllr5Zl","I.F.L.Y.","Soul Searching","Bazzi",2019-08-09,165714,73,spotify:user:12128755886,2022-11-08T16:39:37Z,"dance pop,electropop,pop",0.812,0.519,2,-4.823,1,0.0385,0.379,0,0.13,0.554,104.954,4
1M4qEo4HE3PRaCOM7EXNJq,"6KImCVD70vtIoJWnq6nGn3","Adore You","Adore You","Harry Styles",2019-12-06,207133,6,spotify:user:12128755886,2022-11-08T16:40:08Z,"pop",0.676,0.771,8,-3.675,1,0.0483,0.0237,0.000007,0.102,0.569,99.048,4
4ja2gzrNh9VNigzoXfmbwD,"0imE3buPhAowREqCrr4CYe","Mariposa","Mariposa","Peach Tree Rascals",2019-08-28,210000,73,spotify:user:12128755886,2022-11-08T16:40:40Z,"pop",0.676,0.525,9,-5.88,1,0.028,0.617,0,0.356,0.421,112.011,4
4h9wh7iOZ0GGn8QVp4RAOB,"5Pwc4xIPtQLFEnJriah9YJ","I Ain't Worried","I Ain’t Worried (Music From The Motion Picture Top Gun: Maverick)","OneRepublic",2022-05-13,148485,95,spotify:user:12128755886,2022-11-08T23:44:16Z,"piano rock,pop",0.704,0.797,0,-5.927,1,0.0475,0.0826,0.000745,0.0546,0.825,139.994,4
523f4oSjrZx83XDtRLnsIw,"22wbnEMDvgVIAGdFeek6ET","Before You","Before You","Benson Boone",2022-10-28,187940,76,spotify:user:12128755886,2022-11-10T16:10:21Z,"pop",0.269,0.373,8,-7.113,0,0.0371,0.15,0,0.129,0.321,202.899,3
5IEi6RGx2FaJGtmsrkbpgp,"3IR6DvP0x2a6oUSist9UMu","ilu","ilu","elijah woods",2022-06-10,169846,58,spotify:user:12128755886,2022-11-27T19:28:17Z,"alt z,pop",0.806,0.63,7,-5.862,1,0.119,0.128,0,0.0768,0.594,106.027,4
