Spotify ID,Artist IDs,Track Name,Album Name,Artist Name(s),Release Date,Duration (ms),Popularity,Added By,Added At,Genres,Danceability,Energy,Key,Loudness,Mode,Speechiness,Acousticness,Instrumentalness,Liveness,Valence,Tempo,Time Signature
6v3KW9xbzN5yKLt9YKDYA2,"7n2wHs1TKAczGzO7Dd2rGr,4nDoRrQiYLoBzwC5BhVJzF","Señorita","Shawn Mendes (Deluxe)","Shawn Mendes,Camila Cabello",2019-06-19,190799,80,spotify:user:fm8zp8w658g7ibbljmp6x7zax,2021-12-02T19:35:01Z,"canadian pop,dance pop,pop,viral pop,post-teen pop",0.759,0.548,9,-6.049,0,0.029,0.0392,0,0.0828,0.749,116.967,4
3JvKfv6T31zO0ini8iNItO,"2txHhyCwHjUEpJjWrEyqyX","Another Love","Long Way Down (Deluxe)","Tom Odell",2013-06-24,244360,93,spotify:user:fm8zp8w658g7ibbljmp6x7zax,2021-12-02T19:35:29Z,"chill pop,pop",0.445,0.537,4,-8.532,0,0.04,0.695,0.0000165,0.0944,0.131,122.769,4
2ZvsMMI4aOkMUo92MKQzFI,"0r0KdmVS1Er3kaFnl1KPog","Walk","Walk","Kwabs",2014-09-26,214149,59,spotify:user:fm8zp8w658g7ibbljmp6x7zax,2021-12-02T19:35:52Z,"gauze pop,tropical house",0.615,0.814,9,-3.903,0,0.0677,0.17,0,0.218,0.577,144.005,4
7a53HqqArd4b9NF4XAmlbI,"4npEfmQ6YuiwW1GpUmaq3F","Kings & Queens","Heaven & Hell","Ava Max",2020-09-18,162398,80,spotify:user:fm8zp8w658g7ibbljmp6x7zax,2021-12-02T19:36:12Z,"dance pop,pop",0.637,0.69,1,-4.057,0,0.0405,0.00786,0,0.124,0.457,129.857,4
28VbwtsYnj85UEODGpQRem,"7vk5e3vY1uw9plTHJAMwjN,4npEfmQ6YuiwW1GpUmaq3F","Alone, Pt. II","World Of Walker","Alan Walker,Ava Max",2021-11-26,179052,71,spotify:user:fm8zp8w658g7ibbljmp6x7zax,2021-12-02T19:36:15Z,"electro house,dance pop,pop",0.673,0.659,3,-4.493,0,0.0439,0.539,0,0.129,0.628,88.011,4
5iyZwawawLjHYpX4MxUKVF,"4npEfmQ6YuiwW1GpUmaq3F","Salt","Heaven & Hell","Ava Max",2020-09-18,180283,70,spotify:user:fm8zp8w658g7ibbljmp6x7zax,2021-12-02T19:36:18Z,"dance pop,pop",0.693,0.835,6,-3.242,1,0.0624,0.131,0,0.073,0.744,128.052,4
2XU0oxnq2qxCpomAAuJY8K,"2NjfBq1NflQcKSeiDooVjY","Dance Monkey","Dance Monkey (Stripped Back) / Dance Monkey","Tones And I",2019-10-17,209438,77,spotify:user:fm8zp8w658g7ibbljmp6x7zax,2021-12-02T19:37:11Z,"australian pop,pop",0.824,0.588,6,-6.4,0,0.0924,0.692,0.000104,0.149,0.513,98.027,4
55MIRLbZzpYSmMlRt9ZDWM,"2garjIdgTW5i89s4Z3UT72,2WHbNs4WT5ZN7rbjDqbyEE,6G9bygHlCyPgNGxK2l3YdE,6mXcTwoata1hkaDMbkzw32,6RKS67sIPOW16NcGWkgdzF,5jMxsWwmiQl6lRo01xHMmG","30/90","tick, tick... BOOM! (Soundtrack from the Netflix Film)","Andrew Garfield,Joshua Henry,Vanessa Hudgens,Robin de Jesus,Alexandra Shipp,MJ Rodriguez",2021-11-12,262505,66,spotify:user:fm8zp8w658g7ibbljmp6x7zax,2021-12-02T19:37:55Z,"hollywood,show tunes,dance pop,pop,post-teen pop",0.466,0.789,0,-5.956,1,0.0663,0.0146,0,0.0637,0.36,175.772,4
2VTV4bEfzyucxLy3a3vXds,"2garjIdgTW5i89s4Z3UT72,6mXcTwoata1hkaDMbkzw32","No More","tick, tick... BOOM! (Soundtrack from the Netflix Film)","Andrew Garfield,Robin de Jesus",2021-11-12,191351,51,spotify:user:fm8zp8w658g7ibbljmp6x7zax,2021-12-02T19:38:04Z,"hollywood,show tunes",0.248,0.873,2,-5.057,1,0.0971,0.0717,0,0.272,0.589,192.687,4
0KOfXUaqb9KDBuDR8miBsv,"7i3os1iEWOn5UpaylRiMw5","Play Game","tick, tick... BOOM! (Soundtrack from the Netflix Film)","Tariq Trotter",2021-11-12,72558,43,spotify:user:fm8zp8w658g7ibbljmp6x7zax,2021-12-02T19:38:23Z,"",0.893,0.704,11,-7.568,0,0.196,0.0215,0.00046,0.505,0.743,103.064,4
1iFgG6BeEPTbXsAok6zYxR,"2garjIdgTW5i89s4Z3UT72,6G9bygHlCyPgNGxK2l3YdE","Therapy","tick, tick... BOOM! (Soundtrack from the Netflix Film)","Andrew Garfield,Vanessa Hudgens",2021-11-12,164163,61,spotify:user:fm8zp8w658g7ibbljmp6x7zax,2021-12-02T19:38:30Z,"hollywood,show tunes,dance pop,pop,post-teen pop",0.554,0.593,0,-5.492,1,0.215,0.207,0,0.0529,0.618,147.743,3
1sUVNrAso7lmnmg2HITotH,"2garjIdgTW5i89s4Z3UT72,6G9bygHlCyPgNGxK2l3YdE,2WHbNs4WT5ZN7rbjDqbyEE","Swimming","tick, tick... BOOM! (Soundtrack from the Netflix Film)","Andrew Garfield,Vanessa Hudgens,Joshua Henry",2021-11-12,196491,50,spotify:user:fm8zp8w658g7ibbljmp6x7zax,2021-12-02T19:38:38Z,"hollywood,show tunes,dance pop,pop,post-teen pop",0.448,0.676,11,-6.368,1,0.0481,0.0126,0.00147,0.229,0.124,149.976,4
5EDz9U8TS0spv8IH5sGHLw,"6RKS67sIPOW16NcGWkgdzF,6G9bygHlCyPgNGxK2l3YdE","Come to Your Senses","tick, tick... BOOM! (Soundtrack from the Netflix Film)","Alexandra Shipp,Vanessa Hudgens",2021-11-12,267847,55,spotify:user:fm8zp8w658g7ibbljmp6x7zax,2021-12-02T19:38:51Z,"hollywood,show tunes,dance pop,pop,post-teen pop",0.393,0.444,10,-5.745,1,0.0289,0.431,0,0.175,0.225,98.523,4
27fk9xZ9lQjzb6F9ZKpmnC,"2garjIdgTW5i89s4Z3UT72,6G9bygHlCyPgNGxK2l3YdE,2WHbNs4WT5ZN7rbjDqbyEE","Louder Than Words","tick, tick... BOOM! (Soundtrack from the Netflix Film)","Andrew Garfield,Vanessa Hudgens,Joshua Henry",2021-11-12,293926,54,spotify:user:fm8zp8w658g7ibbljmp6x7zax,2021-12-02T19:39:01Z,"hollywood,show tunes,dance pop,pop,post-teen pop",0.333,0.581,8,-5.497,1,0.0324,0.0994,0,0.772,0.42,95.202,4
03xt2LxOcbaJn81ndTUsMD,"2garjIdgTW5i89s4Z3UT72,6RKS67sIPOW16NcGWkgdzF","Green Green Dress - bonus track","tick, tick... BOOM! (Soundtrack from the Netflix Film)","Andrew Garfield,Alexandra Shipp",2021-11-12,152552,56,spotify:user:fm8zp8w658g7ibbljmp6x7zax,2021-12-02T19:39:23Z,"hollywood,show tunes",0.623,0.784,10,-5.839,1,0.0541,0.00904,0.000295,0.174,0.632,151.744,4
2iUXsYOEPhVqEBwsqP70rE,"5Rl15oVamLq7FbSb0NNBNy","Youngblood","Youngblood (Deluxe)","5 Seconds of Summer",2018-06-15,203417,80,spotify:user:fm8zp8w658g7ibbljmp6x7zax,2021-12-02T19:40:25Z,"boy band,dance pop,pop,post-teen pop",0.596,0.854,7,-5.114,0,0.463,0.0169,0,0.124,0.152,120.274,4
2J2Z1SkXYghSajLibnQHOa,"5WUlDfRSoLAfcVSX1WnrxN","Unstoppable","This Is Acting","Sia",2016-01-29,217746,80,spotify:user:fm8zp8w658g7ibbljmp6x7zax,2021-12-02T19:40:40Z,"australian dance,australian pop,dance pop,pop",0.468,0.779,9,-4.839,1,0.0779,0.112,0.000373,0.101,0.26,173.799,4
4XqCiPFWwAwGEI7yiq0LvK,"3A9B6c1CrSPauiOblw7pWz","Play With Fire","Nico Santos","Nico Santos",2020-05-08,213933,57,spotify:user:fm8zp8w658g7ibbljmp6x7zax,2021-12-02T19:41:41Z,"german pop",0.691,0.864,5,-2.779,0,0.065,0.353,0,0.0483,0.555,82.977,4
5aEqcblO0Z6JloFJXtxyhe,"0N0d3kjwdY2h7UVuTdJGfp","Everytime We Touch","Platinum","Cascada",2006,197124,62,spotify:user:fm8zp8w658g7ibbljmp6x7zax,2021-12-02T19:42:11Z,"bubblegum dance,dance pop,eurodance,europop,german techno,melbourne bounce international,pop rap",0.633,0.976,8,-5.362,1,0.0519,0.00281,0.0000129,0.382,0.493,142.027,4
0jDWRUbxSn8zQlwFbeLHwo,"0N0d3kjwdY2h7UVuTdJGfp","Evacuate The Dancefloor","Evacuate The Dancefloor","Cascada",2009-01-01,207200,62,spotify:user:fm8zp8w658g7ibbljmp6x7zax,2021-12-02T19:42:16Z,"bubblegum dance,dance pop,eurodance,europop,german techno,melbourne bounce international,pop rap",0.762,0.702,0,-5.87,1,0.0432,0.0167,0,0.314,0.898,127.029,4
4preSlFr0bYsRHm9WxAcE9,"0N0d3kjwdY2h7UVuTdJGfp","Bad Boy","Platinum","Cascada",2006,191843,48,spotify:user:fm8zp8w658g7ibbljmp6x7zax,2021-12-02T19:42:35Z,"bubblegum dance,dance pop,eurodance,europop,german techno,melbourne bounce international,pop rap",0.666,0.978,11,-5.118,0,0.0925,0.0149,0.0444,0.222,0.63,139.991,4
6O20JhBJPePEkBdrB5sqRx,"5pKCCKE2ajJHZ9KAiaK11H","Diamonds","Unapologetic (Deluxe)","Rihanna",2012-12-11,225146,76,spotify:user:fm8zp8w658g7ibbljmp6x7zax,2021-12-02T19:43:15Z,"barbadian pop,dance pop,pop,urban contemporary",0.564,0.71,11,-4.92,0,0.0461,0.00125,0,0.109,0.393,91.972,4
0ByMNEPAPpOR5H69DVrTNy,"5pKCCKE2ajJHZ9KAiaK11H","Don't Stop The Music","Good Girl Gone Bad: Reloaded","Rihanna",2008-06-02,267080,79,spotify:user:fm8zp8w658g7ibbljmp6x7zax,2021-12-02T19:43:21Z,"barbadian pop,dance pop,pop,urban contemporary",0.835,0.669,6,-5.582,0,0.0643,0.0336,0.0000692,0.0535,0.542,122.668,4
2VOomzT6VavJOGBeySqaMc,"5pKCCKE2ajJHZ9KAiaK11H","Disturbia","Good Girl Gone Bad: Reloaded","Rihanna",2008-06-02,238626,79,spotify:user:fm8zp8w658g7ibbljmp6x7zax,2021-12-02T19:43:28Z,"barbadian pop,dance pop,pop,urban contemporary",0.707,0.813,11,-4.515,0,0.0571,0.0863,0,0.168,0.722,124.921,4
0C4ejWmOTMv8vuYj85mf8m,"5pKCCKE2ajJHZ9KAiaK11H","S&M","Loud","Rihanna",2010-11-16,243533,72,spotify:user:fm8zp8w658g7ibbljmp6x7zax,2021-12-02T19:43:36Z,"barbadian pop,dance pop,pop,urban contemporary",0.767,0.682,1,-5.02,1,0.042,0.0113,0.00016,0.104,0.833,127.975,4
0AH6WMe3OlAlUb5miXt2FQ,"5pKCCKE2ajJHZ9KAiaK11H","Only Girl (In The World)","Loud","Rihanna",2010-11-16,235493,71,spotify:user:fm8zp8w658g7ibbljmp6x7zax,2021-12-02T19:43:58Z,"barbadian pop,dance pop,pop,urban contemporary",0.789,0.716,11,-4.241,0,0.0432,0.129,0.0000107,0.069,0.611,125.906,4
4VrWlk8IQxevMvERoX08iC,"5WUlDfRSoLAfcVSX1WnrxN","Chandelier","1000 Forms Of Fear","Sia",2014-07-04,216120,79,spotify:user:fm8zp8w658g7ibbljmp6x7zax,2021-12-02T19:44:57Z,"australian dance,australian pop,dance pop,pop",0.399,0.787,1,-2.88,1,0.0499,0.0197,0.0000607,0.0685,0.572,117.089,5
6bLopGnirdrilrpdVB6Um1,"5WUlDfRSoLAfcVSX1WnrxN","The Greatest","This Is Acting (Deluxe Version)","Sia",2016-10-21,210920,70,spotify:user:fm8zp8w658g7ibbljmp6x7zax,2021-12-02T19:46:01Z,"australian dance,australian pop,dance pop,pop",0.639,0.785,10,-6.167,0,0.174,0.0174,0.00107,0.0512,0.686,191.95,4
39LLxExYz6ewLAcYrzQQyP,"6M2wZ9GZgrQXHCFfjv46we","Levitating","Future Nostalgia","Dua Lipa",2020-03-27,203807,83,spotify:user:fm8zp8w658g7ibbljmp6x7zax,2021-12-02T19:46:30Z,"dance pop,pop,uk pop",0.695,0.884,6,-2.278,0,0.0753,0.0561,0,0.213,0.914,103.014,4
2xQ9G8lA5PZFYStV75AtyI,"54OEro9sWZ3mVfMdlz2CIt","Dangerous","Born for This","Royal Deluxe",2016-02-23,220173,42,spotify:user:fm8zp8w658g7ibbljmp6x7zax,2021-12-02T19:47:01Z,"bossbeat,rebel blues",0.503,0.486,11,-6.12,0,0.0776,0.0276,0.000218,0.0904,0.764,78.801,4
1q5n4SZTuJ6Vk710HkitdB,"54OEro9sWZ3mVfMdlz2CIt","I'm A Wanted Man","Born for This","Royal Deluxe",2016-02-23,228986,43,spotify:user:fm8zp8w658g7ibbljmp6x7zax,2021-12-02T19:47:08Z,"bossbeat,rebel blues",0.486,0.593,11,-5.157,0,0.0349,0.00923,0.00000377,0.325,0.257,82.032,4
0ZQon6cdXbvGbKtwJD078c,"54OEro9sWZ3mVfMdlz2CIt","I'm Gonna Do My Thing","Royal Deluxe","Royal Deluxe",2015-02-10,189500,33,spotify:user:fm8zp8w658g7ibbljmp6x7zax,2021-12-02T19:47:28Z,"bossbeat,rebel blues",0.551,0.569,2,-5.468,1,0.0339,0.0282,0.0000142,0.134,0.384,85.067,4
0ct6r3EGTcMLPtrXHDvVjc,"1vCWHaC5f2uS3yhpwWbIA6","The Nights","The Days / Nights","Avicii",2014-01-01,176658,85,spotify:user:fm8zp8w658g7ibbljmp6x7zax,2021-12-02T19:48:02Z,"dance pop,edm,pop,pop dance,pop rap",0.527,0.835,6,-5.298,1,0.0433,0.0166,0,0.249,0.654,125.983,4
0nrRP2bk19rLc0orkWPQk2,"1vCWHaC5f2uS3yhpwWbIA6","Wake Me Up","True","Avicii",2013-01-01,247426,84,spotify:user:fm8zp8w658g7ibbljmp6x7zax,2021-12-02T19:48:07Z,"dance pop,edm,pop,pop dance,pop rap",0.532,0.783,2,-5.697,1,0.0523,0.0038,0.0012,0.161,0.643,124.08,4
4lhqb6JvbHId48OUJGwymk,"1vCWHaC5f2uS3yhpwWbIA6","Hey Brother","True","Avicii",2013-01-01,255093,77,spotify:user:fm8zp8w658g7ibbljmp6x7zax,2021-12-02T19:48:17Z,"dance pop,edm,pop,pop dance,pop rap",0.545,0.78,7,-4.867,0,0.0436,0.0309,0.0000464,0.0828,0.458,125.014,4
6Pgkp4qUoTmJIPn7ReaGxL,"1vCWHaC5f2uS3yhpwWbIA6,5JYo7gm2dkyLLlWHjxS7Dy","Without You (feat. Sandro Cavazza)","AVĪCI (01)","Avicii,Sandro Cavazza",2017-08-10,181672,77,spotify:user:fm8zp8w658g7ibbljmp6x7zax,2021-12-02T19:48:23Z,"dance pop,edm,pop,pop dance,pop rap,swedish pop,tropical house",0.662,0.858,2,-4.844,1,0.0428,0.00163,0,0.0456,0.295,133.993,4
2P4OICZRVAQcYAV2JReRfj,"1vCWHaC5f2uS3yhpwWbIA6","Waiting For Love","Stories","Avicii",2015-10-02,230613,81,spotify:user:fm8zp8w658g7ibbljmp6x7zax,2021-12-02T19:48:57Z,"dance pop,edm,pop,pop dance,pop rap",0.579,0.736,6,-3.863,0,0.0527,0.31,0,0.198,0.613,127.999,4
3i7RZuAJ6iWbSW2k9lUtJx,"1KCSPY1glIKqW2TotWuXOR","Try","Try","P!nk",2012-10-19,249733,50,spotify:user:fm8zp8w658g7ibbljmp6x7zax,2021-12-02T19:49:34Z,"dance pop,pop",0.679,0.622,2,-7.088,1,0.0292,0.00131,0,0.0951,0.561,104.008,4
7JJmb5XwzOO8jgpou264Ml,"7n2wHs1TKAczGzO7Dd2rGr","There's Nothing Holdin' Me Back","Illuminate (Deluxe)","Shawn Mendes",2017-04-20,199440,85,spotify:user:fm8zp8w658g7ibbljmp6x7zax,2021-12-02T19:50:02Z,"canadian pop,dance pop,pop,viral pop",0.866,0.813,11,-4.063,0,0.0554,0.38,0,0.0779,0.969,121.998,4
3QGsuHI8jO1Rx4JWLUh9jd,"7n2wHs1TKAczGzO7Dd2rGr","Treat You Better","Illuminate","Shawn Mendes",2017-04-20,187973,84,spotify:user:fm8zp8w658g7ibbljmp6x7zax,2021-12-02T19:50:09Z,"canadian pop,dance pop,pop,viral pop",0.444,0.819,10,-4.078,0,0.341,0.106,0,0.107,0.747,82.695,4
2ekn2ttSfGqwhhate0LSR0,"6M2wZ9GZgrQXHCFfjv46we","New Rules","Dua Lipa (Deluxe)","Dua Lipa",2017-06-02,209320,80,spotify:user:fm8zp8w658g7ibbljmp6x7zax,2021-12-02T19:50:25Z,"dance pop,pop,uk pop",0.762,0.7,9,-6.021,0,0.0694,0.00261,0.0000156,0.153,0.608,116.073,4
3e7sxremeOE3wTySiOhGiP,"5ZsFI1h6hIdQRw2ti0hz81,5WUlDfRSoLAfcVSX1WnrxN","Dusk Till Dawn (feat. Sia) - Radio Edit","Icarus Falls","ZAYN,Sia",2018-12-14,239000,78,spotify:user:fm8zp8w658g7ibbljmp6x7zax,2021-12-02T19:51:06Z,"dance pop,pop,post-teen pop,uk pop,australian dance,australian pop",0.259,0.437,11,-6.589,0,0.0386,0.102,0.00000132,0.106,0.0951,180.042,4
0tBbt8CrmxbjRP0pueQkyU,"0C8ZW7ezQVs4URX5aX7Kqx,64KEffDW9EtZ1y2vBYgq8T","Wolves","Wolves","Selena Gomez,Marshmello",2017-10-25,197993,79,spotify:user:fm8zp8w658g7ibbljmp6x7zax,2021-12-02T19:51:25Z,"dance pop,pop,post-teen pop,brostep,edm,pop dance,progressive electro house",0.724,0.804,11,-4.614,0,0.0448,0.124,0,0.204,0.306,124.987,4
514rhnksEwHUh6LxXsQ4Y9,"0C8ZW7ezQVs4URX5aX7Kqx","Back To You","13 Reasons Why (Season 2)","Selena Gomez",2018-05-18,210240,70,spotify:user:fm8zp8w658g7ibbljmp6x7zax,2021-12-02T19:52:12Z,"dance pop,pop,post-teen pop",0.6,0.683,6,-6.271,1,0.0493,0.0984,0.00000126,0.11,0.494,102.036,4
630sXRhIcfwr2e4RdNtjKN,"6U1dBXJhC8gXFjamvFTmHg,6sCbFbEjbYepqswM1vWjjs","Rewrite The Stars","Rewrite The Stars","Zac Efron,Zendaya",2017-11-17,217440,73,spotify:user:fm8zp8w658g7ibbljmp6x7zax,2021-12-02T19:53:58Z,"hollywood,pop,post-teen pop,show tunes,dance pop",0.684,0.619,10,-7.005,1,0.0386,0.0716,0,0.122,0.284,125.046,4
2cKovq3l6OJjhVVDbVKOsr,"5F1aoppMtU3OMiltO8ymJ2,6U1dBXJhC8gXFjamvFTmHg","The Other Side","The Greatest Showman (Original Motion Picture Soundtrack)","Hugh Jackman,Zac Efron",2017-12-08,214373,72,spotify:user:fm8zp8w658g7ibbljmp6x7zax,2021-12-02T19:54:11Z,"hollywood,show tunes,pop,post-teen pop",0.638,0.795,0,-8.45,1,0.302,0.00433,0.00139,0.153,0.31,153.99,4
45aBsnKRWUzhwbcqOJLwfe,"7HV2RI2qNug4EcQqLbCAKS,63nv0hWWDob56Rk8GlNpN8","This Is Me","The Greatest Showman (Original Motion Picture Soundtrack)","Keala Settle,The Greatest Showman Ensemble",2017-12-08,234706,73,spotify:user:fm8zp8w658g7ibbljmp6x7zax,2021-12-02T19:54:33Z,"broadway,hollywood,show tunes,movie tunes",0.284,0.704,2,-7.276,1,0.186,0.00583,0.000115,0.0424,0.1,191.702,4
0Gl5s8IhMmQE5YQwM8Qx1J,"0LyOADBjj28cbvJWTXUEGA","Never Enough","The Greatest Showman (Original Motion Picture Soundtrack)","Loren Allred",2017-12-08,207786,74,spotify:user:fm8zp8w658g7ibbljmp6x7zax,2021-12-02T19:54:40Z,"deep talent show,hollywood,movie tunes",0.277,0.394,8,-8.903,1,0.0336,0.423,0,0.0952,0.227,86.777,3
730q10HYYAYWQwoqWMl7hR,"5ePU495MmXnc3Osszvs9rX","I'm Just a Sidekick (Live)","StarKid Homecoming: Vol. 2 (Live)","Joey Richter",2019-12-18,278664,27,spotify:user:fm8zp8w658g7ibbljmp6x7zax,2021-12-02T19:59:44Z,"",0.345,0.661,9,-7.892,1,0.0909,0.21,0,0.845,0.215,139.49,4
799zgL2hTqhvmyD50AFc8c,"3nQ59hkeciYoR6RreQL4Rv,5ePU495MmXnc3Osszvs9rX,2QO84PFjutGLnRnNQuYxpo,6HtMP0hrF954KYuHyPMLqb,52LniA18tk5Q4o9ngWJ12N,3RPbAV902rnN942HnJO3Je","Goin' back to Hogwarts (Live)","StarKid Homecoming: Vol. 2 (Live)","Darren Criss,Joey Richter,Bonnie Socha,Jaime Lyn Beatty,Lauren Lopez,Cast of StarKid Homecoming",2019-12-18,595082,32,spotify:user:fm8zp8w658g7ibbljmp6x7zax,2021-12-02T20:00:27Z,"",0.314,0.778,5,-6.464,1,0.112,0.417,0,0.915,0.388,157.299,4
57NzzfHfE8sOSbIHRJJYv7,"6BXionV4R0BunrFpSwIMUK","Welcome To The Show","The Lost Get Found","Britt Nicole",2009-01-01,202306,45,spotify:user:fm8zp8w658g7ibbljmp6x7zax,2021-12-02T20:00:53Z,"ccm,cedm,christian alternative rock,christian music,worship",0.409,0.826,11,-2.762,0,0.067,0.00198,0.00000131,0.201,0.583,180.093,4
4Ys2hDpeYbD39nC03BEQgv,"7EIbKyiLnEJ1Y074UIUyZJ","The Hanging Tree","Covers, Vol. III","Peter Hollens",2017-06-16,203206,44,spotify:user:fm8zp8w658g7ibbljmp6x7zax,2021-12-02T20:01:32Z,"fantasy",0.229,0.273,7,-11.197,0,0.0363,0.36,0.0000701,0.116,0.515,83.82,4
2xDDetMrYexhj1gKK634iC,"2BHswvFd8tMBizVWGcAMLm,7lPWuLostTtlIShgm4wpf0","Don't You Worry Child","Don't You Worry Child","Kurt Hugo Schneider,Sam Tsui",2013-01-11,193920,32,spotify:user:fm8zp8w658g7ibbljmp6x7zax,2021-12-02T20:02:55Z,"post-teen pop,viral pop",0.518,0.386,2,-9.294,1,0.0321,0.804,0,0.633,0.287,124.968,4
1DFnEeH1a4zUh4pIRzopEF,"1x2YcZB1QpRZB3HT9gdUCQ","20 Percent Cooler","20 Percent Cooler - Single","Ken Ashcorp",2011-11-16,192000,46,spotify:user:fm8zp8w658g7ibbljmp6x7zax,2021-12-02T20:03:25Z,"otacore",0.555,0.732,7,-6.697,1,0.336,0.000368,0.0202,0.452,0.703,125.091,4
1zzxoZVylsna2BQB65Ppcb,"1HwM5zlC5qNWhJtM00yXzG","X Gon' Give It To Ya","The Definition Of X: Pick Of The Litter","DMX",2007-06-12,217586,73,spotify:user:fm8zp8w658g7ibbljmp6x7zax,2021-12-02T20:03:49Z,"east coast hip hop,gangster rap,hardcore hip hop,hip hop,pop rap,rap",0.761,0.899,10,-3.09,0,0.183,0.0135,0,0.0719,0.673,95.027,4
6IbnUaczZBT34DhaD6S18F,"6CwfuxIqcltXDGjfZsMd9A","Bubblegum Bitch","Electra Heart (Deluxe)","MARINA",2012-04-30,154666,77,spotify:user:fm8zp8w658g7ibbljmp6x7zax,2021-12-02T20:05:00Z,"dance pop,electropop,metropopolis,pop,uk alternative pop",0.495,0.856,0,-5.123,0,0.0311,0.000219,0,0.103,0.609,158.024,4
5B8N5rPOmTVVGpuBMK2Vby,"6CwfuxIqcltXDGjfZsMd9A","Teen Idle","Electra Heart (Deluxe)","MARINA",2012-04-30,254400,66,spotify:user:fm8zp8w658g7ibbljmp6x7zax,2021-12-02T20:06:30Z,"dance pop,electropop,metropopolis,pop,uk alternative pop",0.571,0.651,5,-6.26,1,0.0349,0.242,0,0.0938,0.374,121.202,4
61ZM92T2zaXIVsqncThQzC,"3t5xRXzsuZmMDkQzgOX35S,1kiq2kUV0cbLUhJsr7cpW0","In Your Eyes (feat. Alida)","In Your Eyes (feat. Alida)","Robin Schulz,Alida",2020-01-10,208222,64,spotify:user:fm8zp8w658g7ibbljmp6x7zax,2021-12-02T20:07:55Z,"dance pop,deep euro house,deep house,edm,german dance,pop,pop dance,pop rap,tropical house,norwegian pop",0.57,0.672,8,-5.888,0,0.0716,0.172,0.00000104,0.0768,0.461,120.018,4
4E73mIgGehdEHxMuxEd7I9,"0N0d3kjwdY2h7UVuTdJGfp","Because the Night","Platinum","Cascada",2006,203485,41,spotify:user:fm8zp8w658g7ibbljmp6x7zax,2021-12-02T20:08:28Z,"bubblegum dance,dance pop,eurodance,europop,german techno,melbourne bounce international,pop rap",0.612,0.99,7,-6.848,1,0.0612,0.0015,0.000837,0.435,0.468,140.039,4
76hfruVvmfQbw0eYn1nmeC,"6T5tfhQCknKG4UnH90qGnz","Cake By The Ocean","DNCE","DNCE",2016-11-18,219146,80,spotify:user:fm8zp8w658g7ibbljmp6x7zax,2021-12-02T20:09:38Z,"dance pop,edm,pop,post-teen pop",0.774,0.753,4,-5.446,0,0.0517,0.152,0,0.0371,0.896,119.002,4
2BTSWfjaTMYWCxhmVRhqLK,"0BmLNz4nSLfoWYW1cYsElL","Mr. Saxobeat","Sundown (Original Motion Picture Soundtrack)","Alexandra Stan",2016-05-06,195105,60,spotify:user:fm8zp8w658g7ibbljmp6x7zax,2021-12-02T20:10:26Z,"dance pop,electropop,romanian pop",0.72,0.925,4,-4.165,0,0.0511,0.0276,0.000238,0.14,0.781,127.004,4
2hdy9Wt9qp7M7d0U3ossu2,"26dSoYclwsYLMAKD3tpOr4","If U Seek Amy","Circus (Deluxe Version)","Britney Spears",2008-12-02,216520,70,spotify:user:fm8zp8w658g7ibbljmp6x7zax,2021-12-02T20:10:48Z,"dance pop,pop",0.717,0.587,4,-7.296,0,0.0339,0.0192,0,0.0523,0.544,129.954,4
4yXNMbZrsFJbPTH0WfhwEB,"4UXqAaa6dQYAk18Lv7PEgX","Young Volcanoes","Save Rock And Roll","Fall Out Boy",2013-01-01,204506,56,spotify:user:fm8zp8w658g7ibbljmp6x7zax,2021-12-02T20:11:06Z,"emo,modern rock",0.599,0.853,11,-3.878,0,0.0365,0.00123,0.000504,0.37,0.676,94.997,4
0SiywuOBRcynK0uKGWdCnn,"1HY2Jd0NmPuamShAr6KMms","Bad Romance","The Fame Monster (Deluxe Edition)","Lady Gaga",2009-11-05,294573,82,spotify:user:fm8zp8w658g7ibbljmp6x7zax,2021-12-02T20:11:44Z,"art pop,dance pop,pop",0.696,0.921,0,-3.755,1,0.0363,0.00314,0.0000524,0.0842,0.714,119.001,4
7MQFT6sNd2S340HoX5pII6,"1QvK8bFc2WREH4LDlJcJbi,1wqW0IQWC7V7jktcjVHID6","What's Up Danger (with Black Caviar)","What's Up Danger (Spider-Man: Into the Spider-Verse)","Blackway,Black Caviar",2018-11-01,216933,0,spotify:user:fm8zp8w658g7ibbljmp6x7zax,2021-12-02T20:13:00Z,"nyc rap,bass house,electro house",0.706,0.751,2,-5.792,1,0.0434,0.00429,0.000286,0.365,0.134,95.009,4
,"","What's Up Danger (Movie Version) Spider-Man Into the Spider-Verse","","",,184000,0,spotify:user:fm8zp8w658g7ibbljmp6x7zax,2021-12-02T20:14:13Z,""
5HPj0yTUFEFNia8SWgjq46,"3rIZMv9rysU7JkLzEaC5Jp","Open Your Eyes","Eyes Open","Snow Patrol",2006-01-01,341280,61,spotify:user:fm8zp8w658g7ibbljmp6x7zax,2021-12-02T20:18:16Z,"irish rock,neo mellow,permanent wave,pop rock",0.526,0.785,7,-6.334,1,0.0305,0.000722,0.00174,0.1,0.0621,130.961,4
1nAGuIZXz6vb8XW0xiMqic,"2DlGxzQSjYe5N6G9nkYghR","Papi","Love?","Jennifer Lopez",2011-01-01,223493,58,spotify:user:fm8zp8w658g7ibbljmp6x7zax,2021-12-02T20:18:44Z,"dance pop,pop,pop rap,urban contemporary",0.705,0.805,4,-4.887,0,0.0595,0.134,0.000139,0.367,0.887,120.022,4
3C0nOe05EIt1390bVABLyN,"2DlGxzQSjYe5N6G9nkYghR,0TnOYISbd1XYRBk9myaseg","On The Floor","Love?","Jennifer Lopez,핏불",2011-01-01,284866,78,spotify:user:fm8zp8w658g7ibbljmp6x7zax,2021-12-02T20:18:54Z,"dance pop,pop,pop rap,urban contemporary,miami hip hop",0.73,0.777,3,-5.194,0,0.0496,0.105,0.000478,0.0691,0.575,130,4
1xEwrWA6PY5xItipiDcckk,"2WHbNs4WT5ZN7rbjDqbyEE","Green Green Dress","tick, tick... BOOM! (Soundtrack from the Netflix Film)","Joshua Henry",2021-11-12,42230,46,spotify:user:fm8zp8w658g7ibbljmp6x7zax,2021-12-02T20:19:30Z,"",0.531,0.816,1,-5.937,0,0.0666,0.315,0,0.449,0.268,138.088,4
7CKRTXTnDfo0Go8AgXp1tW,"0MZqxeVtllPhDp3d4nuUVI","Warriors (She-Ra and the Princesses of Power Theme Song)","Warriors (She-Ra and the Princesses of Power Theme Song)","Aaliyah Rose",2019-04-26,146068,49,spotify:user:fm8zp8w658g7ibbljmp6x7zax,2021-12-02T20:20:22Z,"",0.553,0.901,9,-3.131,0,0.151,0.092,0,0.11,0.536,144.989,4
3z8h0TU7ReDPLIbEnYhWZb,"1dfeR4HaWDbWqFHLkxsg1d","Bohemian Rhapsody","Bohemian Rhapsody (The Original Soundtrack)","Queen",2018-10-19,354947,73,spotify:user:fm8zp8w658g7ibbljmp6x7zax,2021-12-02T20:24:53Z,"classic rock,glam rock,rock",0.39,0.397,0,-9.963,0,0.0513,0.287,0,0.207,0.246,144.031,4
1jRqOOKWYcSTntRJpC6MTS,"1sYbTp9AgWvJb0mJBAB6eP","Lions Inside","Out For Blood","Valley Of Wolves",2018-01-12,240187,40,spotify:user:fm8zp8w658g7ibbljmp6x7zax,2021-12-02T20:27:16Z,"bossbeat,modern alternative rock,rebel blues",0.431,0.649,11,-3.565,0,0.0508,0.466,0.00492,0.102,0.564,167.851,3
6FB3v4YcR57y4tXFcdxI1E,"06HL4z0CvFAxyc27GXpf02","I Knew You Were Trouble.","Red (Big Machine Radio Release Special)","Taylor Swift",2012-10-22,219720,77,spotify:user:fm8zp8w658g7ibbljmp6x7zax,2021-12-02T20:30:50Z,"pop",0.622,0.469,3,-6.798,0,0.0363,0.00454,0.00000225,0.0335,0.679,77.019,4
1V6gIisPpYqgFeWbMLI0bA,"6S2OmqARrzebs0tKUEyXyp","Heart Attack","Demi","Demi Lovato",2013-01-01,210840,78,spotify:user:fm8zp8w658g7ibbljmp6x7zax,2021-12-02T20:30:52Z,"dance pop,pop,post-teen pop",0.504,0.785,8,-4.802,1,0.104,0.0738,0,0.239,0.502,173.968,4
6SUHMSU9EBORT2fskEirQE,"4fwikkWTgDv0A4gcnOFpcm","One Woman Army","One Woman Army","Porcelain Black",2014-03-05,216756,53,spotify:user:fm8zp8w658g7ibbljmp6x7zax,2021-12-02T20:31:00Z,"electropop,industrial pop",0.592,0.842,1,-6.421,0,0.11,0.0661,0,0.313,0.708,121.077,4
1u8c2t2Cy7UBoG4ArRcF5g,"06HL4z0CvFAxyc27GXpf02","Blank Space","1989 (Deluxe)","Taylor Swift",2014-01-01,231826,84,spotify:user:fm8zp8w658g7ibbljmp6x7zax,2021-12-02T20:31:12Z,"pop",0.76,0.703,5,-5.412,1,0.054,0.103,0,0.0913,0.57,95.997,4
3DXXKDbbZKyAZfNb96ST3q,"6S2OmqARrzebs0tKUEyXyp","Confident","Confident","Demi Lovato",2015-01-01,205745,70,spotify:user:fm8zp8w658g7ibbljmp6x7zax,2021-12-02T20:31:35Z,"dance pop,pop,post-teen pop",0.594,0.749,3,-6.251,1,0.0677,0.00188,0.000139,0.0869,0.344,130.064,4
26wLOs3ZuHJa2Ihhx6QIE6,"5Rl15oVamLq7FbSb0NNBNy","Teeth","13 Reasons Why (Season 3)","5 Seconds of Summer",2019-08-23,204887,78,spotify:user:fm8zp8w658g7ibbljmp6x7zax,2021-12-02T20:31:36Z,"boy band,dance pop,pop,post-teen pop",0.756,0.448,3,-2.993,0,0.0404,0.0508,0.00000387,0.11,0.431,139.031,4
1iupzLgX4O0Qosb4yDpYoz,"3e7awlrlDSwF3iM0WBjGMp","Salute","Salute (Expanded Edition)","Little Mix",2013-11-11,236013,63,spotify:user:fm8zp8w658g7ibbljmp6x7zax,2021-12-02T20:32:58Z,"dance pop,girl group,pop,post-teen pop,talent show,uk pop",0.641,0.732,2,-5.325,1,0.0509,0.0981,0,0.285,0.354,82.027,4
4cluDES4hQEUhmXj6TXkSo,"4AK6F7OLvEQ5QYCBNiQWHq","What Makes You Beautiful","Up All Night","One Direction",2012-05-25,199986,83,spotify:user:fm8zp8w658g7ibbljmp6x7zax,2021-12-02T20:33:21Z,"boy band,pop,post-teen pop,talent show",0.726,0.787,4,-2.494,1,0.0737,0.009,0,0.0596,0.888,124.99,4
1rqqCSm0Qe4I9rUvWncaom,"20JZFwl6HVl6yg8a4H3ZqK","High Hopes","Pray for the Wicked","Panic! At The Disco",2018-06-22,190946,80,spotify:user:fm8zp8w658g7ibbljmp6x7zax,2021-12-02T20:33:26Z,"modern rock",0.579,0.904,5,-2.729,1,0.0618,0.193,0,0.064,0.681,82.014,4
2CEgGE6aESpnmtfiZwYlbV,"6MF9fzBmfXghAz953czmBC","Dynamite","The Rokstarr Hits Collection","Taio Cruz",2010-01-01,202613,80,spotify:user:fm8zp8w658g7ibbljmp6x7zax,2021-12-02T20:35:20Z,"dance pop,edm,pop,pop rap",0.751,0.783,4,-3.724,1,0.0859,0.00379,0,0.036,0.816,119.975,4
4ylWMuGbMXNDgDd8lErEle,"5F1aoppMtU3OMiltO8ymJ2,7HV2RI2qNug4EcQqLbCAKS,6U1dBXJhC8gXFjamvFTmHg,6sCbFbEjbYepqswM1vWjjs,63nv0hWWDob56Rk8GlNpN8","The Greatest Show","The Greatest Showman (Original Motion Picture Soundtrack)","Hugh Jackman,Keala Settle,Zac Efron,Zendaya,The Greatest Showman Ensemble",2017-12-08,302146,71,spotify:user:fm8zp8w658g7ibbljmp6x7zax,2021-12-02T20:35:32Z,"hollywood,show tunes,broadway,pop,post-teen pop,dance pop,movie tunes",0.417,0.824,11,-7.36,0,0.105,0.000239,0.0545,0.0725,0.4,157.92,4
0FB5ILDICqwK6xj7W1RP9u,"3AQRLZ9PuTAozP28Skbq8V","Hall of Fame","#3 Deluxe Version","The Script",2012-09-10,201093,59,spotify:user:fm8zp8w658g7ibbljmp6x7zax,2021-12-02T20:36:08Z,"celtic rock,neo mellow,pop,pop rock",0.511,0.872,10,-4.414,1,0.0491,0.0807,0,0.0975,0.511,84.953,4
5knuzwU65gJK7IF5yJsuaW,"6MDME20pz9RveH9rEXvrOM,3Isy6kedDrgPYoTS1dazA9,1zNqDE7qDGCsyzJwohVaoX","Rockabye (feat. Sean Paul & Anne-Marie)","Rockabye (feat. Sean Paul & Anne-Marie)","Clean Bandit,Sean Paul,Anne-Marie",2016-10-21,251088,74,spotify:user:fm8zp8w658g7ibbljmp6x7zax,2021-12-02T20:37:11Z,"dance pop,edm,pop,pop dance,post-teen pop,tropical house,uk dance,uk funky,dancehall,pop rap,uk pop",0.72,0.763,9,-4.068,0,0.0523,0.406,0,0.18,0.742,101.965,4
7qiZfU4dY1lWllzX7mPBI3,"6eUKZXaKkcviH0Ku9w2n3V","Shape of You","÷ (Deluxe)","Ed Sheeran",2017-03-03,233712,85,spotify:user:fm8zp8w658g7ibbljmp6x7zax,2021-12-02T20:39:38Z,"pop,uk pop",0.825,0.652,1,-3.183,0,0.0802,0.581,0,0.0931,0.931,95.977,4
1cS0TgbR263ey9jn0MwD2s,"7dGJo4pcD2V6oG8kP0tJRR,6eUKZXaKkcviH0Ku9w2n3V","River (feat. Ed Sheeran)","Revival","Eminem,Ed Sheeran",2017-12-15,221013,73,spotify:user:fm8zp8w658g7ibbljmp6x7zax,2021-12-02T20:39:57Z,"detroit hip hop,hip hop,rap,pop,uk pop",0.748,0.749,8,-5.916,0,0.516,0.142,0,0.0713,0.659,90.09,4
7k5agf3Bo48jyzXrvrMuhb,"2garjIdgTW5i89s4Z3UT72,6mXcTwoata1hkaDMbkzw32,6RKS67sIPOW16NcGWkgdzF,2WHbNs4WT5ZN7rbjDqbyEE,6G9bygHlCyPgNGxK2l3YdE","Boho Days","tick, tick... BOOM! (Soundtrack from the Netflix Film)","Andrew Garfield,Robin de Jesus,Alexandra Shipp,Joshua Henry,Vanessa Hudgens",2021-11-12,88281,59,spotify:user:fm8zp8w658g7ibbljmp6x7zax,2021-12-02T21:12:19Z,"hollywood,show tunes,dance pop,pop,post-teen pop",0.781,0.595,1,-8.904,1,0.859,0.766,0,0.342,0.865,81.379,4
0F7FA14euOIX8KcbEturGH,"7jVv8c5Fj3E9VhNjxT4snq","Old Town Road","7 EP","Lil Nas X",2019-06-21,113000,76,spotify:user:fm8zp8w658g7ibbljmp6x7zax,2021-12-03T07:26:10Z,"lgbtq+ hip hop,pop",0.907,0.53,1,-6.112,1,0.127,0.0578,0.00000223,0.101,0.507,135.998,4
58HvfVOeJY7lUuCqF0m3ly,"67MNhiAICFY6Pwc2YxCO0K","MIDDLE OF THE NIGHT","MIDDLE OF THE NIGHT","Elley Duhé",2020-01-10,184447,88,spotify:user:fm8zp8w658g7ibbljmp6x7zax,2021-12-17T18:58:53Z,"alt z,pop",0.41,0.611,4,-8.271,0,0.0467,0.0228,0,0.116,0.0899,185.727,3
3KkXRkHbMCARz0aVfEt68P,"246dkjvS1zLTtiykXe5h60,1zNqQNIdeOUZHb8zbZRFMX","Sunflower - Spider-Man: Into the Spider-Verse","Spider-Man: Into the Spider-Verse (Soundtrack From & Inspired by the Motion Picture)","Post Malone,Swae Lee",2018-12-14,158040,82,spotify:user:fm8zp8w658g7ibbljmp6x7zax,2021-12-24T07:00:58Z,"dfw rap,melodic rap,rap,trap",0.76,0.479,2,-5.574,1,0.0466,0.556,0,0.0703,0.913,89.911,4
5QMl9rfN56MwfWVGzgE7ed,"2bdcBjvuI9worc472GbeU0","Spider-Man Theme - Epic Version (from No Way Home Trailer)","Spider-Man Theme - Epic Version (from No Way Home Trailer)","Samuel Kim",2021-09-03,132422,34,spotify:user:fm8zp8w658g7ibbljmp6x7zax,2021-12-24T07:02:55Z,"anime lo-fi",0.165,0.625,11,-9.277,1,0.0462,0.00391,0.943,0.173,0.0352,94.524,4
6AFck7IceEDRYCoaPE1eiD,"0YC192cP3KPCRWx8zr8MfZ,3TwaH6h6rvgPfzAiDMj0OY,2RdwBSPQiwcmiDo9kixcl8,2bA2YuQk2ID3PWNXUhQrWS","I'm Spider-Man","The Amazing Spider-Man 2 (The Original Motion Picture Soundtrack) [Deluxe]","Hans Zimmer,The Magnificent Six,Pharrell Williams,Johnny Marr",2014-04-11,64266,46,spotify:user:fm8zp8w658g7ibbljmp6x7zax,2021-12-24T07:13:45Z,"german soundtrack,orchestral soundtrack,soundtrack,hip hop,pop,pop rap,britpop,solo wave",0.424,0.705,9,-14.348,1,0.133,0.5,0.473,0.78,0.0869,89.965,3
27SdWb2rFzO6GWiYDBTD9j,"5WUlDfRSoLAfcVSX1WnrxN","Cheap Thrills","This Is Acting","Sia",2016-01-29,211666,78,spotify:user:fm8zp8w658g7ibbljmp6x7zax,2021-12-24T07:25:37Z,"australian dance,australian pop,dance pop,pop",0.628,0.698,6,-5.608,0,0.105,0.0472,0.00143,0.0907,0.732,89.976,4
0yvPEnB032fojLfVluFjUv,"6S2OmqARrzebs0tKUEyXyp","Sorry Not Sorry","Tell Me You Love Me","Demi Lovato",2017-09-29,203760,75,spotify:user:fm8zp8w658g7ibbljmp6x7zax,2021-12-24T07:26:48Z,"dance pop,pop,post-teen pop",0.706,0.643,11,-6.929,0,0.234,0.0242,0,0.262,0.885,143.931,4
6ocbgoVGwYJhOv1GgI9NsF,"66CXWjxzNUsdJxJ2JdwvnR","7 rings","thank u, next","Ariana Grande",2019-02-08,178626,84,spotify:user:fm8zp8w658g7ibbljmp6x7zax,2021-12-24T07:27:01Z,"dance pop,pop",0.778,0.317,1,-10.732,0,0.334,0.592,0,0.0881,0.327,140.048,4
6rvf3LeskQ5G5wodQvPh3y,"2bdcBjvuI9worc472GbeU0","What's Up Danger - Epic Orchestral Remix","What's Up Danger","Samuel Kim",2020-11-02,153108,30,spotify:user:fm8zp8w658g7ibbljmp6x7zax,2021-12-24T07:35:26Z,"anime lo-fi",0.269,0.736,7,-6.556,1,0.101,0.0209,0.281,0.274,0.342,106.572,5
6JOlNkT0QdHeZB0wPbI9IR,"1Cs0zKBU1kc0i8ypK3B9ai,0hCNtLu0JehylgoiP8L4Gh","Turn Me On (feat. Nicki Minaj)","Nothing but the Beat 2.0","David Guetta,Nicki Minaj",2011-08-24,199680,57,spotify:user:fm8zp8w658g7ibbljmp6x7zax,2021-12-24T07:38:59Z,"big room,dance pop,edm,pop,pop dance,hip pop,queens hip hop,rap",0.705,0.794,8,-2.266,1,0.0593,0.0488,0,0.575,0.412,127.961,4
1yOL7ZiXGx5ULeLoktAUAg,"6CwfuxIqcltXDGjfZsMd9A","Bubblegum Bitch","Electra Heart","MARINA",2012-04-27,154666,52,spotify:user:fm8zp8w658g7ibbljmp6x7zax,2021-12-24T07:39:22Z,"dance pop,electropop,metropopolis,pop,uk alternative pop",0.495,0.856,0,-5.123,0,0.0311,0.000219,0,0.103,0.609,158.024,4
5QpaGzWp0hwB5faV8dkbAz,"5aMmmNxw4vgpc5XC6hK0zp","Wherever You Will Go","Camino Palmero","The Calling",2001,208600,74,spotify:user:fm8zp8w658g7ibbljmp6x7zax,2021-12-24T07:40:33Z,"neo mellow,pop rock",0.558,0.719,2,-5.113,1,0.0267,0.0367,0,0.115,0.371,112.027,4
3LWDPEXEaLBRGNLbdcbwBR,"0BmLNz4nSLfoWYW1cYsElL","Mr. Saxobeat - Radio Edit","Saxobeats","Alexandra Stan",2011-11-16,195105,72,spotify:user:fm8zp8w658g7ibbljmp6x7zax,2021-12-24T07:40:41Z,"dance pop,electropop,romanian pop",0.726,0.931,11,-4.152,0,0.0468,0.0218,0.000283,0.143,0.797,126.976,4
7ElF5zxOwYP4qVSWVvse3W,"6MF9fzBmfXghAz953czmBC","Break Your Heart","The Rokstarr Hits Collection","Taio Cruz",2010-01-01,201546,74,spotify:user:fm8zp8w658g7ibbljmp6x7zax,2021-12-24T07:40:51Z,"dance pop,edm,pop,pop rap",0.607,0.934,3,-4.217,1,0.0314,0.0327,0,0.0909,0.568,122.01,4
5ZpcgCDNOOSmLW16vQ1pKd,"7qG3b048QCHVRO5Pv1T5lw,2NdeV5rLm47xAvogXrYhJX","Takin' Back My Love","Takin' Back My Love","Enrique Iglesias,Ciara",2008-01-01,229986,30,spotify:user:fm8zp8w658g7ibbljmp6x7zax,2021-12-24T07:41:51Z,"latin pop,mexican pop,dance pop,hip pop,pop,post-teen pop,r&b,urban contemporary",0.742,0.735,6,-4.803,0,0.0352,0.015,0.0000228,0.311,0.417,124.946,4
2ygMBIctKIAfbEBcT9065L,"1yxSLGMDHlW21z4YXirZDS","Pump It","Monkey Business","Black Eyed Peas",2005-01-01,213066,76,spotify:user:fm8zp8w658g7ibbljmp6x7zax,2021-12-24T07:45:17Z,"dance pop,pop,pop rap",0.648,0.931,1,-3.15,0,0.181,0.00937,0,0.752,0.744,153.649,4
4r8lRYnoOGdEi6YyI5OC1o,"6Ff53KvcvAj5U7Z1vojB5o","Bye Bye Bye","No Strings Attached","*NSYNC",2000-03-21,200560,66,spotify:user:fm8zp8w658g7ibbljmp6x7zax,2021-12-24T07:45:33Z,"boy band,dance pop,post-teen pop",0.614,0.928,8,-4.806,0,0.0516,0.0408,0.00104,0.0845,0.879,172.656,4
6ZmIw9YmXbptqITm1bycnm,"1yWjNh9SRE7C59A3LDIwVW","Poison - Radio Edit","Poison","Groove Coverage",2003,187493,54,spotify:user:fm8zp8w658g7ibbljmp6x7zax,2021-12-24T07:47:20Z,"bubblegum dance,eurodance,europop,german techno,hands up",0.552,0.977,7,-6.153,1,0.102,0.00522,0,0.102,0.322,134.888,4
4dzreTCcGVgeF1vCcd22AC,"1kM5rgJvkiDMOoKX56H6pX","Don't Stop Movin'","Sunshine","S Club 7",2001-11-26,233626,63,spotify:user:fm8zp8w658g7ibbljmp6x7zax,2021-12-24T07:49:07Z,"bubblegum dance,dance pop,europop,post-teen pop",0.822,0.672,7,-6.133,1,0.0329,0.0285,0,0.213,0.91,117.033,4
3FAclTFfvUuQYnEsptbK8w,"6Q192DXotxtaysaqNPy5yR","Back To Black","Back To Black (Deluxe Edition)","Amy Winehouse",2006,241293,80,spotify:user:fm8zp8w658g7ibbljmp6x7zax,2021-12-24T07:50:47Z,"british soul,neo soul",0.403,0.422,7,-13.964,0,0.0373,0.134,0.0000205,0.0861,0.378,122.728,4
35zGjsxI020C2NPKp2fzS7,"6Ff53KvcvAj5U7Z1vojB5o","It's Gonna Be Me","No Strings Attached","*NSYNC",2000-03-21,191040,62,spotify:user:fm8zp8w658g7ibbljmp6x7zax,2021-12-24T07:53:20Z,"boy band,dance pop,post-teen pop",0.644,0.874,0,-4.666,0,0.0801,0.0459,0.00000224,0.0584,0.882,165.09,4
1di1BEgJYzPvXUuinsYJGP,"5rSXSAkZ67PYJSvpUpkOr7","Everybody (Backstreet's Back) - Radio Edit","Backstreet's Back","Backstreet Boys",1997-08-12,225360,76,spotify:user:fm8zp8w658g7ibbljmp6x7zax,2021-12-24T07:53:48Z,"boy band,dance pop",0.731,0.853,10,-4.219,0,0.0363,0.0352,0,0.268,0.605,108.016,4
47BBI51FKFwOMlIiX6m8ya,"5rSXSAkZ67PYJSvpUpkOr7","I Want It That Way","Millennium","Backstreet Boys",1999-05-18,213306,81,spotify:user:fm8zp8w658g7ibbljmp6x7zax,2021-12-24T07:53:59Z,"boy band,dance pop",0.689,0.694,6,-5.83,0,0.027,0.257,0,0.148,0.482,99.039,4
6sbXGUn9V9ZaLwLdOfpKRE,"5rSXSAkZ67PYJSvpUpkOr7","Larger Than Life","Millennium","Backstreet Boys",1999-05-18,232826,69,spotify:user:fm8zp8w658g7ibbljmp6x7zax,2021-12-24T07:54:07Z,"boy band,dance pop",0.661,0.973,0,-2.994,0,0.037,0.11,0.0000174,0.617,0.75,108.037,4
1UReO1X8z8qcZRXXzly6FB,"3klZnJvYGIbWritVwQD434","Arcade","Loving You Is A Losing Game","Duncan Laurence",2020-11-23,185146,64,spotify:user:fm8zp8w658g7ibbljmp6x7zax,2022-01-09T22:07:38Z,"dutch pop",0.448,0.352,0,-11.504,1,0.047,0.813,0.00119,0.14,0.221,72.111,3
3RiPr603aXAoi4GHyXx0uy,"4gzpq5DPGxSnKTe4SA8HAU","Hymn for the Weekend","A Head Full of Dreams","Coldplay",2015-12-04,258266,84,spotify:user:fm8zp8w658g7ibbljmp6x7zax,2022-01-10T19:48:59Z,"permanent wave,pop",0.491,0.693,0,-6.487,0,0.0377,0.211,0.00000692,0.325,0.412,90.027,4
5W8HXMOMLtXLz0RGKUtnlZ,"4utLUGcTvOJFr6aqIJtYWV,6AgTAQt8XS6jRWi4sX7w49,4AA474G2hRfrHyGrfyDseO,7dGJo4pcD2V6oG8kP0tJRR","Last One Standing (feat. Polo G, Mozzy & Eminem) - From Venom: Let There Be Carnage","Last One Standing (feat. Polo G, Mozzy & Eminem) [From Venom: Let There Be Carnage]","Skylar Grey,Polo G,Mozzy,Eminem",2021-09-30,257368,71,spotify:user:fm8zp8w658g7ibbljmp6x7zax,2022-01-11T19:23:30Z,"piano rock,viral pop,chicago rap,rap,cali rap,pop rap,sacramento hip hop,southern hip hop,trap,detroit hip hop,hip hop",0.664,0.692,1,-4.128,0,0.127,0.237,0,0.0798,0.233,154.924,4
3yRwgprKX3If2zcuGfKFBu,"3wQcURnqzPGHE0gzY5nE6G","Only Teardrops","Only Teardrops","Emmelie de Forest",2013-05-02,183240,48,spotify:user:fm8zp8w658g7ibbljmp6x7zax,2022-01-13T02:50:55Z,"eurovision",0.561,0.844,0,-4.58,1,0.063,0.0945,0,0.22,0.446,110.968,4
5yDL13y5giogKs2fSNf7sj,"2NhdGz9EDv2FeUw6udu2g1","Glad You Came","Battleground (Deluxe Edition)","The Wanted",2011-01-01,197935,77,spotify:user:fm8zp8w658g7ibbljmp6x7zax,2022-01-26T20:57:07Z,"boy band,dance pop,edm,pop,pop rock,post-teen pop",0.722,0.851,7,-3.873,0,0.0639,0.0319,0,0.108,0.452,126.885,4
0F6Ock8AKmE7xk0oTLSaBI,"2r7POU2f5jV6x3k4vsNwrM,2xTCEPOD0C3AATZpjOtfXb","This is Mainstream - From Mainstream Soundtrack","This is Mainstream (From Mainstream Soundtrack)","Fiora,Eldad Guetta",2021-05-07,142048,18,spotify:user:fm8zp8w658g7ibbljmp6x7zax,2022-03-03T00:17:48Z,"vocal trance",0.519,0.807,4,-7.969,0,0.0386,0.0252,0.842,0.556,0.281,149.823,4
2knr7ikPt4l7bk92qS4ZXW,"49aaHxvAJ0tCh0F15OnwIl","Euphoria","Heal","Loreen",2012-10-19,214133,62,spotify:user:fm8zp8w658g7ibbljmp6x7zax,2022-03-07T18:17:03Z,"electropop,europop,eurovision,swedish pop",0.518,0.679,11,-5.406,0,0.0355,0.079,0.0000485,0.0588,0.106,132.146,4
0heE5tAAaDQmnGhVDImPl2,"0h3YCmvRJ2jqt4jFiR6nGL","Dynasty","Dynasty","MIIA",2016-01-29,225515,61,spotify:user:fm8zp8w658g7ibbljmp6x7zax,2022-03-14T23:55:00Z,"norwegian pop",0.493,0.594,8,-4.404,0,0.0378,0.256,0,0.0759,0.304,123.751,4
1FpVJ7HpZInE2GvhVE2TwT,"47mIJdHORyRerp4os813jD,6yhD1KjhLxIETFF7vIRf8B","Legends Never Die","Legends Never Die","League of Legends,Against The Current",2017-09-15,235000,77,spotify:user:fm8zp8w658g7ibbljmp6x7zax,2022-03-18T22:22:05Z,"speedrun,video game music,neon pop punk,pixie,pop punk",0.498,0.598,4,-6.638,0,0.0377,0.00786,0,0.111,0.0573,140.078,4
5UlnuulVAVmmesw4VzqHdG,"53XhwfbYqKCa1cC15pYq2q,57nPqD7z62gDdq37US9XJR,47mIJdHORyRerp4os813jD","Enemy - From the series Arcane League of Legends","Enemy (from the series Arcane League of Legends)","Imagine Dragons,Arcane,League of Legends",2021-10-27,173381,78,spotify:user:fm8zp8w658g7ibbljmp6x7zax,2022-03-18T22:35:03Z,"modern rock,rock,speedrun,video game music",0.722,0.745,7,-4.164,1,0.256,0.247,0,0.419,0.52,77.029,4
5wQnmLuC1W7ATsArWACrgW,"7FBcuc1gsnv6Y1nwFtNRCb","Welcome to the Black Parade","The Black Parade","My Chemical Romance",2006-10-23,311106,77,spotify:user:fm8zp8w658g7ibbljmp6x7zax,2022-03-21T20:35:21Z,"emo,pop punk",0.217,0.905,2,-4.103,1,0.0752,0.000289,0.00011,0.222,0.236,96.95,4
0jdny0dhgjUwoIp5GkqEaA,"6LqNN22kT3074XbTVUrhzX","Praying","Rainbow","Kesha",2017-08-11,230266,69,spotify:user:fm8zp8w658g7ibbljmp6x7zax,2022-03-30T14:49:25Z,"dance pop,pop,post-teen pop",0.543,0.39,10,-7.202,1,0.0322,0.489,0,0.111,0.303,73.415,4
6aqNCrRA7vs7v6QvRpI50t,"6UE7nl9mha6s8z0wFQFIZ2","Dancing On My Own","Body Talk","Robyn",2010-01-01,285853,62,spotify:user:fm8zp8w658g7ibbljmp6x7zax,2022-04-02T17:42:38Z,"art pop,dance pop,electropop,europop,pop,scandipop,swedish electropop,swedish pop",0.674,0.857,6,-5.328,1,0.0346,0.0557,0.196,0.0942,0.278,117.028,4
0MXMNgjjtOBxAjfw8a4lwL,"3e7awlrlDSwF3iM0WBjGMp","DNA","DNA (Expanded Edition)","Little Mix",2012-11-19,238733,55,spotify:user:fm8zp8w658g7ibbljmp6x7zax,2022-04-23T15:31:38Z,"dance pop,girl group,pop,post-teen pop,talent show,uk pop",0.535,0.711,3,-4.898,0,0.0541,0.0336,0.0000335,0.0722,0.294,140.928,4
03xt2LxOcbaJn81ndTUsMD,"2garjIdgTW5i89s4Z3UT72,6RKS67sIPOW16NcGWkgdzF","Green Green Dress - bonus track","tick, tick... BOOM! (Soundtrack from the Netflix Film)","Andrew Garfield,Alexandra Shipp",2021-11-12,152552,56,spotify:user:fm8zp8w658g7ibbljmp6x7zax,2022-05-11T06:41:55Z,"hollywood,show tunes",0.623,0.784,10,-5.839,1,0.0541,0.00904,0.000295,0.174,0.632,151.744,4
4R143YA7DPJPJbnHcbZYm1,"3e7awlrlDSwF3iM0WBjGMp","DNA","Between Us (Deluxe Version)","Little Mix",2021-11-12,236733,37,spotify:user:fm8zp8w658g7ibbljmp6x7zax,2022-05-25T18:30:51Z,"dance pop,girl group,pop,post-teen pop,talent show,uk pop",0.53,0.698,3,-4.89,0,0.0511,0.0325,0.0000405,0.12,0.301,140.893,4
1DIXPcTDzTj8ZMHt3PDt8p,"3y24n3XhZ96wgwRXjvS17T,2LhsePRtgCo4THVKULQBL7","Gangsta's Paradise","Gangsta's Paradise","Coolio,L.V.",1995-11-07,240693,87,spotify:user:fm8zp8w658g7ibbljmp6x7zax,2022-05-26T13:07:03Z,"g funk,gangster rap,hip hop,rap,west coast rap",0.647,0.514,8,-10.05,1,0.0593,0.0655,0,0.398,0.386,79.975,4
7o2CTH4ctstm8TNelqjb51,"3qm84nBOXUEQ2vnTfUTTFC","Sweet Child O' Mine","Appetite For Destruction","Guns N' Roses",1987-07-21,354520,83,spotify:user:fm8zp8w658g7ibbljmp6x7zax,2022-05-26T13:07:19Z,"glam metal,hard rock,rock",0.454,0.91,6,-7.766,1,0.0448,0.0866,0.0996,0.116,0.629,125.116,4
44n97yHySt0Z9rqPaXgjCK,"26VFTg2z8YR0cCuwLzESi2","Sorry","hopeless fountain kingdom (Deluxe)","Halsey",2017-06-02,220540,72,spotify:user:fm8zp8w658g7ibbljmp6x7zax,2022-06-02T20:03:38Z,"dance pop,electropop,etherpop,indie poptimism,pop",0.513,0.25,5,-9.376,0,0.0367,0.913,0,0.117,0.351,74.103,4
5ln5yQdUywVbf8HhFsOcd6,"26VFTg2z8YR0cCuwLzESi2","Walls Could Talk","hopeless fountain kingdom (Deluxe)","Halsey",2017-06-02,101789,77,spotify:user:fm8zp8w658g7ibbljmp6x7zax,2022-06-02T20:09:29Z,"dance pop,electropop,etherpop,indie poptimism,pop",0.626,0.423,1,-6.035,1,0.0513,0.128,0,0.18,0.571,95.162,4
7lPrG609DAZF6mCf5EjfCa,"73jlPRxT7z5xk29sMqFDjU,647D92XNDYTUt5A0idePJ4","Hurts Like Hell","Cinematic Songs (Vol. 1)","Tommee Profitt,Fleurie",2017-01-13,232593,53,spotify:user:fm8zp8w658g7ibbljmp6x7zax,2022-06-02T20:32:51Z,"anthem worship,indie poptimism,nashville singer-songwriter",0.333,0.129,9,-12.875,0,0.0382,0.753,0.00000925,0.107,0.0664,129.927,3
5k38wzpLb15YgncyWdTZE4,"02kJSzxNuaWGqwubyUba0Z,26VFTg2z8YR0cCuwLzESi2","Him & I (with Halsey)","The Beautiful & Damned","G-Eazy,Halsey",2017-12-15,268866,78,spotify:user:fm8zp8w658g7ibbljmp6x7zax,2022-06-02T20:39:55Z,"indie pop rap,oakland hip hop,pop,pop rap,rap,dance pop,electropop,etherpop,indie poptimism",0.589,0.731,2,-6.343,1,0.0868,0.0534,0,0.308,0.191,87.908,4
70x6BFVprBNiVknQgOy8zs,"6TV0LZ3BaEun0OQEh96elP","Only Love","Only Love","Jordan Smith",2018-08-10,244880,50,spotify:user:fm8zp8w658g7ibbljmp6x7zax,2022-06-02T20:47:13Z,"australian talent show,idol",0.541,0.462,5,-6.28,0,0.0295,0.307,0,0.0995,0.3,134.823,4
1isXdpzFMO6EIkgdWjV2D8,"6fOMl44jA4Sp5b9PpYCkzz,6BXionV4R0BunrFpSwIMUK","Can You Hold Me","Mansion","NF,Britt Nicole",2015-03-31,221200,63,spotify:user:fm8zp8w658g7ibbljmp6x7zax,2022-06-02T21:35:56Z,"hip hop,pop rap,rap,ccm,cedm,christian alternative rock,christian music,worship",0.571,0.656,4,-6.211,0,0.0516,0.207,0.0000562,0.0731,0.0847,132.005,3
1n73Qe6oEprLsUNHXET2pb,"3e7awlrlDSwF3iM0WBjGMp","Love Me or Leave Me","Get Weird (Expanded Edition)","Little Mix",2015-11-06,206493,70,spotify:user:fm8zp8w658g7ibbljmp6x7zax,2022-06-02T21:48:30Z,"dance pop,girl group,pop,post-teen pop,talent show,uk pop",0.437,0.351,6,-6.823,0,0.0313,0.566,0,0.0888,0.383,68.659,4
2zRiYzBzeabQQ16BK3c6jk,"26VFTg2z8YR0cCuwLzESi2","Heaven In Hiding","hopeless fountain kingdom (Deluxe)","Halsey",2017-06-02,207173,54,spotify:user:fm8zp8w658g7ibbljmp6x7zax,2022-06-02T21:58:25Z,"dance pop,electropop,etherpop,indie poptimism,pop",0.55,0.874,1,-3.954,0,0.136,0.0957,0,0.0618,0.476,117.926,4
0udoMICxzaUbNUT8EVRq8B,"5WUlDfRSoLAfcVSX1WnrxN","Elastic Heart - Piano Version","1000 Forms Of Fear (Deluxe Version)","Sia",2015-05-04,250133,65,spotify:user:fm8zp8w658g7ibbljmp6x7zax,2022-06-02T22:03:59Z,"australian dance,australian pop,dance pop,pop",0.44,0.306,9,-5.403,1,0.0377,0.903,0,0.0888,0.25,71.021,4
1HuIahUPUXCx7Kz4rgMXFU,"4JNfz6aO9ZFz0gp5GY88am","O.D.D.","From The Outside","Hey Violet",2017-06-16,222689,57,spotify:user:fm8zp8w658g7ibbljmp6x7zax,2022-06-02T22:11:33Z,"alt z,electropop,indie poptimism,pixie,pop,post-teen pop,social media pop",0.553,0.611,6,-6.468,1,0.0464,0.00935,0.00000104,0.149,0.369,154.094,4
35FjZytt5TukIgJD86UybL,"26VFTg2z8YR0cCuwLzESi2","I HATE EVERYBODY","Manic","Halsey",2020-01-17,171015,51,spotify:user:fm8zp8w658g7ibbljmp6x7zax,2022-06-02T22:14:50Z,"dance pop,electropop,etherpop,indie poptimism,pop",0.679,0.197,5,-7.078,1,0.0331,0.137,0,0.0887,0.559,79.504,4
3MLiV0gaOCQkFf6FXdSaog,"26VFTg2z8YR0cCuwLzESi2","Trouble - Stripped","Room 93","Halsey",2015-04-14,214719,51,spotify:user:fm8zp8w658g7ibbljmp6x7zax,2022-06-02T22:27:55Z,"dance pop,electropop,etherpop,indie poptimism,pop",0.684,0.445,8,-6.795,0,0.0328,0.805,0.00000724,0.178,0.428,120.073,4
5EB8VcvjvNC8YSw3fZb7eP,"3M4yELotVvM0dsg32ewGSl","Devil on My Shoulder","Devil on My Shoulder","Faith Marie",2017-04-26,278169,50,spotify:user:fm8zp8w658g7ibbljmp6x7zax,2022-06-02T22:41:50Z,"alt z",0.402,0.425,11,-6.987,0,0.0417,0.269,0.00000496,0.0666,0.316,145.048,4
0hnHoQbEQOL4YUZ4SO6xbe,"6SvFyXN6qzhw95Bj4HoevV","Calling All the Monsters","Calling All The Monsters","China Anne McClain",2011-01-01,206675,51,spotify:user:fm8zp8w658g7ibbljmp6x7zax,2022-07-29T05:53:22Z,"disney,pop,post-teen pop",0.56,0.826,6,-5.866,0,0.0976,0.00272,0,0.487,0.492,141.974,4
10hMM5nsZQf66ldBlgWBfG,"2feDdbD5araYcm6JhFHHw7,6sCbFbEjbYepqswM1vWjjs","All For Us - from the HBO Original Series Euphoria","All For Us (from the HBO Original Series Euphoria)","Labrinth,Zendaya",2019-08-04,192986,74,spotify:user:fm8zp8w658g7ibbljmp6x7zax,2022-07-29T17:50:22Z,"indie poptimism,pop,dance pop,post-teen pop",0.348,0.652,3,-7.145,1,0.0931,0.0165,0.000264,0.33,0.172,70.956,4
30XBkzzcubUJLANeXM4D0C,"2feDdbD5araYcm6JhFHHw7,6sCbFbEjbYepqswM1vWjjs","I’m Tired (with Zendaya) - Bonus Track","EUPHORIA SEASON 2 OFFICIAL SCORE (FROM THE HBO ORIGINAL SERIES)","Labrinth,Zendaya",2022-04-22,187943,63,spotify:user:fm8zp8w658g7ibbljmp6x7zax,2022-07-29T23:00:23Z,"indie poptimism,pop,dance pop,post-teen pop",0.375,0.133,0,-10.624,0,0.0352,0.651,0,0.0695,0.192,131.721,4
5KGTKwOePys7aH4o6EzXEP,"5WUlDfRSoLAfcVSX1WnrxN","I'm Still Here","I'm Still Here","Sia",2018-10-12,241910,58,spotify:user:fm8zp8w658g7ibbljmp6x7zax,2022-08-01T17:12:48Z,"australian dance,australian pop,dance pop,pop",0.437,0.719,6,-4.569,0,0.0376,0.00697,0.0000386,0.0765,0.284,169.976,4
3LuaxVf1C3jAJO6kzQgbIg,"5W10uJRsbt9bROJDKoI1Wn","Me in 20 Years","græ","Moses Sumney",2020-05-15,220826,52,spotify:user:fm8zp8w658g7ibbljmp6x7zax,2022-08-01T17:13:12Z,"alternative r&b,art pop,indie soul,la pop",0.367,0.376,9,-6.863,1,0.0314,0.759,0.0157,0.121,0.0652,111.451,4
6Kkt27YmFyIFrcX3QXFi2o,"163tK9Wjr9P9DmM0AVK7lm","Liability","Melodrama","Lorde",2017-06-16,171727,74,spotify:user:fm8zp8w658g7ibbljmp6x7zax,2022-08-01T18:49:13Z,"art pop,metropopolis,nz pop,pop",0.587,0.229,10,-11.254,0,0.128,0.92,0,0.1,0.379,75.67,4
78qd8dvwea0Gosb6Fe6j3k,"5cj0lLjcoR7YOSnhnX0Po5","Boss Bitch","Boss Bitch","Doja Cat",2020-01-23,134239,78,spotify:user:fm8zp8w658g7ibbljmp6x7zax,2022-08-20T20:59:00Z,"dance pop,pop",0.707,0.955,10,-4.593,0,0.222,0.127,0,0.202,0.575,125.989,4
77ePeF9L2QKvKrSsWpJXBF,"1ruutHJcECI7cos2n5TqpO","Suave (Kiss Me) (feat. Mohombi & Pitbull)","Suave (Kiss Me) (feat. Mohombi & Pitbull) - Single","Nayer",2011-08-02,222057,59,spotify:user:fm8zp8w658g7ibbljmp6x7zax,2022-08-24T06:22:23Z,"deep dance pop",0.732,0.945,10,-4.056,0,0.137,0.0351,0,0.28,0.636,127.949,4
2fgsTIpGlD5odlua0y7gIQ,"4sD9znwiVFx9cgRPZ42aQ1","Drink Before the War","Lion and the Cobra","Sinéad O'Connor",1987-11-04,323133,14,spotify:user:fm8zp8w658g7ibbljmp6x7zax,2022-08-24T08:15:19Z,"lilith,new wave pop,pop rock,singer-songwriter",0.508,0.265,8,-12.254,0,0.0316,0.537,0.0046,0.15,0.0973,123.936,4
1ZdhOMWyFR8Iv9eylMGYg2,"2feDdbD5araYcm6JhFHHw7","Mount Everest","Imagination & the Misfit Kid","Labrinth",2019-11-22,157497,82,spotify:user:fm8zp8w658g7ibbljmp6x7zax,2022-08-24T08:36:55Z,"indie poptimism,pop",0.494,0.428,0,-7.239,0,0.205,0.236,0.0698,0.0816,0.44,87.724,4
3oM8s8hnrh6xjKv1iycJaZ,"4hR6Bm9YYtktXzjmKhb1Cn","sad4whattt - From Euphoria An HBO Original Series","sad4whattt (From Euphoria An HBO Original Series)","ericdoa",2022-01-28,118670,56,spotify:user:fm8zp8w658g7ibbljmp6x7zax,2022-08-24T08:43:03Z,"glitchcore,hyperpop",0.58,0.76,9,-8.019,1,0.0335,0.00831,0.00000431,0.667,0.273,98.308,4
4ygHciaqoNzPFmU5FWW2xj,"7usRCDCEwBR7ZMg48VTCnE","AIRHEAD","AIRHEAD","Wes Patrick",2022-05-20,140818,49,spotify:user:fm8zp8w658g7ibbljmp6x7zax,2022-08-24T08:48:36Z,"",0.579,0.62,9,-6.276,1,0.0508,0.234,0,0.127,0.8,165.001,4
2Y0e63lFYLMKvyO8WQFVpd,"2OO8b2lJRMlVND8rpe9CWb,28Jt29jw6Smc3ZkzALTouq","Pop That","Pop That","Black Militia,DJ Chose",2022-06-13,184659,36,spotify:user:fm8zp8w658g7ibbljmp6x7zax,2022-08-24T09:04:46Z,"houston rap,viral rap",0.729,0.773,10,-5.164,0,0.151,0.0535,0,0.344,0.62,172.041,4
1gLVxgQtLYaaQXvTfcntlk,"7DYPs6H8VJGxvuGu0FaV3M","Don't Sweat","It Wasn't Luck","Luck",2022-06-24,206965,40,spotify:user:fm8zp8w658g7ibbljmp6x7zax,2022-08-24T11:51:29Z,"",0.673,0.694,9,-6.05,1,0.0486,0.0399,0,0.0919,0.129,104.936,4
4AoV9w6Pn8yM7wth7WZxyc,"0b9SpFqsoxkyoTbZqLlzSs","Take A Chance","Take A Chance","moonlght",2022-06-24,115000,40,spotify:user:fm8zp8w658g7ibbljmp6x7zax,2022-08-24T11:56:40Z,"",0.721,0.679,7,-7.095,0,0.0328,0.0296,0,0.102,0.503,120.076,4
4bD7Kou1RBS5WnGjo1EWAt,"0b9SpFqsoxkyoTbZqLlzSs","Gold Digger","Gold Digger","moonlght",2022-07-08,115040,40,spotify:user:fm8zp8w658g7ibbljmp6x7zax,2022-08-24T12:04:27Z,"",0.874,0.785,2,-5.521,1,0.0459,0.535,0.116,0.137,0.759,124.018,4
1os3BdAp6tMsj08iPW31hq,"3IstlZaHyUP9SONpulb4SM,6lf87fQtPsuLQR6jQDhTm2","Know My Rights (feat. Xander Goodheart)","Know My Rights (feat. Xander Goodheart)","Chris Webby,Xander Goodheart",2022-06-01,200063,43,spotify:user:fm8zp8w658g7ibbljmp6x7zax,2022-08-24T12:13:31Z,"hip hop,indie pop rap,pop rap,rap",0.675,0.582,2,-7.104,1,0.429,0.147,0,0.136,0.701,175.742,4
0uTw7TNnYn64XmCAo5jr0c,"12Zk1DFhCbHY6v3xep2ZjI","The Pines","Modus Vivendi","070 Shake",2020-01-17,213613,44,spotify:user:fm8zp8w658g7ibbljmp6x7zax,2022-09-08T19:43:20Z,"new jersey rap",0.522,0.439,9,-7.037,0,0.0345,0.0345,0.00000916,0.424,0.176,163.927,4
0hquQWY3xvYqN4qtiquniF,"5cj0lLjcoR7YOSnhnX0Po5","Vegas (From the Original Motion Picture Soundtrack ELVIS)","Vegas (From the Original Motion Picture Soundtrack ELVIS)","Doja Cat",2022-05-06,182906,87,spotify:user:fm8zp8w658g7ibbljmp6x7zax,2022-09-23T20:24:26Z,"dance pop,pop",0.801,0.601,8,-7.574,0,0.255,0.0777,0.0000323,0.145,0.74,159.969,4
5xYC48nOppVemY6U5GRGTb,"1Cs0zKBU1kc0i8ypK3B9ai,0fA0VVWsXO9YnASrzqfmYu","Memories (feat. Kid Cudi)","One More Love","David Guetta,Kid Cudi",2010-11-22,210853,76,spotify:user:fm8zp8w658g7ibbljmp6x7zax,2022-09-23T20:26:08Z,"big room,dance pop,edm,pop,pop dance,hip hop,ohio hip hop,rap",0.546,0.916,8,-3.932,1,0.255,0.00144,0.00000434,0.251,0.375,129.983,4
71vsEyBd4X1D5BUmLdFSVH,"5yG7ZAZafVaAlMTeBybKAL,5CCwRZC6euC8Odo6y9X8jr","Black Widow","The New Classic","Iggy Azalea,Rita Ora",2014-01-01,209423,67,spotify:user:fm8zp8w658g7ibbljmp6x7zax,2022-09-23T20:42:23Z,"australian hip hop,dance pop,hip pop,pop,pop rap,post-teen pop,rap,viral rap,edm,electropop,tropical house,uk pop",0.743,0.72,11,-3.753,1,0.124,0.192,0.000386,0.109,0.519,163.99,4
78qd8dvwea0Gosb6Fe6j3k,"5cj0lLjcoR7YOSnhnX0Po5","Boss Bitch","Boss Bitch","Doja Cat",2020-01-23,134239,78,spotify:user:fm8zp8w658g7ibbljmp6x7zax,2022-09-23T20:45:54Z,"dance pop,pop",0.707,0.955,10,-4.593,0,0.222,0.127,0,0.202,0.575,125.989,4
5WQQIDU3HRaMyPkob8mpFb,"5pKCCKE2ajJHZ9KAiaK11H","Where Have You Been","Talk That Talk","Rihanna",2011-11-18,242680,72,spotify:user:fm8zp8w658g7ibbljmp6x7zax,2022-09-24T18:47:55Z,"barbadian pop,dance pop,pop,urban contemporary",0.719,0.847,0,-6.34,0,0.0916,0.00201,0.0204,0.221,0.444,127.963,4
6MPn82FDfOB2frXG2T4lR3,"26dSoYclwsYLMAKD3tpOr4","(You Drive Me) Crazy - The Stop Remix!","Greatest Hits: My Prerogative","Britney Spears",2004-11-08,196666,54,spotify:user:fm8zp8w658g7ibbljmp6x7zax,2022-09-24T19:09:41Z,"dance pop,pop",0.684,0.963,8,-2.397,1,0.0459,0.092,0.0000627,0.352,0.781,101.078,4
3nqQXoyQOWXiESFLlDF1hG,"2wY79sveU1sp5g7SokKOiI,3Xt3RrJMFv5SZkCfUE8C1J","Unholy (feat. Kim Petras)","Unholy (feat. Kim Petras)","Sam Smith,Kim Petras",2022-09-22,156943,100,spotify:user:fm8zp8w658g7ibbljmp6x7zax,2022-09-29T07:44:52Z,"dance pop,pop,uk pop,post-teen pop,transpop",0.714,0.472,2,-7.375,1,0.0864,0.013,0.00000451,0.266,0.238,131.121,4
6LUOMjoORvAkdhBYvESO46,"5WUlDfRSoLAfcVSX1WnrxN,7vk5e3vY1uw9plTHJAMwjN","Move Your Body - Alan Walker Remix","This Is Acting (Deluxe Version)","Sia,Alan Walker",2016-10-21,217906,66,spotify:user:fm8zp8w658g7ibbljmp6x7zax,2022-10-26T11:56:13Z,"australian dance,australian pop,dance pop,pop,electro house",0.636,0.789,10,-4.905,0,0.0892,0.0834,0.000896,0.391,0.4,128.028,4
