Spotify ID,Artist IDs,Track Name,Album Name,Artist Name(s),Release Date,Duration (ms),Popularity,Added By,Added At,Genres,Danceability,Energy,Key,Loudness,Mode,Speechiness,Acousticness,Instrumentalness,Liveness,Valence,Tempo,Time Signature
78QR3Wp35dqAhFEc2qAGjE,"5f7VJjfbwm532GiveGC0ZK,2hlmm7s2ICUX0LVIhVFlZQ","Drip Too Hard (Lil Baby & Gunna)","Drip Harder","Lil Baby,Gunna",2018-10-05,145542,84,spotify:user:313wazggb7mkoes76a7igu3cq3jy,2022-01-01T02:11:17Z,"atl hip hop,atl trap,rap,trap,hip hop,melodic rap",0.897,0.662,1,-6.903,0,0.292,0.0852,0,0.534,0.389,112.511,4
5BbdKBZO0TH0GhfxUfyhL9,"5f7VJjfbwm532GiveGC0ZK","Freestyle","Too Hard","Lil Baby",2017-12-01,162053,83,spotify:user:313wazggb7mkoes76a7igu3cq3jy,2022-06-23T13:29:17Z,"atl hip hop,atl trap,rap,trap",0.877,0.517,2,-5.426,0,0.0706,0.217,0,0.143,0.255,119.996,4
02RCbjb9czvQKNGBmEmWob,"5f7VJjfbwm532GiveGC0ZK","Woah","My Turn","Lil Baby",2020-02-28,183011,65,spotify:user:313wazggb7mkoes76a7igu3cq3jy,2022-06-23T13:29:31Z,"atl hip hop,atl trap,rap,trap",0.883,0.599,11,-5.551,1,0.248,0.0177,0,0.179,0.413,142.976,4
4lUmnwRybYH7mMzf16xB0y,"5f7VJjfbwm532GiveGC0ZK,3hcs9uc56yIGFCSy9leWe7,0Y5tJX1MQlPlqiwlOH1tJY","Hats Off (feat. Travis Scott)","The Voice of the Heroes","Lil Baby,Lil Durk,Travis Scott",2021-06-04,257428,68,spotify:user:313wazggb7mkoes76a7igu3cq3jy,2022-09-02T02:17:24Z,"atl hip hop,atl trap,rap,trap,chicago drill,chicago rap,drill,hip hop,slap house",0.596,0.65,9,-5.167,1,0.337,0.138,0,0.14,0.188,133.997,4
577YBGuskWkVDCxZrLRB4v,"5f7VJjfbwm532GiveGC0ZK","Pure Cocaine","Street Gossip","Lil Baby",2018-11-30,154023,80,spotify:user:313wazggb7mkoes76a7igu3cq3jy,2022-09-07T20:24:28Z,"atl hip hop,atl trap,rap,trap",0.964,0.487,10,-6.071,0,0.421,0.00127,0.00000657,0.115,0.107,127.05,4
3ihIZrJreMJPjQdNLrEXnP,"5f7VJjfbwm532GiveGC0ZK","In A Minute","In A Minute","Lil Baby",2022-04-07,200470,74,spotify:user:313wazggb7mkoes76a7igu3cq3jy,2022-09-11T23:09:50Z,"atl hip hop,atl trap,rap,trap",0.643,0.605,4,-5.968,0,0.297,0.0336,0,0.112,0.145,84.216,4
1EJIcDYXwSqipW5dFe4uJz,"0QHgL1lAIqAw0HtD7YldmP,5f7VJjfbwm532GiveGC0ZK,3hcs9uc56yIGFCSy9leWe7","EVERY CHANCE I GET (feat. Lil Baby & Lil Durk)","KHALED KHALED","DJ Khaled,Lil Baby,Lil Durk",2021-04-30,236524,77,spotify:user:313wazggb7mkoes76a7igu3cq3jy,2022-09-11T23:10:12Z,"hip hop,miami hip hop,pop rap,rap,southern hip hop,trap,atl hip hop,atl trap,chicago drill,chicago rap,drill",0.477,0.727,2,-4.053,1,0.286,0.000866,0,0.108,0.227,150.062,4
2bSk87AVkCIIC3Bcligq1z,"5f7VJjfbwm532GiveGC0ZK,2hlmm7s2ICUX0LVIhVFlZQ,4O15NlyKLIASxsJ0PrXPfz","Life Goes On","Harder Than Ever","Lil Baby,Gunna,Lil Uzi Vert",2018-05-18,247054,75,spotify:user:313wazggb7mkoes76a7igu3cq3jy,2022-09-25T14:59:33Z,"atl hip hop,atl trap,rap,trap,hip hop,melodic rap,philly rap",0.716,0.541,1,-7.909,1,0.149,0.0021,0,0.115,0.387,139.978,4
4TIqzdAssasqx3DAe6cG9J,"6C1ohJrd5VydigQtaGy5Wa,5f7VJjfbwm532GiveGC0ZK","Ramen & OJ","Ramen & OJ","Joyner Lucas,Lil Baby",2021-04-30,218447,74,spotify:user:313wazggb7mkoes76a7igu3cq3jy,2022-10-01T14:45:54Z,"boston hip hop,hip hop,pop rap,rap,atl hip hop,atl trap,trap",0.597,0.571,1,-6.205,0,0.293,0.492,0,0.093,0.165,106.196,3
6ws54n2IzyrIxxyzlG2bVJ,"5f7VJjfbwm532GiveGC0ZK","Right On","Right On","Lil Baby",2022-04-08,213975,73,spotify:user:313wazggb7mkoes76a7igu3cq3jy,2022-10-02T14:20:22Z,"atl hip hop,atl trap,rap,trap",0.535,0.618,2,-5.668,1,0.382,0.0245,0,0.103,0.211,165.991,4
1dg3qy5DjoJodawfOCgrTP,"6jGMq4yGs7aQzuGsMgVgZR,4DdkRBBYG6Yk9Ka8tdJ9BW,3tJoFztHeIJkJWMrx0td2f","Run It Up (feat. Offset & Moneybagg Yo)","Destined 2 Win","Lil Tjay,Offset,Moneybagg Yo",2021-04-02,232048,77,spotify:user:313wazggb7mkoes76a7igu3cq3jy,2022-10-04T11:19:22Z,"brooklyn drill,melodic rap,nyc rap,atl hip hop,hip hop,pop rap,rap,southern hip hop,trap,memphis hip hop,tennessee hip hop",0.88,0.575,6,-6.091,1,0.163,0.415,0,0.109,0.671,120.031,4
3F5CgOj3wFlRv51JsHbxhe,"3TVXtAsR1Inumwj472S9r4,1URnnhqYAYcrqrcwql10ft","Jimmy Cooks (feat. 21 Savage)","Honestly, Nevermind","Drake,21 Savage",2022-06-17,218364,90,spotify:user:313wazggb7mkoes76a7igu3cq3jy,2022-10-04T11:21:10Z,"canadian hip hop,canadian pop,hip hop,rap,toronto rap,atl hip hop",0.529,0.673,0,-4.711,1,0.175,0.000307,0.00000241,0.093,0.366,165.921,4
4uhvMW7ly7tJil31YYscAN,"4O15NlyKLIASxsJ0PrXPfz","Erase Your Social","The Perfect LUV Tape","Lil Uzi Vert",2016-08-10,199993,73,spotify:user:313wazggb7mkoes76a7igu3cq3jy,2022-10-04T11:22:08Z,"melodic rap,philly rap,rap,trap",0.705,0.609,3,-5.728,1,0.0729,0.694,0,0.234,0.718,140.058,4
2MPfWVq2YFGdNTSLoj4RgA,"0X3nsc84A9qlFilmlWNwQb","Love Letter","Catch Me If You Can","Scorey",2021-10-29,172307,62,spotify:user:313wazggb7mkoes76a7igu3cq3jy,2022-10-05T13:31:23Z,"upstate ny rap",0.689,0.592,2,-7.523,1,0.0638,0.0239,0,0.389,0.332,155.958,4
2BJWxD8xKrDv8vneTvTIm9,"6jGMq4yGs7aQzuGsMgVgZR","Beat the Odds","Beat the Odds","Lil Tjay",2022-08-26,150000,78,spotify:user:313wazggb7mkoes76a7igu3cq3jy,2022-10-05T18:32:29Z,"brooklyn drill,melodic rap,nyc rap",0.498,0.625,8,-7.452,0,0.342,0.054,0,0.175,0.478,84.821,4
1pUvY7QcCCSmhbYGuYboQy,"0X3nsc84A9qlFilmlWNwQb","Rock N Roll","Catch Me If You Can","Scorey",2021-10-29,111769,58,spotify:user:313wazggb7mkoes76a7igu3cq3jy,2022-10-06T12:37:52Z,"upstate ny rap",0.689,0.665,1,-6.467,1,0.135,0.0948,0,0.161,0.531,155.954,4
16g0MvK60Z79npuD4wvh4E,"5f7VJjfbwm532GiveGC0ZK","Same Thing","My Turn (Deluxe)","Lil Baby",2020-05-01,162791,44,spotify:user:313wazggb7mkoes76a7igu3cq3jy,2022-10-08T13:19:57Z,"atl hip hop,atl trap,rap,trap",0.902,0.85,7,-6.39,1,0.358,0.0389,0,0.0838,0.556,120.13,5
1lOe9qE0vR9zwWQAOk6CoO,"4Ga1P7PMIsmqEZqhYZQgDo","Ransom","We Love You Tecca","Lil Tecca",2019-08-30,131240,79,spotify:user:313wazggb7mkoes76a7igu3cq3jy,2022-10-11T22:39:22Z,"melodic rap,pluggnb,rap",0.745,0.642,7,-6.257,0,0.287,0.0204,0,0.0658,0.226,179.974,4
4e0FYxSROat25pH16zMTZI,"4Ga1P7PMIsmqEZqhYZQgDo","Love Me","We Love You Tecca","Lil Tecca",2019-08-30,117013,76,spotify:user:313wazggb7mkoes76a7igu3cq3jy,2022-10-11T22:39:27Z,"melodic rap,pluggnb,rap",0.719,0.538,11,-6.897,0,0.28,0.632,0,0.135,0.803,204.132,4
7pfTDBYbiNqQxOUOMww9tO,"6jGMq4yGs7aQzuGsMgVgZR","Nuf Said","Destined 2 Win","Lil Tjay",2021-04-02,99754,56,spotify:user:313wazggb7mkoes76a7igu3cq3jy,2022-10-11T22:43:08Z,"brooklyn drill,melodic rap,nyc rap",0.597,0.434,11,-10.161,0,0.648,0.613,0,0.093,0.6,80.233,4
0VlpgNPHWCyh8xxLcaK2fp,"3hcs9uc56yIGFCSy9leWe7,1RyvyyTE3xzB2ZywiAwp0i","Petty Too (feat. Future)","7220","Lil Durk,Future",2022-03-11,159926,66,spotify:user:313wazggb7mkoes76a7igu3cq3jy,2022-10-11T22:43:35Z,"chicago drill,chicago rap,drill,hip hop,rap,trap,atl hip hop,southern hip hop",0.824,0.577,2,-9.443,1,0.357,0.0109,0,0.107,0.442,154.081,4
2xLMifQCjDGFmkHkpNLD9h,"0Y5tJX1MQlPlqiwlOH1tJY","SICKO MODE","ASTROWORLD","Travis Scott",2018-08-03,312820,81,spotify:user:313wazggb7mkoes76a7igu3cq3jy,2022-10-11T22:45:00Z,"rap,slap house",0.834,0.73,8,-3.714,1,0.222,0.00513,0,0.124,0.446,155.008,4
1Faq8G2y56A8fRv7HsLq25,"7rkW85dBwwrJtlHRDkJDAC,4O15NlyKLIASxsJ0PrXPfz","Wanted You (feat. Lil Uzi Vert)","RECKLESS","NAV,Lil Uzi Vert",2018-05-18,228386,64,spotify:user:313wazggb7mkoes76a7igu3cq3jy,2022-10-15T19:16:34Z,"canadian hip hop,canadian trap,hip hop,melodic rap,rap,toronto rap,trap,philly rap",0.797,0.731,9,-4.443,0,0.0479,0.229,0,0.224,0.623,146.93,4
55dpLHpa7XRs2ehN1wDubP,"4r63FhuTkUYltbVAg5TQnk","DROP DAT DISS","Baby On Baby 2","DaBaby",2022-09-23,83364,23,spotify:user:313wazggb7mkoes76a7igu3cq3jy,2022-10-17T23:59:30Z,"north carolina hip hop,rap,trap",0.882,0.691,1,-4.377,1,0.217,0.0162,0,0.0942,0.408,143.902,4
6lHNfvmfOkSFgQW74M4aCJ,"79TnwjflPC7KqP9O4pXpDQ","Applause","Applause","YSB Tril",2022-09-28,134522,14,spotify:user:313wazggb7mkoes76a7igu3cq3jy,2022-10-18T10:36:56Z,"north carolina hip hop,sad rap",0.79,0.639,10,-7.041,0,0.382,0.032,0,0.261,0.556,157.036,4
79s5XnCN4TJKTVMSmOx8Ep,"0eDvMgVFoNV3TpwtrVCoTj","Dior","Meet The Woo","Pop Smoke",2019-07-26,216386,82,spotify:user:313wazggb7mkoes76a7igu3cq3jy,2022-10-18T22:31:03Z,"brooklyn drill",0.548,0.805,7,-5.732,1,0.351,0.212,0.000389,0.408,0.648,142.094,4
7KXjTSCq5nL1LoYtL7XAwS,"2YZyLoL8N0Wb9xBt1NhZWg","HUMBLE.","DAMN.","Kendrick Lamar",2017-04-14,177000,83,spotify:user:313wazggb7mkoes76a7igu3cq3jy,2022-10-20T00:22:53Z,"conscious hip hop,hip hop,rap,west coast rap",0.908,0.621,1,-6.638,0,0.102,0.000282,0.0000539,0.0958,0.421,150.011,4
7ytR5pFWmSjzHJIeQkgog4,"4r63FhuTkUYltbVAg5TQnk,757aE44tKEUQEqRuT6GnEB","ROCKSTAR (feat. Roddy Ricch)","BLAME IT ON BABY","DaBaby,Roddy Ricch",2020-04-17,181733,79,spotify:user:313wazggb7mkoes76a7igu3cq3jy,2022-10-20T01:24:46Z,"north carolina hip hop,rap,trap,melodic rap",0.746,0.69,11,-7.956,1,0.164,0.247,0,0.101,0.497,89.977,4
0cu0rhnlCnJ7JIeHRiLpj3,"4r63FhuTkUYltbVAg5TQnk","Ball If I Want To","Ball If I Want To","DaBaby",2021-06-18,112546,72,spotify:user:313wazggb7mkoes76a7igu3cq3jy,2022-10-20T01:24:51Z,"north carolina hip hop,rap,trap",0.902,0.669,1,-5.049,1,0.457,0.161,0,0.0728,0.628,139.949,4
6Ozh9Ok6h4Oi1wUSLtBseN,"4r63FhuTkUYltbVAg5TQnk","BOP","KIRK","DaBaby",2019-09-27,159714,75,spotify:user:313wazggb7mkoes76a7igu3cq3jy,2022-10-20T01:25:10Z,"north carolina hip hop,rap,trap",0.769,0.787,11,-3.909,1,0.367,0.189,0,0.129,0.836,126.77,4
2FWeNvUo79OeiHWoR1bUsO,"7wlFDEWiM5OoIAt8RSli8b","Put It On Me","Realer 2","YoungBoy Never Broke Again",2022-09-07,152195,75,spotify:user:313wazggb7mkoes76a7igu3cq3jy,2022-10-20T18:31:24Z,"baton rouge rap,trap",0.665,0.666,9,-7.009,1,0.429,0.0331,0,0.0841,0.844,164.205,4
3XOalgusokruzA5ZBA2Qcb,"2hlmm7s2ICUX0LVIhVFlZQ,1RyvyyTE3xzB2ZywiAwp0i,50co4Is1HCEo8bhOyUWKpn","pushin P (feat. Young Thug)","DS4EVER","Gunna,Future,Young Thug",2022-01-13,136266,77,spotify:user:313wazggb7mkoes76a7igu3cq3jy,2022-10-20T18:31:35Z,"atl hip hop,hip hop,melodic rap,rap,trap,southern hip hop,atl trap,gangster rap,pop rap",0.773,0.422,1,-4.572,0,0.187,0.00783,0.00693,0.129,0.488,77.502,1
1tkg4EHVoqnhR6iFEXb60y,"0eDvMgVFoNV3TpwtrVCoTj","What You Know Bout Love","Shoot For The Stars Aim For The Moon","Pop Smoke",2020-07-03,160000,80,spotify:user:313wazggb7mkoes76a7igu3cq3jy,2022-10-20T18:39:59Z,"brooklyn drill",0.709,0.548,10,-8.493,1,0.353,0.65,0.00000159,0.133,0.543,83.995,4
57BGVV6wcyhbn3hsjlqEZB,"0eDvMgVFoNV3TpwtrVCoTj","Element","Meet The Woo 2","Pop Smoke",2020-02-07,135746,79,spotify:user:313wazggb7mkoes76a7igu3cq3jy,2022-10-20T21:40:23Z,"brooklyn drill",0.772,0.878,2,-4.22,1,0.324,0.0301,0.00000218,0.251,0.305,61.311,5
6gi6y1xwmVszDWkUqab1qw,"7A8S43ryYdbWpJKeHRZRcq,0Y5tJX1MQlPlqiwlOH1tJY,50co4Is1HCEo8bhOyUWKpn","OUT WEST (feat. Young Thug)","JACKBOYS","JACKBOYS,Travis Scott,Young Thug",2019-12-27,157712,76,spotify:user:313wazggb7mkoes76a7igu3cq3jy,2022-10-20T21:42:01Z,"rap,trap,slap house,atl hip hop,atl trap,gangster rap,hip hop,melodic rap,pop rap,southern hip hop",0.802,0.591,8,-4.895,1,0.225,0.0104,0,0.196,0.309,139.864,4
3eekarcy7kvN4yt5ZFzltW,"0Y5tJX1MQlPlqiwlOH1tJY","HIGHEST IN THE ROOM","HIGHEST IN THE ROOM","Travis Scott",2019-10-04,175720,81,spotify:user:313wazggb7mkoes76a7igu3cq3jy,2022-10-20T21:42:05Z,"rap,slap house",0.598,0.427,7,-8.764,0,0.0317,0.0546,0.00000583,0.21,0.0605,76.469,4
40mjsnRjCpycdUw3xhS20g,"7A8S43ryYdbWpJKeHRZRcq,0eDvMgVFoNV3TpwtrVCoTj,0Y5tJX1MQlPlqiwlOH1tJY","GATTI","JACKBOYS","JACKBOYS,Pop Smoke,Travis Scott",2019-12-27,181144,75,spotify:user:313wazggb7mkoes76a7igu3cq3jy,2022-10-20T21:42:15Z,"rap,trap,brooklyn drill,slap house",0.594,0.676,2,-5.808,1,0.344,0.135,0,0.163,0.472,143.477,4
7eX3um6NpOQKWJMGCi97XD,"5f7VJjfbwm532GiveGC0ZK,4FlG0V0jhLO4qGpayFOphj","Real As It Gets (feat. EST Gee)","Real As It Gets (feat. EST Gee)","Lil Baby,EST Gee",2021-03-04,192804,66,spotify:user:313wazggb7mkoes76a7igu3cq3jy,2022-10-20T23:20:59Z,"atl hip hop,atl trap,rap,trap,kentucky hip hop,pop rap,southern hip hop",0.779,0.705,6,-5.891,0,0.163,0.00471,0,0.0971,0.196,140.005,4
5nzhL67GpF9szXWg5y509A,"5f7VJjfbwm532GiveGC0ZK","Close Friends (Lil Baby & Gunna)","Drip Harder","Lil Baby",2018-10-05,203881,73,spotify:user:313wazggb7mkoes76a7igu3cq3jy,2022-10-21T11:27:03Z,"atl hip hop,atl trap,rap,trap",0.676,0.578,10,-4.669,0,0.375,0.0509,0,0.0796,0.698,158.896,4
2EEeOnHehOozLq4aS0n6SL,"4qBgvVog0wzW75IQ48mU7v,6icQOAFXDZKsumw3YXyusw","iSpy (feat. Lil Yachty)","iSpy (feat. Lil Yachty)","KYLE,Lil Yachty",2016-12-02,253106,71,spotify:user:313wazggb7mkoes76a7igu3cq3jy,2022-10-21T19:03:24Z,"pop,pop rap,rap,viral rap,atl hip hop,hip hop,melodic rap,trap,underground hip hop",0.746,0.653,7,-6.745,1,0.289,0.378,0,0.229,0.672,75.016,4
5cAN3P7jWVf78gev1eF7TJ,"5f7VJjfbwm532GiveGC0ZK,3hcs9uc56yIGFCSy9leWe7,20sxb77xiYeusSH8cVdatc","Still Runnin (feat. Meek Mill)","The Voice of the Heroes","Lil Baby,Lil Durk,Meek Mill",2021-06-04,173419,62,spotify:user:313wazggb7mkoes76a7igu3cq3jy,2022-10-21T19:03:48Z,"atl hip hop,atl trap,rap,trap,chicago drill,chicago rap,drill,hip hop,philly rap,pop rap,southern hip hop",0.856,0.727,2,-5.616,1,0.277,0.013,0,0.117,0.286,146.044,4
2ZXxRC6V6AXzMdbLQZMHSB,"4Ga1P7PMIsmqEZqhYZQgDo","LOT OF ME","We Love You Tecca 2","Lil Tecca",2021-08-27,123870,75,spotify:user:313wazggb7mkoes76a7igu3cq3jy,2022-10-21T19:03:56Z,"melodic rap,pluggnb,rap",0.704,0.537,0,-8.565,1,0.302,0.223,0,0.122,0.7,77.444,4
4F6yN5FsFW10Ucx7cLCzBh,"5f7VJjfbwm532GiveGC0ZK,2hlmm7s2ICUX0LVIhVFlZQ","Ready (feat. Gunna)","Street Gossip","Lil Baby,Gunna",2018-11-30,213287,74,spotify:user:313wazggb7mkoes76a7igu3cq3jy,2022-10-21T19:04:24Z,"atl hip hop,atl trap,rap,trap,hip hop,melodic rap",0.793,0.395,1,-5.578,1,0.385,0.277,0.000014,0.109,0.129,77.027,4
2MFFrpPKrGnyJuVjcfdm4w,"4MCBfE4596Uoi2O4DtmEMz","Hear Me Calling","Death Race For Love (Bonus Track Version)","Juice WRLD",2019-03-08,189977,69,spotify:user:313wazggb7mkoes76a7igu3cq3jy,2022-10-22T02:03:55Z,"chicago rap,melodic rap",0.699,0.687,7,-3.997,0,0.106,0.308,0.0000363,0.121,0.499,88.933,4
4IxeKzzxUSEgivgtbSbyIK,"246dkjvS1zLTtiykXe5h60,2hlmm7s2ICUX0LVIhVFlZQ","I Cannot Be (A Sadder Song) (with Gunna)","Twelve Carat Toothache","Post Malone,Gunna",2022-06-03,169824,68,spotify:user:313wazggb7mkoes76a7igu3cq3jy,2022-10-22T02:18:40Z,"dfw rap,melodic rap,rap,atl hip hop,hip hop,trap",0.517,0.668,1,-6.012,1,0.116,0.0712,0,0.407,0.646,79.782,4
21UkXrc9kD48rNpTMI2ecz,"4Ga1P7PMIsmqEZqhYZQgDo","NEVER LEFT","NEVER LEFT","Lil Tecca",2021-05-06,168727,64,spotify:user:313wazggb7mkoes76a7igu3cq3jy,2022-10-22T02:20:20Z,"melodic rap,pluggnb,rap",0.807,0.659,11,-6.92,1,0.332,0.0224,0,0.309,0.438,82.465,4
5fmTiyocDfiXbUZ4SpdXRm,"5zctI4wO9XSKS8XwcnqEHk","Live This Wild","Certified Hitmaker","Lil Mosey",2019-11-08,122853,58,spotify:user:313wazggb7mkoes76a7igu3cq3jy,2022-10-22T02:25:27Z,"melodic rap,rap,rap conscient,trap,vapor trap",0.697,0.685,7,-7.005,1,0.0712,0.14,0,0.0824,0.808,94.06,4
1Nc6KUBaCkwK6jmZy8dwf6,"5zctI4wO9XSKS8XwcnqEHk","Rockstars","Certified Hitmaker","Lil Mosey",2020-02-06,114173,32,spotify:user:313wazggb7mkoes76a7igu3cq3jy,2022-10-22T02:26:28Z,"melodic rap,rap,rap conscient,trap,vapor trap",0.67,0.555,7,-8.081,1,0.0391,0.143,0,0.602,0.492,159.963,4
18vXApRmJSgQ6wG2ll9AOg,"6AgTAQt8XS6jRWi4sX7w49","RAPSTAR","Hall of Fame","Polo G",2021-06-11,165925,81,spotify:user:313wazggb7mkoes76a7igu3cq3jy,2022-10-22T02:27:43Z,"chicago rap,rap",0.789,0.536,6,-6.862,1,0.242,0.41,0,0.129,0.437,81.039,4
6uFn47ACjqYkc0jADwEdj1,"6AgTAQt8XS6jRWi4sX7w49,6jGMq4yGs7aQzuGsMgVgZR","Pop Out (feat. Lil Tjay)","Die A Legend","Polo G,Lil Tjay",2019-06-07,166560,77,spotify:user:313wazggb7mkoes76a7igu3cq3jy,2022-10-22T02:27:50Z,"chicago rap,rap,brooklyn drill,melodic rap,nyc rap",0.772,0.639,1,-7.119,1,0.467,0.15,0,0.0698,0.261,168.112,4
73xjJ1TIE6WP3HNKczQE4F,"0WK3H9OErSn5zKOkOV5egm,3Fl1V19tmjt57oBdxXKAjJ","Moonwalking in Calabasas (feat. Blueface) - Remix","Die 4 Respect","DDG,Blueface",2021-06-15,170232,70,spotify:user:313wazggb7mkoes76a7igu3cq3jy,2022-10-22T02:28:58Z,"pop rap,rap,trap,viral rap,cali rap",0.925,0.322,11,-9.8,0,0.112,0.103,0,0.137,0.712,129.957,4
6gBFPUFcJLzWGx4lenP6h2,"0Y5tJX1MQlPlqiwlOH1tJY","goosebumps","Birds In The Trap Sing McKnight","Travis Scott",2016-09-16,243836,83,spotify:user:313wazggb7mkoes76a7igu3cq3jy,2022-10-22T02:30:00Z,"rap,slap house",0.841,0.728,7,-3.37,1,0.0484,0.0847,0,0.149,0.43,130.049,4
2r6OAV3WsYtXuXjvJ1lIDi,"0eDvMgVFoNV3TpwtrVCoTj,31W5EY0aAly4Qieq6OFu6I","Hello (feat. A Boogie Wit da Hoodie)","Shoot For The Stars Aim For The Moon (Deluxe)","Pop Smoke,A Boogie Wit da Hoodie",2020-07-20,190534,77,spotify:user:313wazggb7mkoes76a7igu3cq3jy,2022-10-22T02:44:24Z,"brooklyn drill,melodic rap,rap,trap",0.905,0.647,10,-5.065,0,0.107,0.0187,0,0.282,0.367,130.97,4
576YycSx0m7YmiN1TGteWe,"5zctI4wO9XSKS8XwcnqEHk","Pull Up","Northsbest (Extended)","Lil Mosey",2018-10-19,183624,57,spotify:user:313wazggb7mkoes76a7igu3cq3jy,2022-10-22T13:50:32Z,"melodic rap,rap,rap conscient,trap,vapor trap",0.655,0.607,7,-5.815,0,0.0862,0.554,0,0.115,0.2,149.033,4
7hxHWCCAIIxFLCzvDgnQHX,"6MPCFvOQv5cIGfw3jODMF0,2hlmm7s2ICUX0LVIhVFlZQ,4Gso3d4CscCijv0lmajZWs,7rkW85dBwwrJtlHRDkJDAC","Lemonade (feat. Gunna, Don Toliver & NAV)","B4 The Storm","Internet Money,Gunna,Don Toliver,NAV",2020-08-28,195428,76,spotify:user:313wazggb7mkoes76a7igu3cq3jy,2022-10-22T13:50:50Z,"pop rap,rap,trap,viral rap,atl hip hop,hip hop,melodic rap,pop,canadian hip hop,canadian trap,toronto rap",0.8,0.658,1,-6.142,0,0.079,0.25,0,0.111,0.462,140.042,4
49O5AqdaIGmnfz2d8TXL7Z,"0Yr4BBpK2dkCp2UsrJ9LZN,24CgJHK6T7C5OmUbiLLMjJ","Brothers (feat. Luh Kel)","Pain is Temporary","Bankrol Hayden,Luh Kel",2020-06-26,131853,65,spotify:user:313wazggb7mkoes76a7igu3cq3jy,2022-10-22T13:52:32Z,"melodic rap,sad rap,viral rap,pop r&b,st louis rap",0.889,0.483,8,-10.332,1,0.227,0.376,0,0.088,0.761,120.995,4
6iaSML1PIYq936g62BDtBq,"4MCBfE4596Uoi2O4DtmEMz","Robbery","Death Race For Love (Bonus Track Version)","Juice WRLD",2019-03-08,240050,81,spotify:user:313wazggb7mkoes76a7igu3cq3jy,2022-10-25T02:40:06Z,"chicago rap,melodic rap",0.623,0.692,2,-5.122,1,0.0504,0.328,0,0.153,0.566,79.899,4
5wujBwqG7INdStqGd4tRMX,"4MCBfE4596Uoi2O4DtmEMz","Armed And Dangerous","Goodbye & Good Riddance","Juice WRLD",2018-12-10,169999,77,spotify:user:313wazggb7mkoes76a7igu3cq3jy,2022-10-25T02:40:26Z,"chicago rap,melodic rap",0.736,0.67,10,-6.702,1,0.311,0.186,0,0.114,0.845,130.032,4
3T06rGO2dVEntMvym0vpQu,"4MCBfE4596Uoi2O4DtmEMz","Empty","Death Race For Love (Bonus Track Version)","Juice WRLD",2019-03-08,248431,75,spotify:user:313wazggb7mkoes76a7igu3cq3jy,2022-10-25T02:40:44Z,"chicago rap,melodic rap",0.746,0.561,0,-4.869,1,0.0526,0.0758,0,0.132,0.463,77.535,4
25BIuLc3xxqGyg2kAAiFZ6,"5f7VJjfbwm532GiveGC0ZK","Double Down","It's Only Me","Lil Baby",2022-10-14,202732,70,spotify:user:313wazggb7mkoes76a7igu3cq3jy,2022-10-25T02:42:38Z,"atl hip hop,atl trap,rap,trap",0.71,0.528,8,-9.469,1,0.499,0.0168,0,0.109,0.4,80.313,4
4SWWe2OYC4mqf40Gc2RSdl,"757aE44tKEUQEqRuT6GnEB","Down Below","Feed Tha Streets II","Roddy Ricch",2018-11-02,224002,73,spotify:user:313wazggb7mkoes76a7igu3cq3jy,2022-10-25T02:42:48Z,"melodic rap,rap,trap",0.926,0.454,6,-9.932,1,0.0732,0.036,0.000422,0.0896,0.34,119.969,4
2FVMbLuIxo0dz3KLXgN6Jh,"3Rx4PJ7SP6unkOk5elPUK7","24","Epidemic","Money Man",2020-03-02,160952,68,spotify:user:313wazggb7mkoes76a7igu3cq3jy,2022-10-25T02:42:58Z,"memphis hip hop,rap,southern hip hop,trap",0.842,0.715,2,-6.03,1,0.0912,0.0265,0.0554,0.0831,0.428,126.021,4
1wHZx0LgzFHyeIZkUydNXq,"0Y5tJX1MQlPlqiwlOH1tJY","Antidote","Rodeo (Expanded Edition)","Travis Scott",2015-09-04,262693,72,spotify:user:313wazggb7mkoes76a7igu3cq3jy,2022-10-25T10:28:24Z,"rap,slap house",0.713,0.526,1,-5.046,1,0.032,0.00767,0.000148,0.124,0.131,131.05,4
1oWM79mUVdZGCGYjSirHZR,"4MCBfE4596Uoi2O4DtmEMz,7wlFDEWiM5OoIAt8RSli8b","Bandit (with YoungBoy Never Broke Again)","Death Race For Love (Bonus Track Version)","Juice WRLD,YoungBoy Never Broke Again",2019-03-08,189322,70,spotify:user:313wazggb7mkoes76a7igu3cq3jy,2022-10-25T18:47:40Z,"chicago rap,melodic rap,baton rouge rap,trap",0.474,0.631,5,-5.884,0,0.343,0.0687,0,0.132,0.424,180.056,4
56uXDJRCuoS7abX3SkzHKQ,"4O15NlyKLIASxsJ0PrXPfz","Myron","Eternal Atake (Deluxe) - LUV vs. The World 2","Lil Uzi Vert",2020-03-13,224954,72,spotify:user:313wazggb7mkoes76a7igu3cq3jy,2022-10-26T02:13:21Z,"melodic rap,philly rap,rap,trap",0.771,0.654,8,-6.976,0,0.298,0.055,0,0.214,0.573,155.047,4
69FiPptnZd9ovg2tEJgBkN,"6HgEIsWCHekTTfnbOGJa3g,6jGMq4yGs7aQzuGsMgVgZR","Feel Good (feat. Lil Tjay)","Feel Good (feat. Lil Tjay)","Fresco Trey,Lil Tjay",2021-09-10,150142,58,spotify:user:313wazggb7mkoes76a7igu3cq3jy,2022-10-26T22:17:43Z,"memphis hip hop,pop rap,sad rap,brooklyn drill,melodic rap,nyc rap",0.755,0.545,5,-7.017,0,0.129,0.251,0,0.117,0.517,90.004,4
6dMZQoXNIAJSJZDJEMXMCd,"5zctI4wO9XSKS8XwcnqEHk,4Xi6LSfFqv26XgP9NKN26U","Bankroll (feat. AJ Tracey)","Certified Hitmaker","Lil Mosey,AJ Tracey",2020-02-06,164986,36,spotify:user:313wazggb7mkoes76a7igu3cq3jy,2022-10-28T11:00:10Z,"melodic rap,rap,rap conscient,trap,vapor trap,grime,uk hip hop,ukg revival",0.787,0.54,2,-9.803,1,0.0377,0.281,0,0.109,0.492,99.015,4
3fB96InfRUB2DCjbrfzKUt,"5zctI4wO9XSKS8XwcnqEHk","Burberry Headband","Northsbest (Extended)","Lil Mosey",2018-10-19,146225,60,spotify:user:313wazggb7mkoes76a7igu3cq3jy,2022-10-28T11:10:36Z,"melodic rap,rap,rap conscient,trap,vapor trap",0.714,0.647,8,-6.865,1,0.037,0.598,0,0.0943,0.67,150.992,4
22LAwLoDA5b4AaGSkg6bKW,"5zctI4wO9XSKS8XwcnqEHk","Blueberry Faygo","Certified Hitmaker","Lil Mosey",2020-02-06,162546,74,spotify:user:313wazggb7mkoes76a7igu3cq3jy,2022-10-28T11:14:10Z,"melodic rap,rap,rap conscient,trap,vapor trap",0.774,0.554,0,-7.909,1,0.0383,0.207,0,0.132,0.349,99.034,4
2PL1IYGU0LUlTE7afYXGF4,"3DN7OJUQmcj8YAwNaOaiEZ","ANYMORE","ANYMORE","John Wolf",2018-11-29,181243,55,spotify:user:313wazggb7mkoes76a7igu3cq3jy,2022-10-29T01:00:28Z,"",0.674,0.768,5,-5.549,0,0.0384,0.562,0.0843,0.0894,0.494,159.981,4
7zLYKWcXnYeHHWidalz7rj,"5zctI4wO9XSKS8XwcnqEHk","Noticed","Northsbest (Extended)","Lil Mosey",2018-10-19,165000,74,spotify:user:313wazggb7mkoes76a7igu3cq3jy,2022-10-29T02:03:32Z,"melodic rap,rap,rap conscient,trap,vapor trap",0.699,0.558,11,-7.622,1,0.0603,0.462,0,0.116,0.493,79.992,4
2BJSMvOGABRxokHKB0OI8i,"699OTQXzgjhIYAHMy9RyPD,4O15NlyKLIASxsJ0PrXPfz","Shoota (feat. Lil Uzi Vert)","Die Lit","Playboi Carti,Lil Uzi Vert",2018-05-11,153800,78,spotify:user:313wazggb7mkoes76a7igu3cq3jy,2022-10-29T02:03:52Z,"atl hip hop,plugg,pluggnb,rap,melodic rap,philly rap,trap",0.673,0.649,1,-8.433,0,0.196,0.188,0,0.122,0.47,153.075,4
65OVbaJR5O1RmwOQx0875b,"3TVXtAsR1Inumwj472S9r4,5f7VJjfbwm532GiveGC0ZK","Wants and Needs (feat. Lil Baby)","Scary Hours 2","Drake,Lil Baby",2021-03-05,192956,83,spotify:user:313wazggb7mkoes76a7igu3cq3jy,2022-10-29T02:03:56Z,"canadian hip hop,canadian pop,hip hop,rap,toronto rap,atl hip hop,atl trap,trap",0.578,0.449,1,-6.349,1,0.286,0.0618,0.00000217,0.119,0.1,136.006,4
6vN77lE9LK6HP2DewaN6HZ,"5f7VJjfbwm532GiveGC0ZK,3TVXtAsR1Inumwj472S9r4","Yes Indeed","Harder Than Ever","Lil Baby,Drake",2018-05-18,142273,82,spotify:user:313wazggb7mkoes76a7igu3cq3jy,2022-10-29T02:04:05Z,"atl hip hop,atl trap,rap,trap,canadian hip hop,canadian pop,hip hop,toronto rap",0.963,0.346,5,-9.309,0,0.53,0.0355,0,0.108,0.562,119.957,4
2SAqBLGA283SUiwJ3xOUVI,"3TVXtAsR1Inumwj472S9r4,3hcs9uc56yIGFCSy9leWe7","Laugh Now Cry Later (feat. Lil Durk)","Laugh Now Cry Later (feat. Lil Durk)","Drake,Lil Durk",2020-08-14,261492,79,spotify:user:313wazggb7mkoes76a7igu3cq3jy,2022-10-29T02:04:14Z,"canadian hip hop,canadian pop,hip hop,rap,toronto rap,chicago drill,chicago rap,drill,trap",0.761,0.518,0,-8.871,1,0.134,0.244,0.0000347,0.107,0.522,133.976,4
4eNOLmx8r2IJAVKvBBL1jv,"6jGMq4yGs7aQzuGsMgVgZR,6AgTAQt8XS6jRWi4sX7w49,14CHVeJGrR5xgUGQFV5BVM","Headshot (feat. Polo G & Fivio Foreign)","Destined 2 Win","Lil Tjay,Polo G,Fivio Foreign",2021-04-02,144349,74,spotify:user:313wazggb7mkoes76a7igu3cq3jy,2022-10-29T11:56:42Z,"brooklyn drill,melodic rap,nyc rap,chicago rap,rap,new york drill,trap",0.808,0.639,1,-7.266,0,0.279,0.0802,0,0.15,0.395,118,4
0uxSUdBrJy9Un0EYoBowng,"4O15NlyKLIASxsJ0PrXPfz","20 Min","Luv Is Rage 2 (Deluxe)","Lil Uzi Vert",2017-11-17,220586,82,spotify:user:313wazggb7mkoes76a7igu3cq3jy,2022-10-29T11:58:11Z,"melodic rap,philly rap,rap,trap",0.773,0.75,8,-4.009,0,0.117,0.109,0,0.174,0.783,123.426,4
1xzBco0xcoJEDXktl7Jxrr,"2RDOrhPqAM4jzTRCEb19qX","Mo Bamba","MUDBOY","Sheck Wes",2018-10-05,183906,77,spotify:user:313wazggb7mkoes76a7igu3cq3jy,2022-10-29T11:58:42Z,"rap,trap,underground hip hop,vapor trap",0.729,0.625,4,-5.266,1,0.0315,0.194,0.00986,0.248,0.261,146.034,4
40iJIUlhi6renaREYGeIDS,"3TVXtAsR1Inumwj472S9r4,0Y5tJX1MQlPlqiwlOH1tJY","Fair Trade (with Travis Scott)","Certified Lover Boy","Drake,Travis Scott",2021-09-03,291175,82,spotify:user:313wazggb7mkoes76a7igu3cq3jy,2022-10-29T12:00:10Z,"canadian hip hop,canadian pop,hip hop,rap,toronto rap,slap house",0.666,0.465,1,-8.545,1,0.26,0.0503,0,0.215,0.292,167.937,4
2A0G0bPmlkUXUbvWqrAXzg,"5f7VJjfbwm532GiveGC0ZK","Not Finished","It's Only Me","Lil Baby",2022-10-14,163453,79,spotify:user:313wazggb7mkoes76a7igu3cq3jy,2022-10-29T12:01:39Z,"atl hip hop,atl trap,rap,trap",0.785,0.524,1,-7.004,1,0.122,0.0123,0,0.365,0.0855,142.007,4
5JboK5zbbhXIN7iN9NHS8t,"6NQgMwGc3jvdwGZKUbhhHi","Change Ya Life","Change Ya Life","Haiti Babii",2018-12-05,156769,57,spotify:user:313wazggb7mkoes76a7igu3cq3jy,2022-10-29T14:30:26Z,"cali rap,west coast trap",0.696,0.399,4,-8.673,0,0.0369,0.0224,0,0.0747,0.364,98.004,4
5f4Hy5mw5SRaUgXX9c6P5S,"5f7VJjfbwm532GiveGC0ZK","Sum 2 Prove","My Turn","Lil Baby",2020-02-28,205760,71,spotify:user:313wazggb7mkoes76a7igu3cq3jy,2022-10-29T15:19:21Z,"atl hip hop,atl trap,rap,trap",0.827,0.552,4,-7.571,0,0.274,0.0169,0,0.122,0.408,124.011,4
1K5KBOgreBi5fkEHvg5ap3,"1RyvyyTE3xzB2ZywiAwp0i,3TVXtAsR1Inumwj472S9r4","Life Is Good (feat. Drake)","High Off Life","Future,Drake",2020-05-15,237918,72,spotify:user:313wazggb7mkoes76a7igu3cq3jy,2022-10-29T15:19:26Z,"atl hip hop,hip hop,rap,southern hip hop,trap,canadian hip hop,canadian pop,toronto rap",0.795,0.574,2,-6.903,0,0.487,0.067,0,0.15,0.537,142.053,4
1GeNui6m825V8jP4uKiIaH,"50co4Is1HCEo8bhOyUWKpn,5f7VJjfbwm532GiveGC0ZK","Bad Bad Bad (feat. Lil Baby)","So Much Fun","Young Thug,Lil Baby",2019-08-16,149040,68,spotify:user:313wazggb7mkoes76a7igu3cq3jy,2022-10-29T15:30:02Z,"atl hip hop,atl trap,gangster rap,hip hop,melodic rap,pop rap,rap,southern hip hop,trap",0.974,0.596,6,-8.888,1,0.184,0.0976,0,0.151,0.892,111.959,4
55WLWX71YkHt2tSucNIf1g,"2hlmm7s2ICUX0LVIhVFlZQ,5f7VJjfbwm532GiveGC0ZK","Sold Out Dates (feat. Lil Baby)","Sold Out Dates (feat. Lil Baby)","Gunna,Lil Baby",2018-04-16,166368,71,spotify:user:313wazggb7mkoes76a7igu3cq3jy,2022-10-29T15:30:18Z,"atl hip hop,hip hop,melodic rap,rap,trap,atl trap",0.817,0.556,4,-7.178,0,0.14,0.469,0,0.131,0.314,126.991,4
1fewSx2d5KIZ04wsooEBOz,"0iEtIxbK0KxaSlF7G42ZOp,2hlmm7s2ICUX0LVIhVFlZQ","Space Cadet (feat. Gunna)","NOT ALL HEROES WEAR CAPES (Deluxe)","Metro Boomin,Gunna",2018-11-06,203266,80,spotify:user:313wazggb7mkoes76a7igu3cq3jy,2022-10-29T15:30:23Z,"hip hop,rap,trap,atl hip hop,melodic rap",0.901,0.464,5,-9.789,0,0.0645,0.368,0.0000171,0.238,0.638,109.004,4
25zlnOAzbVoOzIeXSvQFf1,"0eDvMgVFoNV3TpwtrVCoTj","Got It On Me","Shoot For The Stars Aim For The Moon","Pop Smoke",2020-07-03,164579,76,spotify:user:313wazggb7mkoes76a7igu3cq3jy,2022-10-29T15:30:29Z,"brooklyn drill",0.688,0.647,2,-7.258,1,0.19,0.00815,0.0000165,0.095,0.195,88.834,4
3J8EOeKLTLXORtWPpOU5bE,"6jGMq4yGs7aQzuGsMgVgZR,4IVAbR2w4JJNJDDRFP3E83","Calling My Phone","Destined 2 Win","Lil Tjay,6LACK",2021-04-02,205458,80,spotify:user:313wazggb7mkoes76a7igu3cq3jy,2022-10-31T01:29:28Z,"brooklyn drill,melodic rap,nyc rap,atl hip hop,hip hop,pop,r&b,rap,trap",0.907,0.393,4,-7.636,0,0.0539,0.451,0.00000135,0.135,0.202,104.949,4
1HvTxgCj0mTzQlEo0zLvFb,"6jGMq4yGs7aQzuGsMgVgZR","In My Head","In My Head","Lil Tjay",2022-04-01,135264,77,spotify:user:313wazggb7mkoes76a7igu3cq3jy,2022-10-31T01:29:33Z,"brooklyn drill,melodic rap,nyc rap",0.684,0.545,1,-6.885,1,0.121,0.159,0,0.102,0.407,143.049,4
0RLLvYBopDwooCyvnTwgYu,"6jGMq4yGs7aQzuGsMgVgZR","F.N","True 2 Myself","Lil Tjay",2019-10-11,224000,77,spotify:user:313wazggb7mkoes76a7igu3cq3jy,2022-10-31T01:29:38Z,"brooklyn drill,melodic rap,nyc rap",0.567,0.515,6,-10.265,0,0.247,0.354,0,0.078,0.321,120.1,1
5JtvedSVWW9McnoEAPJwQm,"6jGMq4yGs7aQzuGsMgVgZR","Sex Sounds","True 2 Myself","Lil Tjay",2019-10-11,162453,75,spotify:user:313wazggb7mkoes76a7igu3cq3jy,2022-10-31T01:30:02Z,"brooklyn drill,melodic rap,nyc rap",0.857,0.427,8,-8.638,1,0.112,0.281,0,0.108,0.366,130.033,4
7gVwgc8b3XnO87TpmXXFA5,"2tIP7SsRs7vjIcLrU85W8J,4Ga1P7PMIsmqEZqhYZQgDo","Diva (feat. Lil Tecca)","Diva (feat. Lil Tecca)","The Kid LAROI,Lil Tecca",2020-01-31,172004,70,spotify:user:313wazggb7mkoes76a7igu3cq3jy,2022-10-31T11:12:54Z,"australian hip hop,pop,melodic rap,pluggnb,rap",0.686,0.703,6,-6.141,0,0.0606,0.00728,0,0.0946,0.457,144.902,4
6ug9fUi5oLLgQgOF1G8WkM,"5f7VJjfbwm532GiveGC0ZK","California Breeze","It's Only Me","Lil Baby",2022-10-14,177789,82,spotify:user:313wazggb7mkoes76a7igu3cq3jy,2022-11-02T13:43:01Z,"atl hip hop,atl trap,rap,trap",0.738,0.666,5,-6.97,0,0.455,0.00361,0,0.107,0.215,161.734,4
2ELp0EL65yitpfJYwc5983,"5f7VJjfbwm532GiveGC0ZK,3hcs9uc56yIGFCSy9leWe7","2040","The Voice of the Heroes","Lil Baby,Lil Durk",2021-06-04,192920,63,spotify:user:313wazggb7mkoes76a7igu3cq3jy,2022-11-04T10:53:33Z,"atl hip hop,atl trap,rap,trap,chicago drill,chicago rap,drill,hip hop",0.744,0.697,11,-4.067,1,0.136,0.0415,0,0.112,0.238,150.046,4
0W7UiijWhwD3jDO3zCrMqt,"5f7VJjfbwm532GiveGC0ZK,3hcs9uc56yIGFCSy9leWe7","How It Feels","The Voice of the Heroes","Lil Baby,Lil Durk",2021-06-04,166911,34,spotify:user:313wazggb7mkoes76a7igu3cq3jy,2022-11-04T11:01:41Z,"atl hip hop,atl trap,rap,trap,chicago drill,chicago rap,drill,hip hop",0.786,0.629,11,-5.885,0,0.134,0.00899,0,0.132,0.472,104.012,4
26Hgx0810XUis01XWvoftB,"5f7VJjfbwm532GiveGC0ZK","Stand On It","It's Only Me","Lil Baby",2022-10-14,166888,75,spotify:user:313wazggb7mkoes76a7igu3cq3jy,2022-11-04T11:01:59Z,"atl hip hop,atl trap,rap,trap",0.728,0.496,11,-7.298,0,0.127,0.0325,0,0.0916,0.214,86.468,4
6w2laMOxRE0yUsbq4bVLiZ,"5f7VJjfbwm532GiveGC0ZK","Heyy","Heyy","Lil Baby",2022-10-10,192727,72,spotify:user:313wazggb7mkoes76a7igu3cq3jy,2022-11-09T12:09:48Z,"atl hip hop,atl trap,rap,trap",0.493,0.666,7,-4.525,1,0.268,0.00256,0,0.0797,0.164,87.932,5
7GeTsDIc5ykNB6lORO6Cee,"3TVXtAsR1Inumwj472S9r4,1URnnhqYAYcrqrcwql10ft","Circo Loco","Her Loss","Drake,21 Savage",2022-11-04,236795,87,spotify:user:313wazggb7mkoes76a7igu3cq3jy,2022-11-09T12:09:56Z,"canadian hip hop,canadian pop,hip hop,rap,toronto rap,atl hip hop",0.734,0.605,1,-8.476,1,0.0699,0.0102,0,0.317,0.252,103.976,4
6PQK1Y3Dl6dym9pj0y9Chy,"6jGMq4yGs7aQzuGsMgVgZR","Give You What You Want","Give You What You Want","Lil Tjay",2022-11-11,159330,67,spotify:user:313wazggb7mkoes76a7igu3cq3jy,2022-11-12T16:31:20Z,"brooklyn drill,melodic rap,nyc rap",0.691,0.656,10,-5.673,0,0.0679,0.222,0.00111,0.153,0.393,89.467,4
