Spotify ID,Artist IDs,Track Name,Album Name,Artist Name(s),Release Date,Duration (ms),Popularity,Added By,Added At,Genres,Danceability,Energy,Key,Loudness,Mode,Speechiness,Acousticness,Instrumentalness,Liveness,Valence,Tempo,Time Signature
23OYT3SFtoJqhiAUqktbc1,"6AgTAQt8XS6jRWi4sX7w49,2tIP7SsRs7vjIcLrU85W8J,3hcs9uc56yIGFCSy9leWe7","No Return (with The Kid LAROI & Lil Durk)","Hall of Fame","Polo G,The Kid LAROI,Lil Durk",2021-06-11,168728,63,spotify:user:22yodynepnaymqmy3iymnnldy,2022-07-27T04:29:57Z,"chicago rap,rap,australian hip hop,pop,chicago drill,drill,hip hop,trap",0.479,0.645,5,-7.336,0,0.302,0.135,0,0.0825,0.381,155.057,4
4eNOLmx8r2IJAVKvBBL1jv,"6jGMq4yGs7aQzuGsMgVgZR,6AgTAQt8XS6jRWi4sX7w49,14CHVeJGrR5xgUGQFV5BVM","Headshot (feat. Polo G & Fivio Foreign)","Destined 2 Win","Lil Tjay,Polo G,Fivio Foreign",2021-04-02,144349,74,spotify:user:22yodynepnaymqmy3iymnnldy,2022-07-27T04:33:13Z,"brooklyn drill,melodic rap,nyc rap,chicago rap,rap,new york drill,trap",0.808,0.639,1,-7.266,0,0.279,0.0802,0,0.15,0.395,118,4
7uLFOXgLrS90tEYPO1DGXy,"31W5EY0aAly4Qieq6OFu6I","Man in the Mirror","B4 AVA","A Boogie Wit da Hoodie",2021-12-10,215303,70,spotify:user:22yodynepnaymqmy3iymnnldy,2022-07-29T18:15:46Z,"melodic rap,rap,trap",0.849,0.631,3,-4.241,0,0.0637,0.171,0,0.149,0.55,135.997,4
2297mxrYLBAC4XkhXs39If,"6QtgPSJPSzcnn7dPZ4VINp","Armed & Dangerous","Welcome to O'Block","King Von",2020-10-30,122680,69,spotify:user:22yodynepnaymqmy3iymnnldy,2022-07-27T04:33:41Z,"chicago rap",0.696,0.592,1,-6.281,1,0.319,0.152,0,0.127,0.232,188.051,4
3oD8cDM3m7cl3Zc38uxyK4,"6QtgPSJPSzcnn7dPZ4VINp","Demon","Welcome to O'Block","King Von",2020-10-30,133933,62,spotify:user:22yodynepnaymqmy3iymnnldy,2022-07-27T04:33:57Z,"chicago rap",0.792,0.687,8,-7.506,1,0.25,0.16,0,0.168,0.356,140.008,4
5NOUjBikzECEJyZMTxtErD,"6QtgPSJPSzcnn7dPZ4VINp,6AgTAQt8XS6jRWi4sX7w49","The Code (feat. Polo G)","Welcome to O'Block","King Von,Polo G",2020-10-30,202413,65,spotify:user:22yodynepnaymqmy3iymnnldy,2022-07-27T04:34:03Z,"chicago rap,rap",0.831,0.62,6,-8.397,0,0.338,0.0582,0,0.119,0.568,133.17,4
6FKbgWZ7KgpSk7tvFP7eEc,"6QtgPSJPSzcnn7dPZ4VINp,14CHVeJGrR5xgUGQFV5BVM","I Am What I Am (feat. Fivio Foreign)","Welcome to O'Block","King Von,Fivio Foreign",2020-10-30,218000,57,spotify:user:22yodynepnaymqmy3iymnnldy,2022-07-27T04:34:18Z,"chicago rap,brooklyn drill,new york drill,rap,trap",0.798,0.673,1,-5.628,1,0.289,0.0746,0,0.126,0.405,141.12,4
3mZNztgWFsvm9wfcqSOdKg,"0eDvMgVFoNV3TpwtrVCoTj,6jGMq4yGs7aQzuGsMgVgZR","Mood Swings (feat. Lil Tjay)","Shoot For The Stars Aim For The Moon (Deluxe)","Pop Smoke,Lil Tjay",2020-07-20,213333,51,spotify:user:22yodynepnaymqmy3iymnnldy,2022-07-27T04:34:34Z,"brooklyn drill,melodic rap,nyc rap",0.48,0.602,10,-6.335,0,0.368,0.487,0,0.0848,0.269,179.798,4
2UYGC1AQpguCOBJRQUOeeU,"0eDvMgVFoNV3TpwtrVCoTj","Got It On Me","Shoot For The Stars Aim For The Moon (Deluxe)","Pop Smoke",2020-07-20,164579,54,spotify:user:22yodynepnaymqmy3iymnnldy,2022-07-27T04:34:44Z,"brooklyn drill",0.688,0.647,2,-7.258,1,0.19,0.00815,0.0000165,0.095,0.195,88.834,4
5UuU1fZixqwZRwjHYzWP0l,"0eDvMgVFoNV3TpwtrVCoTj","Dior - Bonus","Shoot For The Stars Aim For The Moon (Deluxe)","Pop Smoke",2020-07-20,216243,48,spotify:user:22yodynepnaymqmy3iymnnldy,2022-07-27T04:34:50Z,"brooklyn drill",0.676,0.746,7,-7.837,1,0.344,0.0893,0.00157,0.412,0.675,142.035,4
2r6OAV3WsYtXuXjvJ1lIDi,"0eDvMgVFoNV3TpwtrVCoTj,31W5EY0aAly4Qieq6OFu6I","Hello (feat. A Boogie Wit da Hoodie)","Shoot For The Stars Aim For The Moon (Deluxe)","Pop Smoke,A Boogie Wit da Hoodie",2020-07-20,190534,77,spotify:user:22yodynepnaymqmy3iymnnldy,2022-07-27T04:35:02Z,"brooklyn drill,melodic rap,rap,trap",0.905,0.647,10,-5.065,0,0.107,0.0187,0,0.282,0.367,130.97,4
7JuHVG3qQKQKxC4doneXVW,"5F1aAS1duwlzExnPs3l2Xe,3hcs9uc56yIGFCSy9leWe7","Back In Blood (feat. Lil Durk)","Back In Blood (feat. Lil Durk)","Pooh Shiesty,Lil Durk",2020-11-06,184489,70,spotify:user:22yodynepnaymqmy3iymnnldy,2022-07-27T04:35:12Z,"memphis hip hop,rap,southern hip hop,tennessee hip hop,trap,chicago drill,chicago rap,drill,hip hop",0.759,0.538,8,-8.256,0,0.384,0.151,0,0.126,0.831,146.933,4
5XNPmCa6eEDat4kTeldCPV,"3hcs9uc56yIGFCSy9leWe7,6QtgPSJPSzcnn7dPZ4VINp,5g8mXUQcC8DVAHLwGGAIrJ,7srh14kswDlgTIIK4SKdSf","JUMP (feat. Memo600)","JUMP (feat. Memo600)","Lil Durk,King Von,Booka600,Memo600",2021-03-03,192718,55,spotify:user:22yodynepnaymqmy3iymnnldy,2022-07-27T04:35:19Z,"chicago drill,chicago rap,drill,hip hop,rap,trap",0.872,0.667,9,-5.401,1,0.231,0.0285,0,0.13,0.351,139.995,4
7EqKpYaxDbPrzSCIdAAUDF,"3hcs9uc56yIGFCSy9leWe7,0cGUm45nv7Z6M6qdXYQGTX","Love You Too (feat. Kehlani)","Love You Too (feat. Kehlani)","Lil Durk,Kehlani",2021-02-04,178604,0,spotify:user:22yodynepnaymqmy3iymnnldy,2022-07-27T04:35:25Z,"chicago drill,chicago rap,drill,hip hop,rap,trap,dance pop,pop,post-teen pop,r&b",0.384,0.82,5,-3.928,0,0.201,0.397,0,0.114,0.441,90.712,4
0YH1xT3Z7wR6dZyaCwSziK,"31W5EY0aAly4Qieq6OFu6I,3hcs9uc56yIGFCSy9leWe7","24 Hours (feat. Lil Durk)","24 Hours (feat. Lil Durk)","A Boogie Wit da Hoodie,Lil Durk",2021-05-21,205702,64,spotify:user:22yodynepnaymqmy3iymnnldy,2022-07-27T04:35:30Z,"melodic rap,rap,trap,chicago drill,chicago rap,drill,hip hop",0.586,0.474,2,-9.21,0,0.18,0.334,0,0.118,0.146,91.105,4
18bum1uNxoHQ8WwbOlMY9Z,"0eDvMgVFoNV3TpwtrVCoTj","Armed N Dangerous - Charlie Sloth Freestyle","Meet The Woo 2","Pop Smoke",2020-02-07,146720,60,spotify:user:22yodynepnaymqmy3iymnnldy,2022-07-27T04:35:44Z,"brooklyn drill",0.754,0.724,8,-7.282,0,0.103,0.539,0.0326,0.112,0.655,143.548,4
43PGPuHIlVOc04jrZVh9L6,"6AgTAQt8XS6jRWi4sX7w49","RAPSTAR","RAPSTAR","Polo G",2021-04-09,165925,17,spotify:user:22yodynepnaymqmy3iymnnldy,2022-07-27T04:36:02Z,"chicago rap,rap",0.789,0.536,6,-6.862,1,0.242,0.41,0,0.129,0.437,81.039,4
5W8jRrZ6tWrTrqnKRtIQBf,"6l3HvQ5sa6mXTsMTB19rO5,5f7VJjfbwm532GiveGC0ZK","p r i d e . i s . t h e . d e v i l (with Lil Baby)","The Off-Season","J. Cole,Lil Baby",2021-05-14,218210,77,spotify:user:22yodynepnaymqmy3iymnnldy,2022-07-29T18:16:10Z,"conscious hip hop,hip hop,north carolina hip hop,rap,atl hip hop,atl trap,trap",0.861,0.656,4,-7.867,0,0.425,0.104,0,0.0986,0.331,88.967,4
6g2P7z0NPbiVF1orkYVtFr,"5TM9R6dNoJSMq23yZQD6Ee,31W5EY0aAly4Qieq6OFu6I,3q7HBObVc0L8jNeTe5Gofh,3CbYyyd8wH3RT6t0jwpdzC","Yeah Yeah (feat. 50 Cent and Murda Beatz)","Yeah Yeah (feat. 50 Cent and Murda Beatz)","Don Q,A Boogie Wit da Hoodie,50 Cent,Murda Beatz",2018-08-10,179084,36,spotify:user:22yodynepnaymqmy3iymnnldy,2022-07-27T04:36:10Z,"nyc rap,melodic rap,rap,trap,east coast hip hop,gangster rap,hip hop,pop rap,queens hip hop,canadian hip hop,canadian trap",0.754,0.635,7,-6.792,0,0.376,0.473,0,0.106,0.864,192.957,4
2xB46Bj9HZ4cr058yN4Pla,"31W5EY0aAly4Qieq6OFu6I","Secrets","Artist 2.0 (Deluxe)","A Boogie Wit da Hoodie",2020-06-19,133331,76,spotify:user:22yodynepnaymqmy3iymnnldy,2022-07-27T04:36:16Z,"melodic rap,rap,trap",0.539,0.648,4,-6.008,1,0.0619,0.118,0,0.362,0.403,91.066,4
43KDvvVHjDBtx8qD5hs5qH,"31W5EY0aAly4Qieq6OFu6I,6RTLnOk36W68I78qjRi0XB","It's Crazy (feat. Melody)","Artist 2.0 (Deluxe)","A Boogie Wit da Hoodie,Melody",2020-06-19,135017,56,spotify:user:22yodynepnaymqmy3iymnnldy,2022-07-27T04:36:22Z,"melodic rap,rap,trap",0.505,0.515,1,-7.096,0,0.0354,0.846,0.000298,0.329,0.608,110.307,3
1jsOGK1rrERvm2L6MzFdPL,"31W5EY0aAly4Qieq6OFu6I","Big Shit","Artist 2.0 (Deluxe)","A Boogie Wit da Hoodie",2020-06-19,152155,39,spotify:user:22yodynepnaymqmy3iymnnldy,2022-07-27T04:36:35Z,"melodic rap,rap,trap",0.754,0.53,5,-4.196,1,0.159,0.353,0.0000136,0.112,0.385,138.979,4
2hNG7nCI6x68PZSz8wpfky,"31W5EY0aAly4Qieq6OFu6I","R.O.D.","Artist 2.0 (Deluxe)","A Boogie Wit da Hoodie",2020-06-19,214152,42,spotify:user:22yodynepnaymqmy3iymnnldy,2022-07-27T04:36:39Z,"melodic rap,rap,trap",0.597,0.547,9,-6.207,1,0.335,0.567,0,0.167,0.611,90.059,4
3Ws0uLqakgP5lsgxrTFsM4,"31W5EY0aAly4Qieq6OFu6I","Me and My Guitar","Artist 2.0 (Deluxe)","A Boogie Wit da Hoodie",2020-06-19,161764,46,spotify:user:22yodynepnaymqmy3iymnnldy,2022-07-27T04:36:52Z,"melodic rap,rap,trap",0.644,0.587,7,-6.736,0,0.353,0.473,0,0.0759,0.68,173.97,4
3bhvpwuvTXpoQMI3l41NQ0,"31W5EY0aAly4Qieq6OFu6I","Thug Love","Artist 2.0 (Deluxe)","A Boogie Wit da Hoodie",2020-06-19,181744,42,spotify:user:22yodynepnaymqmy3iymnnldy,2022-07-27T04:36:57Z,"melodic rap,rap,trap",0.543,0.643,5,-4.707,0,0.288,0.427,0,0.174,0.326,178.105,4
5lsV4GoS0WSC8UP2ycQyXR,"6dXsR7VDJvXnF1LTZlwULx,31W5EY0aAly4Qieq6OFu6I","Down Bitch","COMMISSARY","Casanova,A Boogie Wit da Hoodie",2018-06-29,256720,50,spotify:user:22yodynepnaymqmy3iymnnldy,2022-07-27T04:37:04Z,"brooklyn drill,nyc rap,melodic rap,rap,trap",0.65,0.669,3,-6.399,0,0.419,0.239,0,0.0496,0.757,175.695,4
1y0Kx4EftBK6vfLWSaAxOh,"39mHYiNmLR7p8PXNG8Wll6,31W5EY0aAly4Qieq6OFu6I","Company (feat. A Boogie Wit Da Hoodie)","Company (feat. A Boogie Wit Da Hoodie)","Remy Ma,A Boogie Wit da Hoodie",2018-04-27,233466,30,spotify:user:22yodynepnaymqmy3iymnnldy,2022-07-27T04:37:10Z,"alternative r&b,bronx hip hop,hip pop,r&b,trap queen,urban contemporary,melodic rap,rap,trap",0.75,0.654,1,-4.983,1,0.0702,0.254,0,0.0917,0.63,140.065,1
0dbTQYW3Ad1FTzIA9t90E8,"55Aa2cqylxrFIXC767Z865,2YZyLoL8N0Wb9xBt1NhZWg","Mona Lisa (feat. Kendrick Lamar)","Tha Carter V","Lil Wayne,Kendrick Lamar",2018-09-28,324189,67,spotify:user:22yodynepnaymqmy3iymnnldy,2022-07-27T04:37:16Z,"hip hop,new orleans rap,pop rap,rap,trap,conscious hip hop,west coast rap",0.856,0.694,2,-4.393,1,0.169,0.371,0,0.109,0.489,122.08,4
3J5YrOvX2A0EA0j4BARQ9o,"31W5EY0aAly4Qieq6OFu6I","Look Back at It","Look Back at It","A Boogie Wit da Hoodie",2018-12-07,179449,51,spotify:user:22yodynepnaymqmy3iymnnldy,2022-07-27T04:37:23Z,"melodic rap,rap,trap",0.791,0.587,3,-5.075,0,0.0413,0.407,0,0.148,0.536,96.057,4
1iu3UTLNy436K7S8KVOdjS,"31W5EY0aAly4Qieq6OFu6I","Unhappy","The Bigger Artist","A Boogie Wit da Hoodie",2017-09-29,179166,49,spotify:user:22yodynepnaymqmy3iymnnldy,2022-07-27T04:37:29Z,"melodic rap,rap,trap",0.722,0.716,11,-5.353,0,0.19,0.229,0,0.0793,0.667,161.015,4
71kZP3u1h27zyjfULjSxPT,"3hcs9uc56yIGFCSy9leWe7,3KV3p5EY4AvKxOlhGHORLg","Like Me","Remember My Name (Deluxe)","Lil Durk,Jeremih",2015-06-02,238440,46,spotify:user:22yodynepnaymqmy3iymnnldy,2022-07-27T04:37:37Z,"chicago drill,chicago rap,drill,hip hop,rap,trap,dance pop,pop,pop rap,r&b,urban contemporary",0.722,0.529,6,-8.742,0,0.109,0.466,0.00000883,0.0739,0.0987,115.994,4
31zCe5KG7vN1sEpYm0JO02,"6eUKZXaKkcviH0Ku9w2n3V,20sxb77xiYeusSH8cVdatc,31W5EY0aAly4Qieq6OFu6I","1000 Nights (feat. Meek Mill & A Boogie Wit da Hoodie)","1000 Nights (feat. Meek Mill & A Boogie wit da Hoodie)","Ed Sheeran,Meek Mill,A Boogie Wit da Hoodie",2019-07-11,212306,32,spotify:user:22yodynepnaymqmy3iymnnldy,2022-07-27T04:37:49Z,"pop,uk pop,hip hop,philly rap,pop rap,rap,southern hip hop,trap,melodic rap",0.778,0.59,8,-5.548,1,0.27,0.467,0,0.0902,0.515,97.995,4
543bCW2ruMPmxUBWirQ3MR,"6eUKZXaKkcviH0Ku9w2n3V,1anyVhU62p31KFi8MEzkbf,21WS9wngs9AqFckK7yYJPM","Cross Me (feat. Chance the Rapper & PnB Rock)","Cross Me (feat. Chance the Rapper & PnB Rock)","Ed Sheeran,Chance the Rapper,PnB Rock",2019-05-24,206186,62,spotify:user:22yodynepnaymqmy3iymnnldy,2022-07-27T04:37:54Z,"pop,uk pop,chicago rap,conscious hip hop,hip hop,pop rap,rap,melodic rap,trap",0.746,0.787,4,-6.373,1,0.12,0.214,0,0.0669,0.607,95.005,4
1xpXnpIpuvzpx9jz15baJF,"7rkW85dBwwrJtlHRDkJDAC,0iEtIxbK0KxaSlF7G42ZOp","Call Me","Perfect Timing","NAV,Metro Boomin",2017-07-21,215066,65,spotify:user:22yodynepnaymqmy3iymnnldy,2022-07-27T04:38:01Z,"canadian hip hop,canadian trap,hip hop,melodic rap,rap,toronto rap,trap",0.678,0.395,9,-8.639,0,0.12,0.411,0.00544,0.122,0.136,170.065,4
5HjvtH7aRrYZMH6AIGKHy8,"7rkW85dBwwrJtlHRDkJDAC","Friends & Family","Emergency Tsunami (Bonus Version)","NAV",2020-11-11,145121,41,spotify:user:22yodynepnaymqmy3iymnnldy,2022-07-27T04:38:07Z,"canadian hip hop,canadian trap,hip hop,melodic rap,rap,toronto rap,trap",0.853,0.5,1,-7.186,1,0.106,0.0349,0,0.144,0.301,129.02,4
7iTrg4XoYMczisIbijkVVp,"7rkW85dBwwrJtlHRDkJDAC","Nasty","Emergency Tsunami (Bonus Version)","NAV",2020-11-11,157242,35,spotify:user:22yodynepnaymqmy3iymnnldy,2022-07-27T04:38:14Z,"canadian hip hop,canadian trap,hip hop,melodic rap,rap,toronto rap,trap",0.946,0.644,5,-5.225,0,0.0659,0.0337,0,0.107,0.502,116.033,4
3sPxerxOAySc16CAA4pT2h,"7rkW85dBwwrJtlHRDkJDAC,5f7VJjfbwm532GiveGC0ZK","Don't Need Friends (feat. Lil Baby)","Emergency Tsunami (Bonus Version)","NAV,Lil Baby",2020-11-11,184619,39,spotify:user:22yodynepnaymqmy3iymnnldy,2022-07-27T04:38:22Z,"canadian hip hop,canadian trap,hip hop,melodic rap,rap,toronto rap,trap,atl hip hop,atl trap",0.853,0.673,2,-4.172,1,0.214,0.0121,0,0.126,0.585,130.096,4
1UEw7bCkoo410Pkk0IxJg0,"7rkW85dBwwrJtlHRDkJDAC","Turn & Twist","Emergency Tsunami (Bonus Version)","NAV",2020-11-11,150412,32,spotify:user:22yodynepnaymqmy3iymnnldy,2022-07-27T04:38:30Z,"canadian hip hop,canadian trap,hip hop,melodic rap,rap,toronto rap,trap",0.95,0.699,2,-5.902,0,0.355,0.0406,0,0.29,0.265,129.964,4
5rvCAB0gKp5UzEcz6uteH9,"31W5EY0aAly4Qieq6OFu6I","Mood Swings","Artist 2.0 (Deluxe)","A Boogie Wit da Hoodie",2020-06-19,156960,44,spotify:user:22yodynepnaymqmy3iymnnldy,2022-07-27T04:38:38Z,"melodic rap,rap,trap",0.941,0.676,4,-5.54,0,0.0932,0.208,0.00000561,0.0986,0.931,120.075,4
7rg8xMdrvKM5QfZzmJLNik,"31W5EY0aAly4Qieq6OFu6I","King Of My City","Artist 2.0 (Deluxe)","A Boogie Wit da Hoodie",2020-06-19,148676,43,spotify:user:22yodynepnaymqmy3iymnnldy,2022-07-27T04:38:43Z,"melodic rap,rap,trap",0.48,0.679,4,-6.776,0,0.264,0.452,0,0.152,0.29,81.186,5
2sHekv6OdEiO4htSjdB9j4,"6LXRvV2OAtXF7685fzh3mj,31W5EY0aAly4Qieq6OFu6I","9 Bridge","9 Bridge","Rowdy Rebel,A Boogie Wit da Hoodie",2021-05-14,147962,53,spotify:user:22yodynepnaymqmy3iymnnldy,2022-07-27T04:38:49Z,"nyc rap,trap,melodic rap,rap",0.642,0.589,5,-7.392,0,0.302,0.124,0,0.0868,0.72,95.543,5
6bxUnsSGZCmoHHU5auwtps,"0c173mlxpT3dSFRgMO8XPh,55Aa2cqylxrFIXC767Z865,5ZS223C6JyBfXasXxrRqOk","Beware","Hall Of Fame (Deluxe)","Big Sean,Lil Wayne,Jhené Aiko",2013-01-01,235186,72,spotify:user:22yodynepnaymqmy3iymnnldy,2022-07-27T04:38:59Z,"detroit hip hop,hip hop,pop,pop rap,r&b,rap,southern hip hop,trap,new orleans rap,urban contemporary",0.7,0.554,1,-5.909,1,0.187,0.219,0.00000136,0.419,0.0633,97.127,4
65OVbaJR5O1RmwOQx0875b,"3TVXtAsR1Inumwj472S9r4,5f7VJjfbwm532GiveGC0ZK","Wants and Needs (feat. Lil Baby)","Scary Hours 2","Drake,Lil Baby",2021-03-05,192956,83,spotify:user:22yodynepnaymqmy3iymnnldy,2022-07-27T04:39:11Z,"canadian hip hop,canadian pop,hip hop,rap,toronto rap,atl hip hop,atl trap,trap",0.578,0.449,1,-6.349,1,0.286,0.0618,0.00000217,0.119,0.1,136.006,4
3vJKLsUYcC7mARUTOMUPaJ,"5f7VJjfbwm532GiveGC0ZK,3hcs9uc56yIGFCSy9leWe7","Who I Want","The Voice of the Heroes","Lil Baby,Lil Durk",2021-06-04,173207,62,spotify:user:22yodynepnaymqmy3iymnnldy,2022-07-27T04:39:17Z,"atl hip hop,atl trap,rap,trap,chicago drill,chicago rap,drill,hip hop",0.77,0.561,10,-4.97,0,0.083,0.14,0,0.123,0.81,145.928,4
7iBKCNKl5UjxfOgyxnQ6q6,"0eDvMgVFoNV3TpwtrVCoTj,31W5EY0aAly4Qieq6OFu6I","Foreigner (feat. A Boogie Wit da Hoodie)","Meet The Woo 2 (Deluxe)","Pop Smoke,A Boogie Wit da Hoodie",2020-02-12,161120,51,spotify:user:22yodynepnaymqmy3iymnnldy,2022-07-27T04:39:36Z,"brooklyn drill,melodic rap,rap,trap",0.484,0.553,10,-7.914,0,0.353,0.471,0,0.276,0.598,103.772,3
78QR3Wp35dqAhFEc2qAGjE,"5f7VJjfbwm532GiveGC0ZK,2hlmm7s2ICUX0LVIhVFlZQ","Drip Too Hard (Lil Baby & Gunna)","Drip Harder","Lil Baby,Gunna",2018-10-05,145542,85,spotify:user:22yodynepnaymqmy3iymnnldy,2022-07-27T04:39:43Z,"atl hip hop,atl trap,rap,trap,hip hop,melodic rap",0.897,0.662,1,-6.903,0,0.292,0.0852,0,0.534,0.389,112.511,4
5rU6kDNXZLXIinFezpbWbO,"7rkW85dBwwrJtlHRDkJDAC,20sxb77xiYeusSH8cVdatc","Tap (feat. Meek Mill)","Bad Habits (Deluxe)","NAV,Meek Mill",2019-03-26,148278,64,spotify:user:22yodynepnaymqmy3iymnnldy,2022-07-27T04:39:48Z,"canadian hip hop,canadian trap,hip hop,melodic rap,rap,toronto rap,trap,philly rap,pop rap,southern hip hop",0.901,0.676,2,-7.033,1,0.251,0.0646,0,0.0863,0.452,85.018,4
7tGlzXJv6GD5e5qlu5YmDg,"55Aa2cqylxrFIXC767Z865,3TVXtAsR1Inumwj472S9r4,1RyvyyTE3xzB2ZywiAwp0i","Love Me","I Am Not A Human Being II (Deluxe)","Lil Wayne,Drake,Future",2013-01-01,253440,45,spotify:user:22yodynepnaymqmy3iymnnldy,2022-07-27T04:39:55Z,"hip hop,new orleans rap,pop rap,rap,trap,canadian hip hop,canadian pop,toronto rap,atl hip hop,southern hip hop",0.674,0.608,8,-6.628,0,0.0334,0.0119,0,0.103,0.464,124.952,4
7fEoXCZTZFosUFvFQg1BmW,"6QtgPSJPSzcnn7dPZ4VINp","Took Her To The O","Levon James","King Von",2020-03-06,196179,78,spotify:user:22yodynepnaymqmy3iymnnldy,2022-07-27T04:40:22Z,"chicago rap",0.82,0.592,1,-7.002,1,0.29,0.0149,0.00000471,0.121,0.4,159.98,4
5xKXcU8tpSYz7C7wrMMYec,"0eDvMgVFoNV3TpwtrVCoTj","Hotel Lobby","Shoot For The Stars Aim For The Moon (Deluxe)","Pop Smoke",2020-07-20,151011,65,spotify:user:22yodynepnaymqmy3iymnnldy,2022-07-27T04:40:57Z,"brooklyn drill",0.688,0.61,11,-6.79,1,0.109,0.198,0.00154,0.114,0.201,88.995,4
7kFMvM2gUzVeW2ZlkKRhzu,"0eDvMgVFoNV3TpwtrVCoTj,14CHVeJGrR5xgUGQFV5BVM","Showin Off Pt.1 (feat. Fivio Foreign)","Shoot For The Stars Aim For The Moon (Deluxe)","Pop Smoke,Fivio Foreign",2020-07-20,96040,48,spotify:user:22yodynepnaymqmy3iymnnldy,2022-07-27T04:41:04Z,"brooklyn drill,new york drill,rap,trap",0.877,0.656,2,-5.823,1,0.417,0.148,0,0.16,0.535,139.883,4
6JzyJgeHSRS4aYiK5gt02M,"0eDvMgVFoNV3TpwtrVCoTj,14CHVeJGrR5xgUGQFV5BVM","Showin Off Pt.2 (feat. Fivio Foreign)","Shoot For The Stars Aim For The Moon (Deluxe)","Pop Smoke,Fivio Foreign",2020-07-20,192000,50,spotify:user:22yodynepnaymqmy3iymnnldy,2022-07-27T04:41:09Z,"brooklyn drill,new york drill,rap,trap",0.658,0.769,11,-5.16,0,0.279,0.245,0.00000215,0.313,0.611,140.042,4
43BlKpJcSrC9AsJ3F1DKg9,"3hcs9uc56yIGFCSy9leWe7,6QtgPSJPSzcnn7dPZ4VINp","Still Trappin' (with King Von)","The Voice","Lil Durk,King Von",2020-12-24,172185,0,spotify:user:22yodynepnaymqmy3iymnnldy,2022-07-27T04:41:25Z,"chicago drill,chicago rap,drill,hip hop,rap,trap",0.877,0.677,5,-4.969,0,0.356,0.0439,0,0.0986,0.627,144.941,4
53tv6ZbyeAwfAUwFaxYbfO,"3IaKn0ExWTMPqa0mscUYw3,3hcs9uc56yIGFCSy9leWe7","Hellcats & Trackhawks","Only The Family - Lil Durk Presents: Loyal Bros","Only The Family,Lil Durk",2021-03-05,146844,71,spotify:user:22yodynepnaymqmy3iymnnldy,2022-07-27T04:41:30Z,"chicago rap,rap,southern hip hop,trap,chicago drill,drill,hip hop",0.841,0.672,1,-5.557,0,0.371,0.0122,0,0.321,0.599,157.026,4
3LmuxO8mh3wwIfRUqHJFFy,"3q7HBObVc0L8jNeTe5Gofh,655963AgkTZeYUvCyodCIL","I'm The Man","I'm The Man","50 Cent,Sonny Digital",2016-02-12,235702,65,spotify:user:22yodynepnaymqmy3iymnnldy,2022-07-27T04:41:48Z,"east coast hip hop,gangster rap,hip hop,pop rap,queens hip hop,rap,atl hip hop",0.79,0.45,8,-7.571,0,0.195,0.335,0,0.125,0.273,98.064,4
7BDDX02cT4vV6tcDYpOEGj,"3q7HBObVc0L8jNeTe5Gofh,7bXgB6jMjp9ATFy66eO08Z","I'm The Man - Remix","I'm The Man (Remix)","50 Cent,Chris Brown",2016-05-06,235702,54,spotify:user:22yodynepnaymqmy3iymnnldy,2022-07-27T04:42:05Z,"east coast hip hop,gangster rap,hip hop,pop rap,queens hip hop,rap,dance pop,pop,r&b",0.742,0.495,1,-7.035,1,0.161,0.373,0,0.124,0.372,98.06,4
5CE1jL4dkfZlX5CiHZh5ap,"3q7HBObVc0L8jNeTe5Gofh,7bXgB6jMjp9ATFy66eO08Z","No Romeo No Juliet","No Romeo No Juliet","50 Cent,Chris Brown",2016-05-11,268486,56,spotify:user:22yodynepnaymqmy3iymnnldy,2022-07-27T04:42:11Z,"east coast hip hop,gangster rap,hip hop,pop rap,queens hip hop,rap,dance pop,pop,r&b",0.838,0.609,3,-5.643,0,0.219,0.341,0,0.0578,0.394,120.073,4
3PjSkZGM7rpNPymaesfZte,"6QtgPSJPSzcnn7dPZ4VINp","2 A.M.","Levon James","King Von",2020-03-06,120333,64,spotify:user:22yodynepnaymqmy3iymnnldy,2022-07-27T04:42:24Z,"chicago rap",0.942,0.69,8,-6.833,1,0.316,0.0655,0,0.0633,0.44,129.866,4
1YVhP58OOuJKDcwM7aO8K1,"6QtgPSJPSzcnn7dPZ4VINp","3 A.M.","Levon James","King Von",2020-03-06,126883,64,spotify:user:22yodynepnaymqmy3iymnnldy,2022-07-27T04:42:36Z,"chicago rap",0.885,0.485,1,-7.891,1,0.474,0.0401,0,0.103,0.073,139.989,4
1BNvadXnbiSf3ZofMMdDYK,"6QtgPSJPSzcnn7dPZ4VINp","Crazy Story","Grandson, Vol. 1","King Von",2019-09-20,146773,64,spotify:user:22yodynepnaymqmy3iymnnldy,2022-07-27T04:42:44Z,"chicago rap",0.83,0.504,11,-8.92,1,0.452,0.014,0.0000274,0.11,0.15,157.004,4
6V20oVETqPBJ4suIEoEkIY,"6QtgPSJPSzcnn7dPZ4VINp,3hcs9uc56yIGFCSy9leWe7","Crazy Story - Remix","Grandson, Vol. 1","King Von,Lil Durk",2019-09-20,194980,65,spotify:user:22yodynepnaymqmy3iymnnldy,2022-07-27T04:42:50Z,"chicago rap,chicago drill,drill,hip hop,rap,trap",0.844,0.641,8,-4.893,0,0.363,0.014,0.00000327,0.289,0.213,156.928,4
23TwR29GSeJBfXnXhmDlwR,"6QtgPSJPSzcnn7dPZ4VINp","Crazy Story, Pt. 3","Grandson, Vol. 1","King Von",2019-09-20,191399,75,spotify:user:22yodynepnaymqmy3iymnnldy,2022-07-27T04:43:00Z,"chicago rap",0.729,0.73,11,-5.14,0,0.261,0.00165,0.0000433,0.118,0.41,156.953,4
1EJIcDYXwSqipW5dFe4uJz,"0QHgL1lAIqAw0HtD7YldmP,5f7VJjfbwm532GiveGC0ZK,3hcs9uc56yIGFCSy9leWe7","EVERY CHANCE I GET (feat. Lil Baby & Lil Durk)","KHALED KHALED","DJ Khaled,Lil Baby,Lil Durk",2021-04-30,236524,77,spotify:user:22yodynepnaymqmy3iymnnldy,2022-07-27T04:43:19Z,"hip hop,miami hip hop,pop rap,rap,southern hip hop,trap,atl hip hop,atl trap,chicago drill,chicago rap,drill",0.477,0.727,2,-4.053,1,0.286,0.000866,0,0.108,0.227,150.062,4
1VLtjHwRWOVJiE5Py7JxoQ,"6AgTAQt8XS6jRWi4sX7w49","Martin & Gina","THE GOAT","Polo G",2020-05-15,132832,81,spotify:user:22yodynepnaymqmy3iymnnldy,2022-07-27T07:34:09Z,"chicago rap,rap",0.832,0.534,1,-7.813,0,0.253,0.345,0,0.165,0.116,93.924,4
5XzombolzpiaOSTdj1W0VS,"31W5EY0aAly4Qieq6OFu6I","Bleed","Artist 2.0 (Deluxe)","A Boogie Wit da Hoodie",2020-06-19,176958,59,spotify:user:22yodynepnaymqmy3iymnnldy,2022-07-27T18:59:41Z,"melodic rap,rap,trap",0.698,0.572,2,-7.735,1,0.198,0.135,0,0.154,0.391,71.446,4
018wmZ0pX7ln1gwej5CZqm,"31W5EY0aAly4Qieq6OFu6I","Till The Wheels Fall Off","Artist 2.0 (Deluxe)","A Boogie Wit da Hoodie",2020-06-19,183399,50,spotify:user:22yodynepnaymqmy3iymnnldy,2022-07-27T18:59:52Z,"melodic rap,rap,trap",0.525,0.504,6,-7.663,0,0.179,0.223,0,0.114,0.134,148.816,4
4GPwhZmu8N3CyVcJZ6j5PG,"31W5EY0aAly4Qieq6OFu6I","7 Mac 11's","Artist 2.0 (Deluxe)","A Boogie Wit da Hoodie",2020-06-19,169809,50,spotify:user:22yodynepnaymqmy3iymnnldy,2022-07-27T19:00:05Z,"melodic rap,rap,trap",0.789,0.528,9,-7.698,0,0.314,0.221,0,0.123,0.516,137.987,4
7iKIC4Qm4bYpPC5xUXTTQ5,"31W5EY0aAly4Qieq6OFu6I","Memories","Artist 2.0 (Deluxe)","A Boogie Wit da Hoodie",2020-06-19,210970,48,spotify:user:22yodynepnaymqmy3iymnnldy,2022-07-27T19:00:15Z,"melodic rap,rap,trap",0.736,0.676,7,-7.683,0,0.218,0.0568,0,0.0839,0.44,81.931,4
6Tguhaf2uAe6OjRLsR2Tql,"3hcs9uc56yIGFCSy9leWe7,5f7VJjfbwm532GiveGC0ZK,6AgTAQt8XS6jRWi4sX7w49","3 Headed Goat (feat. Lil Baby & Polo G)","Just Cause Y'all Waited 2","Lil Durk,Lil Baby,Polo G",2020-05-08,169531,75,spotify:user:22yodynepnaymqmy3iymnnldy,2022-07-29T00:59:32Z,"chicago drill,chicago rap,drill,hip hop,rap,trap,atl hip hop,atl trap",0.846,0.48,8,-8.618,0,0.359,0.269,0,0.0989,0.419,143.029,4
0c6Pmdnw71qZ4UHkr4qRNQ,"3hcs9uc56yIGFCSy9leWe7","Bora Bora","Love Songs 4 the Streets 2","Lil Durk",2019-08-02,162205,59,spotify:user:22yodynepnaymqmy3iymnnldy,2022-07-29T00:59:40Z,"chicago drill,chicago rap,drill,hip hop,rap,trap",0.678,0.623,1,-5.034,1,0.0828,0.16,0,0.151,0.103,160.021,4
4IRMlZtGnV9q5pK4HSIQke,"7e10JUMF7MJmmwYpnTSMI5,4yBK75WVCQXej1p04GWqxH","Paranoia","Paranoia: A True Story","Dave East,Jeezy",2017-08-18,186946,41,spotify:user:22yodynepnaymqmy3iymnnldy,2022-07-29T01:02:03Z,"gangster rap,harlem hip hop,hip hop,nyc rap,pop rap,rap,southern hip hop,trap,underground hip hop,atl hip hop,crunk,dirty south rap,old school atlanta hip hop",0.801,0.751,8,-4.753,1,0.317,0.00598,0,0.223,0.598,120.019,4
6HicBL9RxtWwNK7sS2AHHU,"7e10JUMF7MJmmwYpnTSMI5,137W8MRPWKqSmrBGDBFSop","Phone Jumpin","Paranoia: A True Story","Dave East,Wiz Khalifa",2017-08-18,247226,50,spotify:user:22yodynepnaymqmy3iymnnldy,2022-07-29T01:02:16Z,"gangster rap,harlem hip hop,hip hop,nyc rap,pop rap,rap,southern hip hop,trap,underground hip hop,dance pop,pittsburgh rap",0.632,0.767,9,-4.002,0,0.232,0.0216,0,0.378,0.622,140.14,4
6uGUucSCeTaOk9VD2dEvxU,"7e10JUMF7MJmmwYpnTSMI5","Roger That","Change of Plans","Dave East",2010-07-15,153730,7,spotify:user:22yodynepnaymqmy3iymnnldy,2022-07-29T01:17:14Z,"gangster rap,harlem hip hop,hip hop,nyc rap,pop rap,rap,southern hip hop,trap,underground hip hop",0.463,0.845,2,-5.32,1,0.428,0.27,0,0.431,0.467,106.276,5
3Ddny34bFoYBb8dIGq5lwp,"6jGMq4yGs7aQzuGsMgVgZR,14CHVeJGrR5xgUGQFV5BVM,0eDvMgVFoNV3TpwtrVCoTj","Zoo York (feat. Fivio Foreign & Pop Smoke)","State of Emergency","Lil Tjay,Fivio Foreign,Pop Smoke",2020-05-08,214825,65,spotify:user:22yodynepnaymqmy3iymnnldy,2022-07-29T02:39:52Z,"brooklyn drill,melodic rap,nyc rap,new york drill,rap,trap",0.565,0.569,6,-6.084,0,0.379,0.0352,0.00000881,0.106,0.303,92.466,5
61FfbHfk4qT8ZzNA5dqN9j,"3hcs9uc56yIGFCSy9leWe7,5f7VJjfbwm532GiveGC0ZK","Finesse Out The Gang Way (feat. Lil Baby)","The Voice (Deluxe)","Lil Durk,Lil Baby",2021-01-29,186283,63,spotify:user:22yodynepnaymqmy3iymnnldy,2022-07-29T02:39:53Z,"chicago drill,chicago rap,drill,hip hop,rap,trap,atl hip hop,atl trap",0.736,0.887,1,-4.159,0,0.124,0.218,0,0.101,0.495,100.501,3
2bSk87AVkCIIC3Bcligq1z,"5f7VJjfbwm532GiveGC0ZK,2hlmm7s2ICUX0LVIhVFlZQ,4O15NlyKLIASxsJ0PrXPfz","Life Goes On","Harder Than Ever","Lil Baby,Gunna,Lil Uzi Vert",2018-05-18,247054,75,spotify:user:22yodynepnaymqmy3iymnnldy,2022-07-29T02:40:10Z,"atl hip hop,atl trap,rap,trap,hip hop,melodic rap,philly rap",0.716,0.541,1,-7.909,1,0.149,0.0021,0,0.115,0.387,139.978,4
0fIffclhgJC5h8AdMMVvkp,"0eDvMgVFoNV3TpwtrVCoTj","Welcome To The Party","Meet The Woo","Pop Smoke",2019-07-26,214960,71,spotify:user:22yodynepnaymqmy3iymnnldy,2022-07-29T02:40:39Z,"brooklyn drill",0.637,0.723,2,-5.547,1,0.091,0.0134,0.0000787,0.196,0.228,143.013,4
3TFO78JhsoNbQUrfKfGdIo,"2HUwZ0kumzCSlhFcjFZfpp,31W5EY0aAly4Qieq6OFu6I","No No No (feat. A Boogie Wit Da Hoodie)","No No No (feat. A Boogie Wit Da Hoodie)","Flipp Dinero,A Boogie Wit da Hoodie",2020-10-23,221224,54,spotify:user:22yodynepnaymqmy3iymnnldy,2022-07-29T02:40:41Z,"melodic rap,pop rap,rap,trap,underground hip hop,vapor trap,viral rap",0.524,0.511,7,-8.666,0,0.417,0.131,0,0.082,0.524,81.328,5
49hdeJtcG2zgK4Nd83JcJN,"3hcs9uc56yIGFCSy9leWe7,4IVAbR2w4JJNJDDRFP3E83,50co4Is1HCEo8bhOyUWKpn","Stay Down - Apple Music Live","The Voice","Lil Durk,6LACK,Young Thug",2020-12-24,169330,56,spotify:user:22yodynepnaymqmy3iymnnldy,2022-07-29T02:40:45Z,"chicago drill,chicago rap,drill,hip hop,rap,trap,atl hip hop,melodic rap,pop,r&b,atl trap,gangster rap,pop rap,southern hip hop",0.813,0.57,3,-8.409,0,0.265,0.0909,0,0.0982,0.676,109.07,4
5uZm7EFtP5aoTJvx5gv9Xf,"31W5EY0aAly4Qieq6OFu6I","Jungle","Artist","A Boogie Wit da Hoodie",2016-09-16,174192,74,spotify:user:22yodynepnaymqmy3iymnnldy,2022-07-29T02:40:49Z,"melodic rap,rap,trap",0.538,0.52,7,-11.063,0,0.737,0.308,0,0.214,0.551,180.274,4
3CUqjIsPPuncCJFIydwq5a,"31W5EY0aAly4Qieq6OFu6I","Glasses","B4 AVA","A Boogie Wit da Hoodie",2021-12-10,202133,58,spotify:user:22yodynepnaymqmy3iymnnldy,2022-07-29T18:22:26Z,"melodic rap,rap,trap",0.624,0.602,5,-6.571,0,0.23,0.249,0,0.103,0.63,100.197,3
6NxOrfF4XvNsSpp7G56KzF,"31W5EY0aAly4Qieq6OFu6I","Girls Go Down","B4 AVA","A Boogie Wit da Hoodie",2021-12-10,165138,51,spotify:user:22yodynepnaymqmy3iymnnldy,2022-07-29T18:22:32Z,"melodic rap,rap,trap",0.796,0.67,7,-6.465,0,0.107,0.00995,0.00000222,0.128,0.343,139.987,4
1ug52CZX2B0VdnFtNKS1gH,"31W5EY0aAly4Qieq6OFu6I","Making You Cry","B4 AVA","A Boogie Wit da Hoodie",2021-12-10,232198,52,spotify:user:22yodynepnaymqmy3iymnnldy,2022-07-29T18:22:38Z,"melodic rap,rap,trap",0.404,0.451,2,-9.499,1,0.339,0.563,0,0.105,0.141,76.513,3
3PMX3IVMy3JcVgGgp9LbPt,"31W5EY0aAly4Qieq6OFu6I","Notifications","B4 AVA","A Boogie Wit da Hoodie",2021-12-10,127333,54,spotify:user:22yodynepnaymqmy3iymnnldy,2022-07-29T18:22:44Z,"melodic rap,rap,trap",0.553,0.679,2,-4.055,1,0.365,0.522,0,0.111,0.76,100.854,1
35uYYHfPcA5zcl8IeVXxOb,"31W5EY0aAly4Qieq6OFu6I","Be Free","B4 AVA","A Boogie Wit da Hoodie",2021-12-10,188486,56,spotify:user:22yodynepnaymqmy3iymnnldy,2022-07-29T18:22:49Z,"melodic rap,rap,trap",0.634,0.512,10,-7.123,0,0.117,0.0199,0,0.115,0.264,126.961,4
57BGVV6wcyhbn3hsjlqEZB,"0eDvMgVFoNV3TpwtrVCoTj","Element","Meet The Woo 2","Pop Smoke",2020-02-07,135746,79,spotify:user:22yodynepnaymqmy3iymnnldy,2022-07-30T01:12:16Z,"brooklyn drill",0.772,0.878,2,-4.22,1,0.324,0.0301,0.00000218,0.251,0.305,61.311,5
5h66wqaGklsSa8eSxTwcJT,"31W5EY0aAly4Qieq6OFu6I","4 Min Convo (Favorite Song)","Hoodie SZN","A Boogie Wit da Hoodie",2018-12-21,257273,59,spotify:user:22yodynepnaymqmy3iymnnldy,2022-07-30T01:14:06Z,"melodic rap,rap,trap",0.705,0.65,7,-5.654,0,0.212,0.359,0,0.169,0.658,91.053,4
1Gno5IBUHh6vUKp4nxu2Yd,"31W5EY0aAly4Qieq6OFu6I","Love Drugs and Sex","Hoodie SZN","A Boogie Wit da Hoodie",2018-12-21,157862,67,spotify:user:22yodynepnaymqmy3iymnnldy,2022-07-30T01:14:13Z,"melodic rap,rap,trap",0.762,0.553,5,-7.207,0,0.112,0.55,0,0.115,0.773,119.973,4
5cv0dKJs3s5TpLni2E7pqp,"31W5EY0aAly4Qieq6OFu6I,7hf5PZjVOqTQ2id3PF7I5Y","Hit Different","Hit Different","A Boogie Wit da Hoodie,B-Lovee",2022-03-04,183941,50,spotify:user:22yodynepnaymqmy3iymnnldy,2022-07-30T04:35:04Z,"melodic rap,rap,trap,bronx drill,new york drill",0.58,0.687,11,-7.829,0,0.269,0.343,0,0.0941,0.657,136.615,4
577YBGuskWkVDCxZrLRB4v,"5f7VJjfbwm532GiveGC0ZK","Pure Cocaine","Street Gossip","Lil Baby",2018-11-30,154023,81,spotify:user:22yodynepnaymqmy3iymnnldy,2022-07-30T07:33:57Z,"atl hip hop,atl trap,rap,trap",0.964,0.487,10,-6.071,0,0.421,0.00127,0.00000657,0.115,0.107,127.05,4
0J6UvGEMuJvzPKvlDbBvLz,"0HkcYmcjrBR3SCw9Ld5VZk","Adam & Eve","Wildboy","Calboy",2019-05-31,179466,60,spotify:user:22yodynepnaymqmy3iymnnldy,2022-07-30T07:34:50Z,"chicago rap,melodic rap,pop rap,rap,trap,vapor trap",0.781,0.696,6,-5.553,0,0.313,0.203,0,0.13,0.692,74.998,4
7ACW7VpgoKmfM1sKo15UhX,"0Njy6yR9LykNKYg9yE23QN,5QdEbQJ3ylBnc3gsIASAT5,3hcs9uc56yIGFCSy9leWe7,1URnnhqYAYcrqrcwql10ft","Who Want Smoke?? (feat. G Herbo, Lil Durk & 21 Savage)","Who is Nardo Wick?","Nardo Wick,G Herbo,Lil Durk,21 Savage",2021-12-03,279573,70,spotify:user:22yodynepnaymqmy3iymnnldy,2022-07-30T07:36:16Z,"florida rap,rap,trap,chicago drill,chicago rap,drill,southern hip hop,hip hop,atl hip hop",0.748,0.713,6,-6.399,1,0.355,0.00496,0,0.245,0.482,75.591,4
2bPI4TKM4oTxl2SijUXM2J,"3hcs9uc56yIGFCSy9leWe7","AHHH HA","7220","Lil Durk",2022-03-11,186538,64,spotify:user:22yodynepnaymqmy3iymnnldy,2022-07-30T07:36:36Z,"chicago drill,chicago rap,drill,hip hop,rap,trap",0.676,0.61,1,-9.185,1,0.273,0.000114,0.00000173,0.191,0.519,156.005,4
3VayB5gLZGODx8b7RO1y5f,"1tG7s7S4sq2eFFW0QZyLbm","No Suburban, Pt. 2","One and Only","Sheff G",2020-05-15,153561,69,spotify:user:22yodynepnaymqmy3iymnnldy,2022-07-30T07:36:37Z,"brooklyn drill,new york drill,nyc rap,rap",0.85,0.458,8,-7.82,1,0.339,0.476,0,0.26,0.616,143.973,4
3tr0NiL6ghHGmmgcyzVU5P,"1tG7s7S4sq2eFFW0QZyLbm,6EPlBSH2RSiettczlz7ihV,31W5EY0aAly4Qieq6OFu6I","Run It Up (feat. Sleepy Hallow & A Boogie Wit Da Hoodie)","From The Can","Sheff G,Sleepy Hallow,A Boogie Wit da Hoodie",2022-07-15,171938,51,spotify:user:22yodynepnaymqmy3iymnnldy,2022-07-30T07:37:11Z,"brooklyn drill,new york drill,nyc rap,rap,melodic rap,trap",0.587,0.521,0,-10.766,1,0.24,0.72,0,0.0871,0.692,93.317,4
3m49rgJQUz5GU07RWjf5SH,"6EPlBSH2RSiettczlz7ihV,1tG7s7S4sq2eFFW0QZyLbm","Molly","Sleepy Hallow Presents: Sleepy For President","Sleepy Hallow,Sheff G",2020-06-05,164562,70,spotify:user:22yodynepnaymqmy3iymnnldy,2022-07-30T07:37:53Z,"brooklyn drill,nyc rap,new york drill,rap",0.812,0.385,10,-9.676,0,0.416,0.787,0,0.103,0.742,133.993,4
63Jvn7uWSPe71I9I3H4U1q,"6EPlBSH2RSiettczlz7ihV","2 Sauce","Still Sleep?","Sleepy Hallow",2021-06-02,188571,56,spotify:user:22yodynepnaymqmy3iymnnldy,2022-07-30T07:38:18Z,"brooklyn drill,nyc rap",0.849,0.573,10,-6.246,0,0.168,0.73,0,0.107,0.685,140.033,4
64b14VPe2ScA1l9jEbFNqB,"31W5EY0aAly4Qieq6OFu6I","Non Judgmental","Non Judgmental","A Boogie Wit da Hoodie",2022-02-11,182487,54,spotify:user:22yodynepnaymqmy3iymnnldy,2022-07-30T07:38:24Z,"melodic rap,rap,trap",0.58,0.539,2,-6.757,1,0.424,0.0646,0,0.102,0.148,126.179,5
7rWLqeQJabrK7FbY8X0TyI,"4JhbRL6zaItAyzqx4gHTqz","Suburban, Pt. 2","Growth & Development","22Gz",2020-04-10,190746,65,spotify:user:22yodynepnaymqmy3iymnnldy,2022-07-30T07:38:41Z,"brooklyn drill,nyc rap,trap",0.83,0.574,11,-6.892,1,0.701,0.281,0,0.124,0.538,143.892,4
6sYThNCvel5hrSu6Cd5fv0,"6EPlBSH2RSiettczlz7ihV,1tG7s7S4sq2eFFW0QZyLbm","Don't Panic (feat. Sheff G)","Sleepy Hallow Presents: Sleepy For President","Sleepy Hallow,Sheff G",2020-06-05,128801,60,spotify:user:22yodynepnaymqmy3iymnnldy,2022-07-30T07:39:06Z,"brooklyn drill,nyc rap,new york drill,rap",0.851,0.502,11,-10.13,1,0.336,0.447,0,0.107,0.893,139.959,4
4bJpzTfBhH62biMJpweayC,"1tG7s7S4sq2eFFW0QZyLbm,6EPlBSH2RSiettczlz7ihV","Tip Toe","Proud Of Me Now","Sheff G,Sleepy Hallow",2020-12-16,181159,52,spotify:user:22yodynepnaymqmy3iymnnldy,2022-07-30T07:40:21Z,"brooklyn drill,new york drill,nyc rap,rap",0.847,0.621,6,-7.307,1,0.323,0.576,0,0.186,0.77,130.139,4
4WXfps7CpILoipV9GKQOaz,"5g8mXUQcC8DVAHLwGGAIrJ,3hcs9uc56yIGFCSy9leWe7,6QtgPSJPSzcnn7dPZ4VINp","Ok Ok Ok","Word To LA","Booka600,Lil Durk,King Von",2019-06-28,160208,41,spotify:user:22yodynepnaymqmy3iymnnldy,2022-07-30T07:41:25Z,"chicago rap,chicago drill,drill,hip hop,rap,trap",0.917,0.526,8,-8.35,0,0.386,0.00267,0.232,0.0996,0.165,144.04,4
0mG6igzxbH55XRyq3ygEh8,"6EPlBSH2RSiettczlz7ihV","2055","2055","Sleepy Hallow",2021-04-14,123986,71,spotify:user:22yodynepnaymqmy3iymnnldy,2022-07-30T07:47:48Z,"brooklyn drill,nyc rap",0.775,0.518,6,-5.857,0,0.311,0.455,0,0.121,0.646,161.011,4
2KMPEI406H9G8UqiWDfuTK,"6EPlBSH2RSiettczlz7ihV,1tG7s7S4sq2eFFW0QZyLbm","Breakin Bad (Okay)","DON'T SLEEP","Sleepy Hallow,Sheff G",2019-10-31,131286,67,spotify:user:22yodynepnaymqmy3iymnnldy,2022-07-30T19:50:20Z,"brooklyn drill,nyc rap,new york drill,rap",0.748,0.62,1,-5.631,0,0.349,0.34,0,0.15,0.915,94.508,4
2JvzF1RMd7lE3KmFlsyZD8,"6l3HvQ5sa6mXTsMTB19rO5","MIDDLE CHILD","MIDDLE CHILD","J. Cole",2019-01-23,213593,81,spotify:user:22yodynepnaymqmy3iymnnldy,2022-07-31T00:03:57Z,"conscious hip hop,hip hop,north carolina hip hop,rap",0.837,0.364,8,-11.713,1,0.276,0.149,0,0.271,0.463,123.984,4
2DTpP3caqX3QdJIEoS83mD,"6C1ohJrd5VydigQtaGy5Wa,6l3HvQ5sa6mXTsMTB19rO5","Your Heart","Your Heart","Joyner Lucas,J. Cole",2021-09-24,198620,68,spotify:user:22yodynepnaymqmy3iymnnldy,2022-07-31T00:04:12Z,"boston hip hop,hip hop,pop rap,rap,conscious hip hop,north carolina hip hop",0.861,0.637,6,-7.701,0,0.133,0.392,0,0.0929,0.754,87.006,4
0Fs9cdPDhptWEDJmiCbkEW,"6l3HvQ5sa6mXTsMTB19rO5,3Oim8XBPbznAa8Jj8QzNc8,4vpGVGgxSDcCTmqYbsOnsn","She Knows (feat. Amber Coffman & Cults)","Born Sinner (Deluxe Version)","J. Cole,Cults,Amber Coffman",2013-06-18,296520,81,spotify:user:22yodynepnaymqmy3iymnnldy,2022-07-31T00:17:38Z,"conscious hip hop,hip hop,north carolina hip hop,rap,experimental pop,indie pop,indie surf,art pop",0.766,0.74,1,-10.363,1,0.0807,0.0193,0.0784,0.229,0.183,118.008,4
4tqcoej1zPvwePZCzuAjJd,"6l3HvQ5sa6mXTsMTB19rO5","Wet Dreamz","2014 Forest Hills Drive","J. Cole",2014-12-09,239266,83,spotify:user:22yodynepnaymqmy3iymnnldy,2022-07-31T00:18:00Z,"conscious hip hop,hip hop,north carolina hip hop,rap",0.495,0.722,6,-8.108,0,0.357,0.0697,0,0.113,0.539,175.627,4
68Dni7IE4VyPkTOH9mRWHr,"6l3HvQ5sa6mXTsMTB19rO5","No Role Modelz","2014 Forest Hills Drive","J. Cole",2014-12-09,292799,88,spotify:user:22yodynepnaymqmy3iymnnldy,2022-07-31T00:18:15Z,"conscious hip hop,hip hop,north carolina hip hop,rap",0.69,0.521,10,-8.492,0,0.339,0.324,0,0.0534,0.494,100.028,4
0Thqjtu54vKMP06pwZkAWp,"6l3HvQ5sa6mXTsMTB19rO5","G.O.M.D","2014 Forest Hills Drive","J. Cole",2014-12-09,301064,73,spotify:user:22yodynepnaymqmy3iymnnldy,2022-07-31T00:18:39Z,"conscious hip hop,hip hop,north carolina hip hop,rap",0.889,0.4,4,-10.586,0,0.26,0.322,0.0000132,0.331,0.336,128.073,4
7yotKA30dwTKNEGomV9ZsI,"6l3HvQ5sa6mXTsMTB19rO5","KOD","KOD","J. Cole",2018-04-20,191436,68,spotify:user:22yodynepnaymqmy3iymnnldy,2022-07-31T00:19:07Z,"conscious hip hop,hip hop,north carolina hip hop,rap",0.823,0.783,0,-6.274,1,0.154,0.21,0,0.113,0.199,141.882,4
6tZ3b7ik1QDXFAZlXib0YZ,"6l3HvQ5sa6mXTsMTB19rO5","Kevin’s Heart","KOD","J. Cole",2018-04-20,200309,74,spotify:user:22yodynepnaymqmy3iymnnldy,2022-07-31T00:19:19Z,"conscious hip hop,hip hop,north carolina hip hop,rap",0.829,0.527,6,-6.644,0,0.367,0.482,0,0.631,0.475,116.079,4
5vtidVF182hbnDYXkZNooR,"70edvwo23nb5sh0bnryYzh","Trust Issues","Mixed Emotions","Haze Milli",2019-02-11,110712,0,spotify:user:22yodynepnaymqmy3iymnnldy,2022-07-31T04:47:17Z,"",0.687,0.409,5,-11.968,0,0.291,0.0478,0,0.111,0.509,172.079,4
2OHFElJK2ivp4q5GxjqFjH,"70edvwo23nb5sh0bnryYzh","Cold Hearted","Mixed Emotions","Haze Milli",2019-02-11,122400,0,spotify:user:22yodynepnaymqmy3iymnnldy,2022-07-31T04:53:22Z,"",0.656,0.542,5,-9.595,1,0.1,0.571,0.00000185,0.118,0.337,159.974,4
0iUjh3B9LyGes9ktx7oDxg,"70edvwo23nb5sh0bnryYzh","No Love","Mixed Emotions","Haze Milli",2019-02-11,166817,0,spotify:user:22yodynepnaymqmy3iymnnldy,2022-07-31T04:53:28Z,"",0.548,0.72,8,-10.34,0,0.0666,0.0661,0,0.0653,0.492,95.079,4
10Jqp0yCknep9dPI352c09,"70edvwo23nb5sh0bnryYzh","All About You","Mixed Emotions","Haze Milli",2019-02-11,154608,0,spotify:user:22yodynepnaymqmy3iymnnldy,2022-07-31T05:04:50Z,"",0.481,0.597,3,-10.861,0,0.141,0.459,0,0.131,0.723,74.705,4
0eDEvCdi2d9lRR2DRtV9xb,"70edvwo23nb5sh0bnryYzh","For You","Mixed Emotions","Haze Milli",2019-02-11,176640,0,spotify:user:22yodynepnaymqmy3iymnnldy,2022-07-31T05:08:49Z,"",0.397,0.465,7,-13.348,0,0.24,0.0893,0.00000256,0.132,0.201,154.79,4
3OC993nxBblkglHvj8B3je,"6BQZ2DidVoSXS7sCnUGB8f,7Ga23IrWhWSXX9ct5hObbr","NASCAR","NASCAR","Dillybopp,Jimmy Ski",2020-09-12,196963,0,spotify:user:22yodynepnaymqmy3iymnnldy,2022-08-20T18:34:14Z,"",0.666,0.398,5,-13.728,1,0.292,0.0434,0.00000292,0.24,0.356,160.012,4
12UeogDCZJmUaiOWqgN0vi,"2W7xdp8f9dyDlaIVq1NXsC,31W5EY0aAly4Qieq6OFu6I","Wolf","Wolf","lil Tr33zy,A Boogie Wit da Hoodie",2020-01-03,150115,29,spotify:user:22yodynepnaymqmy3iymnnldy,2022-09-19T18:54:39Z,"melodic rap,rap,trap",0.812,0.74,8,-5.259,1,0.071,0.421,0.000287,0.322,0.206,130.271,4
6MO2bfLHKykUgCChFdw91H,"3Y7RZ31TRPVadSFVy1o8os,31W5EY0aAly4Qieq6OFu6I,7bXgB6jMjp9ATFy66eO08Z,0eDvMgVFoNV3TpwtrVCoTj","Slide (Remix) (feat. Pop Smoke, A Boogie Wit da Hoodie & Chris Brown) (feat. Pop Smoke)","Slide (Remix) (feat. Pop Smoke, A Boogie Wit da Hoodie & Chris Brown) (feat. Pop Smoke)","H.E.R.,A Boogie Wit da Hoodie,Chris Brown,Pop Smoke",2020-01-17,296011,71,spotify:user:22yodynepnaymqmy3iymnnldy,2022-09-19T18:55:18Z,"pop,r&b,rap,urban contemporary,melodic rap,trap,dance pop,brooklyn drill",0.816,0.513,1,-8.363,1,0.244,0.0145,0.000102,0.14,0.17,96.981,4
4XSqeU8FBxfs19ERXZblaa,"0FTrIsp2Mg7Bkf8eXQrISa,31W5EY0aAly4Qieq6OFu6I","POINT EM OUT","POINT EM OUT","PHresher,A Boogie Wit da Hoodie",2020-03-20,191818,17,spotify:user:22yodynepnaymqmy3iymnnldy,2022-09-19T18:55:32Z,"nyc rap,melodic rap,rap,trap",0.704,0.695,11,-5.979,1,0.277,0.0576,0,0.307,0.281,132.156,4
2aqVnUBcPaKo1PcmyySgG5,"1Cs0zKBU1kc0i8ypK3B9ai,0haZhu4fFKt0Ag94kZDiz2,31W5EY0aAly4Qieq6OFu6I","Family (feat. Sofia Reyes & A Boogie Wit da Hoodie)","Family (feat. Sofia Reyes & A Boogie Wit da Hoodie)","David Guetta,Sofía Reyes,A Boogie Wit da Hoodie",2021-10-28,160353,34,spotify:user:22yodynepnaymqmy3iymnnldy,2022-09-19T18:55:57Z,"big room,dance pop,edm,pop,pop dance,latin pop,mexican pop,melodic rap,rap,trap",0.694,0.73,11,-5.647,1,0.0827,0.197,0,0.0925,0.636,88.058,4
4SLaIlR3HLcOCyJU3Zt1Bf,"7BtDOCA9U1krM87JITg6bF,31W5EY0aAly4Qieq6OFu6I","Distance (P-Valley Remix)","P-Valley: Season 2, Episode 1 (Music From the Original TV Series)","Jucee Froot,A Boogie Wit da Hoodie",2022-06-03,162186,28,spotify:user:22yodynepnaymqmy3iymnnldy,2022-09-19T18:56:15Z,"trap queen,viral rap,melodic rap,rap,trap",0.875,0.453,10,-8.242,1,0.065,0.147,0,0.0865,0.313,113.945,4
23pGZ6n6Xd3yV7qK4xw7dx,"31W5EY0aAly4Qieq6OFu6I,757aE44tKEUQEqRuT6GnEB","B.R.O. (Better Ride Out) [feat. Roddy Ricch]","B.R.O. (Better Ride Out) [feat. Roddy Ricch]","A Boogie Wit da Hoodie,Roddy Ricch",2022-10-07,178041,73,spotify:user:22yodynepnaymqmy3iymnnldy,2022-10-13T00:27:56Z,"melodic rap,rap,trap",0.576,0.596,2,-7.774,0,0.108,0.0398,0,0.0975,0.338,95.457,4
35RJhm1pEovTBwnNR0zWad,"0QHgL1lAIqAw0HtD7YldmP,3TVXtAsR1Inumwj472S9r4","GREECE (feat. Drake)","GREECE (feat. Drake)","DJ Khaled,Drake",2020-07-16,218901,72,spotify:user:22yodynepnaymqmy3iymnnldy,2022-10-29T01:57:50Z,"hip hop,miami hip hop,pop rap,rap,southern hip hop,trap,canadian hip hop,canadian pop,toronto rap",0.695,0.343,5,-10.798,1,0.0432,0.0743,0.00000104,0.107,0.229,85.84,4
1bC5TjLU93joD2sM3wYqdZ,"7BtDOCA9U1krM87JITg6bF,31W5EY0aAly4Qieq6OFu6I","Distance (feat. A Boogie Wit da Hoodie)","Black Sheep","Jucee Froot,A Boogie Wit da Hoodie",2020-03-11,168523,32,spotify:user:22yodynepnaymqmy3iymnnldy,2022-11-09T22:56:14Z,"trap queen,viral rap,melodic rap,rap,trap",0.87,0.417,10,-6.391,1,0.0614,0.242,0,0.106,0.436,113.955,4
4dASQiO1Eoo3RJvt74FtXB,"55Aa2cqylxrFIXC767Z865,137W8MRPWKqSmrBGDBFSop,53XhwfbYqKCa1cC15pYq2q,3NPpFNZtSTHheNBaWC82rB,4xRYI6VqpkE3UwrDrAZL8L,7c0XG5cIJTrrAgEC3ULPiq","Sucker for Pain (with Wiz Khalifa, Imagine Dragons, Logic & Ty Dolla $ign feat. X Ambassadors)","Sucker for Pain (with Logic & Ty Dolla $ign feat. X Ambassadors)","Lil Wayne,Wiz Khalifa,Imagine Dragons,X Ambassadors,Logic,Ty Dolla $ign",2016-06-24,243490,76,spotify:user:22yodynepnaymqmy3iymnnldy,2022-11-16T23:15:38Z,"hip hop,new orleans rap,pop rap,rap,trap,dance pop,pittsburgh rap,southern hip hop,modern rock,rock,modern alternative rock,pop,pop rock,stomp pop,conscious hip hop,dmv rap,r&b,trap soul",0.502,0.786,9,-4.378,0,0.317,0.255,0,0.65,0.739,169.021,4
0dpok9LbD1eATa5XPMardF,"55Aa2cqylxrFIXC767Z865,1sBkRIssrMs1AbVkOJbc7a","John","Tha Carter IV (Complete Edition)","Lil Wayne,Rick Ross",2011-08-29,286973,57,spotify:user:22yodynepnaymqmy3iymnnldy,2022-11-16T23:21:37Z,"hip hop,new orleans rap,pop rap,rap,trap,dirty south rap,gangster rap,southern hip hop",0.59,0.819,11,-4.472,1,0.111,0.0144,0,0.112,0.423,77.516,4
6bdFbw9THAMceZtkPWXu8e,"55Aa2cqylxrFIXC767Z865,4sglKanXuoU0gqGYP3wiNv","No Worries","I Am Not A Human Being II (Deluxe)","Lil Wayne,Detail",2013-01-01,222866,60,spotify:user:22yodynepnaymqmy3iymnnldy,2022-11-16T23:24:16Z,"hip hop,new orleans rap,pop rap,rap,trap",0.831,0.616,5,-5.611,1,0.153,0.0947,0,0.11,0.817,128.012,4
