Spotify ID,Artist IDs,Track Name,Album Name,Artist Name(s),Release Date,Duration (ms),Popularity,Added By,Added At,Genres,Danceability,Energy,Key,Loudness,Mode,Speechiness,Acousticness,Instrumentalness,Liveness,Valence,Tempo,Time Signature
32OlwWuMpZ6b0aN2RZOeMS,"3hv9jJF3adDNsBSIQDqcjp,0du5cEVh5yTK9QJze8zA0C","Uptown Funk (feat. Bruno Mars)","Uptown Special","Mark Ronson,Bruno Mars",2015-01-12,269666,82,spotify:user:21h7zeuj2zcdevrh3p4mm4vpy,2019-05-27T11:14:58Z,"dance pop,pop",0.856,0.609,0,-7.223,1,0.0824,0.00801,0.0000815,0.0344,0.928,114.988,4
4kbj5MwxO1bq9wjT5g9HaA,"6DIS6PRrLS3wbnZsf7vYic","Shut Up and Dance","TALKING IS HARD","WALK THE MOON",2014-12-02,199080,82,spotify:user:21h7zeuj2zcdevrh3p4mm4vpy,2019-05-27T11:15:09Z,"dance rock,indie poptimism,modern alternative rock,modern rock,pop rock,rock",0.578,0.866,1,-3.804,1,0.0619,0.00701,0,0.257,0.619,128.038,4
08mG3Y1vljYA6bvDt4Wqkj,"711MCceyCBcFnzjGY4Q7Un","Back In Black","Back In Black","AC/DC",1980-07-25,255493,83,spotify:user:21h7zeuj2zcdevrh3p4mm4vpy,2019-05-27T11:15:35Z,"australian rock,hard rock,rock",0.31,0.7,9,-5.678,1,0.047,0.011,0.00965,0.0828,0.763,188.386,4
5SZ6zX4rOrEQferfFC2MfP,"7Ey4PD4MYsKc5I2dolUwbH","Walk This Way","Toys In The Attic","Aerosmith",1975-04-08,220400,74,spotify:user:21h7zeuj2zcdevrh3p4mm4vpy,2019-05-27T11:15:52Z,"album rock,classic rock,hard rock,rock",0.653,0.73,5,-10.613,1,0.043,0.0114,0.0000103,0.0754,0.894,108.705,4
1UBQ5GK8JaQjm5VbkBZY66,"2AM4ilv6UzW0uMRuqKtDgN","Sharp Dressed Man - 2008 Remaster","Eliminator","ZZ Top",1983-03-23,258026,72,spotify:user:21h7zeuj2zcdevrh3p4mm4vpy,2019-05-27T11:16:02Z,"album rock,blues rock,classic rock,country rock,hard rock,rock",0.601,0.859,5,-5.263,1,0.0276,0.000359,0.00124,0.0871,0.446,125.145,4
24NwBd5vZ2CK8VOQVnqdxr,"7Ey4PD4MYsKc5I2dolUwbH","Sweet Emotion","Toys In The Attic","Aerosmith",1975-04-08,274133,72,spotify:user:21h7zeuj2zcdevrh3p4mm4vpy,2019-05-27T11:16:22Z,"album rock,classic rock,hard rock,rock",0.38,0.76,9,-10.961,1,0.0378,0.00298,0.0294,0.104,0.491,99.437,4
7e89621JPkKaeDSTQ3avtg,"4MVyzYMgTwdP7Z49wAZHx0","Sweet Home Alabama","Second Helping (Expanded Edition)","Lynyrd Skynyrd",1974-04-15,283800,80,spotify:user:21h7zeuj2zcdevrh3p4mm4vpy,2019-05-27T11:16:28Z,"album rock,blues rock,classic rock,country rock,hard rock,mellow gold,rock,southern rock",0.596,0.605,7,-12.145,1,0.0255,0.181,0.000331,0.0863,0.886,97.798,4
1QEEqeFIZktqIpPI4jSVSF,"29kkCKKGXheHuoO829FxWK","More Than a Feeling","Boston","Boston",1976,285133,78,spotify:user:21h7zeuj2zcdevrh3p4mm4vpy,2019-05-27T11:16:32Z,"album rock,classic rock,country rock,hard rock,mellow gold,rock,soft rock",0.377,0.681,7,-8.039,1,0.0298,0.00088,0.0023,0.0504,0.285,108.789,4
1GqlvSEtMx5xbGptxOTTyk,"29kkCKKGXheHuoO829FxWK","Peace of Mind","Boston","Boston",1976,303586,67,spotify:user:21h7zeuj2zcdevrh3p4mm4vpy,2019-05-27T11:16:35Z,"album rock,classic rock,country rock,hard rock,mellow gold,rock,soft rock",0.419,0.677,4,-6.183,1,0.0343,0.00101,0.0000999,0.211,0.684,127.678,4
39C5FuZ8C8M0QI8CrMsPkR,"29kkCKKGXheHuoO829FxWK","Foreplay / Long Time","Boston","Boston",1976,467640,62,spotify:user:21h7zeuj2zcdevrh3p4mm4vpy,2019-05-27T11:16:38Z,"album rock,classic rock,country rock,hard rock,mellow gold,rock,soft rock",0.435,0.657,5,-8.868,1,0.0545,0.00983,0.00748,0.0923,0.209,118.704,4
05RgAMGypEvqhNs5hPCbMS,"2cnMpRsOVqtPMfq7YiFE6K","Panama - 2015 Remaster","1984 (Remastered)","Van Halen",1984-01-04,210226,73,spotify:user:21h7zeuj2zcdevrh3p4mm4vpy,2019-05-27T11:16:49Z,"album rock,classic rock,hard rock,metal,rock",0.526,0.978,8,-5.436,1,0.108,0.00122,0.0000475,0.0744,0.451,141.167,4
5u5qlnyVaewWugJIjzilIc,"29kkCKKGXheHuoO829FxWK","Smokin'","Boston","Boston",1976,261385,62,spotify:user:21h7zeuj2zcdevrh3p4mm4vpy,2019-05-27T11:17:31Z,"album rock,classic rock,country rock,hard rock,mellow gold,rock,soft rock",0.197,0.796,2,-7.335,1,0.0645,0.000541,0.417,0.187,0.522,175.02,4
2b9lp5A6CqSzwOrBfAFhof,"6ZLTlhejhndI4Rh53vYhrY","Crazy Train","Blizzard of Ozz (Expanded Edition)","Ozzy Osbourne",1980-09-20,296200,2,spotify:user:21h7zeuj2zcdevrh3p4mm4vpy,2019-05-27T11:17:44Z,"album rock,birmingham metal,hard rock,metal,rock",0.453,0.905,9,-4.001,1,0.115,0.36,0.000569,0.26,0.474,137.571,4
6l5D1WC6kR5cxaUOEyCGvs,"33QmoCkSqADuQEtMCysYLh","Sugar, Sugar","Sugar Sugar","The Archies",1968-01-15,163715,47,spotify:user:21h7zeuj2zcdevrh3p4mm4vpy,2019-05-27T11:19:05Z,"brill building pop,bubblegum pop,classic canadian rock",0.78,0.524,2,-12.072,1,0.0321,0.668,0.0000647,0.293,0.953,124.181,4
5eieTS268veCXyZoLoy7eP,"72NXpYBIaTfEeAAsxXLs0P","Knock Three Times","Candida","Tony Orlando & Dawn",1970,177173,57,spotify:user:21h7zeuj2zcdevrh3p4mm4vpy,2019-05-27T11:19:18Z,"adult standards,brill building pop,bubblegum pop,classic uk pop,soft rock",0.774,0.58,1,-10.08,1,0.0512,0.158,0,0.0458,0.923,123.127,4
6sPOmDulFtLzfX25zICNrC,"4GITZM5LCR2KcdlgEOrNLD","Build Me Up Buttercup","The Foundations","The Foundations",1968-01-01,177533,70,spotify:user:21h7zeuj2zcdevrh3p4mm4vpy,2019-05-27T11:19:23Z,"brill building pop,bubblegum pop,rock-and-roll,soul",0.659,0.513,0,-7.186,1,0.0293,0.315,0,0.283,0.855,133.609,4
5pkd9ib1RgbkAd1R9bIOCa,"7mEIug7XUlQHikrFxjTWes","Cracklin' Rosie - Single Version","Tap Root Manuscript","Neil Diamond",1970,179933,64,spotify:user:21h7zeuj2zcdevrh3p4mm4vpy,2019-05-27T11:20:00Z,"adult standards,brill building pop,classic rock,folk rock,mellow gold,singer-songwriter,soft rock,yacht rock",0.562,0.503,1,-14.836,1,0.0335,0.319,0,0.163,0.846,127.827,4
22vqiTM3mI3r4P1P2N4qUi,"7u1mqP3ykglpCB2c1p1p5I","I Think I Love You","Partridge Family Album","The Partridge Family",1970,175306,54,spotify:user:21h7zeuj2zcdevrh3p4mm4vpy,2019-05-27T11:20:09Z,"bubblegum pop",0.413,0.6,3,-9.096,1,0.0412,0.236,0,0.0457,0.725,204.692,4
6rovOdp3HgK1DeAMYDzoA7,"2y8Jo9CKhJvtfeKOsYzRdT","Maggie May","Every Picture Tells A Story","Rod Stewart",1971-05-18,350266,70,spotify:user:21h7zeuj2zcdevrh3p4mm4vpy,2019-05-27T11:20:10Z,"mellow gold,soft rock",0.605,0.574,2,-10.536,1,0.0377,0.559,0.113,0.0684,0.543,129.449,4
6HRf1OVW3V0pvy3Idph1Ap,"7mEIug7XUlQHikrFxjTWes","Song Sung Blue - Single Version","His 12 Greatest Hits","Neil Diamond",1974-03-01,194266,28,spotify:user:21h7zeuj2zcdevrh3p4mm4vpy,2019-05-27T11:20:32Z,"adult standards,brill building pop,classic rock,folk rock,mellow gold,singer-songwriter,soft rock,yacht rock",0.508,0.407,0,-12.775,1,0.0282,0.359,0.00000372,0.143,0.357,109.144,4
2BY7ALEWdloFHgQZG6VMLA,"5jJN1nmKXzRjodMl1THQeI","Brandy (You're a Fine Girl)","Looking Glass","Looking Glass",1972,186826,73,spotify:user:21h7zeuj2zcdevrh3p4mm4vpy,2019-05-27T11:20:40Z,"soft rock,sunshine pop",0.716,0.625,1,-11.369,0,0.0601,0.396,0.0000197,0.134,0.826,125.276,4
5VSAonaAPhhGn0G7hMYwWK,"35U9lQaRWSQISxQAB94Meo","Sister Golden Hair","Hearts","America",1975,199573,69,spotify:user:21h7zeuj2zcdevrh3p4mm4vpy,2019-05-27T11:20:50Z,"album rock,art rock,classic rock,country rock,folk rock,mellow gold,rock,soft rock",0.441,0.547,4,-12.222,1,0.0337,0.13,0.000143,0.109,0.716,134.753,4
0jvN7eQJJt4nxQzgQfZ1SP,"7f8LNBVXN0h35veHrpxQFL","Spirit In The Sky","Spirit In The Sky","Norman Greenbaum",1969-01-01,242893,74,spotify:user:21h7zeuj2zcdevrh3p4mm4vpy,2019-05-27T11:21:01Z,"classic rock",0.609,0.617,9,-7.091,1,0.0307,0.0994,0.00404,0.118,0.543,128.903,4
4pCNJwixy2ImFncaPY2yE2,"7BEfMxbaqx6dOpbtlEqScm","Love Will Keep Us Together","Love Will Keep Us Together","Captain & Tennille",1975-01-01,205493,63,spotify:user:21h7zeuj2zcdevrh3p4mm4vpy,2019-05-27T11:21:05Z,"adult standards,brill building pop,bubblegum pop,classic uk pop,country rock,disco,folk rock,mellow gold,quiet storm,singer-songwriter,soft rock,yacht rock",0.621,0.788,4,-4.326,1,0.0314,0.354,0,0.305,0.926,129.62,4
6xMHglHoafdDFGXS6qfwSH,"6IRouO5mvvfcyxtPDKMYFN","Hot Blooded","Double Vision (Expanded)","Foreigner",1978,268693,62,spotify:user:21h7zeuj2zcdevrh3p4mm4vpy,2019-05-27T11:21:39Z,"album rock,classic rock,hard rock,mellow gold,rock,soft rock",0.705,0.806,0,-4.83,1,0.0814,0.229,0,0.0676,0.763,117.945,4
6FsQrRpBLgsrFeAeiQqytm,"3dBVyJ7JuOMt4GE9607Qin","Bang a Gong (Get It On) - 2003 Remaster","Electric Warrior [Expanded & Remastered]","T. Rex",1971-09-24,267000,61,spotify:user:21h7zeuj2zcdevrh3p4mm4vpy,2019-05-27T11:21:40Z,"album rock,art rock,blues rock,classic rock,folk rock,glam rock,protopunk,psychedelic rock,rock",0.729,0.818,2,-9.992,1,0.0732,0.157,0.284,0.195,0.906,125.814,4
0P6fEgTn3cxLLyYTJYoYGj,"4FAEZeJcsYYBkNq2D3KGTV","Shambala - Single Version","Cyan","Three Dog Night",1973,204106,62,spotify:user:21h7zeuj2zcdevrh3p4mm4vpy,2019-05-27T11:22:08Z,"album rock,art rock,blues rock,brill building pop,bubblegum pop,classic rock,country rock,folk rock,hard rock,heartland rock,mellow gold,rock,soft rock",0.551,0.62,9,-11.464,1,0.0348,0.64,0.00147,0.559,0.834,127.495,4
1WkMMavIMc4JZ8cfMmxHkI,"31TPClRtHm23RisEBtV3X7","CAN'T STOP THE FEELING! (from DreamWorks Animation's TROLLS)","TROLLS (Original Motion Picture Soundtrack)","Justin Timberlake",2016-09-23,237546,72,spotify:user:21h7zeuj2zcdevrh3p4mm4vpy,2019-05-27T11:35:19Z,"dance pop,pop",0.669,0.832,0,-5.721,1,0.0682,0.0106,0,0.0968,0.7,113.035,4
3gHc5XTAywdFQUsHS6DD7G,"2oX42qP5ineK3hrhBECLmj","Good To Be Alive (Hallelujah)","Magazines Or Novels (Deluxe Edition)","Andy Grammer",2015-11-20,189098,58,spotify:user:21h7zeuj2zcdevrh3p4mm4vpy,2019-05-27T11:36:54Z,"dance pop,neo mellow,pop,pop rap,pop rock,post-teen pop",0.797,0.896,5,-3.678,1,0.0512,0.0349,0,0.635,0.685,120.037,4
6D60klaHqbCl9ySc8VcRss,"3BmGtnKgCSGYIUhmivXKWX","Stronger (What Doesn't Kill You)","Stronger (Deluxe Version)","Kelly Clarkson",2011-10-24,221946,65,spotify:user:21h7zeuj2zcdevrh3p4mm4vpy,2020-01-20T11:51:01Z,"dance pop,pop,post-teen pop,talent show",0.562,0.939,0,-4.282,1,0.0475,0.046,0,0.112,0.684,116.044,4
4D40ZlFAWsvX7lua1Kablh,"3sFhA6G1N0gG1pszb6kk1m","Jet - 2010 Remaster","Band On The Run (Standard)","Wings",1973-12-05,248360,58,spotify:user:21h7zeuj2zcdevrh3p4mm4vpy,2020-01-20T11:59:04Z,"album rock,art rock,beatlesque,classic rock,folk rock,mellow gold,rock,singer-songwriter,soft rock",0.504,0.739,9,-7.265,1,0.0316,0.0179,0.08,0.0949,0.417,128.918,4
5pKJtX4wBeby9qIfFhyOJj,"3PhoLpVuITZKcymswpck5b,4vjGlQWexbru6aOUCLTVir","Don't Go Breaking My Heart","To Be Continued...","Elton John,Kiki Dee",1990-11-08,271133,56,spotify:user:21h7zeuj2zcdevrh3p4mm4vpy,2020-01-20T11:59:30Z,"glam rock,mellow gold,piano rock,classic uk pop",0.742,0.863,5,-7.823,1,0.038,0.177,0.00000559,0.0699,0.776,131.193,4
3bC0IKk62yB6TDaratb1s2,"3sFhA6G1N0gG1pszb6kk1m","Silly Love Songs - Remastered 1993","Wings At The Speed Of Sound","Wings",1976-03-25,352933,0,spotify:user:21h7zeuj2zcdevrh3p4mm4vpy,2020-01-20T12:30:21Z,"album rock,art rock,beatlesque,classic rock,folk rock,mellow gold,rock,singer-songwriter,soft rock",0.739,0.335,0,-16.23,1,0.0346,0.184,0.244,0.131,0.818,125.11,4
73JqQIGZUZxCVfY54RSpCH,"3sFhA6G1N0gG1pszb6kk1m","With A Little Luck - Remastered 1993","London Town","Wings",1978-03-31,344773,0,spotify:user:21h7zeuj2zcdevrh3p4mm4vpy,2020-01-20T12:30:38Z,"album rock,art rock,beatlesque,classic rock,folk rock,mellow gold,rock,singer-songwriter,soft rock",0.652,0.372,6,-15.445,0,0.0321,0.069,0.000197,0.0923,0.283,111.984,4
6dGnYIeXmHdcikdzNNDMm2,"3WrFJ7ztbogyGnTHbHJFl2","Here Comes The Sun - Remastered 2009","Abbey Road (Remastered)","The Beatles",1969-09-26,185733,81,spotify:user:21h7zeuj2zcdevrh3p4mm4vpy,2020-01-20T12:31:10Z,"beatlesque,british invasion,classic rock,merseybeat,psychedelic rock,rock",0.557,0.54,9,-10.484,1,0.0347,0.0339,0.00248,0.179,0.394,129.171,4
7snQQk1zcKl8gZ92AnueZW,"3qm84nBOXUEQ2vnTfUTTFC","Sweet Child O' Mine","Appetite For Destruction","Guns N' Roses",1987-07-21,356066,76,spotify:user:21h7zeuj2zcdevrh3p4mm4vpy,2020-01-20T12:32:38Z,"glam metal,hard rock,rock",0.446,0.952,6,-5.321,1,0.0523,0.0901,0.0857,0.112,0.624,125.303,4
2PzU4IB8Dr6mxV3lHuaG34,"22bE4uQ6baNwSHPVcDxLCe","(I Can't Get No) Satisfaction - Mono Version","Out Of Our Heads","The Rolling Stones",1965-07-30,222813,76,spotify:user:21h7zeuj2zcdevrh3p4mm4vpy,2020-01-20T12:33:49Z,"british invasion,classic rock,rock",0.723,0.863,2,-7.89,1,0.0338,0.0383,0.0317,0.128,0.931,136.302,4
57JVGBtBLCfHw2muk5416J,"1dfeR4HaWDbWqFHLkxsg1d","Another One Bites The Dust - Remastered 2011","The Game (Deluxe Remastered Version)","Queen",1980-06-27,214653,72,spotify:user:21h7zeuj2zcdevrh3p4mm4vpy,2020-01-20T12:34:53Z,"classic rock,glam rock,rock",0.933,0.528,5,-6.472,0,0.162,0.112,0.329,0.163,0.756,109.975,4
5aYVqxyetmT5OYmvZCA90X,"6x33CmZWo2Ve4hxYl2Craq","Slow Ride","Fool for the City","Foghat",1975,494533,52,spotify:user:21h7zeuj2zcdevrh3p4mm4vpy,2020-01-20T12:37:32Z,"album rock,blues rock,british blues,classic rock,country rock,hard rock,heartland rock,mellow gold,rock,soft rock",0.449,0.642,2,-10.527,1,0.0487,0.00608,0.00707,0.175,0.586,113.638,4
0CKxrnF9KplS21LTjkkqsW,"0ECwFtbIWEVNwjlrfc6xoL","Already Gone - 2013 Remaster","On the Border (2013 Remaster)","Eagles",1974,255345,59,spotify:user:21h7zeuj2zcdevrh3p4mm4vpy,2020-01-20T12:41:40Z,"album rock,classic rock,country rock,folk rock,heartland rock,mellow gold,rock,singer-songwriter,soft rock,yacht rock",0.465,0.812,7,-6.398,1,0.0467,0.00591,0.000494,0.408,0.811,146.2,4
0odIT9B9BvOCnXfS0e4lB5,"5PN2aHIvLEM98XIorsPMhE","Bette Davis Eyes","Mistaken Identity","Kim Carnes",1981-01-01,228000,77,spotify:user:21h7zeuj2zcdevrh3p4mm4vpy,2020-01-20T12:50:28Z,"mellow gold,new romantic,new wave pop,soft rock",0.675,0.649,5,-10.271,1,0.0319,0.0204,0,0.0959,0.596,116.624,4
4kOfxxnW1ukZdsNbCKY9br,"1zuJe6b1roixEKMOtyrEak","What's Love Got to Do with It","What's Love Got to Do with It?","Tina Turner",1993,226880,69,spotify:user:21h7zeuj2zcdevrh3p4mm4vpy,2020-01-20T13:01:46Z,"disco,new wave pop,soft rock",0.851,0.406,1,-11.631,1,0.0661,0.219,0.00000641,0.0853,0.792,97.84,4
3XVozq1aeqsJwpXrEZrDJ9,"7GXXMm3DB1VswVcuGyInUd","Ice Ice Baby","Vanilla Ice Is Back! - Hip Hop Classics","Vanilla Ice",2008-11-04,254466,71,spotify:user:21h7zeuj2zcdevrh3p4mm4vpy,2020-01-22T01:38:14Z,"hip house,miami hip hop",0.979,0.792,2,-2.784,1,0.0388,0.0025,0.00000771,0.102,0.583,116.012,4
2NtqZmfRIDkXJ2YvY2Kv1F,"46njgd2Rq9tZc4ZjeQMgbh","Lido Shuffle","Silk Degrees","Boz Scaggs",1976,221613,64,spotify:user:21h7zeuj2zcdevrh3p4mm4vpy,2020-01-31T21:25:27Z,"adult standards,album rock,art rock,classic rock,country rock,folk,folk rock,mellow gold,singer-songwriter,soft rock,yacht rock",0.593,0.783,10,-4.716,1,0.0358,0.0165,0.0000726,0.167,0.646,141.345,4
1aZLIbKEdsyqxyD6iNcrbA,"6H1RjVyNruCmrBEWRbD0VZ","Pour Some Sugar On Me","Hysteria","Def Leppard",1987-08-03,267306,64,spotify:user:21h7zeuj2zcdevrh3p4mm4vpy,2020-01-31T21:26:33Z,"album rock,hard rock,nwobhm,rock",0.267,0.953,1,-4.899,0,0.096,0.00211,0,0.283,0.568,84.989,4
1qOU8KzFifXE9YrgjVwYvc,"3UbyYnvNIT5DFXU4WgiGpP","Here I Go Again - 2018 Remaster","Whitesnake (2018 Remaster)","Whitesnake",1987-04-07,275395,63,spotify:user:21h7zeuj2zcdevrh3p4mm4vpy,2020-01-31T22:12:17Z,"album rock,british blues,classic rock,glam metal,hard rock,metal,rock",0.292,0.823,7,-6.763,1,0.0407,0.0117,0.0000779,0.155,0.244,89.939,4
6gQUbFwwdYXlKdmqRoWKJe,"7Ey4PD4MYsKc5I2dolUwbH","Dude (Looks Like A Lady)","Permanent Vacation","Aerosmith",1987-01-01,265773,69,spotify:user:21h7zeuj2zcdevrh3p4mm4vpy,2020-01-31T22:49:08Z,"album rock,classic rock,hard rock,rock",0.54,0.982,4,-2.962,0,0.0458,0.435,0.0000337,0.0457,0.91,126.294,4
2qh2VGAOYFXLsMbdATRf6w,"5MYBNUKoFf9LAg30ByaBli","Rock Me Gently","Greatest Hits","Andy Kim",2008-01-01,208333,57,spotify:user:21h7zeuj2zcdevrh3p4mm4vpy,2020-02-21T12:39:07Z,"brill building pop,bubblegum pop",0.719,0.703,0,-8.306,1,0.0545,0.231,0.00009,0.129,0.776,123.173,4
6EA8NmWd3l9C6ycQfbEOnS,"1asN4HM089PlqWPJRkHvLA","My Maria","My Maria","B.W. Stevenson",1973-07-19,152000,48,spotify:user:21h7zeuj2zcdevrh3p4mm4vpy,2020-02-21T12:39:13Z,"",0.74,0.622,4,-10.613,1,0.0361,0.0828,0.00673,0.0577,0.961,121.576,4
2ymeOsYijJz09LfKw3yM2x,"4FAEZeJcsYYBkNq2D3KGTV","Joy To The World","Naturally","Three Dog Night",1970-01-01,220573,66,spotify:user:21h7zeuj2zcdevrh3p4mm4vpy,2020-02-21T12:40:23Z,"album rock,art rock,blues rock,brill building pop,bubblegum pop,classic rock,country rock,folk rock,hard rock,heartland rock,mellow gold,rock,soft rock",0.649,0.679,2,-12.515,1,0.0316,0.464,0.00121,0.339,0.971,126.867,4
7yhDiIcvtA90uD1wh5E8d2,"7eRORqxEbt7ftbaaWP0k5v","Draggin' the Line - Single Version","Christian Of The World","Tommy James",1971-08-01,161826,41,spotify:user:21h7zeuj2zcdevrh3p4mm4vpy,2020-02-21T12:40:34Z,"brill building pop,bubblegum pop",0.631,0.552,11,-11.955,1,0.0797,0.0243,0.000045,0.258,0.77,113.953,4
4OJFkrRQqol4FsPesF8eu4,"3iDD7bnsjL9J4fO298r0L0","Saturday in the Park - 2002 Remaster","Chicago V (Expanded & Remastered)","Chicago",1972-07-10,235666,61,spotify:user:21h7zeuj2zcdevrh3p4mm4vpy,2020-02-21T12:40:42Z,"adult standards,album rock,classic rock,folk rock,mellow gold,singer-songwriter,soft rock,yacht rock",0.67,0.763,7,-6.864,1,0.0341,0.155,0,0.0799,0.61,114.398,4
566JK3Jw6Elm5oydYhUXAu,"3iDD7bnsjL9J4fO298r0L0","Old Days","The Nashville Sessions","Chicago",2013-04-26,204066,39,spotify:user:21h7zeuj2zcdevrh3p4mm4vpy,2020-02-21T12:40:45Z,"adult standards,album rock,classic rock,folk rock,mellow gold,singer-songwriter,soft rock,yacht rock",0.503,0.808,0,-6.56,1,0.0603,0.0184,0.000262,0.332,0.617,123.908,4
5YwgJ6lpZ3SiAQwBEpjqey,"502FY8XQYRxClWgolQ3Hf2","Rose Garden","Rose Garden","Lynn Anderson",1971,175866,62,spotify:user:21h7zeuj2zcdevrh3p4mm4vpy,2020-02-22T22:34:25Z,"nashville sound",0.589,0.501,0,-11.665,1,0.031,0.168,0,0.0741,0.969,131.064,4
57bgtoPSgt236HzfBOd8kj,"711MCceyCBcFnzjGY4Q7Un","Thunderstruck","The Razors Edge","AC/DC",1990-09-24,292880,83,spotify:user:21h7zeuj2zcdevrh3p4mm4vpy,2020-02-29T14:12:29Z,"australian rock,hard rock,rock",0.502,0.89,4,-5.175,1,0.0364,0.000147,0.0117,0.217,0.259,133.52,4
1ynmMEK1fkyiZ6Z6F3ThEt,"69Mj3u4FTUrpyeGNSIaU6F","Centerfold","Freeze Frame","The J. Geils Band",1981,216533,72,spotify:user:21h7zeuj2zcdevrh3p4mm4vpy,2020-03-19T13:39:16Z,"album rock,art rock,blues rock,classic rock,country rock,folk rock,hard rock,mellow gold,pop rock,rock,singer-songwriter,soft rock",0.653,0.677,0,-12.244,1,0.0396,0.249,0,0.403,0.888,114.37,4
0Wv3aY6gApoT3oKBYIqvXb,"3iDD7bnsjL9J4fO298r0L0","Will You Still Love Me? - Alternate","Chicago 18 (Expanded Edition)","Chicago",1986-09-29,253280,55,spotify:user:21h7zeuj2zcdevrh3p4mm4vpy,2020-04-01T02:30:52Z,"adult standards,album rock,classic rock,folk rock,mellow gold,singer-songwriter,soft rock,yacht rock",0.482,0.601,1,-6.808,1,0.0278,0.0233,0,0.0517,0.348,77.101,4
4yugZvBYaoREkJKtbG08Qr,"0ECwFtbIWEVNwjlrfc6xoL","Take It Easy - 2013 Remaster","Eagles (2013 Remaster)","Eagles",1972,211577,77,spotify:user:21h7zeuj2zcdevrh3p4mm4vpy,2020-04-01T02:31:22Z,"album rock,classic rock,country rock,folk rock,heartland rock,mellow gold,rock,singer-songwriter,soft rock,yacht rock",0.575,0.67,7,-10.39,1,0.0318,0.343,0.00000495,0.129,0.74,139.191,4
7cy1bEJV6FCtDaYpsk8aG6,"39T6qqI0jDtSWWioX8eGJz","China Grove","The Captain and Me","The Doobie Brothers",1973,195306,64,spotify:user:21h7zeuj2zcdevrh3p4mm4vpy,2020-04-01T02:33:07Z,"album rock,blues rock,classic rock,country rock,folk rock,hard rock,heartland rock,mellow gold,rock,singer-songwriter,soft rock,yacht rock",0.623,0.91,9,-8.448,1,0.0384,0.319,0.000448,0.081,0.745,145.624,4
43btz2xjMKpcmjkuRsvxyg,"3lPQ2Fk5JOwGWAF3ORFCqH","Jack & Diane","American Fool","John Mellencamp",1982,254493,72,spotify:user:21h7zeuj2zcdevrh3p4mm4vpy,2020-04-01T02:33:57Z,"album rock,classic rock,heartland rock,mellow gold,pop rock,rock,singer-songwriter,soft rock",0.811,0.41,9,-8.214,1,0.0391,0.0365,0.00000663,0.0799,0.626,103.965,4
0HOrDVS349XFcpCYsO2hAP,"5q4AzEtCoYJyXjMMoEkSU5","You Ain't Seen Nothing Yet","Not Fragile","Bachman-Turner Overdrive",1974,234866,71,spotify:user:21h7zeuj2zcdevrh3p4mm4vpy,2020-04-01T02:34:49Z,"album rock,art rock,blues rock,classic canadian rock,classic rock,country rock,folk rock,hard rock,mellow gold,rock,singer-songwriter,soft rock",0.475,0.439,11,-15.039,0,0.0427,0.000146,0.000277,0.223,0.76,118.392,4
7pkWZL0kA26s754CwyK0SH,"6ZPbX2Lxd40e2UVkXpyxvI","Once Bitten Twice Shy","Twice Shy","Great White",1989-01-01,322896,59,spotify:user:21h7zeuj2zcdevrh3p4mm4vpy,2020-04-01T02:35:17Z,"album rock,classic rock,glam metal,hard rock,metal,rock",0.723,0.541,0,-14.021,1,0.0303,0.028,0.00339,0.133,0.607,131.675,4
5izGeTxueiFX1UPFGohY9w,"530Sdm7eqqzWBdDmILMgnu,0tO3KaRy0ZACd8XJYT3IX2","Addicted To Love","Riptide","Robert Palmer,Eric 'ET' Thorngren",1985-01-01,363640,66,spotify:user:21h7zeuj2zcdevrh3p4mm4vpy,2020-04-01T02:36:35Z,"album rock,art rock,blues rock,classic rock,dance rock,disco,heartland rock,mellow gold,new romantic,new wave,new wave pop,rock,singer-songwriter,soft rock,yacht rock",0.702,0.578,2,-13.415,1,0.031,0.382,0.00000589,0.0425,0.975,111.617,4
3UQA4UTVqcI0VtSQ38nlq1,"5q4AzEtCoYJyXjMMoEkSU5","Let It Ride","Bachman-Turner Overdrive II","Bachman-Turner Overdrive",1973-12-01,267066,59,spotify:user:21h7zeuj2zcdevrh3p4mm4vpy,2020-04-01T02:36:55Z,"album rock,art rock,blues rock,classic canadian rock,classic rock,country rock,folk rock,hard rock,mellow gold,rock,singer-songwriter,soft rock",0.638,0.818,6,-10.204,0,0.0376,0.107,0.00283,0.191,0.821,104.37,4
1EuqRlDP9RuzeCRVcjr1PY,"6QtGlUje9TIkLrgPZrESuk","Jungle Love","Book Of Dreams","Steve Miller Band",1977-01-01,187600,57,spotify:user:21h7zeuj2zcdevrh3p4mm4vpy,2020-04-01T02:37:31Z,"album rock,blues rock,classic rock,country rock,folk rock,hard rock,heartland rock,mellow gold,rock,singer-songwriter,soft rock",0.495,0.697,7,-12.325,0,0.218,0.198,0.000914,0.75,0.832,145.827,4
565hWcHxsYRepQVtIRNYFK,"39T6qqI0jDtSWWioX8eGJz","Rockin' Down the Highway","Toulouse Street","The Doobie Brothers",1972,199560,48,spotify:user:21h7zeuj2zcdevrh3p4mm4vpy,2020-04-01T02:37:53Z,"album rock,blues rock,classic rock,country rock,folk rock,hard rock,heartland rock,mellow gold,rock,singer-songwriter,soft rock,yacht rock",0.581,0.834,2,-6.928,1,0.0338,0.0883,0.0000283,0.183,0.916,146.159,4
3beYmUcaXJZiSZMPbsMI7p,"0cQuYRSzlItquYxsQKDvVc","No Sugar Tonight / New Mother Nature","American Woman","The Guess Who",1970-01-01,293800,56,spotify:user:21h7zeuj2zcdevrh3p4mm4vpy,2020-04-01T02:37:58Z,"album rock,art rock,blues rock,classic canadian rock,classic rock,country rock,folk rock,hard rock,heartland rock,mellow gold,psychedelic rock,rock,singer-songwriter,soft rock",0.512,0.833,1,-8.697,0,0.0448,0.557,0.0000298,0.31,0.519,101.188,4
05mzctclS0ZqqTLEiDIGkt,"5q4AzEtCoYJyXjMMoEkSU5","Roll On Down The Highway","Not Fragile","Bachman-Turner Overdrive",1974,237800,53,spotify:user:21h7zeuj2zcdevrh3p4mm4vpy,2020-04-01T02:38:13Z,"album rock,art rock,blues rock,classic canadian rock,classic rock,country rock,folk rock,hard rock,mellow gold,rock,singer-songwriter,soft rock",0.475,0.823,7,-11.994,1,0.029,0.00333,0.00839,0.311,0.881,138.981,4
1cU34sZG9kF4FYHCoAD0Ib,"0qEcf3SFlpRcb3lK3f2GZI","Some Kind Of Wonderful - Remastered 1999","30 Years Of Funk: 1969-1999 The Anthology","Grand Funk Railroad",1999-01-01,202733,68,spotify:user:21h7zeuj2zcdevrh3p4mm4vpy,2020-04-01T02:38:19Z,"album rock,art rock,blues rock,classic rock,country rock,folk rock,hard rock,mellow gold,psychedelic rock,rock,soft rock,symphonic rock",0.855,0.691,2,-6.51,1,0.0514,0.144,0,0.36,0.647,121.472,4
6i9dZZQWNB06HKsQYKTiPF,"3zXw2Eh96iTT51pytzHdZi","Hold On Loosely","Wild-Eyed Southern Boys","38 Special",1980-01-01,280636,66,spotify:user:21h7zeuj2zcdevrh3p4mm4vpy,2020-04-01T02:38:50Z,"album rock,classic rock,country rock,hard rock,mellow gold,pop rock,rock,soft rock,southern rock",0.567,0.559,9,-10.175,1,0.0288,0.00888,0.00131,0.0764,0.898,127.227,4
3jYRpwbctfqB77uU7T7K3U,"3zXw2Eh96iTT51pytzHdZi","Caught Up In You","Special Forces","38 Special",1982-01-01,279333,64,spotify:user:21h7zeuj2zcdevrh3p4mm4vpy,2020-04-01T02:38:57Z,"album rock,classic rock,country rock,hard rock,mellow gold,pop rock,rock,soft rock,southern rock",0.425,0.681,1,-8.604,0,0.0316,0.0229,0.000219,0.0543,0.933,131.011,4
0rmGAIH9LNJewFw7nKzZnc,"58lV9VcRSjABbAbfWS6skp","You Give Love A Bad Name","Slippery When Wet","Bon Jovi",1986-08-16,222706,81,spotify:user:21h7zeuj2zcdevrh3p4mm4vpy,2020-04-01T02:39:37Z,"glam metal,rock",0.541,0.96,0,-2.947,0,0.0505,0.0663,0.00000225,0.344,0.812,122.803,4
6gXrEUzibufX9xYPk3HD5p,"0ECwFtbIWEVNwjlrfc6xoL","Life in the Fast Lane - 2013 Remaster","Hotel California (2013 Remaster)","Eagles",1976-12-08,286219,70,spotify:user:21h7zeuj2zcdevrh3p4mm4vpy,2020-04-01T02:40:03Z,"album rock,classic rock,country rock,folk rock,heartland rock,mellow gold,rock,singer-songwriter,soft rock,yacht rock",0.667,0.755,9,-7.246,1,0.069,0.0966,0.0000694,0.0523,0.883,109.535,4
4c4jJJoaiY21t2TyRZgdWS,"1WRM9i067hd2ujxxi8FI3m","Magic Carpet Ride","The Second","Steppenwolf",1968-10-01,271573,68,spotify:user:21h7zeuj2zcdevrh3p4mm4vpy,2020-04-01T02:40:39Z,"acid rock,album rock,blues rock,classic canadian rock,classic rock,country rock,folk rock,hard rock,mellow gold,proto-metal,psychedelic rock,rock,symphonic rock",0.64,0.651,4,-14.981,0,0.0517,0.142,0.28,0.0341,0.801,111.676,4
4igIYHF3B5VBxEafHauVo3,"1dfeR4HaWDbWqFHLkxsg1d","Fat Bottomed Girls - Remastered 2011","Jazz (Deluxe Remastered Version)","Queen",1978-11-10,255600,64,spotify:user:21h7zeuj2zcdevrh3p4mm4vpy,2020-04-01T02:40:57Z,"classic rock,glam rock,rock",0.337,0.684,2,-7.674,1,0.0495,0.0319,0.00000657,0.342,0.404,88.772,4
1HOMkjp0nHMaTnfAkslCQj,"0Nn9YwJzcaeuU1jJL06e3r","My Sharona","Get The Knack","The Knack",1979-01-01,295400,73,spotify:user:21h7zeuj2zcdevrh3p4mm4vpy,2020-04-01T02:42:52Z,"album rock,classic rock,new wave pop,power pop",0.586,0.7,0,-9.558,1,0.0363,0.0589,0.00125,0.0318,0.897,147.245,4
2Nz6aF1umHh5Et6I5H581L,"0UpuH5U4nZ3UGGUJi0Zfbp,1Ek3VdZ8EPmcvgRIqnHlrF","Hooked On A Feeling","Hooked On A Feeling - 40th Anniversary Collection","Blue Swede,Björn Skifs",2014-09-30,172866,65,spotify:user:21h7zeuj2zcdevrh3p4mm4vpy,2020-04-01T02:43:17Z,"classic swedish pop,swedish pop",0.547,0.82,8,-6.728,1,0.0805,0.261,0,0.3,0.933,118.208,4
01tFpbYAKvX1x1msvTstC7,"568ZhdwyaiCyOGJRtNYhWf","Smoke on the Water (45 Version)","Smoke on the Water / Smoke on the Water (45 Version) [Edit]","Deep Purple",1973-01-01,231306,35,spotify:user:21h7zeuj2zcdevrh3p4mm4vpy,2020-04-01T02:43:45Z,"album rock,blues rock,classic rock,hard rock,metal,rock",0.682,0.45,0,-15.978,1,0.0321,0.27,0.213,0.183,0.829,114.123,4
48MQDFkvHlGnRQyUx6ZXVe,"6x33CmZWo2Ve4hxYl2Craq","I Just Want to Make Love to You","Foghat","Foghat",1972,261173,45,spotify:user:21h7zeuj2zcdevrh3p4mm4vpy,2020-04-01T02:44:24Z,"album rock,blues rock,british blues,classic rock,country rock,hard rock,heartland rock,mellow gold,rock,soft rock",0.375,0.599,7,-12.022,1,0.199,0.0922,0,0.2,0.62,126.822,4
5uuJruktM9fMdN9Va0DUMl,"4apX9tIeHb85yPyy4F6FJG","Play That Funky Music","Wild Cherry","Wild Cherry",1976,300000,70,spotify:user:21h7zeuj2zcdevrh3p4mm4vpy,2020-04-01T02:45:08Z,"disco,funk rock",0.814,0.672,9,-12.068,1,0.0619,0.0435,0,0.061,0.933,109.394,4
1d03qvbXExZjWY6wj9jAHN,"1EfGLuA7Q6qkLmZWI1qdfl","T.n.t.","Live","High Voltage",2012-12-13,220026,1,spotify:user:21h7zeuj2zcdevrh3p4mm4vpy,2020-04-01T02:47:55Z,"",0.552,0.716,1,-8.648,1,0.0563,0.0136,0.00161,0.703,0.494,130.975,4
4t0Pj3iBnSCZv5pDEPNmzG,"1LZEQNv7sE11VDY3SdxQeN","Jive Talkin' - From Saturday Night Fever Soundtrack","Main Course","Bee Gees",1975-06-01,222266,60,spotify:user:21h7zeuj2zcdevrh3p4mm4vpy,2020-04-01T02:48:09Z,"disco,mellow gold,soft rock",0.811,0.545,7,-12.969,0,0.0579,0.155,0.0853,0.156,0.734,105.911,4
1orVKbp6vqtfAPOmvRofVq,"6QtGlUje9TIkLrgPZrESuk","Rock'n Me","Fly Like An Eagle","Steve Miller Band",1976-01-01,187066,66,spotify:user:21h7zeuj2zcdevrh3p4mm4vpy,2020-04-01T02:56:10Z,"album rock,blues rock,classic rock,country rock,folk rock,hard rock,heartland rock,mellow gold,rock,singer-songwriter,soft rock",0.695,0.582,4,-11.35,1,0.0651,0.297,0,0.123,0.892,122.433,4
2Fs18NaCDuluPG1DHGw1XG,"0a1gHP0HAqALbEyxaD5Ngn","Life is a Highway","Me And My Gang","Rascal Flatts",2006-01-01,276320,74,spotify:user:21h7zeuj2zcdevrh3p4mm4vpy,2020-04-04T11:49:52Z,"contemporary country,country,country road",0.582,0.952,5,-3.848,1,0.0731,0.00324,0,0.223,0.655,103.027,4
77Ft1RJngppZlq59B6uP0z,"7dGJo4pcD2V6oG8kP0tJRR","Lose Yourself","SHADYXV","Eminem",2014-11-24,320626,69,spotify:user:21h7zeuj2zcdevrh3p4mm4vpy,2020-04-15T16:58:43Z,"detroit hip hop,hip hop,rap",0.689,0.735,2,-4.545,1,0.267,0.00922,0.00072,0.365,0.059,171.403,4
5U6emApNpXhwSkR9S6T7Dr,"12BSvDMskRWhZgVbbYJbNo","Tubthumping","Tubthumping","Dirty Land",2019,211069,28,spotify:user:21h7zeuj2zcdevrh3p4mm4vpy,2020-04-15T17:23:25Z,"",0.616,0.957,2,-5.296,1,0.153,0.0584,0,0.295,0.646,104.003,4
29hBRadFZf9QTGRHZmxm65,"0dEvJpkqhrcn64d3oI8v79","One Week","Stunt (20th Anniversary Edition)","Barenaked Ladies",1998-07-07,169760,68,spotify:user:21h7zeuj2zcdevrh3p4mm4vpy,2020-04-15T17:25:49Z,"canadian pop,canadian rock,comic,pop rock",0.702,0.898,9,-6.003,1,0.0373,0.00854,0.000154,0.0917,0.731,112.845,4
252pAlbltOjOcUux4dRtjp,"69Mj3u4FTUrpyeGNSIaU6F","Must of Got Lost","Nightmares...And Other Tales From The Vinyl Jungle","The J. Geils Band",1974-01-01,178240,58,spotify:user:21h7zeuj2zcdevrh3p4mm4vpy,2020-04-15T22:00:46Z,"album rock,art rock,blues rock,classic rock,country rock,folk rock,hard rock,mellow gold,pop rock,rock,singer-songwriter,soft rock",0.53,0.516,0,-12.378,1,0.0793,0.41,0.00182,0.0532,0.738,103.922,4
2hl9ONQ7YGgZGYx0OSHvIq,"3PhoLpVuITZKcymswpck5b","Philadelphia Freedom","Captain Fantastic And The Brown Dirt Cowboy","Elton John",1975-05-19,324573,57,spotify:user:21h7zeuj2zcdevrh3p4mm4vpy,2020-04-18T15:06:26Z,"glam rock,mellow gold,piano rock",0.712,0.681,0,-6.351,0,0.0294,0.0444,0.000235,0.0592,0.809,125.497,4
3MrWxJaD2AT0W9DjWF64Vm,"4QTVePrFu1xuGM9K0kNXkk","Come On Eileen","Too Rye Ay","Dexys Midnight Runners",1982-07-22,287306,74,spotify:user:21h7zeuj2zcdevrh3p4mm4vpy,2020-04-18T15:06:43Z,"new romantic,new wave,new wave pop",0.45,0.656,2,-7.049,1,0.0472,0.664,0.00000302,0.259,0.782,106.61,4
5Ts1DYOuouQLgzTaisxWYh,"1NRzxuPpdGushT8YmF5NAa","Love Grows (Where My Rosemary Goes)","Love Grows (Where My Rosemary Goes) & Other Gems","Edison Lighthouse",1970-01-01,174760,75,spotify:user:21h7zeuj2zcdevrh3p4mm4vpy,2020-04-18T15:07:15Z,"bubblegum pop",0.568,0.824,9,-4.613,1,0.0299,0.403,0,0.0855,0.753,108.625,4
7lQ8MOhq6IN2w8EYcFNSUk,"7dGJo4pcD2V6oG8kP0tJRR","Without Me","The Eminem Show","Eminem",2002-05-26,290320,88,spotify:user:21h7zeuj2zcdevrh3p4mm4vpy,2020-04-22T20:13:10Z,"detroit hip hop,hip hop,rap",0.908,0.669,7,-2.827,1,0.0738,0.00286,0,0.237,0.662,112.238,4
2f5N826udWfjT9iomeaBJt,"3Ngh2zDBRPEriyxQDAMKd1","If You're Gone","Mad Season","Matchbox Twenty",2000-05-23,274933,63,spotify:user:21h7zeuj2zcdevrh3p4mm4vpy,2020-04-25T15:06:10Z,"neo mellow,pop rock,post-grunge",0.544,0.659,9,-7.191,1,0.0298,0.427,0.00000133,0.126,0.361,109.933,4
15uQJm8ACjST5R4tVPnbgw,"1cKE3xdBzeufjUhulrjXR9","Apple Bottom Jeans","Apple Bottom Jeans","Kevin Turk",2014-05-24,229273,0,spotify:user:21h7zeuj2zcdevrh3p4mm4vpy,2020-04-27T18:57:57Z,"",0.921,0.693,6,-6.863,1,0.134,0.253,0,0.0909,0.93,127.964,4
0n2SEXB2qoRQg171q7XqeW,"6GI52t8N5F02MxU0g5U69P,3aBkeBhwadnWMWoVJ2CxJC","Smooth (feat. Rob Thomas)","Supernatural (Remastered)","Santana,Rob Thomas",1999-06-15,294986,68,spotify:user:21h7zeuj2zcdevrh3p4mm4vpy,2020-05-02T22:33:50Z,"blues rock,classic rock,mexican classic rock,neo mellow,pop rock",0.609,0.923,9,-3.908,1,0.0338,0.16,0.00000473,0.295,0.961,115.996,4
72ahyckBJfTigJCFCviVN7,"7jefIIksOi1EazgRTfW2Pk","Don't Bring Me Down","Discovery","Electric Light Orchestra",1979-05-31,243373,72,spotify:user:21h7zeuj2zcdevrh3p4mm4vpy,2020-05-19T10:54:33Z,"album rock,art rock,beatlesque,classic rock,glam rock,mellow gold,rock,soft rock,symphonic rock",0.638,0.867,2,-6.469,1,0.0331,0.144,0.000733,0.0846,0.805,115.692,4
7Ar4G7Ci11gpt6sfH9Cgz5,"39T6qqI0jDtSWWioX8eGJz","Listen to the Music","Toulouse Street","The Doobie Brothers",1972,227266,75,spotify:user:21h7zeuj2zcdevrh3p4mm4vpy,2020-05-19T11:00:22Z,"album rock,blues rock,classic rock,country rock,folk rock,hard rock,heartland rock,mellow gold,rock,singer-songwriter,soft rock,yacht rock",0.645,0.598,1,-13.18,0,0.0335,0.221,0.00000353,0.0721,0.913,105.929,4
6n5lHdpuBDdA7pYDpiKzEI,"5AEG63ajney2BoDXi0Vb84","Can't Get Enough - 2015 Remaster","Bad Company (Deluxe)","Bad Company",1974,256360,57,spotify:user:21h7zeuj2zcdevrh3p4mm4vpy,2020-05-19T11:04:20Z,"album rock,blues rock,classic rock,country rock,hard rock,mellow gold,rock,soft rock",0.638,0.686,0,-9.876,1,0.0366,0.314,0.23,0.0678,0.766,126.045,4
2LbkpJUH052AvFcNIgjHTO,"7lzordPuZEXxwt9aoVZYmG","Mony Mony - Downtown Mix / 24-Bit Digitally Remastered 2001","Vital Idol","Billy Idol",1985,301800,56,spotify:user:21h7zeuj2zcdevrh3p4mm4vpy,2020-05-19T11:09:26Z,"album rock,classic rock,dance rock,hard rock,mellow gold,new romantic,new wave,new wave pop,rock,soft rock",0.742,0.743,10,-6.293,0,0.0508,0.00935,0,0.22,0.485,135.012,4
4DhbiXEuV7JxSR0wuqetTa,"7j9PMegEgVN1fNp8NZXNCI","Free Ride","They Only Come Out At Night","The Edgar Winter Group",1972-11-30,187173,60,spotify:user:21h7zeuj2zcdevrh3p4mm4vpy,2020-05-19T11:09:38Z,"album rock,blues rock,classic rock,country rock,hard rock,soft rock",0.674,0.686,2,-11.927,1,0.0597,0.29,0.00322,0.189,0.814,124.204,4
3XcjIvaZVUFAIdIYZqY9bd,"0qEcf3SFlpRcb3lK3f2GZI","We're An American Band - Remastered 2002","We're An American Band (Expanded Edition / Remastered 2002)","Grand Funk Railroad",1973,207093,61,spotify:user:21h7zeuj2zcdevrh3p4mm4vpy,2020-05-19T11:10:02Z,"album rock,art rock,blues rock,classic rock,country rock,folk rock,hard rock,mellow gold,psychedelic rock,rock,soft rock,symphonic rock",0.637,0.89,7,-4.872,1,0.0677,0.119,0.0000672,0.103,0.923,127.689,4
3CPeWqqaHR0hmyfsWhMJQs,"08GQAI4eElDnROBrJRGE0X","Don't Stop - 2004 Remaster","Rumours (Super Deluxe)","Fleetwood Mac",1977-02-04,193346,59,spotify:user:21h7zeuj2zcdevrh3p4mm4vpy,2020-05-19T11:10:36Z,"album rock,classic rock,rock,soft rock,yacht rock",0.672,0.72,9,-7.781,1,0.035,0.0373,0.00000938,0.0371,0.828,118.731,4
0PxYWaGiwWtcuL1VIMiEW4,"0qEcf3SFlpRcb3lK3f2GZI","The Loco-Motion - Remastered 2002","Shinin' On (Expanded Edition)","Grand Funk Railroad",1974-03-01,165800,52,spotify:user:21h7zeuj2zcdevrh3p4mm4vpy,2020-05-19T11:14:07Z,"album rock,art rock,blues rock,classic rock,country rock,folk rock,hard rock,mellow gold,psychedelic rock,rock,soft rock,symphonic rock",0.456,0.933,0,-5.212,1,0.153,0.375,0,0.563,0.367,125.051,4
3f0U5NaD1bCk8nmKpn2ZJY,"2CvCyf1gEVhI0mX6aFXmVI","Kodachrome","There Goes Rhymin' Simon","Paul Simon",1973-05-05,215400,64,spotify:user:21h7zeuj2zcdevrh3p4mm4vpy,2020-05-19T11:17:21Z,"classic rock,folk,folk rock,indie r&b,mellow gold,permanent wave,rock,roots rock,singer-songwriter,soft rock",0.592,0.705,1,-10.276,0,0.0287,0.0291,0.0000197,0.0456,0.902,135.754,4
1AIGp3gpj1NXJvh3engmUQ,"67SxctqWYOGe8lthWjTDwu","Smokin' in the Boy's Room","Yeah! (US Internet Release)","Brownsville Station",1973,176453,48,spotify:user:21h7zeuj2zcdevrh3p4mm4vpy,2020-05-19T11:17:34Z,"blues rock,classic rock,country rock,michigan indie,southern rock",0.575,0.756,2,-9.414,1,0.0544,0.735,0.0401,0.0755,0.844,127.434,4
36gPq8WG7tDxrblyGVUCiT,"3IYUhFvPQItj6xySrBmZkd","Up Around The Bend","Cosmo's Factory (Expanded Edition)","Creedence Clearwater Revival",1970-07-25,161466,65,spotify:user:21h7zeuj2zcdevrh3p4mm4vpy,2020-05-19T11:19:35Z,"classic rock,country rock,rock,southern rock,swamp rock",0.589,0.85,2,-6.143,1,0.0343,0.0606,0.779,0.274,0.813,130.318,4
64UioB4Nmwgn2f4cbIpAkl,"6zFYqv1mOsgBRQbae3JJ9e","It's Still Rock and Roll to Me","Glass Houses","Billy Joel",1980-03-12,176440,69,spotify:user:21h7zeuj2zcdevrh3p4mm4vpy,2020-05-19T11:19:44Z,"classic rock,mellow gold,piano rock,rock,singer-songwriter,soft rock",0.752,0.684,0,-7.599,1,0.15,0.0994,0,0.0897,0.539,141.075,4
3MKeaMa8qTsIQQLoxYdrri,"6waa8mKu91GjzD4NlONlNJ","Long Cool Woman (In a Black Dress)","Greatest Hits","The Hollies",1973-10-01,197360,57,spotify:user:21h7zeuj2zcdevrh3p4mm4vpy,2020-05-19T11:20:25Z,"album rock,brill building pop,british invasion,bubblegum pop,classic rock,classic uk pop,country rock,folk rock,mellow gold,merseybeat,psychedelic rock,rock,rock-and-roll,soft rock",0.751,0.796,9,-8.823,1,0.0604,0.449,0.000207,0.338,0.815,138.64,4
6kotXaSQaGYxE62hVpdHWu,"3mY9Ii0cL5SQxpOTAm8SHx","Werewolves of London - 2007 Remaster","Excitable Boy","Warren Zevon",1978-06-01,209466,66,spotify:user:21h7zeuj2zcdevrh3p4mm4vpy,2020-05-19T11:20:44Z,"album rock,art rock,blues rock,classic rock,country rock,folk,folk rock,heartland rock,mellow gold,piano rock,pop rock,rock,roots rock,singer-songwriter,soft rock",0.75,0.62,7,-8.72,1,0.0257,0.0932,0.0135,0.0612,0.93,103.538,4
0lqfBvf1Gqmmt3l5Qeirlm,"3lPQ2Fk5JOwGWAF3ORFCqH","R.O.C.K. In The U.S.A. (A Salute To 60's Rock)","Scarecrow","John Mellencamp",1985,174360,61,spotify:user:21h7zeuj2zcdevrh3p4mm4vpy,2020-05-19T11:21:05Z,"album rock,classic rock,heartland rock,mellow gold,pop rock,rock,singer-songwriter,soft rock",0.432,0.958,9,-4.009,1,0.0819,0.00943,0.00000279,0.227,0.874,164.018,4
4f4RRYN3R7glPElFjeoUnC,"33W24YuaMUEk85MwRX6cRs","The Night Chicago Died","Billy Don't Be A Hero","Paper Lace",2008-06-01,203333,50,spotify:user:21h7zeuj2zcdevrh3p4mm4vpy,2020-05-19T11:21:12Z,"bubblegum pop,classic uk pop",0.767,0.45,0,-12.352,1,0.0824,0.347,0,0.113,0.809,106.847,4
6rxUq1D3nrvJnipbtb1oMG,"7emRV8AluG3d4e5T0DZiK9","Your Mama Don't Dance","The Best: Loggins & Messina Sittin' In Again","Loggins & Messina",1971,167520,56,spotify:user:21h7zeuj2zcdevrh3p4mm4vpy,2020-05-19T11:21:49Z,"album rock,classic rock,country rock,folk,folk rock,mellow gold,soft rock",0.545,0.816,0,-7.37,1,0.0343,0.0471,0.0000118,0.163,0.962,146.211,4
5tORtBzHUAnNrIw5Ql3kHZ,"2hnzQ6eCFkxUIPsVcsdj8A","Keep Your Hands to Yourself","Georgia Satellites","The Georgia Satellites",1986-09-16,205000,63,spotify:user:21h7zeuj2zcdevrh3p4mm4vpy,2020-05-19T11:21:59Z,"album rock,blues rock,classic rock,country rock,hard rock,rock,southern rock",0.577,0.807,2,-9.281,1,0.0449,0.00233,0.000257,0.0755,0.891,114.921,4
47lkghP0AjBkqOGzbxC2Mt,"3lPQ2Fk5JOwGWAF3ORFCqH","I Need A Lover","A Biography","John Mellencamp",1978,337226,54,spotify:user:21h7zeuj2zcdevrh3p4mm4vpy,2020-05-19T11:22:28Z,"album rock,classic rock,heartland rock,mellow gold,pop rock,rock,singer-songwriter,soft rock",0.415,0.851,6,-5.425,1,0.0611,0.00474,0.00632,0.368,0.796,125.961,4
0zvNHIL7ci0ZzIoWU6RO2u,"0jgAONnsHxrwAlhkMUVS78","I Love a Rainy Night","All Time Greatest Hits","Eddie Rabbitt",1991,191066,63,spotify:user:21h7zeuj2zcdevrh3p4mm4vpy,2020-05-19T11:23:36Z,"country,country rock,mellow gold",0.685,0.718,0,-7.724,1,0.0521,0.122,0,0.0556,0.958,131.463,4
1O0xeZrBDbq7HPREdmYUYK,"1R6Hx1tJ2VOUyodEpC12xM","Bad, Bad Leroy Brown","Life & Times","Jim Croce",1973-07-01,182240,66,spotify:user:21h7zeuj2zcdevrh3p4mm4vpy,2020-05-19T11:25:15Z,"album rock,classic rock,country rock,folk,folk rock,mellow gold,rock,roots rock,singer-songwriter,soft rock",0.697,0.676,7,-10.742,1,0.0402,0.706,0,0.0824,0.852,148.072,4
5ZYvcJ04ccUw2Matbnmu0U,"4Tw2N3wdvJPGEU7JqMxFfE","Baby Hold On","Eddie Money","Eddie Money",1977,210826,58,spotify:user:21h7zeuj2zcdevrh3p4mm4vpy,2020-05-19T11:26:06Z,"album rock,classic rock,country rock,folk rock,hard rock,mellow gold,pop rock,rock,singer-songwriter,soft rock",0.642,0.641,2,-12.444,1,0.049,0.154,0.00000123,0.0475,0.85,120.316,4
6QqK6a1CmV4L504uMQaGDH,"69Mj3u4FTUrpyeGNSIaU6F","Freeze-Frame","Freeze Frame","The J. Geils Band",1981,237506,56,spotify:user:21h7zeuj2zcdevrh3p4mm4vpy,2020-05-19T11:26:39Z,"album rock,art rock,blues rock,classic rock,country rock,folk rock,hard rock,mellow gold,pop rock,rock,singer-songwriter,soft rock",0.573,0.806,0,-10.978,1,0.0356,0.151,0.0116,0.405,0.934,186.328,4
54EvqHberbpzMu7nu8hs9S,"0Lpr5wXzWLtDWm1SjNbpPb","Bang the Drum All Day","The Ever Popular Tortured Artist Effect","Todd Rundgren",1982,215400,51,spotify:user:21h7zeuj2zcdevrh3p4mm4vpy,2020-05-19T11:26:54Z,"album rock,art rock,classic rock,classic uk pop,country rock,folk rock,mellow gold,philly soul,power pop,rock,singer-songwriter,soft rock,symphonic rock,zolo",0.639,0.752,2,-12.454,1,0.0451,0.541,0,0.0453,0.966,143.086,4
7GqIDx2QVGOpd4r1fZaUUW,"3iDD7bnsjL9J4fO298r0L0","25 or 6 to 4 - 2002 Remaster","Chicago II","Chicago",1970-01-26,289800,64,spotify:user:21h7zeuj2zcdevrh3p4mm4vpy,2020-05-19T11:27:19Z,"adult standards,album rock,classic rock,folk rock,mellow gold,singer-songwriter,soft rock,yacht rock",0.604,0.905,4,-7.059,0,0.0578,0.309,0.0632,0.0837,0.723,147.448,4
1hQFF33xi8ruavZNyovtUN,"6mcrZQmgzFGRWf7C0SObou","December, 1963 (Oh What a Night!)","Who Loves You","Frankie Valli & The Four Seasons",1975,197146,73,spotify:user:21h7zeuj2zcdevrh3p4mm4vpy,2020-05-19T11:27:36Z,"adult standards,brill building pop,bubblegum pop,doo-wop,lounge,northern soul,rock-and-roll",0.737,0.495,1,-13.489,1,0.027,0.0588,0.00000912,0.0542,0.967,104.409,4
6WCeFNVAXUtNczb7lqLiZU,"3PhoLpVuITZKcymswpck5b","Crocodile Rock","Don't Shoot Me I'm Only The Piano Player","Elton John",1973-01-22,235440,72,spotify:user:21h7zeuj2zcdevrh3p4mm4vpy,2020-05-19T11:27:51Z,"glam rock,mellow gold,piano rock",0.621,0.8,4,-7.284,0,0.0344,0.0263,0.0000151,0.0591,0.968,149.91,4
0gJj33ghcMjK7m2ORh0ZZk,"2Mhi3jfuRSdbVZPdjqsnnN","The Cover of Rolling Stone","Sloppy Seconds","Dr. Hook",1972,172493,57,spotify:user:21h7zeuj2zcdevrh3p4mm4vpy,2020-05-19T11:28:22Z,"adult standards,bubblegum pop,classic rock,classic uk pop,country rock,folk rock,mellow gold,singer-songwriter,soft rock",0.614,0.56,9,-8.168,1,0.0699,0.201,0,0.214,0.826,142.332,4
52KvuGmgcgRdrLMXOtda0E,"3Fz2GbraVXhcpXnoi2Oe1r","The Stroke - Remastered","Don't Say No","Billy Squier",1981,217613,68,spotify:user:21h7zeuj2zcdevrh3p4mm4vpy,2020-05-19T11:30:05Z,"album rock,classic rock,country rock,glam metal,hard rock,heartland rock,mellow gold,rock,soft rock",0.67,0.591,7,-6.012,1,0.0646,0.62,0,0.373,0.8,91.439,4
3uLk0uQ4zMS26h89Of8XOD,"66QeIFuFJDNCImNHlFzrY1","Afternoon Delight","Starland Vocal Band","Starland Vocal Band",1976-07-01,193040,0,spotify:user:21h7zeuj2zcdevrh3p4mm4vpy,2020-05-19T11:31:48Z,"bubblegum pop,soft rock",0.486,0.445,5,-11.728,1,0.03,0.49,0,0.101,0.788,147.221,4
1nmZ8yqKkfooOuYvtFctDp,"1bdytLV3FPjyhfrb6BhMej","Heat Of The Moment","Asia","Asia",1982-03-08,227893,70,spotify:user:21h7zeuj2zcdevrh3p4mm4vpy,2020-05-19T11:34:14Z,"album rock,art rock,classic rock,hard rock,mellow gold,progressive rock,soft rock,symphonic rock",0.306,0.86,1,-7.371,1,0.0534,0.204,0.000146,0.369,0.541,136.265,4
74DrA5fFoGSy4xgkZarZtP,"3z6Uf5IZkN4TogRpRpgD84","Dream Weaver","The Dream Weaver","Gary Wright",1975,256173,58,spotify:user:21h7zeuj2zcdevrh3p4mm4vpy,2020-05-19T11:34:31Z,"album rock,classic rock,country rock,mellow gold,soft rock,yacht rock",0.266,0.389,4,-13.682,1,0.0305,0.244,0.00000142,0.0688,0.148,140.243,4
0OBwxFLu6Yj61s2OagYbgY,"2AM4ilv6UzW0uMRuqKtDgN","Gimme All Your Lovin'","Eliminator","ZZ Top",1983-03-23,241080,70,spotify:user:21h7zeuj2zcdevrh3p4mm4vpy,2020-05-19T11:35:57Z,"album rock,blues rock,classic rock,country rock,hard rock,rock",0.63,0.788,5,-6.7,1,0.0298,0.00322,0.0237,0.0883,0.63,120.059,4
7HKez549fwJQDzx3zLjHKC,"22bE4uQ6baNwSHPVcDxLCe","Start Me Up - Remastered 2009","Tattoo You (2009 Re-Mastered)","The Rolling Stones",1981-08-24,213066,76,spotify:user:21h7zeuj2zcdevrh3p4mm4vpy,2020-05-19T11:36:12Z,"british invasion,classic rock,rock",0.631,0.932,5,-4.142,1,0.0354,0.0436,0.137,0.0918,0.971,122.429,4
43oPpqzWPSZmeiwYicmzjG,"3lPQ2Fk5JOwGWAF3ORFCqH","Cherry Bomb","The Lonesome Jubilee","John Mellencamp",1987,287106,61,spotify:user:21h7zeuj2zcdevrh3p4mm4vpy,2020-05-19T11:37:33Z,"album rock,classic rock,heartland rock,mellow gold,pop rock,rock,singer-songwriter,soft rock",0.744,0.945,7,-3.266,1,0.0286,0.0509,0.00000141,0.0435,0.961,113.882,4
4VDHlRakaVHzHE8PUdcU49,"1FX4aA0cUcWndv39j1YoTm","Rock and Roll, Hoochie Koo","All American Boy (Expanded Edition)","Rick Derringer",1973-10-19,225306,53,spotify:user:21h7zeuj2zcdevrh3p4mm4vpy,2020-07-11T01:40:55Z,"blues rock,classic rock,country rock,southern rock",0.435,0.882,9,-8.996,0,0.0908,0.15,0.00837,0.0992,0.56,199.263,4
2SUg1AhsYsHUz4xzNlMnBQ,"6x33CmZWo2Ve4hxYl2Craq","Fool for the City","Fool for the City","Foghat",1975,271853,43,spotify:user:21h7zeuj2zcdevrh3p4mm4vpy,2020-07-11T01:41:25Z,"album rock,blues rock,british blues,classic rock,country rock,hard rock,heartland rock,mellow gold,rock,soft rock",0.348,0.977,0,-2.113,1,0.131,0.000496,0.000642,0.239,0.463,140.046,4
2zYzyRzz6pRmhPzyfMEC8s,"711MCceyCBcFnzjGY4Q7Un","Highway to Hell","Highway to Hell","AC/DC",1979-07-27,208400,84,spotify:user:21h7zeuj2zcdevrh3p4mm4vpy,2020-07-15T19:19:56Z,"australian rock,hard rock,rock",0.574,0.913,6,-4.793,0,0.133,0.061,0.00158,0.156,0.423,115.728,4
6KTv0Z8BmVqM7DPxbGzpVC,"07XSN3sPlIlB2L2XNcTwJw","Rock And Roll All Nite","Dressed To Kill","KISS",1975-03-19,168840,75,spotify:user:21h7zeuj2zcdevrh3p4mm4vpy,2020-07-15T19:20:06Z,"album rock,glam rock,hard rock,metal,rock",0.654,0.929,1,-5.906,1,0.0998,0.0468,0,0.0539,0.902,144.774,4
1wXE6zvNWRz8GuMfEUgETz,"6fvN9GmMCVKb5LY0WsnjFP","Hair Of The Dog","Hair Of The Dog","Nazareth",1975-01-01,249240,59,spotify:user:21h7zeuj2zcdevrh3p4mm4vpy,2020-07-15T19:21:07Z,"album rock,blues rock,classic rock,glam metal,hard rock,mellow gold,metal,rock",0.688,0.745,4,-10.323,1,0.0519,0.00285,0.238,0.114,0.688,128.556,4
5EOoMWIB9iK4ZpcSex9Ec7,"485uL27bPomh29R4JmQehQ","Old Time Rock & Roll","Stranger In Town","Bob Seger",1978-05-05,194146,73,spotify:user:21h7zeuj2zcdevrh3p4mm4vpy,2020-07-15T19:21:23Z,"album rock,classic rock,country rock,detroit rock,folk rock,hard rock,heartland rock,mellow gold,rock,singer-songwriter,soft rock",0.714,0.937,6,-2.947,1,0.0399,0.206,0,0.0731,0.964,124.13,4
36xEjbl8DtevPJgw6i9IuY,"6IRouO5mvvfcyxtPDKMYFN","Feels like the First Time - 2008 Remaster","No End in Sight: The Very Best of Foreigner (Expanded)","Foreigner",2008,232333,51,spotify:user:21h7zeuj2zcdevrh3p4mm4vpy,2020-07-15T19:22:33Z,"album rock,classic rock,hard rock,mellow gold,rock,soft rock",0.499,0.802,7,-4.537,1,0.0547,0.0136,0.00000156,0.128,0.504,107.705,4
6sBWmE23q6xQHlnEZ8jYPT,"3PhoLpVuITZKcymswpck5b","Step Into Christmas","Goodbye Yellow Brick Road (40th Anniversary Celebration / Super Deluxe)","Elton John",1973-10-05,272393,73,spotify:user:21h7zeuj2zcdevrh3p4mm4vpy,2020-07-30T17:59:29Z,"glam rock,mellow gold,piano rock",0.526,0.925,2,-5.584,1,0.0363,0.102,0.0000089,0.305,0.819,140.308,4
60nZcImufyMA1MKQY3dcCH,"2RdwBSPQiwcmiDo9kixcl8","Happy - From Despicable Me 2","G I R L","Pharrell Williams",2014-03-03,232720,80,spotify:user:21h7zeuj2zcdevrh3p4mm4vpy,2021-07-21T00:41:42Z,"hip hop,pop,pop rap",0.647,0.822,5,-4.662,0,0.183,0.219,0,0.0908,0.962,160.019,4
0KQh7AuuZvpTKWhcJa8Pbr,"0lwRI7lvmlRY5DiA5Xa6wQ","Funkytown","Casablanca Records Greatest Hits","Lipps Inc.",1996-04-04,239226,55,spotify:user:21h7zeuj2zcdevrh3p4mm4vpy,2021-07-23T16:50:01Z,"disco,minneapolis sound",0.895,0.453,0,-13.987,1,0.0756,0.00196,0.374,0.0982,0.257,122.151,4
57iDDD9N9tTWe75x6qhStw,"2cGwlqi3k18jFpUyTrsR84","Bitter Sweet Symphony","Urban Hymns (Remastered 2016)","The Verve",1997-09-29,357266,79,spotify:user:21h7zeuj2zcdevrh3p4mm4vpy,2022-03-03T00:28:50Z,"alternative rock,britpop,permanent wave,pop rock,rock,shoegaze",0.356,0.917,9,-6.006,1,0.0479,0.0335,0,0.406,0.518,171.176,4
0mHyWYXmmCB9iQyK18m3FQ,"3gMaNLQm7D9MornNILzdSl","Hello","Can't Slow Down","Lionel Richie",1983-01-01,251106,57,spotify:user:21h7zeuj2zcdevrh3p4mm4vpy,2022-03-03T00:30:34Z,"adult standards,disco,mellow gold,soft rock",0.487,0.246,9,-14.104,0,0.0376,0.414,0,0.0983,0.0562,61.084,4
7gG1RvwQRrofiL3tvq8pBI,"2cnMpRsOVqtPMfq7YiFE6K","When It's Love","OU812","Van Halen",1988-05-24,337906,49,spotify:user:21h7zeuj2zcdevrh3p4mm4vpy,2022-05-28T19:18:57Z,"album rock,classic rock,hard rock,metal,rock",0.563,0.623,2,-12.327,1,0.0252,0.0494,0.000159,0.184,0.393,99.34,4
0lzNXoZINVBLHWNIxKxWOo,"5q4AzEtCoYJyXjMMoEkSU5","Takin' Care Of Business","Bachman-Turner Overdrive II","Bachman-Turner Overdrive",1973-12-01,289893,65,spotify:user:21h7zeuj2zcdevrh3p4mm4vpy,2022-07-18T15:21:38Z,"album rock,art rock,blues rock,classic canadian rock,classic rock,country rock,folk rock,hard rock,mellow gold,rock,singer-songwriter,soft rock",0.724,0.703,5,-14.007,1,0.0498,0.0488,0.00000269,0.146,0.965,129.985,4
