Spotify ID,Artist IDs,Track Name,Album Name,Artist Name(s),Release Date,Duration (ms),Popularity,Added By,Added At,Genres,Danceability,Energy,Key,Loudness,Mode,Speechiness,Acousticness,Instrumentalness,Liveness,Valence,Tempo,Time Signature
59IqCFx50pTdpyWa8mL7fh,"78rUTD7y6Cy67W1RVzYs7t","Pain","Pain","PinkPantheress",2021-02-05,98544,0,spotify:user:vgglgrgd5yr0bc5oyi3zaoybt,2021-07-13T00:30:24Z,"",0.828,0.616,1,-8.498,1,0.14,0.227,0.00304,0.0618,0.812,125.594,4
3P9P3Lq1IGsyhmNrnank0v,"1iJdyDcY98X3GMnUesl7tf","SOLVED THE PROBLEM","BAWSKEE 3.5","Comethazine",2019-07-26,117073,0,spotify:user:vgglgrgd5yr0bc5oyi3zaoybt,2021-07-13T00:30:44Z,"rap,trap,underground hip hop,vapor trap,viral rap",0.935,0.699,10,-10.394,0,0.25,0.00278,0.0000152,0.101,0.683,98.44,4
1hz7SRTGUNAtIQ46qiNv2p,"4V8LLVI7PbaPR0K2TGSxFF","GONE, GONE / THANK YOU","IGOR","Tyler, The Creator",2019-05-17,375386,77,spotify:user:vgglgrgd5yr0bc5oyi3zaoybt,2021-07-13T00:30:53Z,"hip hop,rap",0.518,0.492,10,-8.436,0,0.193,0.216,0.0012,0.146,0.471,78.848,4
3w3y8KPTfNeOKPiqUTakBh,"0du5cEVh5yTK9QJze8zA0C","Locked out of Heaven","Unorthodox Jukebox","Bruno Mars",2012-12-07,233478,86,spotify:user:vgglgrgd5yr0bc5oyi3zaoybt,2021-07-13T00:31:03Z,"dance pop,pop",0.726,0.698,5,-4.165,1,0.0431,0.049,0,0.309,0.867,143.994,4
3GCdLUSnKSMJhs4Tj6CV3s,"2YZyLoL8N0Wb9xBt1NhZWg,7tYKF4w9nC0nq9CsPZTHyP","All The Stars (with SZA)","Black Panther The Album Music From And Inspired By","Kendrick Lamar,SZA",2018-02-09,232186,83,spotify:user:vgglgrgd5yr0bc5oyi3zaoybt,2021-07-13T00:31:23Z,"conscious hip hop,hip hop,rap,west coast rap,pop,r&b",0.698,0.633,8,-4.946,1,0.0597,0.0605,0.000194,0.0926,0.552,96.924,4
60ynsPSSKe6O3sfwRnIBRf,"5cj0lLjcoR7YOSnhnX0Po5","Streets","Hot Pink","Doja Cat",2019-11-07,226986,82,spotify:user:vgglgrgd5yr0bc5oyi3zaoybt,2021-07-13T00:31:28Z,"dance pop,pop",0.749,0.463,11,-8.433,1,0.0842,0.21,0.0382,0.338,0.189,90.035,4
7KA4W4McWYRpgf0fWsJZWB,"4V8LLVI7PbaPR0K2TGSxFF,1U1el3k54VvEUzo3ybLPlM","See You Again (feat. Kali Uchis)","Flower Boy","Tyler, The Creator,Kali Uchis",2017-07-21,180386,84,spotify:user:vgglgrgd5yr0bc5oyi3zaoybt,2021-07-13T00:31:44Z,"hip hop,rap,colombian pop,pop",0.558,0.559,6,-9.222,1,0.0959,0.371,0.00000749,0.109,0.62,78.558,4
56uXDJRCuoS7abX3SkzHKQ,"4O15NlyKLIASxsJ0PrXPfz","Myron","Eternal Atake (Deluxe) - LUV vs. The World 2","Lil Uzi Vert",2020-03-13,224954,72,spotify:user:vgglgrgd5yr0bc5oyi3zaoybt,2021-07-13T00:31:54Z,"melodic rap,philly rap,rap,trap",0.771,0.654,8,-6.976,0,0.298,0.055,0,0.214,0.573,155.047,4
0uxSUdBrJy9Un0EYoBowng,"4O15NlyKLIASxsJ0PrXPfz","20 Min","Luv Is Rage 2 (Deluxe)","Lil Uzi Vert",2017-11-17,220586,82,spotify:user:vgglgrgd5yr0bc5oyi3zaoybt,2021-07-13T00:31:59Z,"melodic rap,philly rap,rap,trap",0.773,0.75,8,-4.009,0,0.117,0.109,0,0.174,0.783,123.426,4
3kxkjirben9RVm9NqYa6rm,"1l9d7B8W0IHy3LqWsxP2SH,1WvvwcQx0tj6NdDhZZ2zZz","Black Out Days - Future Islands Remix","Black Out Days (Future Islands Remix)","Phantogram,Future Islands",2017-09-01,248346,74,spotify:user:vgglgrgd5yr0bc5oyi3zaoybt,2021-07-13T00:32:04Z,"indietronica,metropopolis,modern rock,alternative dance,baltimore indie,chillwave,indie rock,new rave",0.477,0.483,4,-9.413,0,0.0364,0.0027,0.783,0.156,0.123,170.026,4
6KjkgYu4mjsMVYy4aCzyw6,"2kCcBybjl3SAtIcwdWpUe3,5g63iWaMJ2UrkZMkCC8dMi","white tee","crybaby","Lil Peep,Lil Tracy",2016,132226,67,spotify:user:vgglgrgd5yr0bc5oyi3zaoybt,2021-07-13T00:32:10Z,"emo rap,lgbtq+ hip hop,dark trap,melodic rap,underground hip hop,vapor trap",0.798,0.528,11,-8.908,1,0.042,0.293,0.000001,0.0727,0.728,149.995,4
0Hf4aIJpsN4Os2f0y0VqWl,"0TnOYISbd1XYRBk9myaseg,1l7ZsJRRS8wlW3WfJfPfNS","Feel This Moment (feat. Christina Aguilera)","Global Warming: Meltdown (Deluxe Version)","핏불,Christina Aguilera",2012,229506,77,spotify:user:vgglgrgd5yr0bc5oyi3zaoybt,2021-07-13T00:32:17Z,"dance pop,miami hip hop,pop,pop rap,post-teen pop",0.673,0.758,7,-3.632,1,0.158,0.039,0,0.341,0.542,135.956,4
1mnqraQ8oV8MX92rdOFLWW,"08rMCq2ek1YjdDBsCPVH2s","1 Thing","Touch","Amerie",2005,238760,63,spotify:user:vgglgrgd5yr0bc5oyi3zaoybt,2021-07-13T00:32:32Z,"alternative r&b,contemporary r&b,dance pop,hip hop,hip pop,neo soul,r&b,urban contemporary",0.612,0.961,10,-3.078,0,0.333,0.107,0.0000417,0.0413,0.867,129.873,5
4QNpBfC0zvjKqPJcyqBy9W,"0TnOYISbd1XYRBk9myaseg,21E3waRsmPlU7jZsS13rcj,4D75GcNG95ebPtNvoNVXhz,1ruutHJcECI7cos2n5TqpO","Give Me Everything (feat. Ne-Yo, Afrojack & Nayer)","Planet Pit (Deluxe Version)","핏불,Ne-Yo,Afrojack,Nayer",2011-06-17,252306,81,spotify:user:vgglgrgd5yr0bc5oyi3zaoybt,2021-07-13T00:32:40Z,"dance pop,miami hip hop,pop,pop rap,urban contemporary,big room,dutch house,edm,electro house,pop dance,progressive electro house,tropical house,deep dance pop",0.671,0.939,8,-3.206,1,0.161,0.191,0,0.298,0.53,129.024,4
1D066zixBwqFYqBhKgdPzp,"3r17AfJCCUqC9Lf0OAc73G,085pc2PYOi8bGKj0PNjekA","Fergalicious","The Dutchess","Fergie,will.i.am",2006-09-13,292373,69,spotify:user:vgglgrgd5yr0bc5oyi3zaoybt,2021-07-13T00:32:48Z,"dance pop,pop,post-teen pop,rap,urban contemporary,pop rap",0.906,0.583,8,-7.721,0,0.317,0.0569,0,0.126,0.829,129.056,4
4KTtYhxFtFL7mBwnjkKfLm,"3r17AfJCCUqC9Lf0OAc73G,3ipn9JLAPI5GUEo4y4jcoi","Glamorous","The Dutchess","Fergie,Ludacris",2006-09-13,246573,70,spotify:user:vgglgrgd5yr0bc5oyi3zaoybt,2021-07-13T00:32:52Z,"dance pop,pop,post-teen pop,rap,urban contemporary,atl hip hop,dirty south rap,hip hop,old school atlanta hip hop,pop rap,southern hip hop,trap",0.81,0.755,0,-6.408,1,0.199,0.291,0,0.0857,0.625,130.991,4
2gam98EZKrF9XuOkU13ApN,"2jw70GZXlAI8QzWeY2bgRc,5Y5TRrQiqgUO4S36tzjIRZ","Promiscuous","Loose","Nelly Furtado,Timbaland",2006-01-01,242293,82,spotify:user:vgglgrgd5yr0bc5oyi3zaoybt,2021-07-13T00:32:56Z,"canadian latin,canadian pop,dance pop,pop,pop rap,hip hop,urban contemporary",0.808,0.97,10,-6.098,0,0.0506,0.0569,0.0000613,0.154,0.868,114.328,4
7CkioiGF7vbqzPEpFmsOSW,"0hCNtLu0JehylgoiP8L4Gh","Pills N Potions","The Pinkprint","Nicki Minaj",2014-12-15,268000,43,spotify:user:vgglgrgd5yr0bc5oyi3zaoybt,2021-07-13T00:33:03Z,"dance pop,hip pop,pop,queens hip hop,rap",0.391,0.604,2,-8.104,1,0.212,0.00812,0.00000518,0.0443,0.168,169.658,4
1hn9nQ8TR8Le4EpHN2oCyE,"0hCNtLu0JehylgoiP8L4Gh","Save Me","Pink Friday","Nicki Minaj",2010-01-01,185413,51,spotify:user:vgglgrgd5yr0bc5oyi3zaoybt,2021-07-13T00:33:10Z,"dance pop,hip pop,pop,queens hip hop,rap",0.601,0.729,1,-6.13,1,0.0935,0.553,0.0176,0.159,0.596,84.906,4
4dPP7GEqsI5yRy8w8CqWVi,"0hCNtLu0JehylgoiP8L4Gh","Right Thru Me","Pink Friday","Nicki Minaj",2010-01-01,235773,52,spotify:user:vgglgrgd5yr0bc5oyi3zaoybt,2021-07-13T00:33:15Z,"dance pop,hip pop,pop,queens hip hop,rap",0.381,0.683,1,-4.724,1,0.162,0.0869,0.00164,0.168,0.168,162.246,3
2E1RGgFtr1X4H6glXOtABo,"0hCNtLu0JehylgoiP8L4Gh,5pKCCKE2ajJHZ9KAiaK11H","Fly","Pink Friday","Nicki Minaj,Rihanna",2010-01-01,212920,61,spotify:user:vgglgrgd5yr0bc5oyi3zaoybt,2021-07-13T00:33:18Z,"dance pop,hip pop,pop,queens hip hop,rap,barbadian pop,urban contemporary",0.665,0.848,10,-4.926,1,0.0386,0.0148,0.000118,0.1,0.196,119.897,4
62vpWI1CHwFy7tMIcSStl8,"6l3HvQ5sa6mXTsMTB19rO5","No Role Modelz","2014 Forest Hills Drive","J. Cole",2014-12-09,292986,10,spotify:user:vgglgrgd5yr0bc5oyi3zaoybt,2021-07-13T00:33:28Z,"conscious hip hop,hip hop,north carolina hip hop,rap",0.692,0.521,10,-8.465,0,0.33,0.301,0,0.0565,0.463,100.45,4
1ia019RqDK2o4QiANR1Dyn,"0hCNtLu0JehylgoiP8L4Gh,3TVXtAsR1Inumwj472S9r4","Moment 4 Life","Pink Friday","Nicki Minaj,Drake",2010-01-01,279306,71,spotify:user:vgglgrgd5yr0bc5oyi3zaoybt,2021-07-13T00:33:37Z,"dance pop,hip pop,pop,queens hip hop,rap,canadian hip hop,canadian pop,hip hop,toronto rap",0.475,0.882,11,-3.883,1,0.351,0.406,0,0.241,0.369,98.001,4
4bBrKDo8rchikwZOtmXbIH,"0hCNtLu0JehylgoiP8L4Gh","The Night Is Still Young","The Pinkprint (Deluxe)","Nicki Minaj",2014-12-15,227560,64,spotify:user:vgglgrgd5yr0bc5oyi3zaoybt,2021-07-13T00:33:40Z,"dance pop,hip pop,pop,queens hip hop,rap",0.656,0.692,1,-6.145,0,0.0563,0.00212,0.00305,0.128,0.693,128.016,4
3jVtllWS5CFFWLQng8sKsr,"0NIIxcxNHmOoyBx03SfTCD,5IcR3N7QB1j6KBL8eImZ8m","2 On (feat. ScHoolboy Q)","Aquarius","Tinashe,ScHoolboy Q",2014-10-01,227000,72,spotify:user:vgglgrgd5yr0bc5oyi3zaoybt,2021-07-13T00:33:46Z,"alternative r&b,dance pop,electropop,metropopolis,pop,post-teen pop,r&b,rap,urban contemporary,gangster rap,hip hop,pop rap,southern hip hop,trap,underground hip hop",0.742,0.595,9,-7.51,1,0.107,0.15,0,0.111,0.431,101.013,4
1w6kG4Rc29m5EherbvpkF5,"0hCNtLu0JehylgoiP8L4Gh","Your Love","Pink Friday","Nicki Minaj",2010-01-01,245253,62,spotify:user:vgglgrgd5yr0bc5oyi3zaoybt,2021-07-13T00:33:49Z,"dance pop,hip pop,pop,queens hip hop,rap",0.422,0.52,11,-10.231,1,0.343,0.00204,0.00413,0.411,0.184,189.63,4
5IVuqXILoxVWvWEPm82Jxr,"6vWDO969PvNqNYHIOW5v0m,3nFkdlSjzX9mRTtwJOzDYB","Crazy In Love (feat. Jay-Z)","Dangerously In Love","Beyoncé,JAY-Z",2003-06-24,236133,77,spotify:user:vgglgrgd5yr0bc5oyi3zaoybt,2021-07-13T00:33:54Z,"dance pop,pop,r&b,east coast hip hop,hip hop,rap",0.646,0.77,2,-6.596,0,0.226,0.00249,0,0.0715,0.681,99.165,4
2yPoXCs7BSIUrucMdK5PzV,"5pKCCKE2ajJHZ9KAiaK11H,3nFkdlSjzX9mRTtwJOzDYB","Umbrella","Good Girl Gone Bad","Rihanna,JAY-Z",2007-01-01,275986,69,spotify:user:vgglgrgd5yr0bc5oyi3zaoybt,2021-07-13T00:33:58Z,"barbadian pop,dance pop,pop,urban contemporary,east coast hip hop,hip hop,rap",0.583,0.829,1,-4.603,1,0.134,0.00864,0,0.0426,0.575,174.028,4
1z9kQ14XBSN0r2v6fx4IdG,"5pKCCKE2ajJHZ9KAiaK11H","Diamonds","Unapologetic (Edited Version)","Rihanna",2012-01-01,225146,70,spotify:user:vgglgrgd5yr0bc5oyi3zaoybt,2021-07-13T00:34:01Z,"barbadian pop,dance pop,pop,urban contemporary",0.564,0.71,11,-4.92,0,0.0461,0.00125,0,0.109,0.393,91.972,4
45hOioMDJktr86iKDHC8gr,"0p4nmQO2msCgU4IF37Wi3j","Girlfriend","The Best Damn Thing (Expanded Edition)","Avril Lavigne",2007-04-17,216600,74,spotify:user:vgglgrgd5yr0bc5oyi3zaoybt,2021-07-13T00:34:05Z,"canadian pop,candy pop,dance pop,pop,post-teen pop",0.56,0.959,7,-2.433,1,0.102,0.000722,0.000221,0.209,0.669,163.983,4
02M6vucOvmRfMxTXDUwRXu,"6vWDO969PvNqNYHIOW5v0m","7/11","BEYONCÉ [Platinum Edition]","Beyoncé",2014-11-24,213506,68,spotify:user:vgglgrgd5yr0bc5oyi3zaoybt,2021-07-13T00:34:12Z,"dance pop,pop,r&b",0.747,0.705,9,-5.137,0,0.126,0.0128,0,0.126,0.56,136.024,4
7ySUcLPVX7KudhnmNcgY2D,"5pKCCKE2ajJHZ9KAiaK11H","S&M","Loud (Japan Version)","Rihanna",2010-01-01,243600,78,spotify:user:vgglgrgd5yr0bc5oyi3zaoybt,2021-07-13T00:34:19Z,"barbadian pop,dance pop,pop,urban contemporary",0.769,0.684,1,-5.019,1,0.0411,0.0105,0.000125,0.0887,0.835,127.972,4
6ic8OlLUNEATToEFU3xmaH,"26dSoYclwsYLMAKD3tpOr4","Gimme More","Blackout","Britney Spears",2007-10-25,251240,78,spotify:user:vgglgrgd5yr0bc5oyi3zaoybt,2021-07-13T00:34:23Z,"dance pop,pop",0.788,0.844,2,-3.131,1,0.0334,0.25,0.000678,0.0723,0.382,113.324,4
7IzN1BfaQ8fmTHYPRPhNws,"7gRhy3MIPHQo5CXYfWaw9I","Luxury","Broke with Expensive Taste","Azealia Banks",2014-11-07,168096,67,spotify:user:vgglgrgd5yr0bc5oyi3zaoybt,2021-07-13T00:34:27Z,"alternative r&b,dance pop,escape room,hip house,lgbtq+ hip hop,pop,rap,trap queen",0.689,0.91,8,-6.808,1,0.184,0.0196,0.0000181,0.272,0.569,121.988,4
1zi7xx7UVEFkmKfv06H8x0,"3TVXtAsR1Inumwj472S9r4,3tVQdUvClmAT7URs9V3rsp,77DAFfvm3O9zT5dIoG0eIO","One Dance","Views","Drake,Wizkid,Kyla",2016-05-06,173986,85,spotify:user:vgglgrgd5yr0bc5oyi3zaoybt,2021-07-13T00:34:34Z,"canadian hip hop,canadian pop,hip hop,rap,toronto rap,afro dancehall,afropop,azonto,nigerian hip hop,nigerian pop,uk funky",0.792,0.625,1,-5.609,1,0.0536,0.00776,0.0018,0.329,0.37,103.967,4
0wwPcA6wtMf6HUMpIRdeP7,"3TVXtAsR1Inumwj472S9r4","Hotline Bling","Views","Drake",2016-05-06,267066,77,spotify:user:vgglgrgd5yr0bc5oyi3zaoybt,2021-07-13T00:34:39Z,"canadian hip hop,canadian pop,hip hop,rap,toronto rap",0.891,0.628,2,-7.863,1,0.0551,0.00258,0.00019,0.0504,0.552,134.966,4
4QdX6pmNnJ5cleufWQIr5D,"5pKCCKE2ajJHZ9KAiaK11H","Shut Up And Drive","Good Girl Gone Bad","Rihanna",2007-01-01,212280,60,spotify:user:vgglgrgd5yr0bc5oyi3zaoybt,2021-07-13T00:34:46Z,"barbadian pop,dance pop,pop,urban contemporary",0.735,0.826,1,-4.902,1,0.0349,0.00101,0.129,0.197,0.74,132.964,4
5CZ40GBx1sQ9agT82CLQCT,"1McMsnEElThX1knmY4oliG","traitor","SOUR","Olivia Rodrigo",2021-05-21,229226,86,spotify:user:vgglgrgd5yr0bc5oyi3zaoybt,2021-07-13T00:34:50Z,"pop",0.38,0.339,3,-7.885,1,0.0338,0.691,0,0.12,0.0849,100.607,4
6HU7h9RYOaPRFeh0R3UeAr,"1McMsnEElThX1knmY4oliG","deja vu","SOUR","Olivia Rodrigo",2021-05-21,215506,86,spotify:user:vgglgrgd5yr0bc5oyi3zaoybt,2021-07-13T00:34:53Z,"pop",0.442,0.612,2,-7.222,1,0.112,0.584,0.0000057,0.37,0.178,180.917,4
2tGvwE8GcFKwNdAXMnlbfl,"1McMsnEElThX1knmY4oliG","happier","SOUR","Olivia Rodrigo",2021-05-21,175933,84,spotify:user:vgglgrgd5yr0bc5oyi3zaoybt,2021-07-13T00:34:59Z,"pop",0.395,0.443,6,-9.72,1,0.133,0.765,0.00000967,0.0839,0.338,168.924,3
5JCoSi02qi3jJeHdZXMmR8,"1McMsnEElThX1knmY4oliG","favorite crime","SOUR","Olivia Rodrigo",2021-05-21,152666,84,spotify:user:vgglgrgd5yr0bc5oyi3zaoybt,2021-07-13T00:35:02Z,"pop",0.369,0.272,9,-10.497,1,0.0364,0.866,0,0.147,0.218,172.929,4
5NvOZCjZaGGGL597exlQWv,"0ZUvK7zGdXLd78mQr3t1Tw","Line Without a Hook","Montgomery Ricky","Ricky Montgomery",2016-04-08,249586,80,spotify:user:vgglgrgd5yr0bc5oyi3zaoybt,2021-07-13T00:35:06Z,"indie pop,la indie",0.432,0.652,8,-4.969,1,0.0285,0.262,0,0.258,0.507,190.028,3
2IVsRhKrx8hlQBOWy4qebo,"0ZUvK7zGdXLd78mQr3t1Tw","Mr Loverman","Montgomery Ricky","Ricky Montgomery",2016-04-08,216880,78,spotify:user:vgglgrgd5yr0bc5oyi3zaoybt,2021-07-13T00:35:09Z,"indie pop,la indie",0.639,0.526,0,-6.697,1,0.0256,0.245,0.0000243,0.25,0.488,130.033,3
3NM41PVVUr0ceootKAtkAj,"12j6dJrPXanCBwY599pZxf","As the World Caves In","Bad Contestant","Matt Maltese",2018-06-08,218754,70,spotify:user:vgglgrgd5yr0bc5oyi3zaoybt,2021-07-13T00:35:13Z,"indie anthem-folk,indie pop,pop",0.327,0.449,10,-5.362,1,0.034,0.369,0.00444,0.22,0.179,123.969,4
79EkGysjP2dL5GdpeQjRxT,"48vmXfV0QPy3ljXBp81Fwn","This Side of Paradise","Color","Coyote Theory",2020-12-11,242010,81,spotify:user:vgglgrgd5yr0bc5oyi3zaoybt,2021-07-13T00:35:16Z,"",0.306,0.664,9,-6.07,1,0.0276,0.432,0.0000075,0.135,0.321,158.283,4
6vFsBXYczYsP0H3lgunZOm,"2vnB6tuQMaQpORiRdvXF9H","Cloud 9","Honeymoon","Beach Bunny",2020-02-14,147350,77,spotify:user:vgglgrgd5yr0bc5oyi3zaoybt,2021-07-13T00:35:23Z,"bubblegrunge,chicago indie,indie pop,indie rock",0.637,0.929,4,-3.593,1,0.0491,0.00167,0.0000262,0.344,0.902,80.974,4
16Of7eeW44kt0a1M0nitHM,"2aYJ5LAta2ScCdfLhKgZOY,3tB8VKd0rtEnc9x8l78ymo","You Make Me Feel... (feat. Sabi)","Night Shades","Cobra Starship,Sabi",2011-08-29,215693,70,spotify:user:vgglgrgd5yr0bc5oyi3zaoybt,2021-07-13T00:35:36Z,"dance pop,electropop,neon pop punk,pop punk,post-teen pop",0.668,0.857,7,-2.944,0,0.0535,0.0191,0.00000671,0.0385,0.748,131.959,4
4jbmgIyjGoXjY01XxatOx6,"6jJ0s89eD6GaHleKKya26X,5gCRApTajqwbnHHPbr2Fpi","Dark Horse","PRISM","Katy Perry,Juicy J",2013-01-01,215672,80,spotify:user:vgglgrgd5yr0bc5oyi3zaoybt,2021-07-13T00:35:59Z,"dance pop,pop,crunk,dirty south rap,gangster rap,hip hop,memphis hip hop,pop rap,rap,southern hip hop,trap",0.647,0.585,6,-6.123,1,0.0512,0.00314,0,0.165,0.353,131.934,4
5ka2ajep9OAvU5Sgduhiex,"1HY2Jd0NmPuamShAr6KMms","Applause","ARTPOP","Lady Gaga",2013-11-11,212333,72,spotify:user:vgglgrgd5yr0bc5oyi3zaoybt,2021-07-13T00:36:04Z,"art pop,dance pop,pop",0.669,0.78,7,-4.287,0,0.053,0.0265,0.00000163,0.143,0.738,139.945,4
3yNVRe7CmqPYE0RkWWqry6,"0EmeFodog0BfCgMzAIvKQp,5pKCCKE2ajJHZ9KAiaK11H,7dc6hUwyuIhrZdh80eaCEE,0koR2XCDDzJTPgzt50PTqI","Can't Remember to Forget You (feat. Rihanna) - Fedde Le Grand Remix","Can't Remember to Forget You (feat. Rihanna) [Fedde Le Grand Remix]","Shakira,Rihanna,Fedde Le Grand,Robin M. Christopher",2014-01-13,313903,51,spotify:user:vgglgrgd5yr0bc5oyi3zaoybt,2021-07-13T00:36:16Z,"colombian pop,dance pop,latin pop,barbadian pop,pop,urban contemporary,disco house,dutch house,edm,electro house,house,pop dance,pop edm,progressive electro house,progressive house,tropical house,vocal house",0.668,0.8,6,-5.669,0,0.0902,0.00246,0.0164,0.0555,0.552,130.011,4
0I1eFRytp4XRhLCjT6tZm7,"7dIpKWlEeAljA20vFJ82RD","I Can't Handle Change","I Can't Handle Change","Roar",2010-03-14,198213,79,spotify:user:vgglgrgd5yr0bc5oyi3zaoybt,2021-07-13T00:36:19Z,"indie pop,weirdcore",0.247,0.438,5,-8.478,1,0.0358,0.0447,0.000867,0.111,0.39,185.711,3
6DkXLzBQT7cwXmTyzAB1DJ,"5pKCCKE2ajJHZ9KAiaK11H,3TVXtAsR1Inumwj472S9r4","What's My Name?","Loud (Japan Version)","Rihanna,Drake",2010-01-01,263173,71,spotify:user:vgglgrgd5yr0bc5oyi3zaoybt,2021-07-13T00:36:28Z,"barbadian pop,dance pop,pop,urban contemporary,canadian hip hop,canadian pop,hip hop,rap,toronto rap",0.689,0.784,2,-2.972,1,0.074,0.182,0,0.0843,0.561,99.954,4
124NFj84ppZ5pAxTuVQYCQ,"3TVXtAsR1Inumwj472S9r4,5pKCCKE2ajJHZ9KAiaK11H","Take Care","Take Care (Deluxe)","Drake,Rihanna",2011-11-15,277386,75,spotify:user:vgglgrgd5yr0bc5oyi3zaoybt,2021-07-13T00:36:34Z,"canadian hip hop,canadian pop,hip hop,rap,toronto rap,barbadian pop,dance pop,pop,urban contemporary",0.629,0.515,0,-10.358,0,0.265,0.0267,0.0000122,0.0888,0.299,121.845,4
3Dv1eDb0MEgF93GpLXlucZ,"5cj0lLjcoR7YOSnhnX0Po5","Say So","Hot Pink","Doja Cat",2019-11-07,237893,78,spotify:user:vgglgrgd5yr0bc5oyi3zaoybt,2021-07-13T00:36:38Z,"dance pop,pop",0.787,0.673,11,-4.583,0,0.159,0.264,0.00000335,0.0904,0.779,110.962,4
1VJwtWR6z7SpZRwipI12be,"5cj0lLjcoR7YOSnhnX0Po5","Candy","Amala","Doja Cat",2018-03-30,190920,70,spotify:user:vgglgrgd5yr0bc5oyi3zaoybt,2021-07-13T00:36:41Z,"dance pop,pop",0.689,0.516,8,-5.857,1,0.0444,0.513,0,0.163,0.209,124.876,4
0g4fzRkbLeCDUCoe5iUOcf,"6oBm8HB0yfrIc9IHbxs6in","sex money feelings die","so sad so sexy","Lykke Li",2018-06-08,139840,73,spotify:user:vgglgrgd5yr0bc5oyi3zaoybt,2021-07-13T00:36:45Z,"art pop,electropop,pop,swedish electropop,swedish indie pop,swedish pop",0.789,0.534,8,-6.347,0,0.0709,0.323,0.00000342,0.0645,0.631,134.055,4
3DZQ6mzUkAdHqZWzqxBKIK,"5pKCCKE2ajJHZ9KAiaK11H,1RyvyyTE3xzB2ZywiAwp0i","Loveeeeeee Song","Unapologetic (Deluxe)","Rihanna,Future",2012-12-11,256320,71,spotify:user:vgglgrgd5yr0bc5oyi3zaoybt,2021-07-13T00:36:48Z,"barbadian pop,dance pop,pop,urban contemporary,atl hip hop,hip hop,rap,southern hip hop,trap",0.71,0.598,5,-7.598,0,0.0319,0.508,0,0.0971,0.501,119.981,4
3nY8AqaMNNHHLYV4380ol0,"2WgfkM8S11vg4kxLgDY3F5,5cj0lLjcoR7YOSnhnX0Po5","Dick (feat. Doja Cat)","Dick (feat. Doja Cat)","StarBoi3,Doja Cat",2021-04-23,175238,70,spotify:user:vgglgrgd5yr0bc5oyi3zaoybt,2021-07-13T00:36:52Z,"dance pop,pop",0.647,0.608,9,-6.831,1,0.42,0.13,0,0.0584,0.474,125.994,4
1q7w953zXYpLc7J3Hz8a00,"5c8aF9n0VShXlTQbCeSxvz","Phone ya","Phone ya","DJ Espinos",2021-05-27,105326,0,spotify:user:vgglgrgd5yr0bc5oyi3zaoybt,2021-07-13T00:36:57Z,"",0.692,0.483,5,-15.302,0,0.138,0.153,0,0.726,0.559,107.04,4
2U7kTB7SZ2DxzzAhjFPkq2,"6z1cicLMt9XArxN10q7m8a,3b3DRCf7t5C5yV7WJrxvzo","ReYup","3 Live Krew","Travis Porter,Spodee",2015-03-06,135626,58,spotify:user:vgglgrgd5yr0bc5oyi3zaoybt,2021-07-13T00:37:03Z,"atl hip hop,dirty south rap,futuristic swag,pop rap,rap,southern hip hop,trap,viral rap,atl trap,houston rap",0.974,0.381,1,-12.03,1,0.378,0.0318,0,0.08,0.783,127.028,4
1tVwKHwJ5OfNGIyAuM8HLL,"6kQWPGBItT0oMCHZy3M9DN","Hoes Come Easy","O.M.M.I.O 2","RJMrLA",2015-05-26,166817,66,spotify:user:vgglgrgd5yr0bc5oyi3zaoybt,2021-07-13T00:37:06Z,"cali rap,west coast trap",0.779,0.726,8,-6.94,1,0.0317,0.0489,0,0.656,0.451,98.016,4
6r3Wa1lkJVEuc67aZhwO61,"2KewEocognk3bL1lQZe45G","With My Hoe!","With My Hoe!","C2d",2020-09-11,82515,67,spotify:user:vgglgrgd5yr0bc5oyi3zaoybt,2021-07-13T00:37:16Z,"pluggnb",0.586,0.538,10,-7.819,1,0.0545,0.0248,0.00795,0.203,0.188,140.107,4
29TPjc8wxfz4XMn21O7VsZ,"699OTQXzgjhIYAHMy9RyPD","Sky","Whole Lotta Red","Playboi Carti",2020-12-25,193234,81,spotify:user:vgglgrgd5yr0bc5oyi3zaoybt,2021-07-13T00:37:20Z,"atl hip hop,plugg,pluggnb,rap",0.785,0.903,2,-4.184,1,0.21,0.258,0,0.169,0.565,139.98,4
6AfEWDFQxEuow52BH3JH3Y,"3KDKJ7Z0kgJrQS1CH43PM4","KILL BILL (FAST)","KILL BILL (FAST)","SONNY",2021-04-16,139800,16,spotify:user:vgglgrgd5yr0bc5oyi3zaoybt,2021-07-13T00:37:28Z,"sigilkore",0.816,0.927,11,-2.347,1,0.266,0.381,0,0.774,0.576,101.024,4
0veKH02hykLAW6zdlkeE4m,"3gIWD9hK0VEhgsSrLu19PU,4U44HqrUwzfE2GEx9NXllw","Triple S","Triple S","YN Jay,Louie Ray",2020-09-12,141844,51,spotify:user:vgglgrgd5yr0bc5oyi3zaoybt,2021-07-13T00:37:35Z,"flint hip hop,viral rap",0.823,0.452,2,-9.868,1,0.211,0.0157,0.00000407,0.107,0.167,97.487,4
30bqVoKjX479ab90a8Pafp,"2kCcBybjl3SAtIcwdWpUe3","Star Shopping","Star Shopping","Lil Peep",2015,142000,67,spotify:user:vgglgrgd5yr0bc5oyi3zaoybt,2021-07-13T00:37:39Z,"emo rap,lgbtq+ hip hop",0.585,0.471,4,-9.934,0,0.0616,0.0967,0.0184,0.115,0.323,93.099,4
0S0vWvyZ6Rc79TXkWxT9QA,"2kCcBybjl3SAtIcwdWpUe3","Save That Shit","Come Over When You're Sober, Pt. 1","Lil Peep",2017-08-15,231546,68,spotify:user:vgglgrgd5yr0bc5oyi3zaoybt,2021-07-13T00:37:43Z,"emo rap,lgbtq+ hip hop",0.534,0.583,2,-8.672,1,0.0288,0.0262,0,0.421,0.145,106,4
6VrCmhRBFnuGKmtNfk4jDs,"64KEffDW9EtZ1y2vBYgq8T,2kCcBybjl3SAtIcwdWpUe3","Spotlight","Spotlight","Marshmello,Lil Peep",2018-01-12,177600,72,spotify:user:vgglgrgd5yr0bc5oyi3zaoybt,2021-07-13T00:37:46Z,"brostep,dance pop,edm,pop,pop dance,progressive electro house,emo rap,lgbtq+ hip hop",0.546,0.822,7,-4.483,1,0.151,0.0145,0,0.742,0.615,150.06,4
6akBF8JWM8lrpqejdwIfYI,"2kCcBybjl3SAtIcwdWpUe3","16 Lines","Come Over When You're Sober, Pt. 2","Lil Peep",2018-11-09,244906,69,spotify:user:vgglgrgd5yr0bc5oyi3zaoybt,2021-07-13T00:37:51Z,"emo rap,lgbtq+ hip hop",0.607,0.45,0,-8.507,1,0.0338,0.0663,0.0000112,0.107,0.121,105.992,4
7Hr2XoaGpIMKbNXCZDZ3le,"2kCcBybjl3SAtIcwdWpUe3,5g63iWaMJ2UrkZMkCC8dMi","Awful Things","Come Over When You're Sober, Pt. 1","Lil Peep,Lil Tracy",2017-08-15,214426,60,spotify:user:vgglgrgd5yr0bc5oyi3zaoybt,2021-07-13T00:37:54Z,"emo rap,lgbtq+ hip hop,dark trap,melodic rap,underground hip hop,vapor trap",0.366,0.797,1,-4.923,0,0.0812,0.0157,0,0.0694,0.181,169.986,4
7hf89cT5FEmLV5E9fjrjG7,"2kCcBybjl3SAtIcwdWpUe3,1VKWlHqcqwmU9CGKkJR09R","beamer boy","beamer boy","Lil Peep,Nedarb",2017-06-08,203373,58,spotify:user:vgglgrgd5yr0bc5oyi3zaoybt,2021-07-13T00:37:58Z,"emo rap,lgbtq+ hip hop",0.743,0.732,8,-4.511,1,0.104,0.0509,0.0000177,0.227,0.339,123.994,4
1Z8gpnzgTFQKAwmV43iLBB,"2kCcBybjl3SAtIcwdWpUe3,5g63iWaMJ2UrkZMkCC8dMi","witchblades","EVERYBODY'S EVERYTHING","Lil Peep,Lil Tracy",2019-11-15,150160,0,spotify:user:vgglgrgd5yr0bc5oyi3zaoybt,2021-07-13T00:38:01Z,"emo rap,lgbtq+ hip hop,dark trap,melodic rap,underground hip hop,vapor trap",0.642,0.538,8,-7.206,1,0.0696,0.0242,0,0.273,0.57,143.921,4
4DbnKBddcHUHbYpidc36AT,"2kCcBybjl3SAtIcwdWpUe3","The Brightside","Come Over When You're Sober, Pt. 1","Lil Peep",2017-08-15,216040,58,spotify:user:vgglgrgd5yr0bc5oyi3zaoybt,2021-07-13T00:38:04Z,"emo rap,lgbtq+ hip hop",0.646,0.641,3,-6.522,0,0.0425,0.0353,0,0.108,0.881,134.027,4
4Z5FyQlevoHoa5FsIVKZju,"4r63FhuTkUYltbVAg5TQnk","PRACTICE","BLAME IT ON BABY (DELUXE)","DaBaby",2020-08-04,122586,67,spotify:user:vgglgrgd5yr0bc5oyi3zaoybt,2021-07-13T00:38:09Z,"north carolina hip hop,rap,trap",0.849,0.536,1,-7.307,1,0.349,0.0239,0,0.126,0.308,141.964,4
3EikYy40GMSp8l5mDV6IQo,"2rhFzFmezpnW82MNqEKVry","Foot Fungus","STOKELEY","Ski Mask The Slump God",2018-11-30,129546,69,spotify:user:vgglgrgd5yr0bc5oyi3zaoybt,2021-07-13T00:38:12Z,"miami hip hop,rap",0.881,0.623,1,-9.662,1,0.119,0.257,0.0000015,0.0964,0.745,88.953,4
4T2dHb8XBYHlVj7Dyo1cW9,"6i392l38cR3uBPF0DbNs7S,4DdkRBBYG6Yk9Ka8tdJ9BW,699OTQXzgjhIYAHMy9RyPD","100 Racks (Offset feat. Playboi Carti)","Quality Control: Control The Streets Volume 2","Quality Control,Offset,Playboi Carti",2019-08-16,157645,63,spotify:user:vgglgrgd5yr0bc5oyi3zaoybt,2021-07-13T00:38:19Z,"hip hop,melodic rap,pop rap,rap,southern hip hop,trap,atl hip hop,plugg,pluggnb",0.939,0.632,1,-2.978,1,0.137,0.0606,0.00136,0.101,0.364,133.979,4
0W64NfLrIsRTAFObko6uJx,"6jGMq4yGs7aQzuGsMgVgZR","Leaked","True 2 Myself","Lil Tjay",2019-10-11,220240,69,spotify:user:vgglgrgd5yr0bc5oyi3zaoybt,2021-07-13T00:38:24Z,"brooklyn drill,melodic rap,nyc rap",0.51,0.619,7,-7.918,1,0.281,0.801,0,0.0811,0.321,97.018,4
3DWjFSDEQ9IWz1mj449fB7,"0eDvMgVFoNV3TpwtrVCoTj","Get Back","Meet The Woo 2","Pop Smoke",2020-02-07,108160,75,spotify:user:vgglgrgd5yr0bc5oyi3zaoybt,2021-07-13T00:38:30Z,"brooklyn drill",0.798,0.649,9,-6.546,1,0.306,0.0746,0.0000134,0.517,0.566,142.006,4
3QzAOrNlsabgbMwlZt7TAY,"0YinUQ50QDB7ZxSCLyQ40k,757aE44tKEUQEqRuT6GnEB","Ballin' (with Roddy Ricch)","Perfect Ten","Mustard,Roddy Ricch",2019-06-28,180434,78,spotify:user:vgglgrgd5yr0bc5oyi3zaoybt,2021-07-13T00:38:35Z,"cali rap,hip hop,pop,pop rap,rap,southern hip hop,trap,melodic rap",0.809,0.545,7,-6.678,1,0.0735,0.392,0,0.151,0.244,97.008,4
30QR0ndUdiiMQMA9g1PGCm,"1VPmR4DJC1PlOtd0IADAO0","...And to Those I Love, Thanks for Sticking Around","Stop Staring At the Shadows","$uicideboy$",2020-02-14,168489,80,spotify:user:vgglgrgd5yr0bc5oyi3zaoybt,2021-07-13T00:38:39Z,"dark trap,new orleans rap,underground hip hop",0.792,0.511,2,-6.876,1,0.0409,0.124,0.0000904,0.14,0.111,113.983,4
1ThmUihH9dF8EV08ku5AXN,"2rhFzFmezpnW82MNqEKVry","Faucet Failure","STOKELEY","Ski Mask The Slump God",2018-11-30,145626,75,spotify:user:vgglgrgd5yr0bc5oyi3zaoybt,2021-07-13T00:38:43Z,"miami hip hop,rap",0.935,0.552,10,-9.373,0,0.335,0.111,0,0.0952,0.615,99.993,4
57BGVV6wcyhbn3hsjlqEZB,"0eDvMgVFoNV3TpwtrVCoTj","Element","Meet The Woo 2","Pop Smoke",2020-02-07,135746,79,spotify:user:vgglgrgd5yr0bc5oyi3zaoybt,2021-07-13T00:38:48Z,"brooklyn drill",0.772,0.878,2,-4.22,1,0.324,0.0301,0.00000218,0.251,0.305,61.311,5
7GX5flRQZVHRAGd6B4TmDO,"4O15NlyKLIASxsJ0PrXPfz","XO Tour Llif3","Luv Is Rage 2","Lil Uzi Vert",2017-08-25,182706,82,spotify:user:vgglgrgd5yr0bc5oyi3zaoybt,2021-07-13T00:38:54Z,"melodic rap,philly rap,rap,trap",0.732,0.75,11,-6.366,0,0.231,0.00264,0,0.109,0.401,155.096,4
6bxUnsSGZCmoHHU5auwtps,"0c173mlxpT3dSFRgMO8XPh,55Aa2cqylxrFIXC767Z865,5ZS223C6JyBfXasXxrRqOk","Beware","Hall Of Fame (Deluxe)","Big Sean,Lil Wayne,Jhené Aiko",2013-01-01,235186,72,spotify:user:vgglgrgd5yr0bc5oyi3zaoybt,2021-07-13T00:39:02Z,"detroit hip hop,hip hop,pop,pop rap,r&b,rap,southern hip hop,trap,new orleans rap,urban contemporary",0.7,0.554,1,-5.909,1,0.187,0.219,0.00000136,0.419,0.0633,97.127,4
2wAJTrFhCnQyNSD3oUgTZO,"6l3HvQ5sa6mXTsMTB19rO5","Work Out","Cole World: The Sideline Story","J. Cole",2011-09-27,235320,80,spotify:user:vgglgrgd5yr0bc5oyi3zaoybt,2021-07-13T00:39:06Z,"conscious hip hop,hip hop,north carolina hip hop,rap",0.831,0.427,2,-6.903,1,0.106,0.0531,0,0.307,0.216,93.004,4
1VLtjHwRWOVJiE5Py7JxoQ,"6AgTAQt8XS6jRWi4sX7w49","Martin & Gina","THE GOAT","Polo G",2020-05-15,132832,81,spotify:user:vgglgrgd5yr0bc5oyi3zaoybt,2021-07-13T00:39:17Z,"chicago rap,rap",0.832,0.534,1,-7.813,0,0.253,0.345,0,0.165,0.116,93.924,4
2YzmfPLqUx5CJOaw5ThsBV,"5dHt1vcEm9qb8fCyLcB3HL,0hCNtLu0JehylgoiP8L4Gh","Plain Jane REMIX (feat. Nicki Minaj)","Plain Jane REMIX (feat. Nicki Minaj)","A$AP Ferg,Nicki Minaj",2017-12-15,202636,72,spotify:user:vgglgrgd5yr0bc5oyi3zaoybt,2021-07-13T00:39:21Z,"gangster rap,hip hop,pop rap,rap,southern hip hop,trap,underground hip hop,dance pop,hip pop,pop,queens hip hop",0.791,0.839,11,-4.284,1,0.266,0.0588,0.0000626,0.259,0.383,170.113,4
2eAZfqOm4EnOF9VvN50Tyc,"4O15NlyKLIASxsJ0PrXPfz,5cIc3SBFuBLVxJz58W2tU9","The Way Life Goes (feat. Oh Wonder)","Luv Is Rage 2","Lil Uzi Vert,Oh Wonder",2017-08-25,221746,80,spotify:user:vgglgrgd5yr0bc5oyi3zaoybt,2021-07-13T00:39:42Z,"melodic rap,philly rap,rap,trap,electropop",0.703,0.757,1,-3.612,1,0.05,0.617,0,0.106,0.696,82.008,4
0PXp9QxBfSKGGpWUNaws2X,"7mDU6nMUJnOSY2Hkjz5oqM,3TVXtAsR1Inumwj472S9r4","Drama (feat. Drake)","Exis","Roy Woods,Drake",2015-07-31,251859,74,spotify:user:vgglgrgd5yr0bc5oyi3zaoybt,2021-07-13T00:39:48Z,"canadian contemporary r&b,canadian hip hop,pop rap,r&b,trap,trap soul,canadian pop,hip hop,rap,toronto rap",0.709,0.362,11,-9.814,1,0.055,0.157,0,0.109,0.113,122.043,4
5DxXgozhkPLgrbKFY91w0c,"4q3ewBCX7sLwd24euuV69X","Vete","Vete","Bad Bunny",2019-11-21,192024,78,spotify:user:vgglgrgd5yr0bc5oyi3zaoybt,2021-07-13T00:39:51Z,"reggaeton,trap latino",0.886,0.672,1,-4.394,1,0.188,0.0363,0.00000878,0.101,0.526,91.976,4
5hVghJ4KaYES3BFUATCYn0,"4V8LLVI7PbaPR0K2TGSxFF","EARFQUAKE","IGOR","Tyler, The Creator",2019-05-17,190066,80,spotify:user:vgglgrgd5yr0bc5oyi3zaoybt,2021-07-13T00:39:56Z,"hip hop,rap",0.554,0.498,9,-8.866,1,0.0685,0.23,0.00000598,0.795,0.413,79.635,4
4aX4Oycsk1fhHIee1zqsDe,"55Aa2cqylxrFIXC767Z865","How To Love","Tha Carter IV (Deluxe)","Lil Wayne",2011-01-01,240306,0,spotify:user:vgglgrgd5yr0bc5oyi3zaoybt,2021-07-13T00:40:01Z,"hip hop,new orleans rap,pop rap,rap,trap",0.644,0.661,11,-6.093,1,0.0418,0.000177,0.00000514,0.108,0.272,154.001,4
7bHT9osSq1rwT2yaImzqCi,"7dGJo4pcD2V6oG8kP0tJRR,55Aa2cqylxrFIXC767Z865","No Love","Recovery","Eminem,Lil Wayne",2010-06-18,299506,70,spotify:user:vgglgrgd5yr0bc5oyi3zaoybt,2021-07-13T00:40:05Z,"detroit hip hop,hip hop,rap,new orleans rap,pop rap,trap",0.522,0.932,11,-2.87,1,0.255,0.119,0,0.177,0.33,129.473,4
0z5ZPs57J2KERwM1tBM2GF,"55Aa2cqylxrFIXC767Z865,7BAaznGSsqcksud4R5ou5z","6 Foot 7 Foot","Tha Carter IV (Deluxe)","Lil Wayne,Cory Gunz",2011-01-01,248586,1,spotify:user:vgglgrgd5yr0bc5oyi3zaoybt,2021-07-13T00:40:09Z,"hip hop,new orleans rap,pop rap,rap,trap,nyc rap",0.365,0.751,2,-5.429,1,0.304,0.000707,0,0.318,0.604,79.119,4
0uFvvXbmGIXlf5ZgtHyYpf,"31HjiqargV4NAw4GZqUale,1RyvyyTE3xzB2ZywiAwp0i,1sBkRIssrMs1AbVkOJbc7a","Bugatti","Trials & Tribulations","Ace Hood,Future,Rick Ross",2013-01-01,269266,62,spotify:user:vgglgrgd5yr0bc5oyi3zaoybt,2021-07-13T00:40:14Z,"dirty south rap,gangster rap,hip hop,miami hip hop,pop rap,rap,southern hip hop,trap,atl hip hop",0.6,0.592,1,-4.947,1,0.0545,0.0191,0,0.0955,0.0663,130.205,4
4Li2WHPkuyCdtmokzW2007,"3nFkdlSjzX9mRTtwJOzDYB,5K4W6rqBFWDnAN6FQUkS6x","Ni**as In Paris","Watch The Throne (Deluxe)","JAY-Z,Kanye West",2011-08-08,219333,83,spotify:user:vgglgrgd5yr0bc5oyi3zaoybt,2021-07-13T00:40:18Z,"east coast hip hop,hip hop,rap,chicago rap",0.789,0.858,1,-5.542,1,0.311,0.127,0,0.349,0.775,140.022,4
2lMg3lCMOGistaWBNGjuT3,"4sb7rZNN93BSS6Gqgepo4v","Blow the Whistle","Blow The Whistle","Too $hort",2006-08-28,163133,62,spotify:user:vgglgrgd5yr0bc5oyi3zaoybt,2021-07-13T00:40:24Z,"cali rap,gangster rap,golden age hip hop,hip hop,hyphy,oakland hip hop,pop rap,rap,southern hip hop,west coast rap",0.907,0.625,1,-5.557,1,0.198,0.0042,0,0.151,0.605,99.918,4
5n8Aro6j1bEGIy7Tpo7FV7,"4EnEZVjo3w1cwcQYePccay","Fuck Tha Police","Straight Outta Compton","N.W.A.",1988-08-08,345717,70,spotify:user:vgglgrgd5yr0bc5oyi3zaoybt,2021-07-13T00:40:28Z,"conscious hip hop,gangster rap,golden age hip hop,hardcore hip hop,hip hop,old school hip hop,rap,west coast rap",0.859,0.75,8,-8.325,0,0.303,0.0193,0,0.0538,0.857,98.691,4
6MreoQf8oixWI2xRcw3Fv1,"55Aa2cqylxrFIXC767Z865,0du5cEVh5yTK9QJze8zA0C","Mirror","Tha Carter IV (Deluxe)","Lil Wayne,Bruno Mars",2011-01-01,228093,1,spotify:user:vgglgrgd5yr0bc5oyi3zaoybt,2021-07-13T00:40:33Z,"hip hop,new orleans rap,pop rap,rap,trap,dance pop,pop",0.328,0.622,5,-7.291,0,0.0866,0.858,0,0.104,0.401,74.267,4
4EWCNWgDS8707fNSZ1oaA5,"5K4W6rqBFWDnAN6FQUkS6x","Heartless","808s & Heartbreak","Kanye West",2008-11-24,211000,84,spotify:user:vgglgrgd5yr0bc5oyi3zaoybt,2021-07-13T00:40:36Z,"chicago rap,rap",0.79,0.647,10,-5.983,0,0.136,0.0515,0,0.248,0.654,87.999,4
13VXVxePp4NUiXwtmQ0viz,"3tJoFztHeIJkJWMrx0td2f,37hAfseJWi0G3Scife12Il,4r63FhuTkUYltbVAg5TQnk","Said Sum (feat. City Girls & DaBaby) - Remix","Code Red","Moneybagg Yo,City Girls,DaBaby",2020-09-18,177704,59,spotify:user:vgglgrgd5yr0bc5oyi3zaoybt,2021-07-13T00:40:41Z,"hip hop,memphis hip hop,rap,southern hip hop,tennessee hip hop,trap,dance pop,pop,r&b,scam rap,trap queen,north carolina hip hop",0.913,0.625,10,-6.901,0,0.334,0.0168,0,0.125,0.298,126.915,4
6DaqBwun59rgzYEQROTbRv,"3gIWD9hK0VEhgsSrLu19PU,4U44HqrUwzfE2GEx9NXllw","Triple S","Triple S","YN Jay,Louie Ray",2020-09-12,141844,0,spotify:user:vgglgrgd5yr0bc5oyi3zaoybt,2021-07-13T00:40:48Z,"flint hip hop,viral rap",0.825,0.453,2,-9.869,1,0.281,0.0155,0.00000422,0.108,0.148,97.49,4
1ogvLGGpa958nRTH1W9p2v,"3gGUMEwIX6XodWsYEvKSal","Opp Stoppa","Opp Stoppa","YBN Nahmir",2020-11-25,64654,11,spotify:user:vgglgrgd5yr0bc5oyi3zaoybt,2021-07-13T00:40:54Z,"alabama rap,rap,trap,underground hip hop,vapor trap,viral rap",0.82,0.302,0,-6.564,1,0.117,0.0166,0,0.111,0.216,78.099,4
0ZPHjCzuYKHHkH2UomcRfq,"2u1aL8XADqj0nJFHMKRjNw","S.L.U.T.","S.L.U.T.","ppcocaine",2020-12-18,107739,58,spotify:user:vgglgrgd5yr0bc5oyi3zaoybt,2021-07-13T00:40:58Z,"viral rap",0.929,0.89,11,-6.134,0,0.321,0.00221,0,0.139,0.849,115.048,4
13VDHbpoKlRhtgUaWTE2Ld,"0hCNtLu0JehylgoiP8L4Gh","Stupid Hoe","Pink Friday ... Roman Reloaded","Nicki Minaj",2011-01-01,196893,51,spotify:user:vgglgrgd5yr0bc5oyi3zaoybt,2021-07-13T00:41:02Z,"dance pop,hip pop,pop,queens hip hop,rap",0.879,0.83,7,-5.941,1,0.275,0.0289,0.131,0.204,0.719,100.014,4
0eUzRaG60gimqQJ02oSUnH,"0hCNtLu0JehylgoiP8L4Gh,7dGJo4pcD2V6oG8kP0tJRR","Roman's Revenge","Pink Friday","Nicki Minaj,Eminem",2010-01-01,276173,57,spotify:user:vgglgrgd5yr0bc5oyi3zaoybt,2021-07-13T00:41:11Z,"dance pop,hip pop,pop,queens hip hop,rap,detroit hip hop,hip hop",0.809,0.947,10,-2.868,1,0.311,0.518,0,0.345,0.443,112.377,4
5zBqPjh3vfttJScml99szD,"7kFfY4UjNdNyaeUgLIEbIF,0c173mlxpT3dSFRgMO8XPh","Back Up (feat. Big Sean)","Back Up (feat. Big Sean)","DeJ Loaf,Big Sean",2015-07-15,241200,51,spotify:user:vgglgrgd5yr0bc5oyi3zaoybt,2021-07-13T00:41:17Z,"detroit hip hop,pop r&b,r&b,trap,trap queen,hip hop,pop,pop rap,rap,southern hip hop",0.816,0.561,1,-7.702,0,0.316,0.136,0.00000799,0.169,0.449,80.46,4
6VWUOFXGwH1OgyPrfRONrn,"6z1cicLMt9XArxN10q7m8a","Bring It Back","From Day 1","Travis Porter",2012-05-28,217906,65,spotify:user:vgglgrgd5yr0bc5oyi3zaoybt,2021-07-13T00:41:28Z,"atl hip hop,dirty south rap,futuristic swag,pop rap,rap,southern hip hop,trap,viral rap",0.944,0.76,11,-4.355,0,0.0851,0.116,0,0.113,0.545,98.001,4
3UnYMo1aeD0o8VtHy3R8cs,"6AgTAQt8XS6jRWi4sX7w49","Neva Cared","Neva Cared","Polo G",2018-03-11,186000,73,spotify:user:vgglgrgd5yr0bc5oyi3zaoybt,2021-07-13T00:41:32Z,"chicago rap,rap",0.822,0.35,1,-12.207,0,0.574,0.0213,0,0.0757,0.346,77.528,4
26UxwWl9xCb83OynXELJcL,"4r63FhuTkUYltbVAg5TQnk","Masterpiece","Masterpiece","DaBaby",2021-01-15,181714,69,spotify:user:vgglgrgd5yr0bc5oyi3zaoybt,2021-07-13T00:41:37Z,"north carolina hip hop,rap,trap",0.781,0.726,0,-4.213,1,0.0836,0.0299,0,0.093,0.436,139.988,4
74kHlIr01X459gqsSdNilW,"1ZwdS5xdxEREPySFridCfh,7mFqeqDcctDWHGKY2AIAMl,6VH75hkpvvNBk8qKVPUUwl","I Get Around","Greatest Hits","2Pac,Shock G,Money B",1998-01-01,258640,57,spotify:user:vgglgrgd5yr0bc5oyi3zaoybt,2021-07-13T00:41:46Z,"g funk,gangster rap,hip hop,rap,west coast rap",0.84,0.717,10,-4.368,0,0.105,0.12,0.0000129,0.298,0.675,96.224,4
4RCWB3V8V0dignt99LZ8vH,"1g1yxsNVPhMUl9GrMjEb2o","Hey There Delilah","All That We Needed","Plain White T's",2005-01-01,232533,79,spotify:user:vgglgrgd5yr0bc5oyi3zaoybt,2021-07-13T00:41:51Z,"neo mellow,pop punk,pop rock",0.656,0.291,2,-10.572,1,0.0293,0.872,0,0.114,0.298,103.971,4
7floNISpH8VF4z4459Qo18,"15UsOTVnJzReFVN1VCnxy4","Look At Me!","Look At Me!","XXXTENTACION",2017-02-20,126345,81,spotify:user:vgglgrgd5yr0bc5oyi3zaoybt,2021-07-13T00:42:01Z,"emo rap,miami hip hop",0.763,0.726,1,-6.405,1,0.282,0.259,0,0.0976,0.349,139.059,4
19gEmPjfqSZT0ulDRfjl0m,"34Y0ldeyUv7jBvukWOGASO","Hot N*gga","Hot N*gga","Bobby Shmurda",2014-07-25,194561,72,spotify:user:vgglgrgd5yr0bc5oyi3zaoybt,2021-07-13T00:42:20Z,"nyc rap,pop rap,rap,southern hip hop,trap",0.794,0.51,9,-7.314,1,0.42,0.0505,0.00000181,0.0562,0.18,167.879,4
3B54sVLJ402zGa6Xm4YGNe,"6vXTefBL93Dj5IqAWq6OTv,1zNqQNIdeOUZHb8zbZRFMX","Unforgettable","Jungle Rules","French Montana,Swae Lee",2017-07-14,233901,81,spotify:user:vgglgrgd5yr0bc5oyi3zaoybt,2021-07-13T00:42:25Z,"gangster rap,hip hop,pop rap,rap,southern hip hop,trap,melodic rap",0.726,0.769,6,-5.043,1,0.123,0.0293,0.0101,0.104,0.733,97.985,4
1uNePI826aqh9uC9pgbeHU,"5cj0lLjcoR7YOSnhnX0Po5,2OaHYHb2XcFPvqL3VsyPzU","Tia Tamera (feat. Rico Nasty)","Amala (Deluxe Version)","Doja Cat,Rico Nasty",2019-03-01,211013,74,spotify:user:vgglgrgd5yr0bc5oyi3zaoybt,2021-07-13T00:42:31Z,"dance pop,pop,alternative r&b,dmv rap,escape room,rap,trap queen",0.822,0.654,0,-4.623,1,0.132,0.019,0,0.233,0.421,119.884,4
19Fcrc0nJiwMKom00gS9SW,"0hCNtLu0JehylgoiP8L4Gh","Good Form","Queen","Nicki Minaj",2018-08-10,199400,62,spotify:user:vgglgrgd5yr0bc5oyi3zaoybt,2021-07-13T00:42:36Z,"dance pop,hip pop,pop,queens hip hop,rap",0.88,0.775,7,-5.133,1,0.0953,0.113,0.00264,0.0943,0.284,96.503,4
78qd8dvwea0Gosb6Fe6j3k,"5cj0lLjcoR7YOSnhnX0Po5","Boss Bitch","Boss Bitch","Doja Cat",2020-01-23,134239,78,spotify:user:vgglgrgd5yr0bc5oyi3zaoybt,2021-07-13T00:42:41Z,"dance pop,pop",0.707,0.955,10,-4.593,0,0.222,0.127,0,0.202,0.575,125.989,4
4pAl7FkDMNBsjykPXo91B3,"5pKCCKE2ajJHZ9KAiaK11H","Needed Me","ANTI (Deluxe)","Rihanna",2016-01-28,191600,81,spotify:user:vgglgrgd5yr0bc5oyi3zaoybt,2021-07-13T00:42:45Z,"barbadian pop,dance pop,pop,urban contemporary",0.671,0.314,5,-8.091,0,0.244,0.11,0,0.0825,0.296,110.898,4
3BZEcbdtXQSo7OrvKRJ6mb,"7jVv8c5Fj3E9VhNjxT4snq","MONTERO (Call Me By Your Name)","MONTERO (Call Me By Your Name)","Lil Nas X",2021-03-26,137875,4,spotify:user:vgglgrgd5yr0bc5oyi3zaoybt,2021-07-13T00:42:49Z,"lgbtq+ hip hop,pop",0.61,0.508,8,-6.682,0,0.152,0.297,0,0.384,0.758,178.818,4
2AYEOC02WLhUiOoaig2SEH,"4AcHt3JxKy59IX7JNNlZn4","Out of My League","More Than Just a Dream (Deluxe Edition)","Fitz and The Tantrums",2013-05-07,209386,72,spotify:user:vgglgrgd5yr0bc5oyi3zaoybt,2021-07-13T00:43:26Z,"la indie,modern alternative rock,modern rock,pop rock,rock",0.545,0.968,9,-3.553,0,0.0853,0.0387,0.00325,0.331,0.527,169.965,4
7fBv7CLKzipRk6EC6TWHOB,"1Xyo4u8uXC1ZmMpatF05PJ","The Hills","Beauty Behind The Madness","The Weeknd",2015-08-28,242253,86,spotify:user:vgglgrgd5yr0bc5oyi3zaoybt,2021-07-13T00:43:36Z,"canadian contemporary r&b,canadian pop,pop",0.585,0.564,0,-7.063,0,0.0515,0.0671,0,0.135,0.137,113.003,4
1iSqfoUFnQwV0QW1EfUit8,"1cNDP5yjU5vjeR8qMf4grg","Suicidal","Melly vs. Melvin","YNW Melly",2019-11-22,222997,74,spotify:user:vgglgrgd5yr0bc5oyi3zaoybt,2021-07-13T00:43:41Z,"melodic rap,trap",0.735,0.369,9,-9.682,0,0.0688,0.334,0,0.126,0.235,140.004,4
3H1luLstvezjVxNGrBcqdW,"5zbaiaCFyt0x6F3brcSmrO","You'll Get Over It","It's You","Drew Kent",2020-11-06,216143,12,spotify:user:vgglgrgd5yr0bc5oyi3zaoybt,2021-07-13T00:43:47Z,"",0.827,0.388,6,-10.828,1,0.133,0.358,0.801,0.104,0.453,163.98,4
3F42FHouOY59SnSsyD2TAX,"2kCcBybjl3SAtIcwdWpUe3","U Said","Come Over When You're Sober, Pt. 1","Lil Peep",2017-08-15,224053,59,spotify:user:vgglgrgd5yr0bc5oyi3zaoybt,2021-07-13T00:43:55Z,"emo rap,lgbtq+ hip hop",0.265,0.827,7,-4.661,1,0.104,0.0434,0,0.117,0.131,82.021,4
6QFCMUUq1T2Vf5sFUXcuQ7,"1uNFoZAHBGtllmzznpCI3s,0hCNtLu0JehylgoiP8L4Gh","Beauty And A Beat","Believe","Justin Bieber,Nicki Minaj",2012-01-01,227986,72,spotify:user:vgglgrgd5yr0bc5oyi3zaoybt,2021-07-13T00:44:01Z,"canadian pop,pop,dance pop,hip pop,queens hip hop,rap",0.601,0.843,0,-4.87,1,0.0593,0.000704,0.0000527,0.0681,0.534,128.002,4
2hZWz5WbF2bTBhPTpNXeLl,"1ZwdS5xdxEREPySFridCfh,4hSGrfIm5xRloHXESKxrFd","Ratha Be Ya N____ (ft. Richie Rich)","All Eyez On Me","2Pac,Richie Rich",1996,253973,0,spotify:user:vgglgrgd5yr0bc5oyi3zaoybt,2021-07-13T00:44:05Z,"g funk,gangster rap,hip hop,rap,west coast rap,hyphy,oakland hip hop,west coast trap",0.733,0.558,11,-5.56,0,0.278,0.204,0,0.695,0.566,84.577,4
4oT5k8Fwcc32vft60fxp9G,"0gb2lYBf4MTCUlqoAmDTX4,4kBWBk4h0YnHA1tNzXNiU8","Whip out the Stick","Pyt Ny the EP","PYT. NY,Young Ant",2020-04-27,156000,39,spotify:user:vgglgrgd5yr0bc5oyi3zaoybt,2021-07-13T00:44:09Z,"",0.883,0.753,4,-6.254,1,0.359,0.0502,0,0.0643,0.799,136.132,4
7CU6hXbTiAoo8zgkxxM7VL,"2MJLDXe5MaU4v11KLWXR9J","teen romance","teen romance","nbmusic",2018-03-14,154871,0,spotify:user:vgglgrgd5yr0bc5oyi3zaoybt,2021-07-13T00:44:12Z,"",0.658,0.412,8,-10.216,1,0.0431,0.0357,0.125,0.573,0.121,116.982,4
0z0ZTs5iDCyNFZU7DI29lQ,"7B4hKK0S9QYnaoqa9OuwgX","Boyz-N-The Hood","Straight Outta Compton (Music From The Motion Picture)","Eazy-E",2016-01-08,337134,40,spotify:user:vgglgrgd5yr0bc5oyi3zaoybt,2021-07-13T00:44:17Z,"g funk,gangster rap,hardcore hip hop,hip hop,rap,west coast rap",0.79,0.467,1,-9.815,1,0.281,0.0195,0,0.352,0.671,87.83,4
1xzBco0xcoJEDXktl7Jxrr,"2RDOrhPqAM4jzTRCEb19qX","Mo Bamba","MUDBOY","Sheck Wes",2018-10-05,183906,77,spotify:user:vgglgrgd5yr0bc5oyi3zaoybt,2021-07-13T00:44:24Z,"rap,trap,underground hip hop,vapor trap",0.729,0.625,4,-5.266,1,0.0315,0.194,0.00986,0.248,0.261,146.034,4
77UjLW8j5UAGAGVGhR5oUK,"1Xyo4u8uXC1ZmMpatF05PJ,2YZyLoL8N0Wb9xBt1NhZWg","Pray For Me (with Kendrick Lamar)","Black Panther The Album Music From And Inspired By","The Weeknd,Kendrick Lamar",2018-02-09,211440,73,spotify:user:vgglgrgd5yr0bc5oyi3zaoybt,2021-07-13T00:44:35Z,"canadian contemporary r&b,canadian pop,pop,conscious hip hop,hip hop,rap,west coast rap",0.735,0.677,2,-4.979,1,0.093,0.0762,0.0000217,0.111,0.188,100.584,4
6I9VzXrHxO9rA9A5euc8Ak,"26dSoYclwsYLMAKD3tpOr4","Toxic","In The Zone","Britney Spears",2003-11-13,198800,81,spotify:user:vgglgrgd5yr0bc5oyi3zaoybt,2021-07-13T00:45:06Z,"dance pop,pop",0.774,0.838,5,-3.914,0,0.114,0.0249,0.025,0.242,0.924,143.04,4
6Zo3wgDE076K2AuiGZF3CS,"0TnOYISbd1XYRBk9myaseg,7bXgB6jMjp9ATFy66eO08Z","Fun (feat. Chris Brown)","Globalization","핏불,Chris Brown",2014-11-21,202306,60,spotify:user:vgglgrgd5yr0bc5oyi3zaoybt,2021-07-13T00:45:16Z,"dance pop,miami hip hop,pop,pop rap,r&b",0.793,0.774,0,-3.667,0,0.0478,0.156,0,0.193,0.547,113.967,4
32OlwWuMpZ6b0aN2RZOeMS,"3hv9jJF3adDNsBSIQDqcjp,0du5cEVh5yTK9QJze8zA0C","Uptown Funk (feat. Bruno Mars)","Uptown Special","Mark Ronson,Bruno Mars",2015-01-12,269666,82,spotify:user:vgglgrgd5yr0bc5oyi3zaoybt,2021-07-13T00:45:21Z,"dance pop,pop",0.856,0.609,0,-7.223,1,0.0824,0.00801,0.0000815,0.0344,0.928,114.988,4
6LdeRZP1UPgdYhY2Bx1TZ7,"0sVXLjw132LwEoGsSlBbQm","Hollaback Girl","Cheering Mix 2012 - Songs for Cheerleading","The Cheer Squad",2012-03-06,200000,40,spotify:user:vgglgrgd5yr0bc5oyi3zaoybt,2021-07-13T00:46:01Z,"",0.901,0.795,1,-3.789,1,0.0429,0.453,0.00000265,0.0199,0.746,110.022,4
4wH4dJgrsxONID6KS2tDQM,"2jw70GZXlAI8QzWeY2bgRc","Maneater","Loose","Nelly Furtado",2006-01-01,258893,80,spotify:user:vgglgrgd5yr0bc5oyi3zaoybt,2021-07-13T00:46:07Z,"canadian latin,canadian pop,dance pop,pop,pop rap",0.796,0.777,6,-4.81,1,0.0397,0.0261,0.000358,0.121,0.787,132.722,4
2aI21FnmY7TJVKeMaoQZ0t,"2jw70GZXlAI8QzWeY2bgRc","Say It Right","Loose","Nelly Furtado",2006-01-01,223080,79,spotify:user:vgglgrgd5yr0bc5oyi3zaoybt,2021-07-13T00:46:10Z,"canadian latin,canadian pop,dance pop,pop,pop rap",0.872,0.872,1,-6.328,1,0.139,0.0476,0.00112,0.0543,0.809,116.948,4
3pYDZTJM2tVBUhIRifWVzI,"6LqNN22kT3074XbTVUrhzX","Blow","Cannibal (Expanded Edition)","Kesha",2010-11-19,219973,68,spotify:user:vgglgrgd5yr0bc5oyi3zaoybt,2021-07-13T00:46:14Z,"dance pop,pop,post-teen pop",0.753,0.729,11,-3.862,0,0.0392,0.00334,0.0000566,0.073,0.812,120.013,4
1Q4yyZamrO2dlyT2lle5Q4,"1Y8cdNmUJH7yBTd9yOvr5i","Bills, Bills, Bills (Official Video) - #1's Edit","#1's","Destiny's Child",2005-10-25,224680,25,spotify:user:vgglgrgd5yr0bc5oyi3zaoybt,2021-07-13T00:46:20Z,"dance pop,girl group,hip pop,pop,r&b,urban contemporary",0.848,0.609,11,-4.539,0,0.12,0.147,0,0.0732,0.488,127.765,4
2jATUzETZL49e6SywauZKE,"0hCNtLu0JehylgoiP8L4Gh","Va Va Voom","Pink Friday ... Roman Reloaded (Deluxe)","Nicki Minaj",2012-01-01,183560,65,spotify:user:vgglgrgd5yr0bc5oyi3zaoybt,2021-07-13T00:46:29Z,"dance pop,hip pop,pop,queens hip hop,rap",0.648,0.836,8,-3.394,1,0.0316,0.0625,0.00995,0.202,0.705,126.889,4
2qsQ8eVDPmobZpvDxQCVQu,"0hCNtLu0JehylgoiP8L4Gh","Barbie Tingz","Barbie Tingz","Nicki Minaj",2018-04-12,191699,65,spotify:user:vgglgrgd5yr0bc5oyi3zaoybt,2021-07-13T00:46:39Z,"dance pop,hip pop,pop,queens hip hop,rap",0.917,0.679,6,-6.083,1,0.266,0.0867,0,0.588,0.453,102.449,4
6hbg57wH6SyIDnPzwLeeXc,"181bsRPaVXVlUKXrxwZfHK","Sex Talk","Fever","Megan Thee Stallion",2019-05-17,131209,60,spotify:user:vgglgrgd5yr0bc5oyi3zaoybt,2021-07-13T00:46:44Z,"dance pop,houston rap,pop,rap,trap queen",0.906,0.763,0,-6.322,1,0.398,0.147,0,0.107,0.58,139.961,4
12PTcAICWwVIkyDDbKERKD,"5hPcCMWgf6Qu9vUQVySwcY","Elastic","Elastic","Bali Baby",2017-10-10,104594,42,spotify:user:vgglgrgd5yr0bc5oyi3zaoybt,2021-07-13T00:46:52Z,"escape room,trap queen",0.759,0.864,7,-6.245,1,0.0973,0.000626,0.000403,0.206,0.669,109.964,4
1TMWcbxL5YF8rKsFHv5hAP,"5cj0lLjcoR7YOSnhnX0Po5","Rules","Hot Pink","Doja Cat",2019-11-07,187040,75,spotify:user:vgglgrgd5yr0bc5oyi3zaoybt,2021-07-13T00:47:01Z,"dance pop,pop",0.651,0.724,7,-5.457,1,0.166,0.172,0,0.13,0.686,144.146,4
53yWQ1FObrwPlVYCZdR6es,"0POkErJcpuhWNnCXAhgJoZ","Liar","Liar","BigKlit",2019-07-23,146526,48,spotify:user:vgglgrgd5yr0bc5oyi3zaoybt,2021-07-13T00:47:07Z,"escape room,viral rap",0.883,0.492,7,-12.118,1,0.354,0.339,0,0.166,0.59,94.959,4
6g0Orsxv6glTJCt4cHsRsQ,"6vWDO969PvNqNYHIOW5v0m","Formation","Lemonade","Beyoncé",2016-04-23,206080,71,spotify:user:vgglgrgd5yr0bc5oyi3zaoybt,2021-07-13T00:47:10Z,"dance pop,pop,r&b",0.896,0.621,5,-6.857,0,0.237,0.00532,0,0.196,0.818,121.966,4
5hgnY0mVcVetszbb85qeDg,"6vWDO969PvNqNYHIOW5v0m","Partition","BEYONCÉ [Platinum Edition]","Beyoncé",2014-11-24,319466,70,spotify:user:vgglgrgd5yr0bc5oyi3zaoybt,2021-07-13T00:47:22Z,"dance pop,pop,r&b",0.418,0.441,11,-11.522,0,0.283,0.029,0.0707,0.306,0.172,175.928,4
0FZ4Dmg8jJJAPJnvBIzD9z,"46SHBwWsqBkxI7EeeBEQG7,4DdkRBBYG6Yk9Ka8tdJ9BW,0Y5tJX1MQlPlqiwlOH1tJY","ZEZE (feat. Travis Scott & Offset)","Dying to Live","Kodak Black,Offset,Travis Scott",2018-12-14,228759,76,spotify:user:vgglgrgd5yr0bc5oyi3zaoybt,2021-07-13T00:47:27Z,"florida rap,hip hop,melodic rap,miami hip hop,rap,trap,atl hip hop,pop rap,southern hip hop,slap house",0.861,0.603,8,-5.788,0,0.176,0.0521,0,0.0924,0.504,98.043,4
7sO5G9EABYOXQKNPNiE9NR,"4DdkRBBYG6Yk9Ka8tdJ9BW,0iEtIxbK0KxaSlF7G42ZOp","Ric Flair Drip (with Metro Boomin)","Without Warning","Offset,Metro Boomin",2017-10-30,172800,82,spotify:user:vgglgrgd5yr0bc5oyi3zaoybt,2021-07-13T00:47:33Z,"atl hip hop,hip hop,pop rap,rap,southern hip hop,trap",0.88,0.428,9,-8.28,1,0.206,0.149,0.0000505,0.114,0.333,100.007,4
51rXHuKN8Loc4sUlKPODgH,"28ExwzUQsvgJooOI0X1mr3,2YZyLoL8N0Wb9xBt1NhZWg,1RyvyyTE3xzB2ZywiAwp0i,53KwLdlmrlCelAZMaLVZqU","King's Dead (with Kendrick Lamar, Future & James Blake)","King's Dead (with Kendrick Lamar, Future & James Blake)","Jay Rock,Kendrick Lamar,Future,James Blake",2018-01-12,229670,70,spotify:user:vgglgrgd5yr0bc5oyi3zaoybt,2021-07-13T00:47:41Z,"conscious hip hop,gangster rap,hip hop,pop rap,rap,southern hip hop,trap,underground hip hop,west coast rap,atl hip hop,electronica,indie soul,uk alternative pop",0.645,0.705,1,-5.008,1,0.299,0.000813,0,0.128,0.376,137.133,4
500l6Cwe40hkPqS7Sf7ufY,"699OTQXzgjhIYAHMy9RyPD","Foreign","Die Lit","Playboi Carti",2018-05-11,142893,71,spotify:user:vgglgrgd5yr0bc5oyi3zaoybt,2021-07-13T00:47:48Z,"atl hip hop,plugg,pluggnb,rap",0.762,0.705,6,-5.195,0,0.164,0.0906,0,0.17,0.264,122.955,4
0WKYRFtH6KKbaNWjsxqm70,"7hJcb9fa4alzcOq3EaNPoG,5Jz9kKRnCRLTodCH58MyB4","Gin And Juice (feat. Dat Nigga Daz)","Doggystyle","Snoop Dogg,Daz Dillinger",1993,211493,2,spotify:user:vgglgrgd5yr0bc5oyi3zaoybt,2021-07-13T00:47:53Z,"g funk,gangster rap,hip hop,pop rap,rap,west coast rap",0.549,0.853,7,-4.293,1,0.188,0.0285,0.000296,0.618,0.346,94.695,4
6KIKRz9eSTXdNsGUnomdtW,"4EnEZVjo3w1cwcQYePccay","Straight Outta Compton","Straight Outta Compton","N.W.A.",1988-08-08,258687,71,spotify:user:vgglgrgd5yr0bc5oyi3zaoybt,2021-07-13T00:47:57Z,"conscious hip hop,gangster rap,golden age hip hop,hardcore hip hop,hip hop,old school hip hop,rap,west coast rap",0.834,0.878,8,-9.484,1,0.15,0.0461,0,0.334,0.418,102.848,4
0vAb3U3NJhiuib2B7sJdeJ,"0p5axeJsbtTCXBrRVoKjwu","Money","Portamento","The Drums",2011-09-06,233655,61,spotify:user:vgglgrgd5yr0bc5oyi3zaoybt,2021-07-13T00:48:02Z,"brooklyn indie,indie rock,indie surf",0.603,0.918,4,-6.652,0,0.0641,0.216,0.146,0.287,0.452,102.473,4
6SRsiMl7w1USE4mFqrOhHC,"1McMsnEElThX1knmY4oliG","brutal","SOUR","Olivia Rodrigo",2021-05-21,143746,79,spotify:user:vgglgrgd5yr0bc5oyi3zaoybt,2021-07-13T00:48:11Z,"pop",0.672,0.526,4,-6.446,1,0.0599,0.0311,0.00000137,0.28,0.28,123.999,4
0HUTL8i4y4MiGCPId7M7wb,"1gl0S9pS0Zw0qfa14rDD3D","Freaks","Buds","Surf Curse",2015-05-10,147036,0,spotify:user:vgglgrgd5yr0bc5oyi3zaoybt,2021-07-13T00:48:16Z,"dreamo,indie surf,surf punk,vegas indie",0.346,0.944,9,-9.874,1,0.0485,0.0000416,0.565,0.0546,0.403,179.63,4
4VrWlk8IQxevMvERoX08iC,"5WUlDfRSoLAfcVSX1WnrxN","Chandelier","1000 Forms Of Fear","Sia",2014-07-04,216120,79,spotify:user:vgglgrgd5yr0bc5oyi3zaoybt,2021-07-13T00:48:21Z,"australian dance,australian pop,dance pop,pop",0.399,0.787,1,-2.88,1,0.0499,0.0197,0.0000607,0.0685,0.572,117.089,5
18vVJsD68uh386vlZWwO3d,"0GWCNkPi54upO9WLlwjAHd","Worldwide","BTR","Big Time Rush",2010-10-11,224333,56,spotify:user:vgglgrgd5yr0bc5oyi3zaoybt,2021-07-13T00:48:25Z,"boy band,dance pop,pop,post-teen pop",0.531,0.771,4,-6.162,1,0.0468,0.0735,0,0.17,0.617,159.973,4
4mGJcOKQhmISIWgQ3xCiLB,"0GWCNkPi54upO9WLlwjAHd","Til I Forget About You","BTR","Big Time Rush",2010-10-11,237946,54,spotify:user:vgglgrgd5yr0bc5oyi3zaoybt,2021-07-13T00:48:28Z,"boy band,dance pop,pop,post-teen pop",0.568,0.865,5,-3.653,1,0.0486,0.00632,0,0.158,0.55,122.014,4
37jTPJgwCCmIGMPB45jrPV,"3nFkdlSjzX9mRTtwJOzDYB,31TPClRtHm23RisEBtV3X7","Holy Grail","Magna Carta... Holy Grail","JAY-Z,Justin Timberlake",2013-07-04,338413,63,spotify:user:vgglgrgd5yr0bc5oyi3zaoybt,2021-07-13T00:48:39Z,"east coast hip hop,hip hop,rap,dance pop,pop",0.676,0.534,2,-6.901,0,0.0831,0.0594,0.00000859,0.256,0.156,145.082,4
2tznHmp70DxMyr2XhWLOW0,"26T3LtbuGT1Fu9m0eRq5X3","Cigarette Daydreams","Melophobia","Cage The Elephant",2013-10-08,208760,77,spotify:user:vgglgrgd5yr0bc5oyi3zaoybt,2021-07-13T00:48:43Z,"modern rock,punk blues,rock",0.636,0.676,2,-3.442,1,0.0263,0.0807,0,0.0831,0.273,113.98,4
0sQLhT32E9ZG2zn5iYR6nN,"4TH4BHy0LdBi3dpBW4P2UX,4bYPcJP5jwMhSivRcqie2n","Locked Away (feat. Adam Levine)","Locked Away (feat. Adam Levine)","R. City,애덤 리바인",2015-06-29,227280,61,spotify:user:vgglgrgd5yr0bc5oyi3zaoybt,2021-07-13T00:48:49Z,"reggae fusion,virgin islands reggae,deep talent show",0.508,0.677,1,-5.696,1,0.0656,0.328,0,0.0491,0.575,121.928,5
0A1hoCfMLkiAgvhWkkucJa,"181bsRPaVXVlUKXrxwZfHK","Body","Good News","Megan Thee Stallion",2020-11-20,171067,71,spotify:user:vgglgrgd5yr0bc5oyi3zaoybt,2021-07-13T00:48:53Z,"dance pop,houston rap,pop,rap,trap queen",0.914,0.732,8,-6.1,0,0.241,0.0166,0,0.107,0.469,94.066,4
20zQZVyUNPbq8kZACdgYrh,"2DlGxzQSjYe5N6G9nkYghR,0TnOYISbd1XYRBk9myaseg","On The Floor","LOVE?","Jennifer Lopez,핏불",2011-01-01,284866,60,spotify:user:vgglgrgd5yr0bc5oyi3zaoybt,2021-07-13T00:48:57Z,"dance pop,pop,pop rap,urban contemporary,miami hip hop",0.73,0.777,3,-5.199,0,0.0479,0.108,0.000467,0.069,0.591,130,4
41Fflg7qHiVOD6dEPvsCzO,"1l8Fu6IkuTP0U5QetQJ5Xt,6KZDXtSj0SzGOV705nNeh3","Worth It (feat. Kid Ink)","Reflection (Deluxe)","Fifth Harmony,Kid Ink",2015-01-30,224573,73,spotify:user:vgglgrgd5yr0bc5oyi3zaoybt,2021-07-13T00:49:06Z,"dance pop,girl group,pop,post-teen pop,talent show,hip hop,pop rap,rap,southern hip hop,trap",0.884,0.765,8,-3.865,1,0.0882,0.063,0.00000704,0.118,0.594,99.987,4
0UtnpKaReKUg2GquaSxCyD,"2YZyLoL8N0Wb9xBt1NhZWg,28ExwzUQsvgJooOI0X1mr3","Money Trees","good kid, m.A.A.d city (Deluxe)","Kendrick Lamar,Jay Rock",2012-10-22,386906,75,spotify:user:vgglgrgd5yr0bc5oyi3zaoybt,2021-07-13T00:49:12Z,"conscious hip hop,hip hop,rap,west coast rap,gangster rap,pop rap,southern hip hop,trap,underground hip hop",0.716,0.531,7,-7.355,1,0.122,0.0703,0,0.224,0.344,71.994,4
6WbTTAGKrQtCQvmc5BuYfh,"181bsRPaVXVlUKXrxwZfHK","Girls in the Hood","Girls in the Hood","Megan Thee Stallion",2020-06-26,154323,65,spotify:user:vgglgrgd5yr0bc5oyi3zaoybt,2021-07-13T00:49:16Z,"dance pop,houston rap,pop,rap,trap queen",0.821,0.863,6,-3.159,1,0.353,0.00824,0,0.0377,0.874,180.013,4
5EzL7hGT9g2Tvqsy158Lu9,"37hAfseJWi0G3Scife12Il,5cj0lLjcoR7YOSnhnX0Po5","Pussy Talk","City On Lock","City Girls,Doja Cat",2020-06-20,218332,64,spotify:user:vgglgrgd5yr0bc5oyi3zaoybt,2021-07-13T00:49:20Z,"dance pop,pop,r&b,rap,scam rap,trap queen",0.943,0.641,1,-5.598,1,0.191,0.0016,0,0.211,0.242,99.099,4
1Zv2jT7iZu98Feqpzhn0nd,"7sPFCTilT1dZsqcDXzOiQf","(i hope you) miss me","(i hope you) miss me","Joseph Black",2020-02-14,159170,57,spotify:user:vgglgrgd5yr0bc5oyi3zaoybt,2021-07-13T00:49:24Z,"viral rap",0.734,0.596,6,-10.023,0,0.324,0.118,0,0.107,0.317,98.024,4
5rZlwNFl01HqLWBQGryKSm,"0eDvMgVFoNV3TpwtrVCoTj,6jGMq4yGs7aQzuGsMgVgZR","Mood Swings (feat. Lil Tjay)","Shoot For The Stars Aim For The Moon","Pop Smoke,Lil Tjay",2020-07-03,213333,78,spotify:user:vgglgrgd5yr0bc5oyi3zaoybt,2021-07-13T00:49:27Z,"brooklyn drill,melodic rap,nyc rap",0.48,0.602,10,-6.335,0,0.368,0.487,0,0.0848,0.269,179.798,4
4CMrdHWqic0usIZfTrKoI3,"0XIKGBo9PnK1ApI5tZA60d,7bXgB6jMjp9ATFy66eO08Z","Easy","Easy (Remix)","DaniLeigh,Chris Brown",2019-05-31,186586,73,spotify:user:vgglgrgd5yr0bc5oyi3zaoybt,2021-07-13T00:49:36Z,"pop,pop r&b,pop rap,post-teen pop,r&b,rap,rap latina,urban contemporary,dance pop",0.799,0.301,7,-11.361,1,0.185,0.195,0,0.0816,0.511,100.026,4
0ZNrc4kNeQYD9koZ3KvCsy,"0A0FS04o6zMoto8OKPsDwY,17lzZA2AlOHwCwFALHttmp,0c173mlxpT3dSFRgMO8XPh,0hCNtLu0JehylgoiP8L4Gh","BIG BANK (feat. 2 Chainz, Big Sean, Nicki Minaj)","STAY DANGEROUS","YG,2 Chainz,Big Sean,Nicki Minaj",2018-08-03,237240,66,spotify:user:vgglgrgd5yr0bc5oyi3zaoybt,2021-07-13T00:49:39Z,"cali rap,gangster rap,hip hop,pop rap,rap,southern hip hop,trap,atl hip hop,detroit hip hop,pop,r&b,dance pop,hip pop,queens hip hop",0.745,0.346,1,-7.709,1,0.331,0.00552,0,0.0881,0.112,203.911,4
5raTDhlbxFDnpn89bxArdH,"4O15NlyKLIASxsJ0PrXPfz,5XmuuM2C6t4HSPa3FSuU3h","That Way","That Way","Lil Uzi Vert,WanMor",2020-03-01,212354,61,spotify:user:vgglgrgd5yr0bc5oyi3zaoybt,2021-07-13T00:49:44Z,"melodic rap,philly rap,rap,trap",0.719,0.611,7,-5.01,0,0.0403,0.0582,0,0.155,0.489,129.962,4
2LBqCSwhJGcFQeTHMVGwy3,"1Xyo4u8uXC1ZmMpatF05PJ","Die For You","Starboy","The Weeknd",2016-11-24,260253,87,spotify:user:vgglgrgd5yr0bc5oyi3zaoybt,2021-07-13T00:50:03Z,"canadian contemporary r&b,canadian pop,pop",0.586,0.525,1,-7.163,0,0.0615,0.111,0,0.134,0.508,133.629,4
1QL7nSDZCwZMnbisV4KOXt,"3rWZHrfrsPBxVy692yAIxF,4exLIFE8sISLr28sqG1qNX","t r a n s p a r e n t s o u l feat. Travis Barker","t r a n s p a r e n t s o u l feat. Travis Barker","WILLOW,Travis Barker",2021-04-27,168030,67,spotify:user:vgglgrgd5yr0bc5oyi3zaoybt,2021-07-13T00:50:07Z,"afrofuturism,pop,post-teen pop,rap rock",0.39,0.83,11,-5.201,0,0.0563,0.0021,0,0.156,0.191,90.021,4
2P3SLxeQHPqh8qKB6gtJY2,"2YZyLoL8N0Wb9xBt1NhZWg,3TVXtAsR1Inumwj472S9r4","Poetic Justice","good kid, m.A.A.d city (Deluxe)","Kendrick Lamar,Drake",2012,300160,72,spotify:user:vgglgrgd5yr0bc5oyi3zaoybt,2021-07-13T00:50:13Z,"conscious hip hop,hip hop,rap,west coast rap,canadian hip hop,canadian pop,toronto rap",0.779,0.572,6,-9.985,0,0.378,0.157,0,0.246,0.647,135.956,4
4Ys8jQvZOISzmp34BsImRf,"2uYWxilOVlUdk4oV9DvwqK","Washing Machine Heart","Be the Cowboy","Mitski",2018-08-17,128198,0,spotify:user:vgglgrgd5yr0bc5oyi3zaoybt,2021-07-13T00:51:00Z,"brooklyn indie,pop",0.617,0.821,9,-4.085,1,0.026,0.00999,0.494,0.426,0.581,106,4
7H0ya83CMmgFcOhw0UB6ow,"56ZTgzPBDge0OvCGgMO3OY","Space Song","Depression Cherry","Beach House",2015-08-28,320466,79,spotify:user:vgglgrgd5yr0bc5oyi3zaoybt,2021-07-13T11:58:41Z,"baltimore indie,dream pop,dreamo,modern dream pop",0.508,0.792,0,-7.311,0,0.0297,0.229,0.124,0.145,0.601,147.067,4
6LxcPUqx6noURdA5qc4BAT,"1r1uxoy19fzMxunt3ONAkG","Motion Sickness","Stranger in the Alps","Phoebe Bridgers",2017-09-22,229760,0,spotify:user:vgglgrgd5yr0bc5oyi3zaoybt,2021-07-13T14:48:21Z,"indie pop,la indie",0.652,0.545,1,-9.021,1,0.0358,0.774,0.0428,0.0847,0.626,107.019,4
3CX3WMBg6lzWk72bYL29vP,"23zg3TcAtWQy7J6upgbUnj","Good Kisser","Good Kisser","Usher",2014-05-05,249626,57,spotify:user:vgglgrgd5yr0bc5oyi3zaoybt,2021-07-13T15:14:12Z,"atl hip hop,contemporary r&b,dance pop,pop,r&b,south carolina hip hop,urban contemporary",0.64,0.782,5,-4.177,0,0.189,0.379,0,0.109,0.825,97.516,4
4X5f3vT8MRuXF68pfjNte5,"13ubrt8QOOCPljQ2FL1Kca,3TVXtAsR1Inumwj472S9r4,17lzZA2AlOHwCwFALHttmp,2YZyLoL8N0Wb9xBt1NhZWg","F**kin' Problems (feat. Drake, 2 Chainz & Kendrick Lamar)","LONG.LIVE.A$AP (Deluxe Version)","A$AP Rocky,Drake,2 Chainz,Kendrick Lamar",2013,233786,75,spotify:user:vgglgrgd5yr0bc5oyi3zaoybt,2021-07-14T12:17:23Z,"east coast hip hop,hip hop,rap,canadian hip hop,canadian pop,toronto rap,atl hip hop,gangster rap,pop rap,southern hip hop,trap,conscious hip hop,west coast rap",0.853,0.693,1,-6.87,1,0.275,0.0239,0,0.11,0.662,95.967,4
6REbwUNlppTfcnV4d4ZoZi,"2YZyLoL8N0Wb9xBt1NhZWg","Swimming Pools (Drank)","Swimming Pools (Drank)","Kendrick Lamar",2012-01-01,247800,77,spotify:user:vgglgrgd5yr0bc5oyi3zaoybt,2021-07-14T12:17:32Z,"conscious hip hop,hip hop,rap,west coast rap",0.577,0.447,8,-5.892,1,0.277,0.00627,0.00022,0.0899,0.189,74.236,4
6EOKwO6WaLal58MSsi6U4W,"3WrFJ7ztbogyGnTHbHJFl2","Eleanor Rigby","Yellow Submarine Songtrack","The Beatles",2014-01-01,125226,66,spotify:user:vgglgrgd5yr0bc5oyi3zaoybt,2021-07-15T22:56:41Z,"beatlesque,british invasion,classic rock,merseybeat,psychedelic rock,rock",0.521,0.301,4,-7.118,0,0.0356,0.836,0,0.398,0.621,137.382,4
1Ac5BDsGUMQ3tsW2vnc52x,"2uYWxilOVlUdk4oV9DvwqK","First Love / Late Spring","Bury Me At Makeout Creek","Mitski",2014-11-11,278640,0,spotify:user:vgglgrgd5yr0bc5oyi3zaoybt,2021-07-15T23:34:57Z,"brooklyn indie,pop",0.443,0.545,0,-8.196,1,0.0273,0.000813,0.0137,0.202,0.104,99.914,4
0xD23i0X1WjqMSYIxRfO80,"77SW9BnxLY8rJ0RciFqkHh","Unfair","#000000 & #FFFFFF","The Neighbourhood",2014-11-28,146866,71,spotify:user:vgglgrgd5yr0bc5oyi3zaoybt,2021-07-16T01:16:59Z,"modern alternative rock,modern rock,pop,shimmer pop",0.477,0.572,8,-7.328,1,0.0319,0.00708,0.784,0.144,0.0414,194.033,4
1BpKJw4RZxaFB88NE5uxXf,"699OTQXzgjhIYAHMy9RyPD","ILoveUIHateU","Whole Lotta Red","Playboi Carti",2020-12-25,135122,76,spotify:user:vgglgrgd5yr0bc5oyi3zaoybt,2021-07-21T12:23:58Z,"atl hip hop,plugg,pluggnb,rap",0.684,0.693,4,-6.651,0,0.0339,0.00534,0,0.506,0.108,134.988,4
7rbalRuIx7sIXFHYTphE0n,"699OTQXzgjhIYAHMy9RyPD","Die4Guy","Whole Lotta Red","Playboi Carti",2020-12-25,131248,61,spotify:user:vgglgrgd5yr0bc5oyi3zaoybt,2021-07-21T12:24:04Z,"atl hip hop,plugg,pluggnb,rap",0.759,0.67,1,-5.188,0,0.0589,0.00471,0,0.0889,0.418,148.938,4
1YakuHfzKxjnseCEeVQtrY,"4qBgvVog0wzW75IQ48mU7v","Don't Wanna Fall In Love","Smyle (Extended)","KYLE",2015-10-02,232368,72,spotify:user:vgglgrgd5yr0bc5oyi3zaoybt,2021-07-24T01:21:36Z,"pop,pop rap,rap,viral rap",0.486,0.616,0,-6.9,1,0.277,0.0149,0,0.356,0.601,132.151,4
2OPxM2L3KtuehqY24vTMGs,"46SHBwWsqBkxI7EeeBEQG7,3jksrX4oBklxR78ft8gv3j","Heart Mind","FEMA (Finesse Elevate Motivate Achieve)","Kodak Black,Plies",2017-10-31,203840,71,spotify:user:vgglgrgd5yr0bc5oyi3zaoybt,2021-07-24T01:21:41Z,"florida rap,hip hop,melodic rap,miami hip hop,rap,trap,dirty south rap,gangster rap,pop rap,southern hip hop,urban contemporary",0.921,0.641,1,-6.491,1,0.166,0.0274,0,0.0645,0.828,144.986,4
4wpYhmLPVaPiSGLZmgPoW0,"4cKveAV460eVfkuTgtcVtP,4d4uKzJbNKfThbDdi1l0Nr","Tooka","Tooka","GirlzLuhDev,DACHINC",2020-09-22,187245,50,spotify:user:vgglgrgd5yr0bc5oyi3zaoybt,2021-07-24T01:21:46Z,"cali rap",0.82,0.555,0,-7.114,1,0.152,0.348,0,0.121,0.554,103.039,4
6EtKlIQmGPB9SX8UjDJG5s,"2feDdbD5araYcm6JhFHHw7","Formula","Euphoria (Original Score from the HBO Series)","Labrinth",2019-10-04,91869,83,spotify:user:vgglgrgd5yr0bc5oyi3zaoybt,2021-07-24T01:22:08Z,"indie poptimism,pop",0.574,0.664,11,-6.068,1,0.0409,0.0448,0.0553,0.146,0.226,144.654,4
6potEImiklXkwD9qFzpu15,"2feDdbD5araYcm6JhFHHw7","Forever","Euphoria (Original Score from the HBO Series)","Labrinth",2019-10-04,202536,74,spotify:user:vgglgrgd5yr0bc5oyi3zaoybt,2021-07-24T01:22:15Z,"indie poptimism,pop",0.563,0.459,4,-7.781,0,0.0292,0.92,0.724,0.11,0.197,79.983,4
45sDIKapDyxPl307QpEAwl,"698hF4vcwHwPy8ltmXermq,4we5S2VLjgY9KzIzApL1KI,5JOIrGvup0vD5VjodB62Ui","Rocketeer","Free Wired","Far East Movement,Ryan Tedder,Ruff Loaderz",2010-01-01,211253,68,spotify:user:vgglgrgd5yr0bc5oyi3zaoybt,2021-07-24T01:22:28Z,"asian american hip hop,dance pop,edm,pop rap",0.664,0.845,4,-6.115,0,0.0461,0.181,0,0.267,0.357,96.005,4
1oTHteQbmJw15rPxPVXUTv,"4P0dddbxPil35MNN9G2MEX","Insane in the Brain","Black Sunday","Cypress Hill",1993-07-20,208266,73,spotify:user:vgglgrgd5yr0bc5oyi3zaoybt,2021-07-24T01:22:49Z,"chicano rap,gangster rap,hardcore hip hop,hip hop,rap,rap rock,west coast rap",0.897,0.611,11,-10.489,1,0.211,0.0291,0.186,0.0894,0.769,102.304,4
7FAeGZj6pT6X2X8EboCKwj,"6UXdw3AJt6S6ri0IGsqquQ","Middy Tiddy","Middy Tiddy","Paulie Leparik",2018-04-04,94638,50,spotify:user:vgglgrgd5yr0bc5oyi3zaoybt,2021-07-24T01:22:57Z,"weirdcore",0.576,0.642,3,-4.987,1,0.0357,0.0679,0.828,0.47,0.809,131.927,4
5fO4ybFbomoSWPB3n2d6pe,"5yPzzu25VzEk8qrGTLIrE1","Hell Shell","Nudy Land","Young Nudy",2017-09-13,162526,70,spotify:user:vgglgrgd5yr0bc5oyi3zaoybt,2021-07-24T01:23:19Z,"hip hop,pluggnb,rap,trap,vapor trap,viral rap",0.853,0.514,0,-5.445,0,0.246,0.000909,0.0222,0.185,0.679,129.963,4
3Vi5XqYrmQgOYBajMWSvCi,"5cj0lLjcoR7YOSnhnX0Po5","Need to Know","Planet Her","Doja Cat",2021-06-25,210560,82,spotify:user:vgglgrgd5yr0bc5oyi3zaoybt,2021-07-24T01:23:36Z,"dance pop,pop",0.664,0.609,1,-6.509,1,0.0707,0.304,0,0.0926,0.194,130.041,4
1tiYiTDSrtOTVVg0cym5S1,"70uBplYS9d9GUfEKVusJw6","Flashbacks (Slowed)","Flashbacks (Slowed)","CRASPORE",2021-06-09,402952,19,spotify:user:vgglgrgd5yr0bc5oyi3zaoybt,2021-07-24T01:23:46Z,"russian electronic,russian witch house",0.728,0.794,11,-5.852,0,0.0257,0.000779,0.822,0.12,0.0911,112.017,4
5lAnYvAIkSDNXqfo7DyFUm,"5cj0lLjcoR7YOSnhnX0Po5","Ain't Shit","Planet Her","Doja Cat",2021-06-25,174253,78,spotify:user:vgglgrgd5yr0bc5oyi3zaoybt,2021-07-24T01:24:21Z,"dance pop,pop",0.855,0.488,3,-4.601,1,0.208,0.506,0,0.347,0.619,124.097,4
3IjIMxRYckAPKVziJKu5PE,"779QJkvhTmrxtUGaMo8QbK","Below Zero","Below Zero","SLVG",2019-11-15,202826,55,spotify:user:vgglgrgd5yr0bc5oyi3zaoybt,2021-07-24T01:24:29Z,"",0.738,0.394,7,-8.699,1,0.0335,0.321,0.894,0.0986,0.0394,89.991,4
45BBlVHECwB0uNt7BsJ97r,"1AbJ2cmwK400LSvdvBL5Jc","Mrs Magic","Mrs Magic","Strawberry Guy",2019-07-22,208500,1,spotify:user:vgglgrgd5yr0bc5oyi3zaoybt,2021-07-24T01:25:10Z,"bedroom pop,indie pop",0.477,0.629,5,-7.408,0,0.0315,0.159,0.44,0.374,0.357,132.535,4
5K9tfeoiztw94dyWzF39jq,"31ijgiurmIPTNojkYQXdnl","moment","moment","Vierre Cloud",2019-12-19,129543,80,spotify:user:vgglgrgd5yr0bc5oyi3zaoybt,2021-07-24T01:25:24Z,"sped up,weirdcore",0.544,0.855,6,-7.461,1,0.093,0.0426,0.157,0.167,0.517,171.349,4
0jA4h2SD50Oak4C3Vn905a,"0Y6dVaC9DZtPNH4591M42W","Not Allowed","Who Really Cares","TV Girl",2016-02-25,167864,27,spotify:user:vgglgrgd5yr0bc5oyi3zaoybt,2021-07-24T01:25:35Z,"indie pop",0.67,0.905,1,-6.855,1,0.129,0.669,0.000227,0.349,0.563,104.965,4
3jHdKaLCkuNEkWcLVmQPCX,"4V8LLVI7PbaPR0K2TGSxFF","BEST INTEREST","BEST INTEREST","Tyler, The Creator",2020-01-25,127921,79,spotify:user:vgglgrgd5yr0bc5oyi3zaoybt,2021-07-24T01:25:52Z,"hip hop,rap",0.596,0.575,11,-8.325,0,0.0514,0.0861,0.000153,0.334,0.34,98.265,3
2IP16ZR9IiDszRATadkVsx,"5YQXoV45yziHKTzFIDKX47","Shut It Down","Still Dreamin'","A2ThaK",2018-01-05,166765,53,spotify:user:vgglgrgd5yr0bc5oyi3zaoybt,2021-07-24T01:26:06Z,"",0.744,0.692,2,-4.053,1,0.139,0.0101,0.00000251,0.129,0.238,97.926,4
2GbS8QZToLioxL8XMEwX3P,"181bsRPaVXVlUKXrxwZfHK","Cognac Queen","Tina Snow","Megan Thee Stallion",2018-12-21,222752,63,spotify:user:vgglgrgd5yr0bc5oyi3zaoybt,2021-07-24T01:26:27Z,"dance pop,houston rap,pop,rap,trap queen",0.79,0.709,2,-5.806,1,0.224,0.0593,0,0.0794,0.26,131.079,4
0lkQOB949M2gLyut86aJ1b,"26T3LtbuGT1Fu9m0eRq5X3","Cigarette Daydreams","Melophobia","Cage The Elephant",2013-10-08,208760,1,spotify:user:vgglgrgd5yr0bc5oyi3zaoybt,2021-07-24T01:26:31Z,"modern rock,punk blues,rock",0.636,0.676,2,-3.442,1,0.0263,0.0807,0,0.0831,0.273,113.98,4
2dQa4RNT22zCHGSingau85,"63ELR8SMfqu8EH9eXqCt9j,1xgl9yxqIVq8PEEMai38uV","Antisocial","Antisocial","Slump6s,tana",2021-04-26,175360,0,spotify:user:vgglgrgd5yr0bc5oyi3zaoybt,2021-07-24T01:27:11Z,"pluggnb,vapor trap,hyperpop francais,viral rap",0.615,0.576,1,-7.268,1,0.345,0.00196,0,0.387,0.488,146.37,4
6CDzDgIUqeDY5g8ujExx2f,"4yvcSjfu4PC0CYQyLy4wSq","Heat Waves","Heat Waves","Glass Animals",2020-06-29,238805,83,spotify:user:vgglgrgd5yr0bc5oyi3zaoybt,2021-08-28T16:47:50Z,"gauze pop,indietronica,shiver pop",0.761,0.525,11,-6.9,1,0.0944,0.44,0.0000067,0.0921,0.531,80.87,4
4fzsfWzRhPawzqhX8Qt9F3,"5K4W6rqBFWDnAN6FQUkS6x","Stronger","Graduation","Kanye West",2007-09-11,311866,10,spotify:user:vgglgrgd5yr0bc5oyi3zaoybt,2021-08-30T01:34:41Z,"chicago rap,rap",0.617,0.717,10,-7.858,0,0.153,0.00564,0,0.408,0.49,103.992,4
4qikXelSRKvoCqFcHLB2H2,"5K4W6rqBFWDnAN6FQUkS6x,0c173mlxpT3dSFRgMO8XPh,0ONHkAv9pCAFxb0zJwDNTy,17lzZA2AlOHwCwFALHttmp","Mercy","Mercy","Kanye West,Big Sean,Pusha T,2 Chainz",2012-01-01,329320,71,spotify:user:vgglgrgd5yr0bc5oyi3zaoybt,2021-08-30T01:34:51Z,"chicago rap,rap,detroit hip hop,hip hop,pop,pop rap,r&b,southern hip hop,trap,alternative hip hop,underground hip hop,virginia hip hop,atl hip hop,gangster rap",0.563,0.496,6,-9.381,0,0.406,0.0685,0.000058,0.173,0.426,139.993,4
1UGD3lW3tDmgZfAVDh6w7r,"5K4W6rqBFWDnAN6FQUkS6x,1sBkRIssrMs1AbVkOJbc7a","Devil In A New Dress","My Beautiful Dark Twisted Fantasy","Kanye West,Rick Ross",2010-11-22,351946,78,spotify:user:vgglgrgd5yr0bc5oyi3zaoybt,2021-08-30T01:35:12Z,"chicago rap,rap,dirty south rap,gangster rap,hip hop,pop rap,southern hip hop,trap",0.435,0.76,8,-4.935,0,0.0721,0.0175,0,0.158,0.206,80.082,4
3s7MCdXyWmwjdcWh7GWXas,"5K4W6rqBFWDnAN6FQUkS6x","Violent Crimes","ye","Kanye West",2018-06-01,215320,81,spotify:user:vgglgrgd5yr0bc5oyi3zaoybt,2021-08-30T01:35:24Z,"chicago rap,rap",0.669,0.419,1,-6.724,0,0.522,0.376,0,0.187,0.0397,109.813,4
1PS1QMdUqOal0ai3Gt7sDQ,"5K4W6rqBFWDnAN6FQUkS6x,7LnaAXbDVIL75IVPnndf7w","Gold Digger","Late Registration","Kanye West,Jamie Foxx",2005-08-30,207626,79,spotify:user:vgglgrgd5yr0bc5oyi3zaoybt,2021-08-30T01:35:59Z,"chicago rap,rap,hip hop,hip pop,neo soul,pop rap,r&b,southern hip hop,urban contemporary",0.629,0.696,1,-5.572,0,0.348,0.0195,0,0.0554,0.623,93.034,4
2gZUPNdnz5Y45eiGxpHGSc,"5K4W6rqBFWDnAN6FQUkS6x","POWER","My Beautiful Dark Twisted Fantasy","Kanye West",2010-11-22,292093,78,spotify:user:vgglgrgd5yr0bc5oyi3zaoybt,2021-08-30T01:36:29Z,"chicago rap,rap",0.542,0.914,0,-4.747,0,0.113,0.0161,0,0.744,0.576,153.993,4
31I3Rt1bPa2LrE74DdNizO,"5K4W6rqBFWDnAN6FQUkS6x,7u6LfVyYpEzMpHLL7jTyvU","Flashing Lights","Graduation","Kanye West,Dwele",2007-09-11,237506,4,spotify:user:vgglgrgd5yr0bc5oyi3zaoybt,2021-08-30T01:36:34Z,"chicago rap,rap,neo soul,r&b,urban contemporary",0.639,0.628,6,-7.578,0,0.0399,0.0381,0,0.386,0.43,90.482,4
1c8gk2PeTE04A1pIDH9YMk,"4dpARuHxo51G3z768sgnrY","Rolling in the Deep","21","Adele",2011-01-24,228093,79,spotify:user:vgglgrgd5yr0bc5oyi3zaoybt,2021-08-30T01:41:58Z,"british soul,pop,pop soul,uk pop",0.73,0.769,8,-5.114,1,0.0298,0.138,0,0.0473,0.507,104.948,4
7qwt4xUIqQWCu1DJf96g2k,"3l0CmX0FuQjFxr8SK7Vqag,3lLHpTOJ11tWiUNGYN14gt","Hello?","diary 001","Clairo,Rejjie Snow",2018-05-25,135016,68,spotify:user:vgglgrgd5yr0bc5oyi3zaoybt,2021-09-01T20:46:41Z,"bedroom pop,indie pop,pop,indie soul,irish hip hop,rap,underground hip hop",0.839,0.473,10,-7.835,0,0.0607,0.641,0.000459,0.0939,0.0644,98.732,4
4nsY0oW9IWBUqdoUXv1nUg,"2cAvReLDmjFQtCJFDJbHBU","haunt me (x 3)","dc snuff film / waste yrself","Teen Suicide",2015-10-07,165671,0,spotify:user:vgglgrgd5yr0bc5oyi3zaoybt,2021-09-05T17:14:55Z,"indie pop,lo-fi emo,lo-fi indie",0.566,0.613,5,-10.118,1,0.0904,0.716,0.8,0.0848,0.218,110.886,4
6xWIuPEnPIODp4dCRsAd5I,"1l9d7B8W0IHy3LqWsxP2SH","Black Out Days","Voices","Phantogram",2013-01-01,227160,65,spotify:user:vgglgrgd5yr0bc5oyi3zaoybt,2021-09-06T20:52:29Z,"indietronica,metropopolis,modern rock",0.542,0.795,4,-3.63,0,0.0368,0.00506,0.019,0.0851,0.431,92.234,4
