Spotify ID,Artist IDs,Track Name,Album Name,Artist Name(s),Release Date,Duration (ms),Popularity,Added By,Added At,Genres,Danceability,Energy,Key,Loudness,Mode,Speechiness,Acousticness,Instrumentalness,Liveness,Valence,Tempo,Time Signature
1xxJiB2B3rMw8g85PPtcN7,"3RukKIu27TAGLJ4VT5mNRz","น้ำแดงน้ำส้ม","น้ำแดงน้ำส้ม","JV.JARVIS",2021-04-09,156373,59,spotify:user:31p54vhghancu7db6b6suz2qls7q,2022-09-13T09:56:50Z,"thai viral pop",0.845,0.631,9,-9.567,1,0.217,0.456,0.00000213,0.137,0.526,132.084,4
41UQTit03jSLz0DoUZ3Eux,"1IEqJhjUAA0qZ6L020TQdt","Aarmabh Hai Prachand X Polozehnie","Aarmabh Hai Prachand X Polozehnie","Shrylox",2022-06-27,201562,54,spotify:user:31p54vhghancu7db6b6suz2qls7q,2022-09-13T09:58:37Z,"",0.645,0.53,1,-9.573,0,0.0803,0.536,0.0006,0.0946,0.315,106.216,4
3dsyqPDiWYYilRZNBxgxHE,"540vIaP2JwjQb9dm3aArA4","Magenta Riddim","Carte Blanche","DJ Snake",2019-07-25,194490,63,spotify:user:31p54vhghancu7db6b6suz2qls7q,2022-09-13T09:58:47Z,"dance pop,edm,electronic trap,pop,pop dance,pop rap",0.602,0.892,10,-3.66,0,0.0672,0.000393,0.813,0.304,0.57,102.047,4
2HCMpBDHEAFNcQYDQoDgXo,"4RSyJzf7ef6Iu2rnLdabNq,7vWBZm3sQ8yQvfV4nXxHXK","Paris","Une seule vie (Collector)","Willy William,Cris Cab",2016-09-16,195386,52,spotify:user:31p54vhghancu7db6b6suz2qls7q,2022-09-13T09:58:56Z,"francoton,indie pop rap",0.756,0.79,8,-4.978,1,0.0374,0.0307,0.000157,0.146,0.234,102.018,4
7GJ572zvnU94VZVrj5XRtb,"6ujr1NkqbZpYOhquczUUfl","Spirits","Hope","The Strumbellas",2016-04-22,203653,55,spotify:user:31p54vhghancu7db6b6suz2qls7q,2022-09-13T09:59:04Z,"canadian indie,folk-pop,pop rock,stomp and holler",0.556,0.658,0,-6.075,1,0.0265,0.164,0,0.113,0.787,80.529,4
7CltfHhdGM2Ud0UulrLKXT,"4fwF6E3rQ2hAO1CuYD4PKF","Lai Lai Lai","Lai Lai Lai","Realkdmusic",2020-09-02,125543,48,spotify:user:31p54vhghancu7db6b6suz2qls7q,2022-09-13T09:59:14Z,"",0.278,0.548,3,-8.335,1,0.204,0.0387,0.251,0.0801,0.488,187.593,4
0nbXyq5TXYPCO7pr3N8S4I,"757aE44tKEUQEqRuT6GnEB","The Box","Please Excuse Me for Being Antisocial","Roddy Ricch",2019-12-06,196652,80,spotify:user:31p54vhghancu7db6b6suz2qls7q,2022-09-13T09:59:23Z,"melodic rap,rap,trap",0.896,0.586,10,-6.687,0,0.0559,0.104,0,0.79,0.642,116.971,4
5rAUZy2eDdegBxUVYxePK2,"73jlPRxT7z5xk29sMqFDjU,647D92XNDYTUt5A0idePJ4,6Hpe3EZqFMWYtJ61D0GjSa","In The End - Mellen Gi Remix","In The End","Tommee Profitt,Fleurie,Mellen Gi",2019-03-22,218188,72,spotify:user:31p54vhghancu7db6b6suz2qls7q,2022-09-13T09:59:31Z,"anthem worship,indie poptimism,nashville singer-songwriter",0.618,0.611,7,-6.654,0,0.11,0.477,0.0333,0.162,0.224,88.07,4
1a4k2osHzhVwhvgINJERyN,"73jBynjsVtofjRpdpRAJGk","He's a Pirate - Hans Zimmer vs Dimitri Vegas & Like Mike / Bonus Track","Pirates of the Caribbean: Dead Men Tell No Tales (Original Motion Picture Soundtrack)","Dimitri Vegas & Like Mike",2017-05-26,210973,50,spotify:user:31p54vhghancu7db6b6suz2qls7q,2022-09-13T09:59:38Z,"belgian dance,belgian edm,big room,dance pop,edm,electro house,pop dance,progressive electro house,tropical house",0.631,0.918,2,-4.92,0,0.0374,0.00116,0.387,0.101,0.338,112.489,3
65uoaqX5qcjXZRheAj1qQT,"0FEJqmeLRzsXj8hgcZaAyB","Dernière danse","Mini World","Indila",2014-01-01,213493,75,spotify:user:31p54vhghancu7db6b6suz2qls7q,2022-09-13T09:59:59Z,"french pop",0.669,0.449,0,-7.658,0,0.0489,0.184,0,0.0729,0.327,114.926,4
1HGLHplMHyN8TadCNCaR75,"1MPcILKoMCJym9KscdYxuM","Your Woman","Lost Hits Of The 90's","White Town",2011-01-01,259877,39,spotify:user:31p54vhghancu7db6b6suz2qls7q,2022-09-13T10:00:06Z,"derby indie",0.814,0.609,5,-9.129,0,0.0365,0.0373,0.74,0.102,0.812,102.652,4
2mlGPkAx4kwF8Df0GlScsC,"1vVHevk2PD45epYnDi9CCc","Buttercup","Pop Food","Jack Stauber",2017-03-25,208026,71,spotify:user:31p54vhghancu7db6b6suz2qls7q,2022-09-13T10:00:12Z,"pittsburgh indie",0.705,0.373,7,-9.066,1,0.0384,0.723,0.81,0.289,0.551,120.046,4
6r2jK1A6oFRPREZfxjc5d1,"7pFeBzX627ff0VnN6bxPR4","Panda","Panda","Desiigner",2016-02-26,226520,59,spotify:user:31p54vhghancu7db6b6suz2qls7q,2022-09-13T10:00:20Z,"pop rap,rap,trap,underground hip hop,viral trap",0.601,0.695,10,-5.811,0,0.395,0.0213,0.00000846,0.368,0.306,101.564,3
16ih0TTm4REIQuYBMPTHm8,"1psakk7GVUl85AnTEvwtk2","Sugar & Brownies","Sugar & Brownies","DHARIA",2019-04-05,197836,66,spotify:user:31p54vhghancu7db6b6suz2qls7q,2022-09-13T10:00:26Z,"",0.792,0.719,1,-5.123,0,0.257,0.168,0,0.0276,0.472,100.02,4
1oIdcFtf58sZbS7QyZQJ2P,"12rBrcOPP50qIan8ew4iTP,2ol1cb6xyYpaxRTUsl1CYN","Run Free","Run Free","Deep Chills,IVIE",2017-08-18,170562,66,spotify:user:31p54vhghancu7db6b6suz2qls7q,2022-09-13T10:00:34Z,"deep house,deep tropical house,pop dance,tropical house,indie electropop",0.727,0.69,7,-4.559,1,0.0345,0.202,0.00000327,0.414,0.699,100.002,4
4hyVrAsoKKjxAvQjPRt0ai,"2ISiyx4DLCMAMBCvPesCoq","Love Your Voice","Список твоих мыслей","JONY",2019-06-21,150329,70,spotify:user:31p54vhghancu7db6b6suz2qls7q,2022-09-13T10:00:39Z,"russian dance,russian pop",0.608,0.83,9,-5.396,0,0.0956,0.597,0.0000034,0.118,0.211,91.088,4
0rl99X2LTXz2Ot7u0qEujP,"4cgw3nEf6uOQ2NqHwSXErR,7ep436ioXw7ZOJjpe1tDoN","Ya Lili","Ya Lili","Balti,Hamouda",2017-11-07,200411,58,spotify:user:31p54vhghancu7db6b6suz2qls7q,2022-09-13T10:00:45Z,"arabic hip hop,moroccan pop,rap tunisien,rif,tunisian pop",0.69,0.596,7,-8.087,0,0.33,0.508,0,0.344,0.544,91.804,4
1r9xUipOqoNwggBpENDsvJ,"53XhwfbYqKCa1cC15pYq2q,6U3ybJ9UHNKEdsH7ktGBZ7,57nPqD7z62gDdq37US9XJR,47mIJdHORyRerp4os813jD","Enemy (with JID) - from the series Arcane League of Legends","Enemy (with JID) [from the series Arcane League of Legends]","Imagine Dragons,JID,Arcane,League of Legends",2021-10-28,173381,85,spotify:user:31p54vhghancu7db6b6suz2qls7q,2022-09-13T10:00:53Z,"modern rock,rock,hip hop,rap,speedrun,video game music",0.728,0.783,11,-4.424,0,0.266,0.237,0,0.434,0.555,77.011,4
1X7eCHIaD83s2r5i95ZXUC,"0pCGA9tdtbWwo1pKIs0CFx,1EkJy0Tz2PYa8ohGWOnqkw","My Heart","My Heart","Different Heaven,EH!DE",2014-11-13,266900,58,spotify:user:31p54vhghancu7db6b6suz2qls7q,2022-09-13T10:01:02Z,"gaming edm,gaming dubstep",0.516,0.786,10,-5.264,1,0.0412,0.000276,0.00369,0.305,0.164,174.035,4
4P0r0yO7HNPvOra7BHGixH,"1iuGd0kNu2eqLwP9DFGCNY,3kXvE7gEBfGkwDaknMngF7","Money Rain - Phonk Remix","Money Rain (Phonk Remix)","VTORNIK,Phonk",2021-06-14,150941,75,spotify:user:31p54vhghancu7db6b6suz2qls7q,2022-09-13T10:01:17Z,"russian drill,russian hip hop",0.936,0.791,6,-3.605,1,0.235,0.355,0.00628,0.168,0.746,102.02,4
0L9oPr8kJBxupBSKts8A9l,"0qIpOhRDzOLVVxO7RAR3RZ","My Name Is","My Name Is","D Billions",2020-11-12,84374,55,spotify:user:31p54vhghancu7db6b6suz2qls7q,2022-09-13T10:01:25Z,"",0.872,0.907,0,-6.549,1,0.077,0.234,0,0.346,0.414,128.069,4
2bLqfJjuC5syrsgDsZfGmn,"5Y5TRrQiqgUO4S36tzjIRZ,63wjoROpeh5f11Qm93UiJ1,4TLCPR1sMYoNU1jA7O4uww","The Way I Are","Shock Value","Timbaland,Keri Hilson,D.O.E.",2007-01-01,179120,80,spotify:user:31p54vhghancu7db6b6suz2qls7q,2022-09-13T10:01:32Z,"dance pop,hip hop,pop,pop rap,urban contemporary,hip pop,pop r&b,post-teen pop,r&b",0.731,0.807,3,-6.492,0,0.1,0.181,0.751,0.319,0.765,114.759,4
2e8zEzmedii6VKaV2852rl,"6zFexQuZduSVGrLq28KhvY","Queen of Hearts","Queen of Hearts","Starla Edney",2020-03-13,191386,61,spotify:user:31p54vhghancu7db6b6suz2qls7q,2022-09-13T10:02:14Z,"guam indie",0.805,0.682,10,-5.207,0,0.047,0.276,0.00000323,0.129,0.462,96.009,4
05Wv728G7m1xkaOZKMPs0N,"1ID8wBJ6PWBtuuERZxavHd,666a8c5dpuBV9GM1Yv14p7","Dame","Dame","Freebot,Aneth",2022-02-04,156401,52,spotify:user:31p54vhghancu7db6b6suz2qls7q,2022-09-13T10:02:28Z,"",0.705,0.957,5,-2.259,1,0.0324,0.127,0.0141,0.117,0.455,132.026,4
4QtiVmuA88tPQiCOHZuQ5b,"0haZhu4fFKt0Ag94kZDiz2,07YZf4WDAMNwqr4jfgOZ8y,3EiLUeyEcA6fbRPSHkG5kb","1, 2, 3 (feat. Jason Derulo & De La Ghetto)","1, 2, 3 (feat. Jason Derulo & De La Ghetto)","Sofía Reyes,Jason Derulo,De La Ghetto",2018-02-16,201526,76,spotify:user:31p54vhghancu7db6b6suz2qls7q,2022-09-13T10:02:41Z,"dance pop,latin pop,mexican pop,edm,pop,pop rap,post-teen pop,latin hip hop,reggaeton,reggaeton flow,trap latino",0.792,0.895,1,-3.112,0,0.0589,0.165,0,0.0501,0.794,94.968,4
58HvfVOeJY7lUuCqF0m3ly,"67MNhiAICFY6Pwc2YxCO0K","MIDDLE OF THE NIGHT","MIDDLE OF THE NIGHT","Elley Duhé",2020-01-10,184447,88,spotify:user:31p54vhghancu7db6b6suz2qls7q,2022-09-13T10:02:48Z,"alt z,pop",0.41,0.611,4,-8.271,0,0.0467,0.0228,0,0.116,0.0899,185.727,3
0b11D9D0hMOYCIMN3OKreM,"5ghnxpW47ojtLHHyTLdxdY,4npEfmQ6YuiwW1GpUmaq3F","Into Your Arms (feat. Ava Max)","Into Your Arms (feat. Ava Max)","Witt Lowry,Ava Max",2018-06-08,186022,76,spotify:user:31p54vhghancu7db6b6suz2qls7q,2022-09-13T10:02:54Z,"pop rap,dance pop,pop",0.504,0.788,3,-4.113,0,0.215,0.0134,0,0.363,0.228,170.039,4
0BV0AYGLVlu2SdjN3J9twp,"3uL4UpqShC4p2x1dJutoRW","Fed Up","ANTI-ICON","Ghostemane",2020-10-21,151625,75,spotify:user:31p54vhghancu7db6b6suz2qls7q,2022-09-13T10:03:08Z,"dark trap,florida rap",0.849,0.758,8,-7.498,1,0.256,0.499,0.695,0.147,0.0684,115.058,4
1zoDjwUBLRWpe2wMvles3E,"1R1DBhEFi0oi3KxobOuAgs","Polozhenie","Polozhenie","28wire",1960-01-14,129606,10,spotify:user:31p54vhghancu7db6b6suz2qls7q,2022-09-13T10:03:15Z,"",0.733,0.259,6,-20.077,1,0.0675,0.563,0.00014,0.152,0.293,105.997,4
5nyef8bHyXaglyArVUNlre,"4dDb2XLONSNrTrucRcoaYM","Deadwood","Deadwood","Really Slow Motion",2021-04-09,186938,67,spotify:user:31p54vhghancu7db6b6suz2qls7q,2022-09-13T10:03:23Z,"epicore",0.337,0.756,10,-5.499,1,0.0817,0.193,0.862,0.137,0.133,180.25,3
7kUljt0NM5sISL3OGNVxYd,"3exvMmrLV6o4R42YnG3Id6,1HD6q5dxREv64GOc3H7vBs,38wxcfNEqMwuPniHvplin5","Royalty","Royalty","Egzod,Maestro Chives,Neoni",2021-04-22,223520,77,spotify:user:31p54vhghancu7db6b6suz2qls7q,2022-09-13T10:03:30Z,"bass trap,traprun,alt z",0.388,0.855,4,-4.229,0,0.0644,0.0181,0.0000811,0.137,0.32,80.121,4
48QmG1dfvMuYLxMPt7KSRA,"3Isy6kedDrgPYoTS1dazA9,6M2wZ9GZgrQXHCFfjv46we","No Lie","Mad Love The Prequel","Sean Paul,Dua Lipa",2018-06-29,221176,82,spotify:user:31p54vhghancu7db6b6suz2qls7q,2022-09-13T10:03:42Z,"dance pop,dancehall,pop rap,pop,uk pop",0.742,0.882,7,-2.862,1,0.117,0.0466,0,0.206,0.463,102.04,4
4lsOsGMzO1yCjGVucoWOZ1,"0FEJqmeLRzsXj8hgcZaAyB","Ainsi bas la vida","Mini World (Deluxe)","Indila",2014-11-17,214760,71,spotify:user:31p54vhghancu7db6b6suz2qls7q,2022-09-13T10:03:46Z,"french pop",0.776,0.641,8,-6.925,1,0.0981,0.0486,0.00000577,0.0977,0.437,128.05,4
7HU0fgCVI8ZcdCum2bZThz,"157L8iTHgbdrKVxdQEXluh","Fearless","Fearless","Lost Sky",2017-09-09,194284,10,spotify:user:31p54vhghancu7db6b6suz2qls7q,2022-09-13T10:07:16Z,"bass trap,gaming edm",0.669,0.937,6,-4.325,1,0.0397,0.302,0.783,0.118,0.344,110.006,4
4VZH6OfxPy1nNE7KbtVKyK,"157L8iTHgbdrKVxdQEXluh,5Wpn7BDRJ8oq7CcF1EufWI","Fearless Pt. II","Fearless Pt. II","Lost Sky,Chris Linton",2017-12-23,194181,12,spotify:user:31p54vhghancu7db6b6suz2qls7q,2022-09-13T10:07:25Z,"bass trap,gaming edm,uk dance",0.729,0.928,6,-4.279,1,0.0515,0.282,0.00147,0.12,0.322,109.996,4
0PGAJ37n4O2AslZosr1YGx,"2ElMqlv5py0QFIVXUff627","Disaster","Disaster","KSLV Noh",2021-06-21,84138,79,spotify:user:31p54vhghancu7db6b6suz2qls7q,2022-09-13T10:09:56Z,"drift phonk",0.824,0.613,0,-6.043,1,0.094,0.0158,0.348,0.159,0.511,117.051,4
3CLSHJv5aUROAN2vfOyCOh,"0XFgyr4jwM0MGeZZW0VzA5","Close Eyes","Close Eyes","DVRST",2021-05-25,132346,83,spotify:user:31p54vhghancu7db6b6suz2qls7q,2022-09-13T10:10:02Z,"drift phonk",0.784,0.572,0,-9.853,1,0.0573,0.0748,0.843,0.139,0.209,96.181,4
0ulkYjeoiJLfY3AzccfPAX,"276G0lKrqBoTObz2NHzklg","Style","Style","daricty",1970,121138,46,spotify:user:31p54vhghancu7db6b6suz2qls7q,2022-09-13T10:10:14Z,"",0.574,0.0809,5,-24.522,0,0.147,0.637,0.946,0.0888,0.142,174.676,4
6Ede2Ta7dVhcV7QYQ3OH6N,"5bgu60VOkifx3xadonzsgi","Drive Forever","Drive Forever","T3NZU",2021-06-08,145555,38,spotify:user:31p54vhghancu7db6b6suz2qls7q,2022-09-13T10:10:24Z,"",0.845,0.786,6,-7.088,1,0.169,0.356,0.586,0.289,0.501,108.034,4
0WsNwZkpnX7zHi0I8kePfX,"5yVvIOuHDlJezNO90ohWNA","Положение (2 Remix)","Положение (2 Remix)","Dior",2020-06-23,135627,0,spotify:user:31p54vhghancu7db6b6suz2qls7q,2022-09-13T10:10:36Z,"",0.768,0.385,11,-13.449,0,0.0533,0.616,0.00000876,0.0778,0.212,113.279,4
2ccERNgupCOr0XjIikHDKJ,"3tSmEw5WMGAZ6sxt9Dt3Nt,1cUxl5laTZRQwXPCV6j1BH","Peaky Blinder","Peaky Blinder","Otnicka,Duke Luke",2021-11-12,159130,65,spotify:user:31p54vhghancu7db6b6suz2qls7q,2022-09-14T10:13:25Z,"belarusian electronic",0.624,0.734,5,-7.338,0,0.176,0.33,0.0549,0.326,0.563,184.051,4
7tanqB2ACecyj7AKjp5Cjq,"3tSmEw5WMGAZ6sxt9Dt3Nt","Where Are You","Where Are You","Otnicka",2020-05-29,193032,60,spotify:user:31p54vhghancu7db6b6suz2qls7q,2022-09-14T10:13:31Z,"belarusian electronic",0.747,0.612,1,-8.41,1,0.102,0.756,0.872,0.166,0.384,92.052,4
2nLeVfLE8t3hzHhXkZ6Ez2,"1R2iRWvuwwokMKGHirNGTD","La Câlin","La Câlin","Serhat Durmus",2017-04-10,172008,65,spotify:user:31p54vhghancu7db6b6suz2qls7q,2022-09-14T10:15:16Z,"arab trap,bass trap,turkish trap",0.598,0.439,2,-10.987,1,0.0429,0.0879,0.868,0.103,0.0673,147.84,4
6HGoVbCUr63SgU3TjxEVj6,"24BYRlsS8uIO4jA71mJ4Js","Satisfya","Satisfya","Imran Khan",2013-05-09,180056,69,spotify:user:31p54vhghancu7db6b6suz2qls7q,2022-09-14T10:15:22Z,"desi hip hop,desi pop,desi trap,modern bollywood,pakistani hip hop",0.726,0.652,1,-7.764,0,0.11,0.00451,0.0000332,0.226,0.803,163.879,4
0S18dYlmsel6hdF45rn8t9,"4PCOizPKIqh6TnlGcx3mDb","Arabian Night","Arabian Night","Żwirek",2018-08-05,257334,49,spotify:user:31p54vhghancu7db6b6suz2qls7q,2022-09-14T10:15:28Z,"arab trap",0.603,0.51,1,-10.868,1,0.285,0.479,0.00133,0.115,0.401,89.963,4
1NpNY2V9pyCZW2xPbkcQaM,"1R2iRWvuwwokMKGHirNGTD,4kh4BuGVvUThb2WN0AUncV","Yalan","Yalan","Serhat Durmus,Ecem Telli",2017-06-15,201775,52,spotify:user:31p54vhghancu7db6b6suz2qls7q,2022-09-14T10:15:39Z,"arab trap,bass trap,turkish trap",0.58,0.525,3,-10.873,0,0.0363,0.00695,0.0509,0.0759,0.0925,112.991,4
1Xi84slp6FryDSCbzq4UCD,"3klZnJvYGIbWritVwQD434","Arcade","Arcade","Duncan Laurence",2019-03-07,183624,79,spotify:user:31p54vhghancu7db6b6suz2qls7q,2022-09-14T10:15:43Z,"dutch pop",0.45,0.329,9,-12.603,0,0.0441,0.818,0.00109,0.135,0.266,71.884,3
4gvrJnKCKIPiacNsWVQwEU,"048LktY5zMnakWq7PTtFrz,7iTLGcddv1bOPirdYJjKVy,5fUXK5m3BNwoRgTyKq8tnz","love nwantiti (feat. Dj Yo! & AX'EL) - Remix","love nwantiti (feat. Dj Yo! & AX'EL) [Remix]","CKay,Dj Yo!,AX'EL",2021-09-09,188368,79,spotify:user:31p54vhghancu7db6b6suz2qls7q,2022-09-14T10:16:05Z,"afro r&b",0.579,0.596,8,-4.823,1,0.0561,0.436,0.0938,0.0549,0.443,119.9,3
2J2Z1SkXYghSajLibnQHOa,"5WUlDfRSoLAfcVSX1WnrxN","Unstoppable","This Is Acting","Sia",2016-01-29,217746,80,spotify:user:31p54vhghancu7db6b6suz2qls7q,2022-09-14T10:16:12Z,"australian dance,australian pop,dance pop,pop",0.468,0.779,9,-4.839,1,0.0779,0.112,0.000373,0.101,0.26,173.799,4
4KGq63QyNHWz44M5S6PWGo,"0a3zDmrvmZcORfPeONPvfL","это ли счастье?","это ли счастье?","Rauf & Faik",2019-04-19,204489,65,spotify:user:31p54vhghancu7db6b6suz2qls7q,2022-09-14T10:16:17Z,"russian pop",0.683,0.76,10,-5.033,0,0.0475,0.578,0.000139,0.14,0.445,154.06,4
39LLxExYz6ewLAcYrzQQyP,"6M2wZ9GZgrQXHCFfjv46we","Levitating","Future Nostalgia","Dua Lipa",2020-03-27,203807,83,spotify:user:31p54vhghancu7db6b6suz2qls7q,2022-09-14T10:16:31Z,"dance pop,pop,uk pop",0.695,0.884,6,-2.278,0,0.0753,0.0561,0,0.213,0.914,103.014,4
48fKgzfvTU4U7eyRtIYaHP,"6RQDTlies3nrNDJwXvbBZT","Bilionera - Radio Edit","Bilionera","Otilia",2014-08-28,185294,64,spotify:user:31p54vhghancu7db6b6suz2qls7q,2022-09-14T10:16:36Z,"romanian pop",0.66,0.87,3,-1.822,0,0.0601,0.0438,0.0138,0.122,0.807,170.193,4
2RSHsoi04658QL5xgQVov3,"53XhwfbYqKCa1cC15pYq2q","Bad Liar","Origins (Deluxe)","Imagine Dragons",2018-11-09,260773,80,spotify:user:31p54vhghancu7db6b6suz2qls7q,2022-09-14T10:16:41Z,"modern rock,rock",0.383,0.637,3,-6.993,1,0.0703,0.0722,0,0.368,0.0827,177.913,4
4iJyoBOLtHqaGxP12qzhQI,"1uNFoZAHBGtllmzznpCI3s,20wkVLutqVOYrc0kxFs7rA,4fxd5Ee7UefO4CUXgwJ7IP","Peaches (feat. Daniel Caesar & Giveon)","Justice","Justin Bieber,Daniel Caesar,Giveon",2021-03-19,198081,84,spotify:user:31p54vhghancu7db6b6suz2qls7q,2022-09-14T10:16:53Z,"canadian pop,pop,canadian contemporary r&b,r&b",0.677,0.696,0,-6.181,1,0.119,0.321,0,0.42,0.464,90.03,4
1jLsirPDkUS2g4gnkYua58,"7vk5e3vY1uw9plTHJAMwjN,2Tg0aF5cbZktYFzgR1iAKv,6pWcSL9wSJZQ9ne0TnhdWr,20j1uz7iDOtIvIzCr5S8nx","Ignite","Ignite","Alan Walker,Julie Bergan,K-391,승리",2018-05-11,210288,70,spotify:user:31p54vhghancu7db6b6suz2qls7q,2022-09-14T10:16:59Z,"electro house,norwegian pop,tropical house,nordic house,pop dance,k-pop",0.681,0.864,8,-4.3,0,0.116,0.0208,0.00000398,0.192,0.479,90.008,4
0qOnSQQF0yzuPWsXrQ9paz,"4IJczjB0fJ04gs4uvP0Fli,4bYPcJP5jwMhSivRcqie2n","Stereo Hearts (feat. Adam Levine)","The Papercut Chronicles II","Gym Class Heroes,애덤 리바인",2011-11-11,210960,81,spotify:user:31p54vhghancu7db6b6suz2qls7q,2022-09-14T10:17:06Z,"dance pop,pop rap,deep talent show",0.646,0.795,9,-3.293,1,0.0976,0.0319,0,0.267,0.796,89.99,4
60STJ5y9RdFsbFBVwsLpEP,"7vk5e3vY1uw9plTHJAMwjN,6pWcSL9wSJZQ9ne0TnhdWr,0xu4jAQQv7ZAqvFGdc9HgP","Paradise","Paradise","Alan Walker,K-391,Boy In Space",2021-09-23,184750,0,spotify:user:31p54vhghancu7db6b6suz2qls7q,2022-09-14T10:17:16Z,"electro house,nordic house,pop dance,alt z,electropop,pop",0.778,0.58,0,-6.188,0,0.0353,0.154,0,0.109,0.697,148.921,4
4saklk6nie3yiGePpBwUoc,"3Nrfpe0tUJi4K4DXYWgMUX","Dynamite","BE","방탄소년단",2020-11-20,199053,9,spotify:user:31p54vhghancu7db6b6suz2qls7q,2022-09-14T10:17:24Z,"k-pop,k-pop boy group",0.746,0.765,6,-4.41,0,0.0993,0.0112,0,0.0936,0.737,114.044,4
0ct6r3EGTcMLPtrXHDvVjc,"1vCWHaC5f2uS3yhpwWbIA6","The Nights","The Days / Nights","Avicii",2014-01-01,176658,85,spotify:user:31p54vhghancu7db6b6suz2qls7q,2022-09-14T10:17:29Z,"dance pop,edm,pop,pop dance,pop rap",0.527,0.835,6,-5.298,1,0.0433,0.0166,0,0.249,0.654,125.983,4
2qxmye6gAegTMjLKEBoR3d,"5IH6FPUwQTxPSXurCrcIov","Let Me Down Slowly","Narrated For You","Alec Benjamin",2018-11-16,169353,85,spotify:user:31p54vhghancu7db6b6suz2qls7q,2022-09-14T10:18:01Z,"alt z,electropop,pop",0.652,0.557,1,-5.714,0,0.0318,0.74,0,0.124,0.483,150.073,4
02MWAaffLxlfxAUY7c5dvx,"4yvcSjfu4PC0CYQyLy4wSq","Heat Waves","Dreamland (+ Bonus Levels)","Glass Animals",2020-08-06,238805,86,spotify:user:31p54vhghancu7db6b6suz2qls7q,2022-09-14T10:18:07Z,"gauze pop,indietronica,shiver pop",0.761,0.525,11,-6.9,1,0.0944,0.44,0.0000067,0.0921,0.531,80.87,4
0dNPpDFdvzj6XFIRzg2hmp,"0z4gvV4rjIZ9wHck67ucSV","Bananza (Belly Dancer)","Trouble","Akon",2004-01-01,238493,0,spotify:user:31p54vhghancu7db6b6suz2qls7q,2022-09-14T10:18:14Z,"dance pop",0.878,0.699,10,-5.897,0,0.132,0.0345,0.00000337,0.755,0.666,104.838,4
3UrNOHCzVxX2KZbNcKQAyu,"0hCNtLu0JehylgoiP8L4Gh,55Aa2cqylxrFIXC767Z865","High School","Pink Friday: Roman Reloaded The Re-Up (Explicit Version)","Nicki Minaj,Lil Wayne",2012-01-01,218746,65,spotify:user:31p54vhghancu7db6b6suz2qls7q,2022-09-14T10:18:18Z,"dance pop,hip pop,pop,queens hip hop,rap,hip hop,new orleans rap,pop rap,trap",0.531,0.683,1,-4.093,0,0.333,0.135,0.00265,0.22,0.212,84.817,4
1SC5rEoYDGUK4NfG82494W,"7jVv8c5Fj3E9VhNjxT4snq","MONTERO (Call Me By Your Name)","MONTERO","Lil Nas X",2021-09-17,137704,82,spotify:user:31p54vhghancu7db6b6suz2qls7q,2022-09-14T10:18:27Z,"lgbtq+ hip hop,pop",0.593,0.503,8,-6.725,0,0.22,0.293,0,0.405,0.71,178.781,4
1SOClUWhOi8vHZYMz3GluK,"6QrQ7OrISRYIfS5mtacaw2","Infinity","Feel Something","Jaymes Young",2017-06-23,237720,84,spotify:user:31p54vhghancu7db6b6suz2qls7q,2022-09-14T10:18:35Z,"modern rock,pop",0.671,0.673,11,-6.941,0,0.0444,0.148,0.0000529,0.304,0.494,121.963,4
2sHYMLUd4nVLxHPKY05Ein,"1gm1katIowFM22Ldqcw6DK,3pjq2pDV9RR6VY55wBjVnp,5lU3mLIonARnLpRtp5f77M","Habibi - Albanian Remix","Habibi (Albanian Remix)","Ricky Rich,Dardan,DJ Gimi-O",2021-11-19,129589,75,spotify:user:31p54vhghancu7db6b6suz2qls7q,2022-09-14T10:18:41Z,"swedish trap pop,albanian hip hop,german hip hop,albanian pop,tallava",0.639,0.728,4,-7.065,0,0.0301,0.0223,0.00384,0.68,0.0996,103.966,4
0eu4C55hL6x29mmeAjytzC,"6TLwD7HPWuiOzvXEa3oCNe","Life Goes On","Ugly is Beautiful: Shorter, Thicker & Uglier (Deluxe)","Oliver Tree",2021-05-28,161803,79,spotify:user:31p54vhghancu7db6b6suz2qls7q,2022-09-14T10:18:46Z,"alternative hip hop",0.7,0.49,0,-5.187,1,0.076,0.186,0,0.117,0.569,79.982,4
3h3xeg5OGNYVM0U9rOAc6j,"14PimM6ohO2gYftuwTam9V","Touch It","Touch It","KiDi",2021-05-05,165000,58,spotify:user:31p54vhghancu7db6b6suz2qls7q,2022-09-14T10:18:51Z,"azontobeats,ghanaian pop",0.893,0.757,10,-2.843,1,0.0738,0.112,0.0634,0.107,0.681,95.018,4
3MnAsEBBsEj86d03RgO4EM,"3LLNDXrxL4uxXtnUJS5XWM","Fairytale","Fairytale","Alexander Rybak",2009-01-12,182600,71,spotify:user:31p54vhghancu7db6b6suz2qls7q,2022-09-14T10:18:55Z,"eurovision",0.573,0.784,2,-5.359,0,0.0293,0.61,0.0000389,0.278,0.655,107.991,4
0byPyCPX9mfGMiAGVZxasq,"378dH6EszOLFShpRzAQkVM","Carol Of The Bells","Warmer In The Winter (Deluxe Edition)","Lindsey Stirling",2018-10-19,166093,68,spotify:user:31p54vhghancu7db6b6suz2qls7q,2022-09-14T10:18:59Z,"bow pop,pop violin",0.227,0.66,4,-5.993,0,0.0759,0.0274,0.000538,0.0787,0.27,167.956,3
2AnMndnV7XFk3VuuCPy6Zk,"3TnHUGTOpN3yuYw59iGMSd,6qKoauaSCJeoTSGn4jTczR","Safari - Gritty Remix","Safari (Gritty Remix)","Serena,Gritty",2017,195515,59,spotify:user:31p54vhghancu7db6b6suz2qls7q,2022-09-14T10:19:06Z,"desi pop",0.814,0.578,5,-6.612,0,0.0415,0.635,0.00134,0.123,0.262,102.971,4
4TgxFMOn5yoESW6zCidCXL,"56mfhUDKa1vec6rSLZV5Eg,07YZf4WDAMNwqr4jfgOZ8y,3Nrfpe0tUJi4K4DXYWgMUX","Savage Love (Laxed – Siren Beat) [BTS Remix]","Savage Love (Laxed - Siren Beat) [BTS Remix]","Jawsh 685,Jason Derulo,방탄소년단",2020-10-02,184905,72,spotify:user:31p54vhghancu7db6b6suz2qls7q,2022-09-14T10:19:11Z,"nz pop,dance pop,edm,pop,pop rap,post-teen pop,k-pop,k-pop boy group",0.758,0.598,0,-5.695,0,0.0868,0.16,0,0.295,0.658,149.836,4
6eyUsfAm4oskVxLpeLJRJb,"1q3MhMPI0FVeeLtUsa668A","Habibi Afghan","Habibi Afghan","Mustafa Saboori",2021-10-01,169743,51,spotify:user:31p54vhghancu7db6b6suz2qls7q,2022-09-14T10:19:16Z,"",0.384,0.448,10,-10.235,0,0.0477,0.0273,0.00151,0.139,0.0524,138.115,4
7xlrdBdz8TGSo0COvLHymc,"7EIEvxpeoLo0qpHFpSrxOr","Wahran","Wahran","RANDALL",2019-03-15,231114,62,spotify:user:31p54vhghancu7db6b6suz2qls7q,2022-09-14T10:19:24Z,"arab electronic",0.517,0.753,0,-7.928,0,0.0515,0.0228,0.278,0.105,0.269,93.917,4
3Ofmpyhv5UAQ70mENzB277,"1uU7g3DNSbsu0QjSEqZtEd","Astronaut In The Ocean","Astronaut In The Ocean","Masked Wolf",2021-01-06,132780,78,spotify:user:31p54vhghancu7db6b6suz2qls7q,2022-09-14T10:19:33Z,"australian hip hop",0.778,0.695,4,-6.865,0,0.0913,0.175,0,0.15,0.472,149.996,4
4TnjEaWOeW0eKTKIEvJyCa,"7uaIm6Pw7xplS8Dy06V6pT","Falling","Falling","Trevor Daniel",2018-10-05,159381,6,spotify:user:31p54vhghancu7db6b6suz2qls7q,2022-09-14T10:19:37Z,"melodic rap,pop,pop rap",0.785,0.431,10,-8.756,0,0.0364,0.123,0,0.0887,0.236,127.085,4
2JzZzZUQj3Qff7wapcbKjc,"137W8MRPWKqSmrBGDBFSop,6VuMaDnrHyPL1p4EHjYLi7","See You Again (feat. Charlie Puth)","See You Again (feat. Charlie Puth)","Wiz Khalifa,Charlie Puth",2015,229525,81,spotify:user:31p54vhghancu7db6b6suz2qls7q,2022-09-14T10:19:42Z,"dance pop,hip hop,pittsburgh rap,pop rap,rap,southern hip hop,trap,pop,viral pop",0.689,0.481,10,-7.503,1,0.0815,0.369,0.00000103,0.0649,0.283,80.025,4
0lYBSQXN6rCTvUZvg9S0lU,"540vIaP2JwjQb9dm3aArA4,1uNFoZAHBGtllmzznpCI3s","Let Me Love You","Encore","DJ Snake,Justin Bieber",2016-08-05,205946,83,spotify:user:31p54vhghancu7db6b6suz2qls7q,2022-09-14T10:19:48Z,"dance pop,edm,electronic trap,pop,pop dance,pop rap,canadian pop",0.649,0.716,8,-5.371,1,0.0349,0.0863,0.0000263,0.135,0.163,99.988,4
0u2P5u6lvoDfwTYjAADbn4,"6qqNVTkY8uBg9cP3Jd7DAH,6LuN9FCkKOj5PcnpouEgny","lovely (with Khalid)","lovely (with Khalid)","Billie Eilish,Khalid",2018-04-19,200185,88,spotify:user:31p54vhghancu7db6b6suz2qls7q,2022-09-14T10:19:51Z,"art pop,electropop,pop,pop r&b",0.351,0.296,4,-10.109,0,0.0333,0.934,0,0.095,0.12,115.284,4
18A7ha5BitZjmdHTCwXFbU,"7gXb99Sf9nNmpNYeAgIQFG","Cradles","Cradles","Sub Urban",2019-01-04,209829,12,spotify:user:31p54vhghancu7db6b6suz2qls7q,2022-09-14T10:19:56Z,"modern indie pop,viral rap",0.581,0.585,1,-1.87,1,0.369,0.27,0.0000648,0.179,0.63,67.443,3
378iszndTZAR4dH8kwsLC6,"5WUlDfRSoLAfcVSX1WnrxN,3Isy6kedDrgPYoTS1dazA9","Cheap Thrills (feat. Sean Paul)","This Is Acting","Sia,Sean Paul",2016-02-18,224813,71,spotify:user:31p54vhghancu7db6b6suz2qls7q,2022-09-14T10:20:03Z,"australian dance,australian pop,dance pop,pop,dancehall,pop rap",0.592,0.8,6,-4.931,0,0.215,0.0561,0.00000201,0.0775,0.728,89.972,4
4n7jnSxVLd8QioibtTDBDq,"7vk5e3vY1uw9plTHJAMwjN,74KM79TiuVKeVCqs8QtB0B,329e4yvIujISKGKz1BZZbO","On My Way","On My Way","Alan Walker,Sabrina Carpenter,Farruko",2019-03-21,193797,74,spotify:user:31p54vhghancu7db6b6suz2qls7q,2022-09-14T10:20:08Z,"electro house,alt z,dance pop,pop,post-teen pop,latin hip hop,reggaeton,trap latino",0.509,0.689,1,-4.929,0,0.102,0.0209,0,0.301,0.297,170.087,4
6inzGTxyGsXVjpVKtFGrcE,"3OKg7YbOIatODzkRIbLJR4","Rise Up","Rise Up","TheFatRat",2019-10-25,169756,67,spotify:user:31p54vhghancu7db6b6suz2qls7q,2022-09-14T10:20:12Z,"speedrun",0.614,0.694,10,-5.713,0,0.0932,0.254,0.00000263,0.0733,0.578,163.942,4
2ePtv8MlBO9nuuXABqAfEX,"4b19vuzlDcNdU4quI7L6sW","SugarCrash!","SugarCrash!","ElyOtto",2020-08-25,80080,74,spotify:user:31p54vhghancu7db6b6suz2qls7q,2022-09-14T10:20:16Z,"hyperpop,weirdcore",0.748,0.734,0,-6.499,1,0.124,0.524,0.0000115,0.0975,0.368,97.753,4
3Wrjm47oTz2sjIgck11l5e,"0lAWpj5szCSwM4rUMHYmrr","Beggin'","Chosen","Måneskin",2017-12-08,211560,85,spotify:user:31p54vhghancu7db6b6suz2qls7q,2022-09-14T10:20:37Z,"indie rock italiano,italian pop",0.714,0.8,11,-4.808,0,0.0504,0.127,0,0.359,0.589,134.002,4
4w8niZpiMy6qz1mntFA5uM,"540vIaP2JwjQb9dm3aArA4,0C8ZW7ezQVs4URX5aX7Kqx,1i8SpTcr7yvPOmcqrbnVXY,4kYSro6naA4h99UJvo89HB","Taki Taki (with Selena Gomez, Ozuna & Cardi B)","Taki Taki (with Selena Gomez, Ozuna & Cardi B)","DJ Snake,Selena Gomez,Ozuna,Cardi B",2018-09-28,212500,75,spotify:user:31p54vhghancu7db6b6suz2qls7q,2022-09-14T10:20:41Z,"dance pop,edm,electronic trap,pop,pop dance,pop rap,post-teen pop,puerto rican pop,reggaeton,trap latino,rap",0.842,0.801,8,-4.167,0,0.228,0.157,0.00000482,0.0642,0.617,95.881,4
0TK2YIli7K1leLovkQiNik,"7n2wHs1TKAczGzO7Dd2rGr,4nDoRrQiYLoBzwC5BhVJzF","Señorita","Señorita","Shawn Mendes,Camila Cabello",2019-06-21,190960,79,spotify:user:31p54vhghancu7db6b6suz2qls7q,2022-09-14T10:20:46Z,"canadian pop,dance pop,pop,viral pop,post-teen pop",0.759,0.54,9,-6.039,0,0.0287,0.037,0,0.0945,0.75,116.947,4
4DpNNXFMMxQEKl7r0ykkWA,"63yrD80RY3RNEM2YDpUpO8","Play Date","Cry Baby (Deluxe Edition)","Melanie Martinez",2015-08-14,179867,77,spotify:user:31p54vhghancu7db6b6suz2qls7q,2022-09-14T10:20:57Z,"alt z,electropop,pop",0.68,0.729,5,-5.077,1,0.0475,0.612,0,0.224,0.446,123.97,4
2eTqMhiJjVFxUJkeSkvS8s,"1bEhbVxIWdcb8dbCbtTPfF","Kosandra - Remix","Kosandra - Remix","Safenokk",2008,173524,0,spotify:user:31p54vhghancu7db6b6suz2qls7q,2022-09-14T10:21:08Z,"slowed and reverb",0.584,0.809,10,-6.185,0,0.262,0.339,0.000781,0.17,0.41,89.933,4
2gQPv5jvVPqU2a9HhMNO1v,"1Cd373x8qzC7SNUg5IToqp","Toxic","Toxic","BoyWithUke",2021-10-29,168020,77,spotify:user:31p54vhghancu7db6b6suz2qls7q,2022-09-14T10:21:12Z,"sad rap",0.594,0.612,8,-6.627,0,0.363,0.835,0,0.461,0.687,179.629,4
7fvaNCAFYAx6ny6C5i5Hab,"20fLTbSref8bRqtfD82pSo","Tigini","Tigini","Kikimoteleba",2021-05-21,172219,61,spotify:user:31p54vhghancu7db6b6suz2qls7q,2022-09-14T10:21:23Z,"rap ivoire",0.783,0.602,6,-9.458,0,0.0449,0.581,0,0.114,0.82,135.044,4
2alc8VZAzDgdAsL2QMk3hu,"3O5HD95HTEPgoPFOjAb7yV","Skechers","Skechers","DripReport",2020-01-12,106000,70,spotify:user:31p54vhghancu7db6b6suz2qls7q,2022-09-14T10:21:27Z,"viral rap",0.903,0.327,1,-9.727,1,0.0877,0.26,0.011,0.108,0.274,100.008,4
6VX8AN09uX41IrwbWmNzgI,"5FXQVq0uoZJvSpINXPxamv","Fairytale","Fairytale","Ambassador",2021-05-12,160985,0,spotify:user:31p54vhghancu7db6b6suz2qls7q,2022-09-14T10:22:20Z,"",0.622,0.554,0,-8.552,1,0.414,0.222,0.928,0.112,0.216,93.264,4
2Svlb4Z8L8L1CYoJTLlvw6,"0VeT7hHTJFJZcENGekjCsB","Game of Thrones - Theme","Game Of Thrones Theme Tune","London Music Works",2012-02-27,99379,50,spotify:user:31p54vhghancu7db6b6suz2qls7q,2022-09-14T10:25:28Z,"scorecore,theme",0.251,0.536,8,-11.449,1,0.0438,0.217,0.88,0.111,0.428,84.457,3
41btOpCqdHf5lBd4KAOcfB,"3KW4FoYGtukfoyZK8ifDex","Дикая львица","Дикая львица","ALEX&RUS",2019-07-03,164769,59,spotify:user:31p54vhghancu7db6b6suz2qls7q,2022-09-14T10:26:04Z,"",0.514,0.843,9,-4.98,0,0.303,0.363,0.0038,0.13,0.693,194.39,3
6habFhsOp2NvshLv26DqMb,"4V8Sr092TqfHkfAA5fXXqG,4VMYDCV2IEDYJArk749S6m","Despacito","VIDA","Luis Fonsi,Daddy Yankee",2019-02-01,229360,79,spotify:user:31p54vhghancu7db6b6suz2qls7q,2022-09-14T10:30:27Z,"latin pop,puerto rican pop,latin hip hop,reggaeton,trap latino",0.655,0.797,2,-4.787,1,0.153,0.198,0,0.067,0.839,177.928,4
58dGRQrNmAJeRMFuguUbvD,"0wEvWMQRqaXcgnrZv6KtyL,5EvFsr3kj42KNv97ZEnqij,3Isy6kedDrgPYoTS1dazA9","Go Down Deh (feat. Shaggy and Sean Paul)","10","Spice,Shaggy,Sean Paul",2021-08-06,154151,69,spotify:user:31p54vhghancu7db6b6suz2qls7q,2022-09-14T10:30:36Z,"dancehall,dancehall queen,jamaican dancehall,dance pop,pop rap,reggae fusion",0.801,0.764,2,-5.112,1,0.0986,0.109,0.0000162,0.247,0.578,89.999,4
1bHhB1E62CqbM3uVZVvaEl,"4obzFoKoKRHIphyHzJ35G3","Bella Ciao","Bella Ciao","Becky G",2021-12-01,160177,60,spotify:user:31p54vhghancu7db6b6suz2qls7q,2022-09-14T10:30:46Z,"dance pop,latin pop,latin viral pop,pop,rap latina,reggaeton",0.667,0.754,9,-2.861,0,0.0715,0.214,0,0.0532,0.693,104.987,4
16wAOAZ2OkqoIDN7TpChjR,"1uNFoZAHBGtllmzznpCI3s","Yummy","Changes","Justin Bieber",2020-02-14,208520,69,spotify:user:31p54vhghancu7db6b6suz2qls7q,2022-09-14T10:33:02Z,"canadian pop,pop",0.676,0.506,9,-6.652,0,0.0958,0.345,0,0.118,0.497,145.842,4
4OgwXdylh75fHfwUzJTUqg,"5deLgmgAEgy8UHOfJ9Dj8w,3v6Ji4uoWtKRkhuDUaxi9n","Rockstar","Rockstar","Ilkay Sencan,Dynoro",2019-06-21,212280,69,spotify:user:31p54vhghancu7db6b6suz2qls7q,2022-09-14T10:33:16Z,"turkish deep house,turkish edm,edm,electro house,pop dance,tropical house",0.771,0.826,11,-3.978,1,0.0604,0.142,0.03,0.145,0.185,100.012,4
4lhUziuDKvQJu7ZW9cLmIv,"24D8gx0257CDd1HAuqNuHu","Such a Whore","Such a Whore","JVLA",2020-06-22,124687,67,spotify:user:31p54vhghancu7db6b6suz2qls7q,2022-09-14T10:33:23Z,"viral rap",0.702,0.872,5,-4.2,1,0.0323,0.00225,0.00865,0.104,0.325,100.052,4
6A25J9As7towpxovYryAWr,"24D8gx0257CDd1HAuqNuHu","Such a Whore (Stellular Remix)","Such a Whore (Stellular Remix)","JVLA",2020-06-03,147638,72,spotify:user:31p54vhghancu7db6b6suz2qls7q,2022-09-14T10:33:42Z,"viral rap",0.624,0.614,2,-4.165,1,0.0448,0.00391,0.0278,0.187,0.139,168.87,4
7BKLCZ1jbUBVqRi2FVlTVw,"69GGBxA162lTqCwzJG5jLp,26VFTg2z8YR0cCuwLzESi2","Closer","Closer","The Chainsmokers,Halsey",2016-07-29,244960,84,spotify:user:31p54vhghancu7db6b6suz2qls7q,2022-09-14T10:36:00Z,"dance pop,edm,electropop,pop,pop dance,tropical house,etherpop,indie poptimism",0.748,0.524,8,-5.599,1,0.0338,0.414,0,0.111,0.661,95.01,4
364dI1bYnvamSnBJ8JcNzN,"1uNFoZAHBGtllmzznpCI3s,0VRj0yCOv2FXJNP47XQnx5","Intentions","Intentions","Justin Bieber,Quavo",2020-02-07,212868,72,spotify:user:31p54vhghancu7db6b6suz2qls7q,2022-09-14T10:36:10Z,"canadian pop,pop,atl hip hop,hip hop,melodic rap,rap,southern hip hop,trap",0.811,0.553,9,-6.644,1,0.0552,0.317,0,0.105,0.86,148.014,4
285HeuLxsngjFn4GGegGNm,"1Cs0zKBU1kc0i8ypK3B9ai,4D75GcNG95ebPtNvoNVXhz,64M6ah0SkkRsnPGtGiRAbb,0hCNtLu0JehylgoiP8L4Gh","Hey Mama (feat. Nicki Minaj, Bebe Rexha & Afrojack)","Listen","David Guetta,Afrojack,Bebe Rexha,Nicki Minaj",2014-11-21,192560,74,spotify:user:31p54vhghancu7db6b6suz2qls7q,2022-09-14T10:36:24Z,"big room,dance pop,edm,pop,pop dance,dutch house,electro house,pop rap,progressive electro house,tropical house,post-teen pop,hip pop,queens hip hop,rap",0.596,0.73,9,-4.091,1,0.151,0.24,0,0.325,0.525,85.979,4
64p6ua7zpf66s62StC2QLv,"4cSYNpczcvTUpnPMFDLsIc,49CE2ffZ6Z3zeYSDauSKck,3aT2GOh9Iy2WJmDhE6PorP","Bad Boy (feat. Luana Kiara)","Bad Boy (feat. Luana Kiara)","Raaban,Tungevaag,Luana Kiara",2018-08-24,190673,68,spotify:user:31p54vhghancu7db6b6suz2qls7q,2022-09-14T10:36:54Z,"pop edm,big room,dance pop,edm,electro house,nordic house,pop dance,tropical house",0.644,0.892,0,-1.1,0,0.0567,0.13,0.000113,0.0893,0.767,180.044,4
6nqdgUTiWt4JbABDurkxMI,"0snouHYzOWSgxRBYMQsa3H","Sahara","Sahara","Hensonn",2021-11-16,171384,80,spotify:user:31p54vhghancu7db6b6suz2qls7q,2022-09-14T10:38:30Z,"drift phonk",0.615,0.521,2,-9.488,1,0.0318,0.146,0.772,0.11,0.045,115.016,4
7Hoiqi5PpJPSz4QVGB0fTx,"2cDswNmXjMbryPyi2H3U0j","Pirates of the Caribbean","Music For Soul","Inessa Gragovskaya",2021-06-24,117106,16,spotify:user:31p54vhghancu7db6b6suz2qls7q,2022-09-14T10:38:45Z,"",0.572,0.777,2,-10.699,0,0.0276,0.368,0.501,0.0691,0.685,105.271,3
6HqejUzAFmKG5ovgBzqzek,"3jw2v5ZbSWBinNaECXq8cJ","The Revelation (Interval BGM)","Saaho, Vol. 1 (Original Background Score)","Ghibran",2019-12-25,86606,54,spotify:user:31p54vhghancu7db6b6suz2qls7q,2022-09-14T10:39:36Z,"filmi,tamil pop",0.57,0.937,5,-8.394,1,0.0288,0.0931,0.961,0.173,0.49,77.539,4
3UHah6fvwKWJ2B2X3xsFOs,"7KbNjACCym2CZETZii7u9W","Kgf Theme","Kgf Theme","WolfSpirit",2020-05-10,190294,43,spotify:user:31p54vhghancu7db6b6suz2qls7q,2022-09-14T10:39:40Z,"",0.325,0.805,10,-10.286,0,0.0507,0.000276,0.779,0.176,0.117,139.919,4
4nspb1LG1ABlQ6eTAO4udo,"3jw2v5ZbSWBinNaECXq8cJ","Saaho - Theme","Saaho, Vol. 2 (Original Background Score)","Ghibran",2020-02-18,86451,43,spotify:user:31p54vhghancu7db6b6suz2qls7q,2022-09-14T10:39:55Z,"filmi,tamil pop",0.634,0.627,2,-11.715,1,0.156,0.0577,0.74,0.0718,0.224,74.969,4
3jcDFvsUtiOljbk08GsT3h,"3C27TE3ogOrBaZ2Kvd9QIf","Mirzapur Theme Song","Mirzapur","John Stewart Eduri",2020-10-21,88000,41,spotify:user:31p54vhghancu7db6b6suz2qls7q,2022-09-14T10:40:06Z,"",0.583,0.224,7,-19.711,1,0.0551,0.295,0.742,0.116,0.0521,131.1,4
3A04b0nJb2nAzGUw2rqDsI,"4bvGDTEPFnllKiJaEZGuXk","Scam 1992 Theme Music","Scam 1992 Theme Music","Achint",2020-10-09,86206,53,spotify:user:31p54vhghancu7db6b6suz2qls7q,2022-09-14T10:40:09Z,"indian folk",0.516,0.486,4,-11.45,0,0.0249,0.00411,0.277,0.34,0.454,87.045,4
3jwcf3p3xtgeBAEIJccFku,"2FPZCpJBdrSBUJau2GbdY2","Ravan Ravan Hoon Main","Ravan Ravan Hoon Main","Rock D",2020-05-08,147972,59,spotify:user:31p54vhghancu7db6b6suz2qls7q,2022-09-14T10:41:12Z,"",0.734,0.93,7,-2.926,1,0.27,0.0146,0,0.422,0.578,148.006,4
3Vb8KkT6Ub5fFGPYJCJyLh,"4zCH9qm4R2DADamUHMCa6O","Rolex Theme - Background Score","Vikram (Original Background Score)","Anirudh Ravichander",2022-07-07,53247,69,spotify:user:31p54vhghancu7db6b6suz2qls7q,2022-09-14T10:42:18Z,"desi hip hop,filmi,tamil hip hop",0.61,0.925,8,-4.01,1,0.114,0.00804,0.767,0.131,0.442,101.992,4
3gZUflBBfgS3QiTSTg0hk0,"2GH5uRMxmuAWn90B8DEZU3,0daSHuKxoXYl50HIQ9aKzt","Movements","Movements - Single","Pham,Yung Fusion",2015-03-18,208671,63,spotify:user:31p54vhghancu7db6b6suz2qls7q,2022-09-14T10:42:30Z,"bass trap",0.824,0.538,6,-7.972,1,0.269,0.26,0.0000345,0.13,0.352,110.879,4
5vGLcdRuSbUhD8ScwsGSdA,"7arQA31aZVS8yS6zUveWzb","Whoopty","Whoopty","CJ",2020-08-20,123262,73,spotify:user:31p54vhghancu7db6b6suz2qls7q,2022-09-14T10:43:28Z,"nyc rap",0.719,0.648,3,-7.6,0,0.125,0.2,0,0.127,0.66,140.201,4
1JAqy8JxzsmMRq5jD2Oi49,"3DnNQH13SfSOjZDsVEa0ht,0RGOfLzWx0CMIwpVPOZwgH","Pirate","Pirate","Liu,GenX",2017-06-02,221775,53,spotify:user:31p54vhghancu7db6b6suz2qls7q,2022-09-14T10:44:47Z,"brazilian edm,brazilian bass",0.72,0.781,10,-2.647,0,0.0609,0.00408,0.807,0.308,0.307,125.005,4
0upFohXrGxIIAjyaJmCkMU,"7HBai5xymOxIWoMWvWshe1","Tokyo Drift (Fast & Furious) - From The Fast And The Furious: Tokyo Drift Soundtrack","Tokyo Drift (Fast & Furious)","Teriyaki Boyz",2006-01-01,255946,70,spotify:user:31p54vhghancu7db6b6suz2qls7q,2022-09-14T10:45:17Z,"japanese old school hip hop",0.757,0.892,6,-5.321,1,0.124,0.178,0.0000419,0.0719,0.936,127.014,4
0VjIjW4GlUZAMYd2vXMi3b,"1Xyo4u8uXC1ZmMpatF05PJ","Blinding Lights","After Hours","The Weeknd",2020-03-20,200040,90,spotify:user:31p54vhghancu7db6b6suz2qls7q,2022-09-14T10:46:48Z,"canadian contemporary r&b,canadian pop,pop",0.514,0.73,1,-5.934,1,0.0598,0.00146,0.0000954,0.0897,0.334,171.005,4
0e7ipj03S05BNilyu5bRzt,"246dkjvS1zLTtiykXe5h60,1URnnhqYAYcrqrcwql10ft","rockstar (feat. 21 Savage)","beerbongs & bentleys","Post Malone,21 Savage",2018-04-27,218146,84,spotify:user:31p54vhghancu7db6b6suz2qls7q,2022-09-14T10:48:36Z,"dfw rap,melodic rap,rap,atl hip hop",0.585,0.52,5,-6.136,0,0.0712,0.124,0.0000701,0.131,0.129,159.801,4
1zB4vmk8tFRmM9UULNzbLB,"53XhwfbYqKCa1cC15pYq2q","Thunder","Evolve","Imagine Dragons",2017-06-23,187146,84,spotify:user:31p54vhghancu7db6b6suz2qls7q,2022-09-14T10:49:01Z,"modern rock,rock",0.605,0.822,0,-4.833,1,0.0438,0.00671,0.134,0.147,0.288,167.997,4
6bnF93Rx87YqUBLSgjiMU8,"1Xyo4u8uXC1ZmMpatF05PJ","Heartless","After Hours","The Weeknd",2020-03-20,198266,79,spotify:user:31p54vhghancu7db6b6suz2qls7q,2022-09-14T10:51:11Z,"canadian contemporary r&b,canadian pop,pop",0.537,0.746,10,-5.507,0,0.15,0.0236,0.00000101,0.156,0.252,170.062,4
3h4T9Bg8OVSUYa6danHeH5,"04gDigrS5kc9YWfZHwBETP","Animals","V (Asia Tour Edition)","Maroon 5",2015-05-18,231013,69,spotify:user:31p54vhghancu7db6b6suz2qls7q,2022-09-14T10:51:26Z,"pop",0.279,0.742,4,-6.46,0,0.0898,0.000185,0,0.593,0.328,189.868,4
3VCOeExb6GNbrpca4ggHJQ,"5bAH2yr1FZiVxhM7h7LSEv,6TG0MIlfK1ep0iZUluMV4f","Music The Best 3 - Remix","Music the Best 3 (Remix)","Jack Ninte,Justin Seven",2021-09-17,279080,0,spotify:user:31p54vhghancu7db6b6suz2qls7q,2022-09-14T10:54:07Z,"",0.473,0.574,0,-8.368,0,0.0398,0.451,0.318,0.0804,0.385,175.24,4
3S9b5ink1kHrrKql3FdDI2,"4CmWCpaevTZBnw2QHxmBpJ","Nemesis","Nemesis","Ryllz",2018-11-05,160529,62,spotify:user:31p54vhghancu7db6b6suz2qls7q,2022-09-14T10:54:24Z,"dutch edm",0.63,0.768,9,-4.891,1,0.0767,0.0266,0.439,0.364,0.32,104.913,4
4EfT6M2RM0rfGa7BKQF6DN,"53gpGyHpJpOOe0UIl0YigG","Can't Stop","Can't Stop","Alban Chela",2018-09-14,160236,40,spotify:user:31p54vhghancu7db6b6suz2qls7q,2022-09-14T10:55:03Z,"covertronica",0.687,0.8,9,-6.588,1,0.11,0.00319,0.346,0.267,0.306,150.01,4
5B4YQN1FCuADJ0o4phAtwC,"5r3wPya2PpeTTsXsGhQU8O","NO LOVE","NO LOVE","Shubh",2022-02-26,170387,49,spotify:user:31p54vhghancu7db6b6suz2qls7q,2022-09-14T10:55:23Z,"punjabi hip hop",0.771,0.486,4,-8.952,0,0.0393,0.243,0,0.191,0.733,137.058,4
19KkEInqH3L8Cgdb8HBLzS,"6crQes4qNQgyracs9DDYQB","Victory","Victory","SVLIH",2018-09-11,185914,34,spotify:user:31p54vhghancu7db6b6suz2qls7q,2022-09-14T10:55:42Z,"traprun",0.575,0.755,0,-8.882,1,0.0662,0.0252,0.457,0.146,0.0399,130.115,4
33NV32OifRzOpfl5tjZQNh,"6aTmUexSbRbZS83XVfCHcF","Resurrection","Resurrection","GANK",2019-10-10,143894,59,spotify:user:31p54vhghancu7db6b6suz2qls7q,2022-09-14T10:56:02Z,"",0.65,0.542,4,-9.941,0,0.103,0.0784,0.892,0.16,0.318,88,4
1FrNSgJjVV0uvg7bMy4HgY,"1ldNdtZX38LAsOk0ciLvb2","Criminals","Revenger","F.O.O.L",2020-04-06,250920,51,spotify:user:31p54vhghancu7db6b6suz2qls7q,2022-09-14T10:56:43Z,"complextro,dark clubbing,electro house,gaming edm",0.591,0.885,8,-5.193,1,0.0287,0.00152,0.482,0.112,0.111,109.983,4
73PPGDE65hW7SaZ1zO5mud,"6toobtqP6pLQh2IhNy5fEi","Super Smash Bros Brawl Drill Beat (Life Ain't Fair)","Super Smash Bros Brawl Drill Beat (Life Ain't Fair)","Shae OT",2021-06-23,189650,61,spotify:user:31p54vhghancu7db6b6suz2qls7q,2022-09-14T10:57:14Z,"sad lo-fi",0.773,0.329,7,-14.833,1,0.226,0.00125,0.797,0.555,0.532,143.042,4
2qYuMy1krOC3h5LDGz9re6,"38N83Rb2474KB2e8zsPkpN","ZYZZ","ZYZZ","Sinan Onu",2022-03-15,181578,55,spotify:user:31p54vhghancu7db6b6suz2qls7q,2022-09-14T10:57:42Z,"gym hardstyle",0.256,0.962,7,-6.436,1,0.132,0.00276,0.739,0.845,0.148,152.061,4
6iQmICe29vPU0MClRoIzVC,"5yVvIOuHDlJezNO90ohWNA,4LhwFX1NEXeHgLUF9riOPg,5pwzo3QOWO1blyr3FRQCfy","Положение - Chicagoo Remix","ПОЛОЖЕНИЕ СБОРНИК РЕМИКСОВ","Dior,samo,Chicagoo",2020-09-14,153927,53,spotify:user:31p54vhghancu7db6b6suz2qls7q,2022-09-14T10:58:19Z,"g-house",0.874,0.76,10,-8.581,0,0.105,0.000714,0.769,0.137,0.332,110.051,4
0BVdd3jJxCkZYynVRJ6wTG,"3D21btY4uY8j3LYwAR7zwz","Gandagana Trap Remix Edit - Trap Remix Edit","Acharuli Gandagana (Trap Remix)","Georgian Folk",2022-01-09,165200,19,spotify:user:31p54vhghancu7db6b6suz2qls7q,2022-09-14T10:59:15Z,"",0.815,0.482,1,-9.634,1,0.27,0.768,0.00175,0.332,0.618,106.92,4
2RX7wNObwVnezTZksKqmC1,"3tSmEw5WMGAZ6sxt9Dt3Nt","Memories","Memories","Otnicka",2021-03-26,180833,48,spotify:user:31p54vhghancu7db6b6suz2qls7q,2022-09-14T11:01:38Z,"belarusian electronic",0.662,0.7,11,-7.056,0,0.0463,0.202,0.589,0.547,0.407,96.993,4
2qicGMz6xasJ5BSC80rYA7,"4qsUZJBZRizwrjAxGoRzcR","Mafia","Turkish Mafia","Pasha Music",2020-04-08,152005,54,spotify:user:31p54vhghancu7db6b6suz2qls7q,2022-09-14T11:03:29Z,"",0.783,0.359,11,-12.464,0,0.273,0.302,0.000352,0.102,0.292,119.858,4
66G35AgNTBnGzxdRDPgqyx,"0C8ghBg2hWBx6I81NeNoIp","Plevne","Plevne","CVRTOON",2020-02-06,199240,55,spotify:user:31p54vhghancu7db6b6suz2qls7q,2022-09-14T11:03:38Z,"arab trap",0.405,0.589,8,-9.24,0,0.0549,0.0301,0.717,0.108,0.0631,85.98,3
4sCSUQnWQ6HJsOMjfPicdn,"33ScadVnbm2X8kkUqOkC6Z,5bv5RplEOwdCvhq0EILh9E","Danza Kuduro","Fast Five (Original Motion Picture Soundtrack)","Don Omar,Lucenzo",2011-01-01,198386,69,spotify:user:31p54vhghancu7db6b6suz2qls7q,2022-09-14T11:03:46Z,"latin hip hop,puerto rican pop,reggaeton,trap latino,francoton,french pop",0.701,0.896,0,-6.459,1,0.0814,0.0866,0,0.0572,0.896,130.067,4
7JupLCHELRoJiUubOPBPck,"7EIEvxpeoLo0qpHFpSrxOr,3jrZXTzqSuTBdfJeoSts1n,1qKKI6tBqJZCZfAmXjYFjN","Choix de vie - Remix","Choix de vie (Remix)","RANDALL,Anas,Nassi",2020-03-14,215000,52,spotify:user:31p54vhghancu7db6b6suz2qls7q,2022-09-14T11:04:17Z,"arab electronic,francoton,pop urbaine,moroccan pop,rif",0.643,0.648,1,-8.07,1,0.0644,0.0997,0.00414,0.365,0.357,96.032,4
0vbssRDLdirZ2OkjkBmxCs,"5yVvIOuHDlJezNO90ohWNA,4LhwFX1NEXeHgLUF9riOPg","Положение","Положение","Dior,samo",2020-06-18,131331,53,spotify:user:31p54vhghancu7db6b6suz2qls7q,2022-09-14T11:05:34Z,"",0.918,0.575,6,-5.372,0,0.0774,0.137,0.000161,0.105,0.355,125.987,4
5dnmvXilokWQMosvSftcHq,"3ZaPFQ05J5qSM5I3Smbp44","Universe","Legacy","Tevvez",2019-01-12,214604,49,spotify:user:31p54vhghancu7db6b6suz2qls7q,2022-09-14T11:06:03Z,"gym hardstyle",0.507,0.652,11,-7.807,0,0.0447,0.000416,0.958,0.0782,0.0392,150.049,4
2XiX6grz36oMOy0nRxBnVH,"0C8ghBg2hWBx6I81NeNoIp","İzmir Marşı","İzmir Marşı","CVRTOON",2019-06-17,259004,0,spotify:user:31p54vhghancu7db6b6suz2qls7q,2022-09-15T10:33:57Z,"arab trap",0.493,0.608,4,-9.437,1,0.0318,0.00141,0.937,0.0668,0.139,134.967,4
58wyJLv6yH1La9NIZPl3ne,"4qIVPF0s71ZYW3qzhu5GkF,7KHA7OOevgTDFhlym0oEyP","Can We Kiss Forever?","Can We Kiss Forever?","Kina,Adriana Proenza",2018-08-31,187931,76,spotify:user:31p54vhghancu7db6b6suz2qls7q,2022-09-15T10:34:02Z,"sad lo-fi,spanish indie pop",0.522,0.128,4,-18.717,1,0.0357,0.894,0.026,0.0941,0.124,109.986,4
7MXVkk9YMctZqd1Srtv4MB,"1Xyo4u8uXC1ZmMpatF05PJ,4tZwfgrHOc3mvqYlEYSvVi","Starboy","Starboy","The Weeknd,Daft Punk",2016-11-25,230453,89,spotify:user:31p54vhghancu7db6b6suz2qls7q,2022-09-15T16:42:27Z,"canadian contemporary r&b,canadian pop,pop,electro,filter house",0.679,0.587,7,-7.015,1,0.276,0.141,0.00000635,0.137,0.486,186.003,4
6Dc2tCivms1s2X9myWe4ni,"0UOrkpzPED604dKzxgfJqg","Tuyo (Narcos Theme) - A Netflix Original Series Soundtrack","Tuyo (Narcos Theme) [A Netflix Original Series Soundtrack]","Rodrigo Amarante",2015-09-18,89293,64,spotify:user:31p54vhghancu7db6b6suz2qls7q,2022-09-15T17:39:58Z,"nova mpb",0.72,0.422,1,-13.338,0,0.069,0.474,0.0847,0.155,0.546,112.219,4
6SRWhUJcD2YKahCwHavz3X,"7vk5e3vY1uw9plTHJAMwjN,1eMmoIprPDWeFdB1FxU6ZV,6064pL9Hu3Wx2bwJMeOx6o","Darkside","Different World","Alan Walker,Au/Ra,Tomine Harket",2018-12-14,211680,74,spotify:user:31p54vhghancu7db6b6suz2qls7q,2022-09-15T17:50:15Z,"electro house,alt z,deep pop edm,electropop,indie poptimism,pop",0.43,0.606,4,-5.115,0,0.0431,0.131,0,0.173,0.123,169.988,4
2DGa7iaidT5s0qnINlwMjJ,"7vk5e3vY1uw9plTHJAMwjN","The Spectre","The Spectre","Alan Walker",2017-09-15,193787,72,spotify:user:31p54vhghancu7db6b6suz2qls7q,2022-09-15T17:50:29Z,"electro house",0.654,0.711,1,-7.437,0,0.0383,0.0214,0.00191,0.0903,0.198,127.957,4
3LlmKSHR3Rs0Y3KHQLAYDk,"7vk5e3vY1uw9plTHJAMwjN","Alone","Different World","Alan Walker",2018-12-14,160426,73,spotify:user:31p54vhghancu7db6b6suz2qls7q,2022-09-15T17:50:42Z,"electro house",0.673,0.914,10,-3.962,1,0.0496,0.229,0.000478,0.186,0.183,97.021,4
7gHs73wELdeycvS48JfIos,"7vk5e3vY1uw9plTHJAMwjN","Faded","Faded","Alan Walker",2015-12-04,212626,71,spotify:user:31p54vhghancu7db6b6suz2qls7q,2022-09-15T17:50:48Z,"electro house",0.589,0.651,6,-5.097,1,0.0306,0.0291,0.0000032,0.111,0.166,90.011,4
62k0KcwOSbDrMnNubGg8Lj,"5cmkYfVjWGrtqL7ksKMRol,2Nkl0fzoLRcQAsc8tIzWOP","Hai Katha Sangram Ki","Hai Katha Sangram Ki","SS Animations,Parvathy Kapoor",2013,153614,62,spotify:user:31p54vhghancu7db6b6suz2qls7q,2022-09-18T06:57:46Z,"",0.171,0.434,6,-17.178,1,0.0414,0.435,0.000065,0.456,0.182,167.105,4
00zWMygaCavPjx7jazEF3C,"21b1tJoXxaP629GD8QNAHz","Dekha Ek Khwaab x O Meri Laila","Dekha Ek Khwaab x O Meri Laila","MD Shaidur Rahaman",2022-09-10,224072,29,spotify:user:31p54vhghancu7db6b6suz2qls7q,2022-09-18T12:35:40Z,"",0.424,0.717,11,-6.822,1,0.128,0.0784,0,0.276,0.427,109.865,4
2gNMXJDKRmKWuevBGjN8wo,"4Ai0pGz6GhQavjzaRhPTvz","3:59 AM","Punya Paap","DIVINE",2020-12-03,272197,67,spotify:user:31p54vhghancu7db6b6suz2qls7q,2022-09-18T16:30:54Z,"desi hip hop,desi trap,hindi hip hop",0.669,0.588,2,-6.902,1,0.339,0.177,0,0.179,0.237,97.026,4
1FpVJ7HpZInE2GvhVE2TwT,"47mIJdHORyRerp4os813jD,6yhD1KjhLxIETFF7vIRf8B","Legends Never Die","Legends Never Die","League of Legends,Against The Current",2017-09-15,235000,77,spotify:user:31p54vhghancu7db6b6suz2qls7q,2022-09-20T05:35:27Z,"speedrun,video game music,neon pop punk,pixie,pop punk",0.498,0.598,4,-6.638,0,0.0377,0.00786,0,0.111,0.0573,140.078,4
4TOGkYS141L15SkVosAp7Z,"6BkcAbUkfIBM4XudxieMq8","It's My Life","One Love","Dr. Alban",1992-05-04,239933,40,spotify:user:31p54vhghancu7db6b6suz2qls7q,2022-09-20T07:31:19Z,"bubblegum dance,eurodance,europop,hip house",0.655,0.933,7,-7.703,1,0.0536,0.00328,0.0358,0.0983,0.472,128.699,4
0v1XpBHnsbkCn7iJ9Ucr1l,"58lV9VcRSjABbAbfWS6skp","It's My Life","Crush","Bon Jovi",2000-01-01,224493,79,spotify:user:31p54vhghancu7db6b6suz2qls7q,2022-09-20T07:31:30Z,"glam metal,rock",0.551,0.913,0,-4.063,0,0.0466,0.0263,0.0000135,0.347,0.544,119.992,4
0k2GOhqsrxDTAbFFSdNJjT,"3Isy6kedDrgPYoTS1dazA9","Temperature","The Trinity","Sean Paul",2005-09-26,218573,78,spotify:user:31p54vhghancu7db6b6suz2qls7q,2022-09-21T04:04:48Z,"dance pop,dancehall,pop rap",0.951,0.6,0,-4.675,0,0.0685,0.106,0,0.0712,0.822,125.04,4
4jPy3l0RUwlUI9T5XHBW2m,"6fWVd57NKTalqvmjRd2t8Z,6ASri4ePR7RlsvIQgWPJpS","Mood (feat. iann dior)","El Dorado","24kGoldn,iann dior",2021-03-26,140533,82,spotify:user:31p54vhghancu7db6b6suz2qls7q,2022-09-23T16:37:08Z,"cali rap,pop,pop rap,rap,melodic rap",0.701,0.716,7,-3.671,0,0.0361,0.174,0,0.324,0.732,91.007,4
1K2RnVhm3eauKnA8PAcPu1,"4yvcSjfu4PC0CYQyLy4wSq","Heat Waves - Slowed","Heat Waves (Expansion Pack)","Glass Animals",2021-03-21,262248,73,spotify:user:31p54vhghancu7db6b6suz2qls7q,2022-09-28T15:30:22Z,"gauze pop,indietronica,shiver pop",0.633,0.55,9,-9.965,1,0.0924,0.649,0.000363,0.147,0.333,147.099,4
3USxtqRwSYz57Ewm6wWRMp,"4yvcSjfu4PC0CYQyLy4wSq","Heat Waves","Dreamland","Glass Animals",2020-08-07,238805,81,spotify:user:31p54vhghancu7db6b6suz2qls7q,2022-09-28T15:30:28Z,"gauze pop,indietronica,shiver pop",0.761,0.525,11,-6.9,1,0.0944,0.44,0.0000067,0.0921,0.531,80.87,4
18WFR8rRlJIVsJDFHWBbNN,"3ZaPFQ05J5qSM5I3Smbp44","Sigma","Sigma","Tevvez",2022-07-18,215073,58,spotify:user:31p54vhghancu7db6b6suz2qls7q,2022-10-06T06:11:54Z,"gym hardstyle",0.483,0.802,4,-9.205,0,0.147,0.0055,0.748,0.0822,0.0875,144.985,4
3e7sxremeOE3wTySiOhGiP,"5ZsFI1h6hIdQRw2ti0hz81,5WUlDfRSoLAfcVSX1WnrxN","Dusk Till Dawn (feat. Sia) - Radio Edit","Icarus Falls","ZAYN,Sia",2018-12-14,239000,78,spotify:user:31p54vhghancu7db6b6suz2qls7q,2022-10-08T07:39:38Z,"dance pop,pop,post-teen pop,uk pop,australian dance,australian pop",0.259,0.437,11,-6.589,0,0.0386,0.102,0.00000132,0.106,0.0951,180.042,4
55n9yjI6qqXh5F2mYvUc2y,"5ZsFI1h6hIdQRw2ti0hz81,06HL4z0CvFAxyc27GXpf02","I Don’t Wanna Live Forever (Fifty Shades Darker)","reputation Stadium Tour Surprise Song Playlist","ZAYN,Taylor Swift",2017-11-09,247160,79,spotify:user:31p54vhghancu7db6b6suz2qls7q,2022-10-08T07:39:51Z,"dance pop,pop,post-teen pop,uk pop",0.731,0.445,0,-8.418,1,0.0533,0.0586,0.0000196,0.14,0.106,117.97,4
7F6OzvQDeqVN6CgEzce7NH,"7qH3bgbToUi3PdLWvstAl3","Where Is She","Where Is She","CruZ",2020-11-20,260000,38,spotify:user:31p54vhghancu7db6b6suz2qls7q,2022-10-09T05:38:39Z,"",0.695,0.529,1,-8.999,0,0.0371,0.106,0.622,0.0946,0.0796,109.995,4
08bNPGLD8AhKpnnERrAc6G,"64KEffDW9EtZ1y2vBYgq8T,1zNqDE7qDGCsyzJwohVaoX","FRIENDS","FRIENDS","Marshmello,Anne-Marie",2018-02-09,202620,78,spotify:user:31p54vhghancu7db6b6suz2qls7q,2022-10-13T11:07:45Z,"brostep,dance pop,edm,pop,pop dance,progressive electro house,post-teen pop,tropical house,uk pop",0.626,0.88,9,-2.384,0,0.0504,0.205,0,0.128,0.534,95.079,4
7zv0i1f8kTy8hPapkm28kz,"3z97WMRi731dCvKklIf2X6","Best of Me","Best of Me","NEFFEX",2017-07-12,227200,65,spotify:user:31p54vhghancu7db6b6suz2qls7q,2022-10-13T11:15:47Z,"",0.657,0.842,0,-5.26,1,0.068,0.0051,0.00000277,0.223,0.594,74.995,4
6KigD0mlF4VGDYiSEzAyYw,"3z97WMRi731dCvKklIf2X6","Fight Back","Fight Back: The Collection","NEFFEX",2018-11-30,200571,74,spotify:user:31p54vhghancu7db6b6suz2qls7q,2022-10-13T11:16:36Z,"",0.716,0.946,1,-3.412,1,0.261,0.094,0.0000663,0.0825,0.587,139.943,4
4xkOaSrkexMciUUogZKVTS,"7dGJo4pcD2V6oG8kP0tJRR,1Oa0bMld0A3u5OTYfMzp5h","Till I Collapse","The Eminem Show","Eminem,Nate Dogg",2002-05-26,297786,86,spotify:user:31p54vhghancu7db6b6suz2qls7q,2022-10-13T11:17:13Z,"detroit hip hop,hip hop,rap,g funk,gangster rap,pop rap,west coast rap",0.548,0.847,1,-3.237,1,0.186,0.0622,0,0.0816,0.1,171.447,4
67awxiNHNyjMXhVgsHuIrs,"540vIaP2JwjQb9dm3aArA4,7sfl4Xt5KmfyDs2T3SVSMK","Turn Down for What","Turn Down for What","DJ Snake,Lil Jon",2013-12-18,213733,70,spotify:user:31p54vhghancu7db6b6suz2qls7q,2022-10-13T11:17:55Z,"dance pop,edm,electronic trap,pop,pop dance,pop rap,atl hip hop,crunk,dirty south rap,old school atlanta hip hop,southern hip hop",0.818,0.799,1,-4.1,0,0.156,0.00107,0.128,0.057,0.0815,100.014,4
6wZIdyBnKKtntqY6PVCkRu,"20V4dlQgbJH5dFBr2edJBC,2YSIktGdUoaUoCwMvwXFHu","Obnimi (Remix)","Obnimi (Remix)","Okean Elzi,Callmearco",2018-02-02,229670,63,spotify:user:31p54vhghancu7db6b6suz2qls7q,2022-10-13T11:21:53Z,"viral rap",0.714,0.845,7,-4.234,0,0.0856,0.199,0.00762,0.372,0.51,75.985,4
7MJQ9Nfxzh8LPZ9e9u68Fq,"7dGJo4pcD2V6oG8kP0tJRR","Lose Yourself","SHADYXV","Eminem",2014-11-24,320626,74,spotify:user:31p54vhghancu7db6b6suz2qls7q,2022-10-14T02:08:14Z,"detroit hip hop,hip hop,rap",0.689,0.735,2,-4.545,1,0.267,0.00922,0.00072,0.365,0.059,171.403,4
0YE6psa3OaEFNhMlGjf4hH,"5Jcubl6XIYxYIQothI4JsZ","Et Je Dance","Et Je Dance","nicebeatzprod.",2019-11-25,183080,40,spotify:user:31p54vhghancu7db6b6suz2qls7q,2022-10-15T11:15:27Z,"",0.629,0.591,10,-7.586,0,0.265,0.0113,0.00000668,0.425,0.592,105.583,4
0YU17F0BlVXvmx5ytsR43w,"0TKFPt9w0AAEnhB9bd0pLy,5ENS85nZShljwNgg4wFD7D","Monster","Monster","LUM!X,Gabry Ponte",2019-04-19,154226,71,spotify:user:31p54vhghancu7db6b6suz2qls7q,2022-10-16T10:09:55Z,"melbourne bounce international,slap house,edm,eurodance,italo dance,pop dance,tropical house",0.83,0.794,8,-6.279,0,0.432,0.0253,0.0248,0.106,0.607,128.16,4
7cVe3mYMIfhOlz1NXFWv70,"4PULA4EFzYTrxYvOVlwpiQ","0 to 100","No Name","Sidhu Moose Wala",2022-04-25,108493,71,spotify:user:31p54vhghancu7db6b6suz2qls7q,2022-10-16T17:26:05Z,"desi hip hop,pakistani hip hop,punjabi hip hop",0.742,0.675,8,-6.551,1,0.0907,0.139,0,0.167,0.679,145.989,4
3vkQ5DAB1qQMYO4Mr9zJN6,"0LcJLqbBmaGUft1e9Mm8HV","Gimme! Gimme! Gimme! (A Man After Midnight)","Voulez-Vous","ABBA",1979,292613,81,spotify:user:31p54vhghancu7db6b6suz2qls7q,2022-10-17T09:38:06Z,"europop,swedish pop",0.749,0.491,10,-9.655,1,0.0403,0.02,0.00899,0.159,0.536,119.528,4
4BLqBzCkmC4rA9pYzjr0Hq,"7FmygnepJt3fhiZQDmoC0P,5IzIL7dnJku61Le2Qv9Ehu,3TwDjxq0xKO564mxocDOhJ,012eZ2SQhQZ2zk1oqYocTv,4LYY7MCgBn5wXuIt2UOfFq","Shoorveer III","Shoorveer III","Rapperiya Baalam,SHAMBHO,Rajneesh Jaipuri,Jagirdar RV,Meetu Solanki",2022-02-19,213000,61,spotify:user:31p54vhghancu7db6b6suz2qls7q,2022-10-19T10:02:01Z,"rajasthani pop,marathi hip hop",0.768,0.727,7,-7.31,1,0.142,0.229,0,0.127,0.591,95.019,4
698ItKASDavgwZ3WjaWjtz,"7vk5e3vY1uw9plTHJAMwjN","Faded","Different World","Alan Walker",2018-12-14,212106,79,spotify:user:31p54vhghancu7db6b6suz2qls7q,2022-10-20T07:16:28Z,"electro house",0.468,0.627,6,-5.085,1,0.0476,0.0281,0.00000797,0.11,0.159,179.642,4
6xJouIXcEu4BPRT4wGsf11,"0FEJqmeLRzsXj8hgcZaAyB","Mini World","Mini World","Indila",2014-01-01,309946,49,spotify:user:31p54vhghancu7db6b6suz2qls7q,2022-10-21T14:57:20Z,"french pop",0.563,0.541,11,-8.458,0,0.0359,0.296,0.000352,0.104,0.165,131.947,4
2Cd9iWfcOpGDHLz6tVA3G4,"0EmeFodog0BfCgMzAIvKQp,7AcV1lk8Zrgo1691PDWEle","Waka Waka (This Time for Africa) [The Official 2010 FIFA World Cup (TM) Song] (feat. Freshlyground)","Waka Waka (This Time for Africa) [The Official 2010 FIFA World Cup (TM) Song] (feat. Freshlyground)","Shakira,Freshlyground",2010-05-07,202626,81,spotify:user:31p54vhghancu7db6b6suz2qls7q,2022-10-22T07:41:08Z,"colombian pop,dance pop,latin pop,afro soul,afropop,south african pop,south african pop dance",0.766,0.873,11,-6.381,0,0.143,0.00627,0,0.0764,0.743,126.988,4
3RiPr603aXAoi4GHyXx0uy,"4gzpq5DPGxSnKTe4SA8HAU","Hymn for the Weekend","A Head Full of Dreams","Coldplay",2015-12-04,258266,84,spotify:user:31p54vhghancu7db6b6suz2qls7q,2022-10-24T06:46:36Z,"permanent wave,pop",0.491,0.693,0,-6.487,0,0.0377,0.211,0.00000692,0.325,0.412,90.027,4
7iL6o9tox1zgHpKUfh9vuC,"3q7HBObVc0L8jNeTe5Gofh","In Da Club","Get Rich Or Die Tryin'","50 Cent",2003-02-06,193466,83,spotify:user:31p54vhghancu7db6b6suz2qls7q,2022-10-24T06:53:50Z,"east coast hip hop,gangster rap,hip hop,pop rap,queens hip hop,rap",0.899,0.713,6,-2.752,0,0.366,0.255,0,0.0708,0.777,90.051,4
0pqnGHJpmpxLKifKRmU6WP,"53XhwfbYqKCa1cC15pYq2q","Believer","Evolve","Imagine Dragons",2017-06-23,204346,87,spotify:user:31p54vhghancu7db6b6suz2qls7q,2022-10-24T07:00:26Z,"modern rock,rock",0.776,0.78,10,-4.374,0,0.128,0.0622,0,0.081,0.666,124.949,4
3lWzVNe1yFZlkeBBzUuZYu,"2TJHmhbmT7L3gw2NKyDTHh","Bella Ciao - Música Original de la Serie la Casa de Papel/ Money Heist","Bella Ciao (Música Original de la Serie la Casa de Papel/ Money Heist)","Manu Pilas",2018-04-20,139844,67,spotify:user:31p54vhghancu7db6b6suz2qls7q,2022-10-24T07:00:46Z,"",0.46,0.564,9,-10.329,0,0.0343,0.538,0,0.191,0.962,135.178,5
3MEYFivt6bilQ9q9mFWZ4g,"64KEffDW9EtZ1y2vBYgq8T","Alone","Alone","Marshmello",2016-05-13,273802,71,spotify:user:31p54vhghancu7db6b6suz2qls7q,2022-10-24T07:01:26Z,"brostep,dance pop,edm,pop,pop dance,progressive electro house",0.631,0.953,2,-3.739,1,0.0343,0.0241,0.0155,0.108,0.422,141.99,4
6epn3r7S14KUqlReYr77hA,"1uNFoZAHBGtllmzznpCI3s,3ipn9JLAPI5GUEo4y4jcoi","Baby","My World 2.0","Justin Bieber,Ludacris",2010-01-01,214240,81,spotify:user:31p54vhghancu7db6b6suz2qls7q,2022-10-24T07:02:30Z,"canadian pop,pop,atl hip hop,dance pop,dirty south rap,hip hop,old school atlanta hip hop,pop rap,rap,southern hip hop,trap",0.728,0.859,5,-5.237,0,0.137,0.0401,0,0.111,0.535,65.043,4
7fa9MBXhVfQ8P8Df9OEbD8,"04gDigrS5kc9YWfZHwBETP,4kYSro6naA4h99UJvo89HB","Girls Like You (feat. Cardi B) - Cardi B Version","Red Pill Blues (Deluxe)","Maroon 5,Cardi B",2018-06-15,235545,73,spotify:user:31p54vhghancu7db6b6suz2qls7q,2022-10-24T07:03:51Z,"pop,dance pop,rap",0.851,0.541,0,-6.825,1,0.0505,0.568,0,0.13,0.448,124.959,4
1Lim1Py7xBgbAkAys3AGAG,"738wLrAtLtCtFOLvQBXOXp,0bdfiayQAKewqEvaU6rXCv,540vIaP2JwjQb9dm3aArA4","Lean On","Peace Is The Mission (Extended)","Major Lazer,MØ,DJ Snake",2015-11-27,176561,72,spotify:user:31p54vhghancu7db6b6suz2qls7q,2022-10-24T07:05:21Z,"dance pop,edm,electro house,moombahton,pop,pop dance,pop rap,tropical house,danish pop,electropop,electronic trap",0.723,0.809,7,-3.081,0,0.0625,0.00346,0.00123,0.565,0.274,98.007,4
09CtPGIpYB4BrO8qb1RGsF,"1uNFoZAHBGtllmzznpCI3s","Sorry","Purpose (Deluxe)","Justin Bieber",2015-11-13,200786,81,spotify:user:31p54vhghancu7db6b6suz2qls7q,2022-10-24T07:05:55Z,"canadian pop,pop",0.654,0.76,0,-3.669,0,0.045,0.0797,0,0.299,0.41,99.945,4
4dPjk0ZHgfeEzDyh2YT6jO,"7vk5e3vY1uw9plTHJAMwjN,2LGU3PxihjIK5SUeCVcdFl","Sorry","Sorry (feat. ISÁK)","Alan Walker,ISÁK",2021-02-12,165000,50,spotify:user:31p54vhghancu7db6b6suz2qls7q,2022-10-24T07:06:07Z,"electro house,norwegian indie,norwegian pop,sami",0.545,0.556,5,-7.047,0,0.0481,0.437,0.0657,0.123,0.172,175.9,4
03UrZgTINDqvnUMbbIMhql,"2dd5mrQZvg6SmahdgVKDzh","Gangnam Style (강남스타일)","Gangnam Style (강남스타일)","싸이",2012-01-01,219493,73,spotify:user:31p54vhghancu7db6b6suz2qls7q,2022-10-24T07:06:20Z,"k-pop,k-rap,korean old school hip hop",0.727,0.937,11,-2.871,0,0.286,0.00417,0,0.091,0.749,132.067,4
7qiZfU4dY1lWllzX7mPBI3,"6eUKZXaKkcviH0Ku9w2n3V","Shape of You","÷ (Deluxe)","Ed Sheeran",2017-03-03,233712,85,spotify:user:31p54vhghancu7db6b6suz2qls7q,2022-10-24T07:06:57Z,"pop,uk pop",0.825,0.652,1,-3.183,0,0.0802,0.581,0,0.0931,0.931,95.977,4
5uEYRdEIh9Bo4fpjDd4Na9,"0Y5tJX1MQlPlqiwlOH1tJY,2o08sCWF5yyo2G4DCiT7T9","Goosebumps - Remix","Goosebumps (Remix)","Travis Scott,HVME",2021-01-15,162802,80,spotify:user:31p54vhghancu7db6b6suz2qls7q,2022-10-25T10:56:42Z,"rap,slap house",0.841,0.593,1,-7.846,1,0.0379,0.418,0,0.124,0.808,124.917,4
18asYwWugKjjsihZ0YvRxO,"2o5jDhtHVPhrJdv3cEQ99Z,4npEfmQ6YuiwW1GpUmaq3F","The Motto","The Motto","Tiësto,Ava Max",2021-11-04,164818,84,spotify:user:31p54vhghancu7db6b6suz2qls7q,2022-10-25T10:56:50Z,"big room,brostep,dance pop,dutch edm,edm,house,pop,pop dance,slap house,trance,tropical house",0.754,0.763,7,-4.627,0,0.0435,0.0301,0.0000223,0.0901,0.464,117.953,4
6k3q5dxWoip5EvfkfqHXAS,"1YlyxjwYNSjBD0NAJGEfWB,1LLc1LysYwIKPmcDVfrdMn","Running Up That Hill","Running Up That Hill","Bombs Away,Reigan",2022-06-10,164745,60,spotify:user:31p54vhghancu7db6b6suz2qls7q,2022-10-25T10:57:58Z,"australian dance,melbourne bounce international,australian pop",0.441,0.908,0,-4.585,1,0.122,0.00616,0.043,0.409,0.428,117.839,4
2R81XYNFqkLyemIxYb9aF7,"3nAdmhth5AczU6YwCJOlYh","Fire Blazing","Fire Blazing","Dropgun",2018-08-24,140571,52,spotify:user:31p54vhghancu7db6b6suz2qls7q,2022-10-25T10:58:10Z,"edm,electro house,pop dance,pop edm,russian edm",0.557,0.876,2,-3.014,0,0.0368,0.00928,0.00416,0.298,0.368,140.012,4
228KhdItMua78vrhM342UT,"5JIgApvXvqq4KtnDLE9YBz,5qZzS4qbriUwGeqoj8U1p3","Ad Kolima","Ad Kolima","Demeter,ISHNLV",2020-08-21,186115,52,spotify:user:31p54vhghancu7db6b6suz2qls7q,2022-10-29T03:48:30Z,"g-house",0.812,0.743,4,-6.347,1,0.237,0.247,0.00744,0.186,0.63,168.104,4
4sCdH0ZaDJkvdOvpQSpJTz,"3G9S4B7fDjDLr96BIBpdcI","Brazil (La La La La)","Carnival in Brazil: 40 Latin Classics","Brazilia Party Squad",2014-02-10,192400,46,spotify:user:31p54vhghancu7db6b6suz2qls7q,2022-10-29T17:39:23Z,"",0.693,0.653,0,-13.073,1,0.052,0.0124,0.000652,0.103,0.954,136.988,4
3zHq9ouUJQFQRf3cm1rRLu,"0X2BH1fck6amBIoJhDVmmJ","Love Me Like You Do - From Fifty Shades Of Grey","Delirium (Deluxe)","Ellie Goulding",2015-11-06,252534,78,spotify:user:31p54vhghancu7db6b6suz2qls7q,2022-10-29T17:40:53Z,"dance pop,edm,electropop,indietronica,metropopolis,pop,post-teen pop,uk pop",0.262,0.606,8,-6.646,1,0.0484,0.247,0,0.125,0.275,189.857,4
1DIXPcTDzTj8ZMHt3PDt8p,"3y24n3XhZ96wgwRXjvS17T,2LhsePRtgCo4THVKULQBL7","Gangsta's Paradise","Gangsta's Paradise","Coolio,L.V.",1995-11-07,240693,87,spotify:user:31p54vhghancu7db6b6suz2qls7q,2022-10-30T18:56:43Z,"g funk,gangster rap,hip hop,rap,west coast rap",0.647,0.514,8,-10.05,1,0.0593,0.0655,0,0.398,0.386,79.975,4
6H7fLdt0AeWpuxUKXuXWrx,"2NoJ7NuNs9nyj8Thoh1kbu","Shree Hanuman Chalisa","Shree Hanuman Chalisa (Hanuman Ashtak)","Hariharan",1992-01-01,586075,69,spotify:user:31p54vhghancu7db6b6suz2qls7q,2022-11-01T17:31:23Z,"filmi,ghazal,tamil pop",0.589,0.885,4,-3.4,1,0.035,0.545,0,0.132,0.831,91.01,4
6zYUAhqQ1uzkYCONion2Vr,"1SJOL9HJ08YOn92lFcYf8a,0cZUnZAl3WmjGJwEVcBqEH","Hanuman Chalisa","Vaah! Life Ho Toh Aisi! (Original Motion Picture Soundtrack)","Shankar Mahadevan,Ajay",2005-12-23,569440,55,spotify:user:31p54vhghancu7db6b6suz2qls7q,2022-11-01T17:32:03Z,"desi pop,filmi,modern bollywood,marathi pop",0.693,0.718,9,-9.625,1,0.123,0.513,0.00000133,0.0851,0.408,101.994,4
6w6D4f9DbVxxWbnf5N9VdD,"7FmygnepJt3fhiZQDmoC0P,3TwDjxq0xKO564mxocDOhJ","Shoorveer","Shoorveer","Rapperiya Baalam,Rajneesh Jaipuri",2020-07-17,237947,60,spotify:user:31p54vhghancu7db6b6suz2qls7q,2022-11-01T18:06:01Z,"rajasthani pop",0.771,0.757,1,-6.517,1,0.2,0.035,0,0.818,0.507,95.014,4
45GXsEdPxpFLnqQMPR2Cyy,"5pmMZOwVgXjgD0c5rLsS9x,7pchh9p2Z6Y8cASKWopg3G,3gdKEsvYBUHdtLMmECIN4q,2U4KiBePibvnd8BIXtBvk7,5X6ShVeOR0RNA0QLpFksuj,1gpRRYfNURm0XJCyxUuH8Q,6CdktQ3MYk5JwJHq1OajZG,2q1LRGJHpFxovU8Tz6OgRn,6oLN9TELPauBfctYeWPtYP,1gAlvF1ZgElfljtD0JZNgt","Toofan","KGF Chapter 2","Sandesh Datta Naik,Laxman Datta Naik,Brijesh Shandilya,Mohan Krishna,Saaj Bhatt,Santhosh Venky,Sachin Basrur,Ravi Basrur,Puneeth Rudranag,Priyanka Bharali",2022-03-21,213083,58,spotify:user:31p54vhghancu7db6b6suz2qls7q,2022-11-01T18:06:15Z,"modern bollywood,sufi,desi pop,sandalwood",0.704,0.755,0,-7.633,1,0.0603,0.335,0.000199,0.332,0.318,115.949,4
4FcZBCb6dANhvsEnFlgJwG,"6WOdPJmexxFINcKMkP2jMG,1E6arsXf5Fgsnv9YpSzjpE,1SyKki7JI1AZNKwgNMkn25","Ghamand Kar (From Tanhaji - The Unsung Warrior)","Ghamand Kar (From Tanhaji - The Unsung Warrior)","Sachet Tandon,Parampara Tandon,Sachet-Parampara",2019-12-24,282822,56,spotify:user:31p54vhghancu7db6b6suz2qls7q,2022-11-01T18:06:20Z,"desi pop,modern bollywood",0.465,0.836,6,-4.353,1,0.0632,0.0387,0.0000102,0.13,0.224,169.9,4
7rMqbvNImA6wy8lxlNUMmj,"09UmIX92EUH9hAK4bxvHx6,5GnnSrwNCGyfAU4zuIytiS,19MVxKZZdPj2X0F8pi0OCT,0y59o4v8uw5crbN9M3JiL1,2KhDedackjZfysiu7T7AwN,1ZCPRtzF2CRFnP9OYHQGmN,7qATomOqJzoJiuEpAaxOXd","Bolo Har Har Har (feat. Mohit Chauhan, Sukhwinder Singh, Badshah, Megha Sriram Dalton, Anugrah, Sandeep Shrivastava)","Shivaay","Mithoon,Mohit Chauhan,Sukhwinder Singh,Badshah,Megha Sriram Dalton,Anugrah,Sandeep Shrivastava",2016-10-07,294331,61,spotify:user:31p54vhghancu7db6b6suz2qls7q,2022-11-01T18:06:27Z,"desi pop,filmi,modern bollywood,sufi,classic bollywood,desi hip hop,desi trap,haryanvi pop",0.598,0.813,9,-6.107,1,0.066,0.278,0,0.109,0.311,140.101,4
7floNISpH8VF4z4459Qo18,"15UsOTVnJzReFVN1VCnxy4","Look At Me!","Look At Me!","XXXTENTACION",2017-02-20,126345,81,spotify:user:31p54vhghancu7db6b6suz2qls7q,2022-11-01T18:07:11Z,"emo rap,miami hip hop",0.763,0.726,1,-6.405,1,0.282,0.259,0,0.0976,0.349,139.059,4
4aO9pvX2kTJTdmJqc0YRsr,"4JczWHls9n9VpTHnqO2IG8,2U4KiBePibvnd8BIXtBvk7,1gpRRYfNURm0XJCyxUuH8Q,0gwiu2YjENIc80Dw6iaswA,3Gay1KEB0WNEosR9hz4N0M,34gnvApFvDNmEI0YdWpwea,4BGk3J3n2MdP1Lw9Vsa8yn,4JcNkX2slvFotxwbcl1eDZ,2BnjL103dLPThyJ2UNoDFi,3DaORH0Tws7WPuMKnQQj3Y,1H6i8xrN9PqWTo6u5EbaxH","Sultan","Kgf Chapter 1","Ananya Bhat,Mohan Krishna,Santhosh Venky,Renjith Unni,Balraj Jagadeesh Kumar,Deepesh Ak,H.S. Srinivasa Murthy,Vijay Aurs,Abhishek Chaithra Soman,Chethan Naik,Madhwesh Bharadwaj",2018-12-26,217524,57,spotify:user:31p54vhghancu7db6b6suz2qls7q,2022-11-01T18:24:01Z,"sandalwood,kannada pop",0.588,0.836,4,-7.138,0,0.107,0.472,0.0000253,0.176,0.217,124.984,4
6kWYigBhkWT2EINUNNtYr4,"4iA6bUhiZyvRKJf4FNVX39,2U4KiBePibvnd8BIXtBvk7,1gpRRYfNURm0XJCyxUuH8Q,0gwiu2YjENIc80Dw6iaswA,3Gay1KEB0WNEosR9hz4N0M,34gnvApFvDNmEI0YdWpwea,4BGk3J3n2MdP1Lw9Vsa8yn,4JcNkX2slvFotxwbcl1eDZ,2BnjL103dLPThyJ2UNoDFi,3DaORH0Tws7WPuMKnQQj3Y,1H6i8xrN9PqWTo6u5EbaxH","Salaam Rocky Bhai","Kgf Chapter 1","Vijay Prakash,Mohan Krishna,Santhosh Venky,Renjith Unni,Balraj Jagadeesh Kumar,Deepesh Ak,H.S. Srinivasa Murthy,Vijay Aurs,Abhishek Chaithra Soman,Chethan Naik,Madhwesh Bharadwaj",2018-12-26,245899,54,spotify:user:31p54vhghancu7db6b6suz2qls7q,2022-11-01T18:24:11Z,"filmi,sandalwood,kannada pop",0.726,0.904,10,-7.742,0,0.0408,0.255,0.0842,0.112,0.549,124.024,4
2sMfnB8GE35CJylN6qI7Ko,"2q1LRGJHpFxovU8Tz6OgRn,3gdKEsvYBUHdtLMmECIN4q,2U4KiBePibvnd8BIXtBvk7,7pchh9p2Z6Y8cASKWopg3G,5X6ShVeOR0RNA0QLpFksuj,1gpRRYfNURm0XJCyxUuH8Q,5pmMZOwVgXjgD0c5rLsS9x,6CdktQ3MYk5JwJHq1OajZG,6oLN9TELPauBfctYeWPtYP,1gAlvF1ZgElfljtD0JZNgt","Toofan","KGF Chapter 2 (Original Motion Picture Soundtrack)","Ravi Basrur,Brijesh Shandilya,Mohan Krishna,Laxman Datta Naik,Saaj Bhatt,Santhosh Venky,Sandesh Datta Naik,Sachin Basrur,Puneeth Rudranag,Priyanka Bharali",2022-04-20,213083,54,spotify:user:31p54vhghancu7db6b6suz2qls7q,2022-11-01T18:24:24Z,"sandalwood,modern bollywood,sufi,desi pop",0.701,0.759,0,-7.629,1,0.06,0.341,0.000215,0.333,0.303,115.96,4
2cOS4QnlGhfHWFxkot7ZXj,"2q1LRGJHpFxovU8Tz6OgRn,4iuB0dl4ppOzsTJoUo19vc,3gdKEsvYBUHdtLMmECIN4q,2U4KiBePibvnd8BIXtBvk7,7pchh9p2Z6Y8cASKWopg3G,5X6ShVeOR0RNA0QLpFksuj,1gpRRYfNURm0XJCyxUuH8Q,5pmMZOwVgXjgD0c5rLsS9x,6CdktQ3MYk5JwJHq1OajZG,6oLN9TELPauBfctYeWPtYP,70HfG4IYLoQ6X4jyxUSmXw,1gAlvF1ZgElfljtD0JZNgt","Sulthan","KGF Chapter 2 (Original Motion Picture Soundtrack)","Ravi Basrur,Suchetha Basrur,Brijesh Shandilya,Mohan Krishna,Laxman Datta Naik,Saaj Bhatt,Santhosh Venky,Sandesh Datta Naik,Sachin Basrur,Puneeth Rudranag,Manish Dinakar,Priyanka Bharali",2022-04-20,225517,61,spotify:user:31p54vhghancu7db6b6suz2qls7q,2022-11-01T18:24:29Z,"sandalwood,modern bollywood,sufi,desi pop",0.591,0.941,10,-6.923,0,0.0627,0.0609,0.00000855,0.182,0.479,125.011,4
3iHWzQUtYTdFbcOVvPsoUr,"2q1LRGJHpFxovU8Tz6OgRn,4iuB0dl4ppOzsTJoUo19vc","Falak Tu Garaj Tu","KGF Chapter 2 (Original Motion Picture Soundtrack)","Ravi Basrur,Suchetha Basrur",2022-04-20,171325,62,spotify:user:31p54vhghancu7db6b6suz2qls7q,2022-11-01T18:24:33Z,"sandalwood",0.472,0.515,4,-9.963,0,0.0484,0.802,0.147,0.522,0.247,124.492,3
2UM8qGrn0d3FjB3mWpIs6E,"2q1LRGJHpFxovU8Tz6OgRn,5PCdrbwPkpjmuZ8OFj2Oa0","The Monster Song (From KGF Chapter 2 - Hindi)","The Monster Song (From KGF Chapter 2 - Hindi)","Ravi Basrur,Adithi Sagar",2022-04-25,166145,51,spotify:user:31p54vhghancu7db6b6suz2qls7q,2022-11-01T18:24:37Z,"sandalwood",0.51,0.784,1,-6.683,1,0.126,0.0297,0.0336,0.387,0.215,119.828,4
3KPjbzsBxgCDnCD6uvyAjm,"2q1LRGJHpFxovU8Tz6OgRn","Rocky,Since 1951","KGF, Vol. 1 (Original Background Score)","Ravi Basrur",2019-09-10,84750,49,spotify:user:31p54vhghancu7db6b6suz2qls7q,2022-11-01T18:25:09Z,"sandalwood",0.0814,0.831,9,-6.366,0,0.117,0.00406,0.973,0.103,0.073,179.977,3
1DaF1xu2qeaxYOK0TeycKP,"3gdKEsvYBUHdtLMmECIN4q,2U4KiBePibvnd8BIXtBvk7,7pchh9p2Z6Y8cASKWopg3G,5X6ShVeOR0RNA0QLpFksuj,1gpRRYfNURm0XJCyxUuH8Q,5pmMZOwVgXjgD0c5rLsS9x,6CdktQ3MYk5JwJHq1OajZG,2q1LRGJHpFxovU8Tz6OgRn,6oLN9TELPauBfctYeWPtYP,70HfG4IYLoQ6X4jyxUSmXw,1gAlvF1ZgElfljtD0JZNgt","Sulthan","KGF Chapter 2","Brijesh Shandilya,Mohan Krishna,Laxman Datta Naik,Saaj Bhatt,Santhosh Venky,Sandesh Datta Naik,Sachin Basrur,Ravi Basrur,Puneeth Rudranag,Manish Dinakar,Priyanka Bharali",2022-03-21,225517,52,spotify:user:31p54vhghancu7db6b6suz2qls7q,2022-11-02T11:11:00Z,"modern bollywood,sufi,desi pop,sandalwood",0.595,0.941,10,-6.92,0,0.0669,0.0536,0.00000936,0.151,0.483,125.026,4
05Kms0excTlHRel656GZ3U,"31bkgXHo67awewnmvrdsah","Monsters","Monsters","Katie Sky",2014-05-11,217840,63,spotify:user:31p54vhghancu7db6b6suz2qls7q,2022-11-04T02:44:48Z,"",0.501,0.67,1,-5.847,1,0.0696,0.26,0,0.0774,0.614,175.895,4
27NovPIUIRrOZoCHxABJwK,"7jVv8c5Fj3E9VhNjxT4snq,2LIk90788K0zvyj2JJVwkJ","INDUSTRY BABY (feat. Jack Harlow)","INDUSTRY BABY (feat. Jack Harlow)","Lil Nas X,Jack Harlow",2021-07-23,212000,84,spotify:user:31p54vhghancu7db6b6suz2qls7q,2022-11-05T11:58:49Z,"lgbtq+ hip hop,pop,deep underground hip hop,kentucky hip hop,rap",0.736,0.704,3,-7.409,0,0.0615,0.0203,0,0.0501,0.894,149.995,4
3FHl1QYu76zguwjqhqcglX,"19MVxKZZdPj2X0F8pi0OCT,0oOet2f43PA68X5RxKobEy,0aXLGxJ65wok0y1bVG6flg","Kar Har Maidaan Fateh (From Sanju)","Kar Har Maidaan Fateh (From Sanju)","Sukhwinder Singh,Shreya Ghoshal,Vikram Montrose",2018-06-10,312157,59,spotify:user:31p54vhghancu7db6b6suz2qls7q,2022-11-10T11:20:00Z,"classic bollywood,desi hip hop,desi pop,filmi,modern bollywood",0.557,0.821,1,-7.794,0,0.0573,0.0189,0,0.0863,0.184,170.022,4
6gbZvxPMHrpIA8RAscDO9D,"465OXuCU8YZNmVG1leLwQ9,6PtoffEX0RiktNdmCeuWkl","Jigra","Uri - The Surgical Strike","Shashwat Sachdev,Siddharth Basrur",2019-01-04,240000,51,spotify:user:31p54vhghancu7db6b6suz2qls7q,2022-11-10T11:20:12Z,"modern bollywood",0.712,0.655,8,-7.813,1,0.0487,0.0694,0,0.103,0.145,99.978,4
4wNLPh3T8dxrJwC32MzIUd,"4YRxDV8wJFPHPTeXepOstw","Ae Watan (Male)","Raazi","Arijit Singh",2018-04-19,223399,51,spotify:user:31p54vhghancu7db6b6suz2qls7q,2022-11-10T11:20:17Z,"desi pop,filmi,modern bollywood",0.28,0.745,2,-4.523,1,0.0929,0.326,0,0.0933,0.186,80.687,3
3PAC15iDIHk7IWD8ShSgWh,"6jf2eKjiPT6P18RbOSLzf0,56SjZARoEvag3RoKWIb16j","Teri Mitti","Kesari","Arko,B Praak",2019-03-18,313999,58,spotify:user:31p54vhghancu7db6b6suz2qls7q,2022-11-10T11:20:22Z,"desi pop,filmi,modern bollywood,punjabi pop",0.332,0.422,3,-5.414,1,0.0449,0.865,0,0.0763,0.217,74.315,4
2kLFzLJgHtreNbNlbVzQy4,"6wa1AsxB9oJP7lwNSmbcYx,21x3ja7RPjkjLoaJhQmw9C,465OXuCU8YZNmVG1leLwQ9","Jagga Jiteya","Uri - The Surgical Strike","Daler Mehndi,Dee MC,Shashwat Sachdev",2019-01-04,191489,58,spotify:user:31p54vhghancu7db6b6suz2qls7q,2022-11-11T10:27:14Z,"bhangra,desi hip hop,desi pop,filmi,modern bollywood",0.774,0.783,0,-4.247,1,0.0857,0.0173,0,0.19,0.206,93.959,4
2r6UZZ1JdRsDlfIQHKDjST,"0bRPtPZQkWHeG7MGk9eWlh,5KOvzkFqFQBE4r34ebiDXh,465OXuCU8YZNmVG1leLwQ9","Challa","Uri - The Surgical Strike","Romy,Vivek Hariharan,Shashwat Sachdev",2019-01-04,207780,59,spotify:user:31p54vhghancu7db6b6suz2qls7q,2022-11-11T10:27:18Z,"desi pop,modern bollywood",0.762,0.718,1,-5.039,1,0.12,0.105,0.00000193,0.118,0.718,98.019,4
5W7DOVGQLTigu09afW7QMT,"4PULA4EFzYTrxYvOVlwpiQ","295","Moosetape","Sidhu Moose Wala",2021-05-15,270000,77,spotify:user:31p54vhghancu7db6b6suz2qls7q,2022-11-12T07:15:18Z,"desi hip hop,pakistani hip hop,punjabi hip hop",0.557,0.794,11,-5.698,0,0.2,0.179,0,0.106,0.432,91.366,4
29m79w9xPMH4YCD6r8JSmV,"6LEG9Ld1aLImEFEVHdWNSB,5DHi2MeoRgAwPE0A0qwRMl,0OS0NZnK7TGIAWx8MkWNFN","Excuses","Excuses","AP Dhillon,Gurinder Gill,Intense",2020-07-24,176232,81,spotify:user:31p54vhghancu7db6b6suz2qls7q,2022-11-12T07:15:22Z,"punjabi hip hop,punjabi pop,desi hip hop,desi pop",0.837,0.717,5,-7.749,0,0.0822,0.0842,0,0.149,0.494,94.984,4
6ZYxNjuAU9Vy3VtF6W1dtE,"5r3wPya2PpeTTsXsGhQU8O","We Rollin","We Rollin","Shubh",2021-09-09,199205,79,spotify:user:31p54vhghancu7db6b6suz2qls7q,2022-11-12T07:15:27Z,"punjabi hip hop",0.82,0.504,4,-9.113,0,0.141,0.261,0.000007,0.104,0.275,85.016,4
65c6VCikt7f5sAS1heoYQC,"0SWOtgI95g7oVrP9halrmP,4PULA4EFzYTrxYvOVlwpiQ","Same Beef","Same Beef","Bohemia,Sidhu Moose Wala",2019-09-18,290360,68,spotify:user:31p54vhghancu7db6b6suz2qls7q,2022-11-12T07:15:32Z,"desi hip hop,desi pop,pakistani hip hop,punjabi hip hop",0.779,0.854,9,-4.958,1,0.219,0.0462,0,0.21,0.379,91.992,4
08Isz2ETWSBhvIl8UpKYsp,"5r3wPya2PpeTTsXsGhQU8O","No Love","No Love","Shubh",2022-02-22,170387,83,spotify:user:31p54vhghancu7db6b6suz2qls7q,2022-11-12T07:15:44Z,"punjabi hip hop",0.768,0.487,4,-8.936,0,0.0431,0.24,0,0.175,0.722,137.034,4
01d8tSqJUrPlK1l8FwgsCF,"0L5GV6LN8SWWUWIdBbTLTZ,1SJOL9HJ08YOn92lFcYf8a","Soorma Anthem","Soorma (Original Motion Picture Soundtrack)","Shankar-Ehsaan-Loy,Shankar Mahadevan",2018-07-03,251991,52,spotify:user:31p54vhghancu7db6b6suz2qls7q,2022-11-15T03:45:58Z,"desi pop,filmi,modern bollywood",0.723,0.666,7,-7.028,0,0.0274,0.046,0,0.106,0.117,113.99,4
