Spotify ID,Artist IDs,Track Name,Album Name,Artist Name(s),Release Date,Duration (ms),Popularity,Added By,Added At,Genres,Danceability,Energy,Key,Loudness,Mode,Speechiness,Acousticness,Instrumentalness,Liveness,Valence,Tempo,Time Signature
2QjOHCTQ1Jl3zawyYOpxh6,"77SW9BnxLY8rJ0RciFqkHh","Sweater Weather","I Love You.","The Neighbourhood",2013-04-19,240400,92,spotify:user:31rxebylqt37vtukaphhv3ofkq3y,2022-09-08T15:50:49Z,"modern alternative rock,modern rock,pop,shimmer pop",0.612,0.807,10,-2.81,1,0.0336,0.0495,0.0177,0.101,0.398,124.053,4
5E30LdtzQTGqRvNd7l6kG5,"77SW9BnxLY8rJ0RciFqkHh","Daddy Issues","Wiped Out!","The Neighbourhood",2015-10-30,260173,86,spotify:user:31rxebylqt37vtukaphhv3ofkq3y,2022-09-08T15:54:55Z,"modern alternative rock,modern rock,pop,shimmer pop",0.588,0.521,10,-9.461,1,0.0329,0.0678,0.149,0.123,0.337,85.012,4
2K7xn816oNHJZ0aVqdQsha,"77SW9BnxLY8rJ0RciFqkHh","Softcore","Hard To Imagine The Neighbourhood Ever Changing","The Neighbourhood",2018-11-02,206280,85,spotify:user:31rxebylqt37vtukaphhv3ofkq3y,2022-09-08T15:55:01Z,"modern alternative rock,modern rock,pop,shimmer pop",0.575,0.568,9,-5.509,0,0.03,0.0484,0.000417,0.286,0.37,93.986,4
2u0CelO5c81XS7z3dGpHbS,"77SW9BnxLY8rJ0RciFqkHh","The Beach","Wiped Out!","The Neighbourhood",2015-10-30,255133,77,spotify:user:31rxebylqt37vtukaphhv3ofkq3y,2022-09-08T15:55:05Z,"modern alternative rock,modern rock,pop,shimmer pop",0.245,0.64,2,-7.426,0,0.0608,0.131,0.00000811,0.0766,0.105,135.739,4
1aXV8GrmQLvgoFtBPERP7E,"3XxNRirzbjfLdDli06zMaB","Jealous","Jealous","Eyedress",2019-12-06,122338,83,spotify:user:31rxebylqt37vtukaphhv3ofkq3y,2022-09-08T15:55:08Z,"noise pop",0.474,0.921,9,-10.431,0,0.0457,0.00491,0.85,0.476,0.696,93.01,4
0Oqc0kKFsQ6MhFOLBNZIGX,"00FQb4jTyendYWaN8pK0wa","Doin' Time","Norman Fucking Rockwell!","Lana Del Rey",2019-08-30,202192,81,spotify:user:31rxebylqt37vtukaphhv3ofkq3y,2022-09-08T15:55:13Z,"art pop,pop",0.641,0.559,7,-11.132,0,0.0355,0.404,0.00402,0.0937,0.523,144.982,4
3jjsRKEsF42ccXf8kWR3nu,"2uYWxilOVlUdk4oV9DvwqK","Washing Machine Heart","Be the Cowboy","Mitski",2018-08-17,128198,82,spotify:user:31rxebylqt37vtukaphhv3ofkq3y,2022-09-08T15:55:20Z,"brooklyn indie,pop",0.613,0.822,9,-4.087,1,0.026,0.0092,0.506,0.429,0.567,105.997,4
0xD23i0X1WjqMSYIxRfO80,"77SW9BnxLY8rJ0RciFqkHh","Unfair","#000000 & #FFFFFF","The Neighbourhood",2014-11-28,146866,71,spotify:user:31rxebylqt37vtukaphhv3ofkq3y,2022-09-08T15:55:33Z,"modern alternative rock,modern rock,pop,shimmer pop",0.477,0.572,8,-7.328,1,0.0319,0.00708,0.784,0.144,0.0414,194.033,4
5JCoSi02qi3jJeHdZXMmR8,"1McMsnEElThX1knmY4oliG","favorite crime","SOUR","Olivia Rodrigo",2021-05-21,152666,84,spotify:user:31rxebylqt37vtukaphhv3ofkq3y,2022-09-08T15:55:41Z,"pop",0.369,0.272,9,-10.497,1,0.0364,0.866,0,0.147,0.218,172.929,4
5CZ40GBx1sQ9agT82CLQCT,"1McMsnEElThX1knmY4oliG","traitor","SOUR","Olivia Rodrigo",2021-05-21,229226,86,spotify:user:31rxebylqt37vtukaphhv3ofkq3y,2022-09-08T15:55:46Z,"pop",0.38,0.339,3,-7.885,1,0.0338,0.691,0,0.12,0.0849,100.607,4
5wANPM4fQCJwkGd4rN57mH,"1McMsnEElThX1knmY4oliG","drivers license","SOUR","Olivia Rodrigo",2021-05-21,242013,86,spotify:user:31rxebylqt37vtukaphhv3ofkq3y,2022-09-08T15:55:49Z,"pop",0.561,0.431,10,-8.81,1,0.0578,0.768,0.0000142,0.106,0.137,143.875,4
6HU7h9RYOaPRFeh0R3UeAr,"1McMsnEElThX1knmY4oliG","deja vu","SOUR","Olivia Rodrigo",2021-05-21,215506,86,spotify:user:31rxebylqt37vtukaphhv3ofkq3y,2022-09-08T15:55:54Z,"pop",0.442,0.612,2,-7.222,1,0.112,0.584,0.0000057,0.37,0.178,180.917,4
4ZtFanR9U6ndgddUvNcjcG,"1McMsnEElThX1knmY4oliG","good 4 u","SOUR","Olivia Rodrigo",2021-05-21,178146,86,spotify:user:31rxebylqt37vtukaphhv3ofkq3y,2022-09-08T15:55:58Z,"pop",0.563,0.664,9,-5.044,1,0.154,0.335,0,0.0849,0.688,166.928,4
0MMyJUC3WNnFS1lit5pTjk,"1McMsnEElThX1knmY4oliG","jealousy, jealousy","SOUR","Olivia Rodrigo",2021-05-21,173160,82,spotify:user:31rxebylqt37vtukaphhv3ofkq3y,2022-09-08T15:56:04Z,"pop",0.695,0.575,10,-6.334,0,0.116,0.198,0,0.0614,0.699,163.929,4
4wcBRRpIfesgcyUtis7PEg,"1McMsnEElThX1knmY4oliG","1 step forward, 3 steps back","SOUR","Olivia Rodrigo",2021-05-21,163586,78,spotify:user:31rxebylqt37vtukaphhv3ofkq3y,2022-09-08T15:56:07Z,"pop",0.473,0.203,2,-12.627,1,0.102,0.941,0,0.126,0.419,168.884,4
2tGvwE8GcFKwNdAXMnlbfl,"1McMsnEElThX1knmY4oliG","happier","SOUR","Olivia Rodrigo",2021-05-21,175933,84,spotify:user:31rxebylqt37vtukaphhv3ofkq3y,2022-09-08T15:56:11Z,"pop",0.395,0.443,6,-9.72,1,0.133,0.765,0.00000967,0.0839,0.338,168.924,3
7zwn1eykZtZ5LODrf7c0tS,"77SW9BnxLY8rJ0RciFqkHh","You Get Me So High","Hard To Imagine The Neighbourhood Ever Changing","The Neighbourhood",2018-11-02,153000,82,spotify:user:31rxebylqt37vtukaphhv3ofkq3y,2022-09-08T15:56:34Z,"modern alternative rock,modern rock,pop,shimmer pop",0.551,0.881,7,-6.099,0,0.0542,0.186,0.0791,0.152,0.387,88.036,4
3HQcsqRjRdruUjkbDSgmVF,"5pKCCKE2ajJHZ9KAiaK11H","Woo","ANTI (Deluxe)","Rihanna",2016-01-28,235586,78,spotify:user:31rxebylqt37vtukaphhv3ofkq3y,2022-09-08T15:58:14Z,"barbadian pop,dance pop,pop,urban contemporary",0.42,0.466,9,-5.298,1,0.0326,0.0546,0.00389,0.298,0.185,115.004,4
4pAl7FkDMNBsjykPXo91B3,"5pKCCKE2ajJHZ9KAiaK11H","Needed Me","ANTI (Deluxe)","Rihanna",2016-01-28,191600,81,spotify:user:31rxebylqt37vtukaphhv3ofkq3y,2022-09-08T15:58:20Z,"barbadian pop,dance pop,pop,urban contemporary",0.671,0.314,5,-8.091,0,0.244,0.11,0,0.0825,0.296,110.898,4
3uwnnTQcHM1rDqSfA4gQNz,"6S2OmqARrzebs0tKUEyXyp","Cool for the Summer","Confident","Demi Lovato",2015-01-01,214739,79,spotify:user:31rxebylqt37vtukaphhv3ofkq3y,2022-09-08T15:58:31Z,"dance pop,pop,post-teen pop,uk pop",0.583,0.61,5,-5.639,0,0.0382,0.00425,0.000105,0.14,0.336,114.06,4
0VjIjW4GlUZAMYd2vXMi3b,"1Xyo4u8uXC1ZmMpatF05PJ","Blinding Lights","After Hours","The Weeknd",2020-03-20,200040,90,spotify:user:31rxebylqt37vtukaphhv3ofkq3y,2022-09-08T15:59:18Z,"canadian contemporary r&b,canadian pop,pop",0.514,0.73,1,-5.934,1,0.0598,0.00146,0.0000954,0.0897,0.334,171.005,4
1cKHdTo9u0ZymJdPGSh6nq,"1Xyo4u8uXC1ZmMpatF05PJ,3hteYQFiMFbJY7wS0xDymP","I Was Never There","My Dear Melancholy,","The Weeknd,Gesaffelstein",2018-03-30,241066,89,spotify:user:31rxebylqt37vtukaphhv3ofkq3y,2022-09-08T15:59:22Z,"canadian contemporary r&b,canadian pop,pop,dark clubbing,destroy techno",0.323,0.737,10,-4.008,1,0.0338,0.142,0.000162,0.163,0.155,113.26,4
09mEdoA6zrmBPgTEN5qXmN,"1Xyo4u8uXC1ZmMpatF05PJ","Call Out My Name","My Dear Melancholy,","The Weeknd",2018-03-30,228373,88,spotify:user:31rxebylqt37vtukaphhv3ofkq3y,2022-09-08T15:59:26Z,"canadian contemporary r&b,canadian pop,pop",0.461,0.593,1,-4.954,1,0.0356,0.17,0,0.307,0.175,134.17,3
5QO79kh1waicV47BqGRL3g,"1Xyo4u8uXC1ZmMpatF05PJ","Save Your Tears","After Hours","The Weeknd",2020-03-20,215626,88,spotify:user:31rxebylqt37vtukaphhv3ofkq3y,2022-09-08T15:59:29Z,"canadian contemporary r&b,canadian pop,pop",0.68,0.826,0,-5.487,1,0.0309,0.0212,0.0000124,0.543,0.644,118.051,4
7MXVkk9YMctZqd1Srtv4MB,"1Xyo4u8uXC1ZmMpatF05PJ,4tZwfgrHOc3mvqYlEYSvVi","Starboy","Starboy","The Weeknd,Daft Punk",2016-11-25,230453,89,spotify:user:31rxebylqt37vtukaphhv3ofkq3y,2022-09-08T15:59:33Z,"canadian contemporary r&b,canadian pop,pop,electro,filter house",0.679,0.587,7,-7.015,1,0.276,0.141,0.00000635,0.137,0.486,186.003,4
2Ch7LmS7r2Gy2kc64wv3Bz,"1Xyo4u8uXC1ZmMpatF05PJ","Die For You","Starboy","The Weeknd",2016-11-25,260253,87,spotify:user:31rxebylqt37vtukaphhv3ofkq3y,2022-09-08T15:59:44Z,"canadian contemporary r&b,canadian pop,pop",0.582,0.525,1,-7.163,0,0.0627,0.111,0,0.134,0.51,133.249,4
7fBv7CLKzipRk6EC6TWHOB,"1Xyo4u8uXC1ZmMpatF05PJ","The Hills","Beauty Behind The Madness","The Weeknd",2015-08-28,242253,86,spotify:user:31rxebylqt37vtukaphhv3ofkq3y,2022-09-08T16:00:15Z,"canadian contemporary r&b,canadian pop,pop",0.585,0.564,0,-7.063,0,0.0515,0.0671,0,0.135,0.137,113.003,4
6huNf4dutXRjJyGn7f5BPS,"1Xyo4u8uXC1ZmMpatF05PJ,2YZyLoL8N0Wb9xBt1NhZWg","Pray For Me","The Highlights","The Weeknd,Kendrick Lamar",2021-02-05,211420,77,spotify:user:31rxebylqt37vtukaphhv3ofkq3y,2022-09-08T16:00:24Z,"canadian contemporary r&b,canadian pop,pop,conscious hip hop,hip hop,rap,west coast rap",0.732,0.678,2,-4.977,1,0.0886,0.0867,0.0000241,0.112,0.196,100.626,4
67HlBRWRSjAHY2ujn6eOan,"1Xyo4u8uXC1ZmMpatF05PJ","Often","The Highlights","The Weeknd",2021-02-05,249109,53,spotify:user:31rxebylqt37vtukaphhv3ofkq3y,2022-09-08T16:00:28Z,"canadian contemporary r&b,canadian pop,pop",0.57,0.624,5,-9.829,0,0.0462,0.241,0,0.125,0.0778,133.981,4
1cQ3LIkZE68pMSnPhZWXLu,"1Xyo4u8uXC1ZmMpatF05PJ","Earned It (Fifty Shades Of Grey)","The Highlights","The Weeknd",2021-02-05,277724,75,spotify:user:31rxebylqt37vtukaphhv3ofkq3y,2022-09-08T16:00:32Z,"canadian contemporary r&b,canadian pop,pop",0.658,0.282,2,-8.282,0,0.0353,0.433,0,0.0741,0.39,119.757,3
3dhjNA0jGA8vHBQ1VdD6vV,"1Xyo4u8uXC1ZmMpatF05PJ,4tZwfgrHOc3mvqYlEYSvVi","I Feel It Coming","Starboy","The Weeknd,Daft Punk",2016-11-25,269186,80,spotify:user:31rxebylqt37vtukaphhv3ofkq3y,2022-09-08T16:02:20Z,"canadian contemporary r&b,canadian pop,pop,electro,filter house",0.773,0.819,0,-5.946,0,0.118,0.428,0,0.0679,0.585,92.987,4
3M0lSi5WW79CXQamgSBIjx,"7cYEt1pqMgXJdq00hAwVpT","Swim","Chase Atlantic","Chase Atlantic",2017-10-04,228786,82,spotify:user:31rxebylqt37vtukaphhv3ofkq3y,2022-09-08T16:02:36Z,"pop",0.666,0.542,8,-6.429,1,0.0392,0.27,0,0.0765,0.0771,120.134,4
2jQiSYrwJehQAcuaaQrXnS,"7cYEt1pqMgXJdq00hAwVpT","Friends","Nostalgia","Chase Atlantic",2015-02-21,230010,81,spotify:user:31rxebylqt37vtukaphhv3ofkq3y,2022-09-08T16:02:40Z,"pop",0.422,0.609,11,-6.361,0,0.0335,0.0114,0.00000476,0.108,0.0911,107.34,3
4HwDCXsMBC7SUdp2WT4MZP,"7cYEt1pqMgXJdq00hAwVpT","Into It","Chase Atlantic","Chase Atlantic",2017-10-04,196767,78,spotify:user:31rxebylqt37vtukaphhv3ofkq3y,2022-09-08T16:02:43Z,"pop",0.518,0.572,10,-6.706,0,0.0416,0.0503,0.0000241,0.129,0.291,130.053,4
5lT5IZWW3JQErXELJpQgJ9,"7cYEt1pqMgXJdq00hAwVpT","Slow Down","Paradise EP","Chase Atlantic",2016-12-20,212093,78,spotify:user:31rxebylqt37vtukaphhv3ofkq3y,2022-09-08T16:02:48Z,"pop",0.477,0.788,10,-4.46,1,0.0362,0.0183,0.00000178,0.294,0.255,129.967,4
0X2bh8NVQ8svDQIn2AdCbW,"7cYEt1pqMgXJdq00hAwVpT,5WyJhpNewRPUahSlrxkOeR","Consume (feat. Goon Des Garcons)","Chase Atlantic","Chase Atlantic,GOON DES GARCONS*",2017-10-04,267920,78,spotify:user:31rxebylqt37vtukaphhv3ofkq3y,2022-09-08T16:02:52Z,"pop",0.556,0.714,9,-5.322,0,0.158,0.07,0,0.261,0.434,146.113,4
6ydWxkzjDktHsTzvWcaZ1i,"2jku7tDXc6XoB6MO2hFuqg,5eIbEEQnDM8yuDVB0bimSP","In For It","In For It","Tory Lanez,RL Grime",2015-01-15,293306,70,spotify:user:31rxebylqt37vtukaphhv3ofkq3y,2022-09-08T16:04:03Z,"canadian hip hop,canadian trap,melodic rap,pop,pop rap,r&b,rap,toronto rap,trap,bass trap,edm,electro house,electronic trap,electropop,pop dance,vapor twitch",0.383,0.531,5,-7.814,0,0.0741,0.0753,0.000102,0.108,0.0375,105.971,4
0mO6oS60RST2sWmN2FKknP,"5INjqkS1o8h1imAzPqGZBb","One More Hour","The Slow Rush","Tame Impala",2020-02-14,432560,77,spotify:user:31rxebylqt37vtukaphhv3ofkq3y,2022-09-08T16:04:25Z,"australian psych,neo-psychedelic",0.647,0.398,4,-8.63,1,0.0283,0.108,0.107,0.148,0.32,102.029,4
4woTEX1wYOTGDqNXuavlRC,"7dGJo4pcD2V6oG8kP0tJRR,5jNmxPYz8QE5rYp4GDil8t","Superman","The Eminem Show","Eminem,Dina Rae",2002-05-26,350320,86,spotify:user:31rxebylqt37vtukaphhv3ofkq3y,2022-09-08T16:04:46Z,"detroit hip hop,hip hop,rap",0.802,0.755,4,-3.138,0,0.0564,0.0215,0,0.295,0.58,130.027,4
0otRX6Z89qKkHkQ9OqJpKt,"4IWBUUAFIplrNtaOHcJPRM","Car's Outside","YOU","James Arthur",2019-10-18,248373,81,spotify:user:31rxebylqt37vtukaphhv3ofkq3y,2022-09-08T16:04:59Z,"pop,talent show,uk pop",0.338,0.562,9,-7.181,1,0.029,0.039,0,0.107,0.259,149.907,4
5XeFesFbtLpXzIVDNQP22n,"7Ln80lUS6He07XvHI8qqHH","I Wanna Be Yours","AM","Arctic Monkeys",2013-09-09,183956,91,spotify:user:31rxebylqt37vtukaphhv3ofkq3y,2022-09-08T16:05:11Z,"garage rock,modern rock,permanent wave,rock,sheffield indie",0.464,0.417,0,-9.345,0,0.0256,0.136,0.022,0.0974,0.479,67.528,4
5FVd6KXrgO9B3JPmC8OPst,"7Ln80lUS6He07XvHI8qqHH","Do I Wanna Know?","AM","Arctic Monkeys",2013-09-09,272394,87,spotify:user:31rxebylqt37vtukaphhv3ofkq3y,2022-09-08T16:05:14Z,"garage rock,modern rock,permanent wave,rock,sheffield indie",0.548,0.532,5,-7.596,1,0.0323,0.186,0.000263,0.217,0.405,85.03,4
0BxE4FqsDD1Ot4YuBXwAPp,"7Ln80lUS6He07XvHI8qqHH","505","Favourite Worst Nightmare","Arctic Monkeys",2007-04-22,253586,86,spotify:user:31rxebylqt37vtukaphhv3ofkq3y,2022-09-08T16:05:18Z,"garage rock,modern rock,permanent wave,rock,sheffield indie",0.526,0.866,0,-5.822,1,0.0568,0.00287,0.0000778,0.0945,0.248,140.266,4
086myS9r57YsLbJpU0TgK9,"7Ln80lUS6He07XvHI8qqHH","Why'd You Only Call Me When You're High?","AM","Arctic Monkeys",2013-09-09,161123,87,spotify:user:31rxebylqt37vtukaphhv3ofkq3y,2022-09-08T16:05:22Z,"garage rock,modern rock,permanent wave,rock,sheffield indie",0.691,0.631,2,-6.478,1,0.0368,0.0483,0.0000113,0.104,0.8,92.004,4
2AT8iROs4FQueDv2c8q2KE,"7Ln80lUS6He07XvHI8qqHH","R U Mine?","AM","Arctic Monkeys",2013-09-09,201726,82,spotify:user:31rxebylqt37vtukaphhv3ofkq3y,2022-09-08T16:05:45Z,"garage rock,modern rock,permanent wave,rock,sheffield indie",0.288,0.758,6,-5.692,0,0.0371,0.00616,0,0.303,0.619,97.094,4
3yWF3DqFBNLvf7s4C7mKUm,"4RzbexUO843fc5SLqKEQCr","Renegade","Renegade","Aaryan Shah",2018-03-02,222576,77,spotify:user:31rxebylqt37vtukaphhv3ofkq3y,2022-09-08T16:05:57Z,"trap soul",0.551,0.561,9,-10.408,0,0.0559,0.509,0.367,0.369,0.207,103.118,4
5IgjP7X4th6nMNDh4akUHb,"7bXgB6jMjp9ATFy66eO08Z","Under The Influence","Indigo (Extended)","Chris Brown",2019-10-04,184613,95,spotify:user:31rxebylqt37vtukaphhv3ofkq3y,2022-09-08T16:06:01Z,"dance pop,pop,r&b",0.733,0.69,9,-5.529,0,0.0427,0.0635,0.00000118,0.105,0.31,116.992,4
37y7iDayfwm3WXn5BiAoRk,"57vWImR43h4CaDao012Ofp","Dark Red","Dark Red","Steve Lacy",2017-02-20,173104,77,spotify:user:31rxebylqt37vtukaphhv3ofkq3y,2022-09-08T16:06:16Z,"afrofuturism",0.603,0.783,6,-4.023,1,0.062,0.449,0.00000796,0.119,0.775,172.041,4
59lwziVsBqiEDM86l7FWPZ,"3nirCcAFDstMworUJd3OfN,5Jxv8p3dEf5cFKiDaNdvLP","Shut Up and Listen","Shut Up and Listen (Sped Up Version)","Nicholas Bonnin,Angelicca",2022-08-26,243000,55,spotify:user:31rxebylqt37vtukaphhv3ofkq3y,2022-09-08T16:06:26Z,"",0.27,0.33,9,-11.532,0,0.0348,0.0175,0.000152,0.124,0.0372,88.419,4
