Spotify ID,Artist IDs,Track Name,Album Name,Artist Name(s),Release Date,Duration (ms),Popularity,Added By,Added At,Genres,Danceability,Energy,Key,Loudness,Mode,Speechiness,Acousticness,Instrumentalness,Liveness,Valence,Tempo,Time Signature
5bcTCxgc7xVfSaMV3RuVke,"7CajNmpbOovFoOoasH2HaY,2RdwBSPQiwcmiDo9kixcl8,6jJ0s89eD6GaHleKKya26X,0c173mlxpT3dSFRgMO8XPh,4A0TivfinfALCAMJqqjZIk","Feels (feat. Pharrell Williams, Katy Perry & Big Sean)","Funk Wav Bounces Vol.1","Calvin Harris,Pharrell Williams,Katy Perry,Big Sean,Funk Wav",2017-06-30,223413,77,spotify:user:candyqueen704,2018-07-16T19:40:50Z,"dance pop,edm,electro house,house,pop,progressive house,uk dance,hip hop,pop rap,detroit hip hop,r&b,rap,southern hip hop,trap",0.893,0.745,11,-3.105,0,0.0571,0.0642,0,0.0943,0.872,101.018,4
77TT8Xvx637TpzV8kKGkUw,"1Cs0zKBU1kc0i8ypK3B9ai,5WUlDfRSoLAfcVSX1WnrxN","Titanium (feat. Sia)","Nothing but the Beat","David Guetta,Sia",2011-08-31,245040,59,spotify:user:candyqueen704,2018-07-16T19:40:54Z,"big room,dance pop,edm,pop,pop dance,australian dance,australian pop",0.604,0.788,0,-3.673,0,0.103,0.0678,0.153,0.127,0.301,126.06,4
3zHq9ouUJQFQRf3cm1rRLu,"0X2BH1fck6amBIoJhDVmmJ","Love Me Like You Do - From Fifty Shades Of Grey","Delirium (Deluxe)","Ellie Goulding",2015-11-06,252534,78,spotify:user:candyqueen704,2018-07-16T19:40:58Z,"dance pop,edm,electropop,indietronica,metropopolis,pop,post-teen pop,uk pop",0.262,0.606,8,-6.646,1,0.0484,0.247,0,0.125,0.275,189.857,4
0qOnSQQF0yzuPWsXrQ9paz,"4IJczjB0fJ04gs4uvP0Fli,4bYPcJP5jwMhSivRcqie2n","Stereo Hearts (feat. Adam Levine)","The Papercut Chronicles II","Gym Class Heroes,애덤 리바인",2011-11-11,210960,81,spotify:user:candyqueen704,2018-07-16T19:41:03Z,"dance pop,pop rap,deep talent show",0.646,0.795,9,-3.293,1,0.0976,0.0319,0,0.267,0.796,89.99,4
5KONnBIQ9LqCxyeSPin26k,"07YZf4WDAMNwqr4jfgOZ8y","Trumpets","Talk Dirty","Jason Derulo",2013-09-10,217419,63,spotify:user:candyqueen704,2018-07-16T19:41:15Z,"dance pop,edm,pop,pop rap,post-teen pop",0.635,0.691,0,-4.862,1,0.258,0.555,0,0.097,0.638,82.142,4
6lV2MSQmRIkycDScNtrBXO,"5ndkK3dpZLKtBklKjxNQwT,6Rx1JKzBrSzoKQtmbVmBnM","Airplanes (feat. Hayley Williams of Paramore)","B.o.B Presents: The Adventures of Bobby Ray","B.o.B,Hayley Williams",2010-04-27,180480,75,spotify:user:candyqueen704,2018-07-16T19:41:21Z,"atl hip hop,dance pop,hip hop,pop,pop rap,rap,southern hip hop,art pop,indie pop",0.66,0.867,6,-4.285,0,0.116,0.11,0,0.0368,0.377,93.033,4
22VdIZQfgXJea34mQxlt81,"1Xyo4u8uXC1ZmMpatF05PJ","Can't Feel My Face","Beauty Behind The Madness","The Weeknd",2015-08-28,213520,81,spotify:user:candyqueen704,2018-07-16T19:41:26Z,"canadian contemporary r&b,canadian pop,pop",0.705,0.769,9,-5.526,0,0.0425,0.113,0,0.105,0.583,107.949,4
3B54sVLJ402zGa6Xm4YGNe,"6vXTefBL93Dj5IqAWq6OTv,1zNqQNIdeOUZHb8zbZRFMX","Unforgettable","Jungle Rules","French Montana,Swae Lee",2017-07-14,233901,81,spotify:user:candyqueen704,2018-07-16T19:41:35Z,"gangster rap,hip hop,pop rap,rap,southern hip hop,trap,melodic rap",0.726,0.769,6,-5.043,1,0.123,0.0293,0.0101,0.104,0.733,97.985,4
3AGOgQzp0YcPH41u9p7dOp,"2NhdGz9EDv2FeUw6udu2g1","Glad You Came","The Wanted (Special Edition)","The Wanted",2012-01-01,198186,62,spotify:user:candyqueen704,2018-07-16T19:41:41Z,"boy band,dance pop,edm,pop,pop rock,post-teen pop",0.61,0.841,7,-4.579,0,0.0692,0.056,0.00000985,0.118,0.431,126.889,4
4gbVRS8gloEluzf0GzDOFc,"04gDigrS5kc9YWfZHwBETP","Maps","V","Maroon 5",2014-09-02,189960,83,spotify:user:candyqueen704,2018-07-16T19:41:46Z,"pop",0.742,0.713,1,-5.522,0,0.0303,0.0205,0,0.059,0.879,120.032,4
1OmcAT5Y8eg5bUPv9qJT4R,"246dkjvS1zLTtiykXe5h60,1URnnhqYAYcrqrcwql10ft","rockstar","rockstar","Post Malone,21 Savage",2017-09-15,218320,0,spotify:user:candyqueen704,2018-07-16T19:41:52Z,"dfw rap,melodic rap,rap,atl hip hop",0.58,0.531,5,-6.631,0,0.0776,0.128,0.000127,0.143,0.141,159.786,4
1NpW5kyvO4XrNJ3rnfcNy3,"0jnsk9HBra6NMjO2oANoPY,5WUlDfRSoLAfcVSX1WnrxN","Wild Ones (feat. Sia)","Wild Ones","Flo Rida,Sia",2012-06-22,232946,77,spotify:user:candyqueen704,2018-07-16T19:41:56Z,"dance pop,edm,miami hip hop,pop,pop rap,australian dance,australian pop",0.608,0.86,5,-5.324,0,0.0554,0.0991,0,0.262,0.437,127.075,4
3bidbhpOYeV4knp8AIu8Xn,"5BcAKTbp20cv7tC5VqPFoC,3JhNCzhSMTxs9WLGJJxWOY,4myTppRgh0rojLxx8RycOp,4e0nWw2r4BoQSKPQ2zpU13","Can't Hold Us (feat. Ray Dalton)","The Heist","Macklemore & Ryan Lewis,Macklemore,Ryan Lewis,Ray Dalton",2012-10-09,258342,81,spotify:user:candyqueen704,2018-07-16T19:42:09Z,"dance pop,pop,pop rap,seattle hip hop",0.641,0.922,2,-4.457,1,0.0786,0.0291,0,0.0862,0.847,146.078,4
2vDT1uU6hZgdp3PbWGr0Xy,"25u4wHJWxCA9vO0CzxAbK7","7 Years","7 Years","Lukas Graham",2015-10-22,237300,0,spotify:user:candyqueen704,2018-07-16T19:42:22Z,"danish pop,pop,scandipop",0.765,0.473,10,-5.829,1,0.0514,0.287,0,0.391,0.34,119.992,4
4h8VwCb1MTGoLKueQ1WgbD,"1vCWHaC5f2uS3yhpwWbIA6","Wake Me Up","True","Avicii",2013-09-13,247426,4,spotify:user:candyqueen704,2018-07-16T19:42:34Z,"dance pop,edm,pop,pop dance,pop rap",0.532,0.783,2,-5.697,1,0.0523,0.0038,0.0012,0.161,0.643,124.08,4
7vFoFDWqTX0mHzLfrF1Cfy,"5MouCg6ta7zAxsfMEbc1uh,4bL2B6hmLlMWnUEZnorEtG","Cheerleader - Felix Jaehn Remix Radio Edit","Me 4 U","OMI,Felix Jaehn",2015-10-16,180565,77,spotify:user:candyqueen704,2018-07-16T19:42:38Z,"dance pop,edm,electro house,german dance,pop,pop dance,tropical house",0.782,0.685,4,-6.237,1,0.0309,0.166,0.0000118,0.16,0.603,118.016,4
7cgu4JBW3hq1GwTM1ilkKQ,"4NHQUGzhtTLFvgF5SZesLK","Talking Body","Queen Of The Clouds","Tove Lo",2014-09-24,238426,67,spotify:user:candyqueen704,2018-07-16T19:42:46Z,"dance pop,electropop,metropopolis,pop,swedish electropop,swedish pop,swedish synthpop",0.736,0.761,4,-5.449,0,0.0338,0.0966,0,0.0823,0.114,119.999,4
0kzw2tRyuL9rzipi5ntlIy,"6DIS6PRrLS3wbnZsf7vYic","Shut Up and Dance","TALKING IS HARD (Expanded Edition)","WALK THE MOON",2014-12-02,199080,63,spotify:user:candyqueen704,2018-07-16T19:42:56Z,"dance rock,indie poptimism,modern alternative rock,modern rock,pop rock,rock",0.578,0.866,1,-3.804,1,0.0619,0.00701,0,0.257,0.619,128.038,4
3yrvQHw6pQemsrCQEpMnKv,"74XFHRwlV6OrjEM0A2NCMF","Ain't It Fun","Paramore (Deluxe Edition)","Paramore",2013-04-09,296520,64,spotify:user:candyqueen704,2018-07-16T19:43:02Z,"candy pop,pixie,pop emo,pop punk",0.61,0.893,9,-3.681,1,0.0921,0.154,0.0000441,0.021,0.673,104.031,4
5iNRPN7oYQvdB9AmeSW6d3,"6PXS4YHDkKvl1wkIl4V8DL","Trap Queen","Fetty Wap (Deluxe)","Fetty Wap",2015-09-25,222093,66,spotify:user:candyqueen704,2018-07-16T19:43:22Z,"dance pop,new jersey rap,pop,pop rap,rap,southern hip hop,trap",0.746,0.873,7,-3.803,1,0.128,0.0244,0,0.354,0.817,148.075,4
3hB5DgAiMAQ4DzYbsMq1IT,"1uNFoZAHBGtllmzznpCI3s","Love Yourself","Purpose (Deluxe)","Justin Bieber",2015-11-13,233720,0,spotify:user:candyqueen704,2018-07-16T19:43:29Z,"canadian pop,pop",0.609,0.378,4,-9.828,1,0.438,0.835,0,0.28,0.515,100.418,4
1Pw5C4N6Fn5E4mGCxmbbVa,"4IWBUUAFIplrNtaOHcJPRM","Say You Won't Let Go","Say You Won't Let Go","James Arthur",2016-09-09,211240,67,spotify:user:candyqueen704,2018-07-16T19:43:40Z,"pop,talent show,uk pop",0.4,0.564,10,-7.444,1,0.0523,0.693,0,0.0863,0.483,99.269,4
5Sf3GyLEAzJXxZ5mbCPXTu,"33W1pnW9zScZtYTnAoWnOT,3t5xRXzsuZmMDkQzgOX35S","Waves - Robin Schulz Radio Edit","Waves (Robin Schulz Radio Edit)","Mr. Probz,Robin Schulz",2014-02-07,208133,2,spotify:user:candyqueen704,2018-07-16T19:43:44Z,"dutch hip hop,tropical house,dance pop,deep euro house,deep house,edm,german dance,pop,pop dance,pop rap",0.829,0.51,5,-9.334,0,0.0369,0.00821,0.0014,0.0829,0.45,119.993,4
7GJClzimvMSghjcrKxuf1M,"2ysnwxxNtSgbb9t1m2Ur4j","Budapest","Wanted on Voyage","George Ezra",2014-06-27,200720,2,spotify:user:candyqueen704,2018-07-16T19:43:57Z,"folk-pop,neo-singer-songwriter",0.714,0.451,5,-8.268,1,0.0276,0.0883,0,0.108,0.406,127.787,4
1fidCEsYlaVE3pHwKCvpFZ,"0awl5piYwO0CDTHEkCjUhn","Am I Wrong","Black Star Elephant","Nico & Vinz",2014,245866,76,spotify:user:candyqueen704,2018-07-16T19:44:09Z,"pop rap",0.729,0.675,8,-6.003,1,0.0312,0.175,0.00000158,0.55,0.779,119.968,4
7yq4Qj7cqayVTp3FF9CWbm,"10exVja0key0uqUkk6LJRT","Riptide","Dream Your Life Away","Vance Joy",2014-09-08,204280,82,spotify:user:candyqueen704,2018-07-16T19:44:26Z,"folk-pop,pop",0.484,0.731,1,-6.694,1,0.0379,0.431,0,0.151,0.51,101.654,4
2FBUoWkIuQXwayw2RNo5l6,"3TVXtAsR1Inumwj472S9r4","Hotline Bling","Views","Drake",2016-05-06,267066,0,spotify:user:candyqueen704,2018-07-16T19:47:35Z,"canadian hip hop,canadian pop,hip hop,rap,toronto rap",0.903,0.62,2,-8.094,1,0.0587,0.00347,0.000119,0.0504,0.539,134.96,4
7BKLCZ1jbUBVqRi2FVlTVw,"69GGBxA162lTqCwzJG5jLp,26VFTg2z8YR0cCuwLzESi2","Closer","Closer","The Chainsmokers,Halsey",2016-07-29,244960,84,spotify:user:candyqueen704,2018-07-16T19:47:53Z,"dance pop,edm,electropop,pop,pop dance,tropical house,etherpop,indie poptimism",0.748,0.524,8,-5.599,1,0.0338,0.414,0,0.111,0.661,95.01,4
6v4F5IaKUITBPzt2wztoiZ,"1Xylc3o4UrD53lo9CvFvVg,7uMh23xWiuR7zsNkuNcm2G","Never Forget You","So Good","Zara Larsson,MNEK",2017-03-17,213427,55,spotify:user:candyqueen704,2018-07-16T19:48:06Z,"dance pop,edm,electropop,pop,pop dance,post-teen pop,scandipop,swedish electropop,swedish pop,tropical house,uk contemporary r&b,uk dance",0.583,0.732,11,-5.728,0,0.0457,0.00312,0.00000986,0.269,0.276,145.992,4
0mel2N9Ws9r4yLQn5QE21Y,"2wY79sveU1sp5g7SokKOiI","Too Good At Goodbyes - Edit","Too Good At Goodbyes","Sam Smith",2017-09-08,201000,0,spotify:user:candyqueen704,2018-07-16T19:48:16Z,"dance pop,pop,uk pop",0.653,0.378,5,-8.273,1,0.0533,0.658,0,0.177,0.54,91.835,4
5j9iuo3tMmQIfnEEQOOjxh,"0MlOPi3zIDMVrfA9R04Fe3","Best Day Of My Life","Oh, What A Life","American Authors",2014-01-01,194240,0,spotify:user:candyqueen704,2018-07-16T19:48:28Z,"indie poptimism,modern rock,pop rock",0.67,0.905,2,-2.385,1,0.0339,0.0625,0.000151,0.0577,0.516,100.021,4
1BECwm5qkaBwlbfo4kpYx8,"20JZFwl6HVl6yg8a4H3ZqK","Death of a Bachelor","Death of a Bachelor","Panic! At The Disco",2016-01-15,203506,70,spotify:user:candyqueen704,2018-07-16T20:47:23Z,"modern rock",0.462,0.538,0,-5.527,1,0.059,0.0137,0,0.429,0.405,139.256,4
6REbB4VXol3q3iiCjvojL5,"4olE3I5QU0dvSR7LIpqTXc,246dkjvS1zLTtiykXe5h60","Burning Man","Burning Man","WATT,Post Malone",2017-01-18,197506,58,spotify:user:candyqueen704,2018-07-16T20:47:27Z,"modern alternative rock,dfw rap,melodic rap,rap",0.573,0.879,2,-2.782,1,0.0602,0.00917,0.00000108,0.0513,0.5,158.162,4
4wCmqSrbyCgxEXROQE6vtV,"2AsusXITU8P25dlRNhcAbG,6hk7Yq1DU9QcCCrz9uc0Ti","Somebody That I Used To Know","Making Mirrors","Gotye,Kimbra",2011-01-01,244973,75,spotify:user:candyqueen704,2018-07-16T20:47:32Z,"australian pop,bergen indie,electropop,nz pop",0.864,0.495,0,-7.036,1,0.037,0.591,0.000133,0.0992,0.72,129.062,4
6FFrva3VXMwabDvuHkX4ZU,"0yb46jwm7gqbZXVXZQ8Z1e","Dark Side","Bishop Briggs","Bishop Briggs",2017-04-14,208773,57,spotify:user:candyqueen704,2018-07-16T20:47:35Z,"electropop,modern alternative rock,modern rock,pop",0.714,0.549,9,-5.982,1,0.0655,0.611,0.00000118,0.0887,0.132,138.07,4
7a86XRg84qjasly9f6bPSD,"5nCi3BB41mBaMH9gfr6Su0,6ueGR6SWhUJfvEhqkvMsVs","We Are Young (feat. Janelle Monáe)","Some Nights","fun.,Janelle Monáe",2012-02-21,250626,73,spotify:user:candyqueen704,2018-07-16T20:47:39Z,"baroque pop,metropopolis,modern rock,pop rock,afrofuturism,alternative r&b,atl hip hop,electropop,escape room,neo soul,pop,r&b",0.378,0.638,10,-5.576,1,0.075,0.02,0.0000766,0.0849,0.735,184.086,4
6y0igZArWVi6Iz0rj35c1Y,"6nxWCVXbOlEVRexSbLsTer,6xHUXzrfhFgnIv86EBR3Ml","Never Be Like You (feat. Kai)","Never Be Like You (feat. Kai)","Flume,kai",2016-01-16,234909,0,spotify:user:candyqueen704,2018-07-16T20:47:43Z,"australian dance,australian electropop,australian indie,downtempo,edm",0.54,0.59,0,-4.359,1,0.0528,0.446,0,0.14,0.267,119.878,4
7FESgYLcOufHqKlwrvJN60,"4kI8Ie27vjvonwaB2ePh8T","Feel It Still","Feel It Still","Portugal. The Man",2017-03-02,163250,57,spotify:user:candyqueen704,2018-07-16T20:47:46Z,"modern alternative rock,modern rock,rock",0.78,0.798,1,-5.151,0,0.0613,0.0406,0.0000631,0.0733,0.771,78.969,4
1NhPKVLsHhFUHIOZ32QnS2,"5Pwc4xIPtQLFEnJriah9YJ","Secrets","Waking Up","OneRepublic",2009-01-01,224693,75,spotify:user:candyqueen704,2018-07-16T20:47:53Z,"piano rock,pop",0.516,0.764,2,-6.223,1,0.0366,0.0717,0,0.115,0.376,148.021,4
3JvrhDOgAt6p7K8mDyZwRd,"10exVja0key0uqUkk6LJRT","Riptide","Dream Your Life Away (Special Edition)","Vance Joy",2014-09-09,204280,79,spotify:user:candyqueen704,2018-07-16T20:47:57Z,"folk-pop,pop",0.484,0.731,1,-6.694,1,0.0379,0.431,0,0.151,0.51,101.654,4
0iYebKFUSfF72fUu2OW6ZT,"0hCNtLu0JehylgoiP8L4Gh","Super Bass","Pink Friday (Deluxe)","Nicki Minaj",2010-01-01,200013,0,spotify:user:candyqueen704,2018-07-16T20:48:01Z,"dance pop,hip pop,pop,queens hip hop,rap",0.72,0.861,11,-4.339,1,0.209,0.269,0.00000511,0.601,0.669,126.991,4
1EzrEOXmMH3G43AXT1y7pA,"4phGZZrJZRo4ElhRtViYdl","I'm Yours","We Sing. We Dance. We Steal Things.","Jason Mraz",2008-05-12,242946,79,spotify:user:candyqueen704,2018-07-16T20:48:05Z,"acoustic pop,neo mellow,pop,pop rock",0.703,0.444,11,-9.331,1,0.0417,0.559,0,0.0973,0.712,150.96,4
6OtCIsQZ64Vs1EbzztvAv4,"5Pwc4xIPtQLFEnJriah9YJ","Good Life","Waking Up","OneRepublic",2009-01-01,253306,72,spotify:user:candyqueen704,2018-07-16T20:48:11Z,"piano rock,pop",0.634,0.69,6,-7.804,1,0.052,0.0771,0,0.132,0.645,94.988,4
59dLtGBS26x7kc0rHbaPrq,"5ndkK3dpZLKtBklKjxNQwT,0du5cEVh5yTK9QJze8zA0C","Nothin' on You (feat. Bruno Mars)","B.o.B Presents: The Adventures of Bobby Ray","B.o.B,Bruno Mars",2010-04-27,268320,75,spotify:user:candyqueen704,2018-07-16T20:48:14Z,"atl hip hop,dance pop,hip hop,pop,pop rap,rap,southern hip hop",0.688,0.853,10,-5.814,1,0.0493,0.386,0,0.0862,0.743,103.993,4
04aAxqtGp5pv12UXAg4pkq,"4UXqAaa6dQYAk18Lv7PEgX","Centuries","American Beauty/American Psycho","Fall Out Boy",2015-01-20,228360,79,spotify:user:candyqueen704,2018-07-16T20:48:19Z,"emo,modern rock",0.393,0.858,4,-2.868,0,0.0729,0.00359,0,0.102,0.56,176.042,4
3mNecsYFb6LQg7822DPXCP,"306JHpIRGVaQd6OltnOzUO","Absolutely (Story of a Girl) - Radio Mix","The Madding Crowd","Nine Days",2000-05-16,189333,67,spotify:user:candyqueen704,2018-07-16T20:48:24Z,"pop rock",0.481,0.94,7,-5.204,1,0.066,0.000891,0,0.0939,0.66,96.493,4
6hmhG1b4LEyNuashVvuIAo,"1Xylc3o4UrD53lo9CvFvVg,7uMh23xWiuR7zsNkuNcm2G","Never Forget You","So Good","Zara Larsson,MNEK",2017-03-17,213427,73,spotify:user:candyqueen704,2018-07-16T20:48:29Z,"dance pop,edm,electropop,pop,pop dance,post-teen pop,scandipop,swedish electropop,swedish pop,tropical house,uk contemporary r&b,uk dance",0.583,0.732,11,-5.728,0,0.0457,0.00312,0.00000986,0.269,0.276,145.992,4
0jWgAnTrNZmOGmqgvHhZEm,"0Je74SitssvJg1w4Ra2EK7","What's Up?","Bigger, Better, Faster, More !","4 Non Blondes",1992-01-01,295533,80,spotify:user:candyqueen704,2018-07-16T20:48:36Z,"new wave pop,pop rock",0.565,0.564,2,-10.044,1,0.0292,0.161,0,0.114,0.454,134.355,4
45iMRHmfLZu3yjdZ8P5e3t,"6s22t5Y3prQHyaHWUN1R1C","Weak","What Everyone's Thinking","AJR",2016-09-16,202193,0,spotify:user:candyqueen704,2018-07-16T20:48:42Z,"modern rock",0.672,0.642,5,-4.552,1,0.0461,0.127,0,0.137,0.656,123.984,4
0SuLAslEMFZAXf0SwY7syi,"50JJSqHUf2RQ9xsHs0KMHg","All Time Low","The Human Condition","Jon Bellion",2016-06-10,217603,67,spotify:user:candyqueen704,2018-07-16T20:48:45Z,"pop rap",0.617,0.567,0,-4.188,1,0.0828,0.0584,0,0.0933,0.505,90.246,4
3BtuIIrQlkujKPuWF2B85z,"3TVXtAsR1Inumwj472S9r4,5pKCCKE2ajJHZ9KAiaK11H","Too Good","Views","Drake,Rihanna",2016-05-06,263373,74,spotify:user:candyqueen704,2018-07-16T20:48:50Z,"canadian hip hop,canadian pop,hip hop,rap,toronto rap,barbadian pop,dance pop,pop,urban contemporary",0.794,0.653,7,-7.839,1,0.104,0.0489,0.0000488,0.1,0.397,117.996,4
2QjOHCTQ1Jl3zawyYOpxh6,"77SW9BnxLY8rJ0RciFqkHh","Sweater Weather","I Love You.","The Neighbourhood",2013-04-19,240400,92,spotify:user:candyqueen704,2018-07-16T20:48:53Z,"modern alternative rock,modern rock,pop,shimmer pop",0.612,0.807,10,-2.81,1,0.0336,0.0495,0.0177,0.101,0.398,124.053,4
6YUTL4dYpB9xZO5qExPf05,"7CajNmpbOovFoOoasH2HaY","Summer","Motion","Calvin Harris",2014-10-31,222533,80,spotify:user:candyqueen704,2018-07-16T20:48:57Z,"dance pop,edm,electro house,house,pop,progressive house,uk dance",0.596,0.856,4,-3.556,0,0.0346,0.0211,0.0178,0.141,0.743,127.949,4
6nek1Nin9q48AVZcWs9e9D,"4gzpq5DPGxSnKTe4SA8HAU","Paradise","Mylo Xyloto","Coldplay",2011-10-24,278719,83,spotify:user:candyqueen704,2018-07-16T20:49:05Z,"permanent wave,pop",0.449,0.585,5,-6.761,1,0.0268,0.0509,0.0000875,0.0833,0.212,139.631,4
2ISSQPb9LHHiV6ng2NXosL,"2qxJFvFYMEDqd7ui6kSAcq,50JJSqHUf2RQ9xsHs0KMHg","Beautiful Now","True Colors","Zedd,Jon Bellion",2015-05-18,218293,69,spotify:user:candyqueen704,2018-07-16T20:49:16Z,"complextro,dance pop,edm,electro house,electropop,german techno,pop,pop dance,pop rap,post-teen pop,tropical house",0.628,0.833,11,-4.126,0,0.0282,0.0079,0.0000148,0.074,0.56,128.003,4
6sy3LkhNFjJWlaeSMNwQ62,"5Pwc4xIPtQLFEnJriah9YJ","Counting Stars","Native","OneRepublic",2014-01-01,257839,77,spotify:user:candyqueen704,2018-07-16T20:49:24Z,"piano rock,pop",0.664,0.705,1,-4.972,0,0.0382,0.0654,0,0.115,0.477,122.017,4
6mghCOaaSvrke0z1EUVUIf,"3FUY2gzHeIiaesXtOAdB7A","Hey, Soul Sister","Save Me, San Francisco (Golden Gate Edition)","Train",2009,216773,0,spotify:user:candyqueen704,2018-07-17T02:52:18Z,"dance pop,neo mellow,pop,pop rock",0.674,0.89,1,-4.446,0,0.0459,0.203,0,0.0819,0.737,97.02,4
1mea3bSkSGXuIRvnydlB5b,"4gzpq5DPGxSnKTe4SA8HAU","Viva La Vida","Viva La Vida or Death and All His Friends","Coldplay",2008-05-26,242373,84,spotify:user:candyqueen704,2018-07-17T02:52:21Z,"permanent wave,pop",0.486,0.617,5,-7.115,0,0.0287,0.0954,0.00000323,0.109,0.417,138.015,4
3gbBpTdY8lnQwqxNCcf795,"7EQ0qTo7fWT7DPxmxtSYEc","Pompeii","Bad Blood","Bastille",2013-01-01,214147,72,spotify:user:candyqueen704,2018-07-17T02:52:24Z,"metropopolis,modern rock,pop,pop rock",0.679,0.715,9,-6.383,1,0.0407,0.0755,0,0.271,0.571,127.435,4
3LlAyCYU26dvFZBDUIMb7a,"53XhwfbYqKCa1cC15pYq2q","Demons","Night Visions","Imagine Dragons",2012-09-04,175200,74,spotify:user:candyqueen704,2018-07-17T02:52:26Z,"modern rock,rock",0.505,0.71,3,-3.015,1,0.0321,0.19,0.00025,0.329,0.428,89.938,4
0fYVliAYKHuPmECRs1pbRf,"3NPpFNZtSTHheNBaWC82rB","Renegades","VHS","X Ambassadors",2015-06-30,195200,75,spotify:user:candyqueen704,2018-07-17T02:52:32Z,"modern alternative rock,modern rock,pop,pop rap,pop rock,rock,stomp pop",0.526,0.862,2,-6.003,1,0.0905,0.0144,0.0597,0.229,0.528,90.052,4
6Z8R6UsFuGXGtiIxiD8ISb,"4gwpcMTbLWtBUlOijbVpuu","Safe And Sound","In A Tidal Wave Of Mystery (Deluxe Edition)","Capital Cities",2013,192789,82,spotify:user:candyqueen704,2018-07-17T02:52:46Z,"metropopolis,modern rock",0.655,0.819,0,-4.852,1,0.0316,0.000176,0.00374,0.104,0.766,117.956,5
1oew3nFNY3vMacJAsvry0S,"0kkxsdcaWmWU2yWAqclDh4","Me And My Broken Heart","Let The Road","Rixton",2014-01-01,193733,78,spotify:user:candyqueen704,2018-07-17T02:52:48Z,"dance pop,pop,pop rock,post-teen pop",0.545,0.783,5,-4.261,0,0.0345,0.00489,0,0.132,0.551,174.084,4
4RCWB3V8V0dignt99LZ8vH,"1g1yxsNVPhMUl9GrMjEb2o","Hey There Delilah","All That We Needed","Plain White T's",2005-01-01,232533,79,spotify:user:candyqueen704,2018-07-17T02:52:49Z,"neo mellow,pop punk,pop rock",0.656,0.291,2,-10.572,1,0.0293,0.872,0,0.114,0.298,103.971,4
4356Typ82hUiFAynbLYbPn,"23zg3TcAtWQy7J6upgbUnj,0TnOYISbd1XYRBk9myaseg","DJ Got Us Fallin' In Love (feat. Pitbull)","Raymond v Raymond (Expanded Edition)","Usher,핏불",2010-03-30,220800,78,spotify:user:candyqueen704,2018-07-17T02:53:00Z,"atl hip hop,contemporary r&b,dance pop,pop,r&b,south carolina hip hop,urban contemporary,miami hip hop,pop rap",0.663,0.861,7,-3.398,0,0.109,0.0338,0,0.082,0.654,119.963,4
7BqBn9nzAq8spo5e7cZ0dJ,"0du5cEVh5yTK9QJze8zA0C","Just the Way You Are","Doo-Wops & Hooligans","Bruno Mars",2010-10-05,220734,82,spotify:user:candyqueen704,2018-07-17T02:53:01Z,"dance pop,pop",0.635,0.841,5,-5.379,1,0.0422,0.0134,0,0.0622,0.424,109.021,4
4vp2J1l5RD4gMZwGFLfRAu,"1yxSLGMDHlW21z4YXirZDS","I Gotta Feeling","THE E.N.D. (THE ENERGY NEVER DIES)","Black Eyed Peas",2009-01-01,289133,7,spotify:user:candyqueen704,2018-07-17T02:53:04Z,"dance pop,pop,pop rap",0.743,0.766,0,-6.375,1,0.0265,0.0873,0,0.509,0.61,127.96,4
67T6l4q3zVjC5nZZPXByU8,"07YZf4WDAMNwqr4jfgOZ8y","Whatcha Say","Jason Derulo","Jason Derulo",2010-02-24,221253,66,spotify:user:candyqueen704,2018-07-17T02:53:08Z,"dance pop,edm,pop,pop rap,post-teen pop",0.615,0.711,11,-5.507,1,0.0779,0.0444,0,0.145,0.711,144.036,4
4Jz4bjXeiF2SXVj9P4YfY5,"2oX42qP5ineK3hrhBECLmj","Keep Your Head Up","Andy Grammer","Andy Grammer",2011-06-14,189933,69,spotify:user:candyqueen704,2018-07-17T02:53:14Z,"dance pop,neo mellow,pop,pop rap,pop rock,post-teen pop",0.674,0.778,0,-5.367,1,0.0376,0.0469,0,0.145,0.816,90.01,4
6FE2iI43OZnszFLuLtvvmg,"2l35CQqtYRh3d8ZIiBep4v","Classic","MKTO","MKTO",2012,175426,80,spotify:user:candyqueen704,2018-07-17T02:53:21Z,"dance pop,pop,pop rap,pop rock,post-teen pop",0.72,0.791,1,-4.689,1,0.124,0.0384,0,0.157,0.756,102.071,4
1oHNvJVbFkexQc0BpQp7Y4,"0hCNtLu0JehylgoiP8L4Gh","Starships","Pink Friday ... Roman Reloaded","Nicki Minaj",2011-01-01,210626,73,spotify:user:candyqueen704,2018-07-17T02:53:49Z,"dance pop,hip pop,pop,queens hip hop,rap",0.747,0.716,11,-2.457,0,0.075,0.135,0,0.251,0.751,125.008,4
2ihCaVdNZmnHZWt0fvAM7B,"4dwdTW1Lfiq0cM8nBAqIIz","Little Talks","My Head Is An Animal","Of Monsters and Men",2012-01-01,266600,78,spotify:user:candyqueen704,2018-07-17T02:54:04Z,"folk-pop,metropopolis,modern rock,pop rock,stomp and holler",0.457,0.757,1,-5.177,1,0.032,0.0206,0,0.146,0.417,102.961,4
7l1qvxWjxcKpB9PCtBuTbU,"0du5cEVh5yTK9QJze8zA0C","Count on Me","Doo-Wops & Hooligans","Bruno Mars",2010-10-05,197469,74,spotify:user:candyqueen704,2018-07-17T02:54:09Z,"dance pop,pop",0.589,0.389,0,-5.972,1,0.028,0.851,0,0.0772,0.501,89.1,4
6RtPijgfPKROxEzTHNRiDp,"0DxeaLnv6SyYk2DOqkLO8c","Rude","Don't Kill the Magic","MAGIC!",2014-06-25,224840,80,spotify:user:candyqueen704,2018-07-17T02:57:19Z,"reggae fusion",0.773,0.758,1,-4.993,1,0.0381,0.0422,0,0.305,0.925,144.033,4
2NniAhAtkRACaMeYt48xlD,"3FUY2gzHeIiaesXtOAdB7A","50 Ways to Say Goodbye","California 37","Train",2012-04-17,247946,67,spotify:user:candyqueen704,2018-07-17T02:57:25Z,"dance pop,neo mellow,pop,pop rock",0.591,0.935,6,-2.664,1,0.0478,0.000284,0.000278,0.142,0.736,140.043,4
16Of7eeW44kt0a1M0nitHM,"2aYJ5LAta2ScCdfLhKgZOY,3tB8VKd0rtEnc9x8l78ymo","You Make Me Feel... (feat. Sabi)","Night Shades","Cobra Starship,Sabi",2011-08-29,215693,70,spotify:user:candyqueen704,2018-07-17T02:57:33Z,"dance pop,electropop,neon pop punk,pop punk,post-teen pop",0.668,0.857,7,-2.944,0,0.0535,0.0191,0.00000671,0.0385,0.748,131.959,4
6MDTpYxPFL0wtFd0pjfKws,"1g1yxsNVPhMUl9GrMjEb2o","Rhythm Of Love","Wonders Of The Younger","Plain White T's",2010-01-01,200200,61,spotify:user:candyqueen704,2018-07-17T02:57:43Z,"neo mellow,pop punk,pop rock",0.531,0.542,8,-7.721,1,0.0432,0.356,0,0.119,0.726,171.878,4
5fVZC9GiM4e8vu99W0Xf6J,"0zOcE3mg9nS6l3yxt1Y0bK","How to Save a Life","How To Save A Life","The Fray",2005-09-13,262533,79,spotify:user:candyqueen704,2018-07-17T02:58:19Z,"neo mellow,piano rock,pop,pop rock",0.64,0.743,10,-4.08,1,0.0379,0.269,0,0.101,0.361,122.035,4
4llK75pXNWZz6KAho2Gp16,"04gDigrS5kc9YWfZHwBETP","She Will Be Loved - Radio Mix","Songs About Jane: 10th Anniversary Edition","Maroon 5",2002,259453,78,spotify:user:candyqueen704,2018-07-17T02:58:24Z,"pop",0.651,0.663,0,-5.569,0,0.0281,0.228,0,0.0994,0.465,102,4
0mUyMawtxj1CJ76kn9gIZK,"7xTcuBOIAAIGDOSvwYFPzk","Bad Day","Daniel Powter","Daniel Powter",2005-02-22,233640,74,spotify:user:candyqueen704,2018-07-17T02:58:31Z,"canadian pop,neo mellow,pop rock",0.599,0.785,3,-4.013,1,0.0309,0.448,0.00336,0.151,0.52,140.046,4
37sINbJZcFdHFAsVNsPq1i,"3AQRLZ9PuTAozP28Skbq8V","Superheroes","No Sound Without Silence","The Script",2014-09-15,245466,74,spotify:user:candyqueen704,2018-07-17T02:58:38Z,"celtic rock,neo mellow,pop,pop rock",0.49,0.885,3,-4.121,1,0.0396,0.00218,0,0.0741,0.64,166.996,4
4fIWvT19w9PR0VVBuPYpWA,"1GxkXlMwML1oSg5eLPiAz3","Haven't Met You Yet","Crazy Love","Michael Bublé",2009-10-06,244586,71,spotify:user:candyqueen704,2018-07-17T02:58:45Z,"adult standards,canadian pop,jazz pop,lounge",0.615,0.733,8,-4.808,1,0.0335,0.152,0,0.109,0.796,122.58,4
4E6cwWJWZw2zWf7VFbH7wf,"2Sqr0DXoaYABbjBo9HaMkM","Love Song","Little Voice","Sara Bareilles",2007-07-03,258826,72,spotify:user:candyqueen704,2018-07-17T02:58:55Z,"acoustic pop,hollywood,lilith,neo mellow,pop,pop rock",0.583,0.786,2,-3.142,0,0.0301,0.0208,0,0.188,0.573,123.055,4
6ECp64rv50XVz93WvxXMGF,"04gDigrS5kc9YWfZHwBETP","This Love","Songs About Jane: 10th Anniversary Edition","Maroon 5",2002,206200,79,spotify:user:candyqueen704,2018-07-17T02:59:40Z,"pop",0.712,0.862,5,-4.612,0,0.0378,0.0525,0,0.093,0.809,95.051,4
77hjM9bMmgfTGJXv14UFmi,"3FUY2gzHeIiaesXtOAdB7A","Play That Song","a girl a bottle a boat","Train",2017-01-27,243253,64,spotify:user:candyqueen704,2018-07-17T02:59:44Z,"dance pop,neo mellow,pop,pop rock",0.392,0.825,0,-2.068,0,0.0535,0.0231,0.00000225,0.0972,0.482,98.959,4
10ViidwjGLCfVtGPfdcszR,"7giUHu5pv6YTZgSkxxCcgh","Home","Up From Below","Edward Sharpe & The Magnetic Zeros",2009-07-13,306320,0,spotify:user:candyqueen704,2018-07-17T03:07:05Z,"double drumming,indie folk,la indie,stomp and holler",0.545,0.59,2,-6.693,1,0.0327,0.32,0.000389,0.124,0.127,111.739,4
0eGsygTp906u18L0Oimnem,"0C0XlULifJtAgn6ZNCW2eu","Mr. Brightside","Hot Fuss","The Killers",2004-06-15,222075,0,spotify:user:candyqueen704,2018-07-17T03:08:20Z,"alternative rock,dance rock,permanent wave,rock",0.351,0.928,1,-3.71,1,0.0759,0.00113,0,0.0988,0.239,148.03,4
5zA8vzDGqPl2AzZkEYQGKh,"6zFYqv1mOsgBRQbae3JJ9e","Uptown Girl","An Innocent Man","Billy Joel",1983-08-08,197706,78,spotify:user:candyqueen704,2018-07-17T03:08:29Z,"classic rock,mellow gold,piano rock,rock,singer-songwriter,soft rock",0.701,0.944,4,-2.986,1,0.0455,0.0755,0,0.601,0.792,128.993,4
1TfqLAPs4K3s2rJMoCokcS,"0NKDgy9j66h3DLnN8qu1bB,5MspMQqdVbdwP6ax3GXqum,7gcCQIlkkfbul5Mt0jBQkg","Sweet Dreams (Are Made of This) - Remastered","Sweet Dreams (Are Made Of This)","Eurythmics,Annie Lennox,Dave Stewart",1983-01-04,216933,82,spotify:user:candyqueen704,2018-07-17T03:08:36Z,"art rock,dance rock,europop,mellow gold,new romantic,new wave,new wave pop,rock,soft rock,sophisti-pop,synthpop,pop rock,singer-songwriter,rock keyboard",0.692,0.711,0,-7.498,0,0.0317,0.225,0,0.12,0.875,125.135,4
5wj4E6IsrVtn8IBJQOd0Cl,"2DaxqgrOhkeH0fpeiQq2f4","Wonderwall - Remastered","(What's The Story) Morning Glory? (Deluxe Edition) [Remastered]","Oasis",1995-10-02,258732,0,spotify:user:candyqueen704,2018-07-17T03:08:53Z,"beatlesque,britpop,madchester,permanent wave,pop rock,rock",0.372,0.865,2,-4.918,1,0.0381,0.000453,0,0.234,0.478,174.53,4
4w7RuuQAVP0JXlAom3z1aC,"2DaxqgrOhkeH0fpeiQq2f4","Wonderwall","Stop The Clocks","Oasis",2006-11-20,258079,0,spotify:user:candyqueen704,2018-07-17T03:09:37Z,"beatlesque,britpop,madchester,permanent wave,pop rock,rock",0.41,0.893,6,-4.347,0,0.0342,0.000714,0,0.202,0.688,174.648,4
0aOluBqXYd0rFSCsgDyAWX,"2FXC3k01G6Gw61bmprjgqS","Take Me to Church","Hozier","Hozier",2014-10-07,241693,62,spotify:user:candyqueen704,2018-07-17T03:11:08Z,"irish singer-songwriter,pop",0.575,0.664,4,-5.303,0,0.0481,0.637,0,0.116,0.437,129.07,4
0W4Kpfp1w2xkY3PrV714B7,"16oZKvXb6WkQlVAjwo2Wbg","Ho Hey","The Lumineers","The Lumineers",2012-04-03,163133,74,spotify:user:candyqueen704,2018-07-17T03:11:15Z,"folk-pop,pop,stomp and holler",0.685,0.466,0,-9.074,1,0.0304,0.794,0.00000206,0.0915,0.353,79.936,4
1XpYodsD36XN7ygcdF7mJJ,"6eUKZXaKkcviH0Ku9w2n3V","The A Team","+","Ed Sheeran",2011-09-09,258373,67,spotify:user:candyqueen704,2018-07-17T03:11:25Z,"pop,uk pop",0.642,0.289,9,-9.918,1,0.0367,0.669,0,0.18,0.407,84.996,4
6GmUVqe73u5YRfUUynZK6I,"0gadJ2b9A4SKsB1RFkBb66","Let Her Go","All the Little Lights","Passenger",2012-06-29,252733,0,spotify:user:candyqueen704,2018-07-17T03:11:29Z,"folk-pop,neo mellow",0.479,0.545,7,-7.346,1,0.0688,0.365,0,0.0963,0.244,74.897,4
7q0aQpiLv5tIsupcgQ3Ny4,"2ysnwxxNtSgbb9t1m2Ur4j","Budapest","Wanted on Voyage","George Ezra",2015-01-20,200733,0,spotify:user:candyqueen704,2018-07-17T03:11:34Z,"folk-pop,neo-singer-songwriter",0.717,0.455,5,-8.303,1,0.0276,0.0846,0,0.11,0.389,127.812,4
78TTtXnFQPzwqlbtbwqN0y,"5pKCCKE2ajJHZ9KAiaK11H,5K4W6rqBFWDnAN6FQUkS6x,4STHEaNw4mPZ2tzheohgXB","FourFiveSeconds","FourFiveSeconds","Rihanna,Kanye West,Paul McCartney",2015-01-24,188238,77,spotify:user:candyqueen704,2018-07-17T03:11:50Z,"barbadian pop,dance pop,pop,urban contemporary,chicago rap,rap,album rock,art rock,beatlesque,classic rock,folk rock,mellow gold,rock,soft rock",0.582,0.272,2,-5.662,1,0.0501,0.875,0,0.13,0.354,205.846,4
3d9DChrdc6BOeFsbrZ3Is0,"0L8ExT028jH3ddEcZwqJJ5","Under the Bridge","Blood Sugar Sex Magik (Deluxe Edition)","Red Hot Chili Peppers",1991-09-24,264306,81,spotify:user:candyqueen704,2018-07-17T03:12:01Z,"alternative rock,funk metal,funk rock,permanent wave",0.559,0.345,4,-13.496,1,0.0459,0.0576,0.000105,0.141,0.458,84.581,4
4JehYebiI9JE8sR8MisGVb,"6vWDO969PvNqNYHIOW5v0m","Halo","I AM...SASHA FIERCE","Beyoncé",2008-11-17,261640,74,spotify:user:candyqueen704,2018-07-17T03:12:16Z,"dance pop,pop,r&b",0.508,0.72,11,-5.908,0,0.0628,0.272,0,0.0563,0.472,79.983,4
2jppsxdHlNHz9eK0QyYlTq,"6vWDO969PvNqNYHIOW5v0m","If I Were a Boy","I AM...SASHA FIERCE","Beyoncé",2008-11-17,249146,52,spotify:user:candyqueen704,2018-07-17T03:13:00Z,"dance pop,pop,r&b",0.632,0.518,6,-6.126,1,0.0313,0.107,0,0.354,0.427,90.007,4
38xWaVFKaxZlMFvzNff2aW,"3AQRLZ9PuTAozP28Skbq8V","Breakeven","The Script","The Script",2008-09-08,261426,68,spotify:user:candyqueen704,2018-07-17T03:13:05Z,"celtic rock,neo mellow,pop,pop rock",0.627,0.699,10,-4.504,1,0.0244,0.174,0,0.0789,0.535,94.003,4
2aibwv5hGXSgw7Yru8IYTO,"0L8ExT028jH3ddEcZwqJJ5","Snow (Hey Oh)","Stadium Arcadium","Red Hot Chili Peppers",2006-05-09,334666,79,spotify:user:candyqueen704,2018-07-17T03:13:28Z,"alternative rock,funk metal,funk rock,permanent wave",0.427,0.9,11,-3.674,1,0.0499,0.116,0.0000175,0.119,0.599,104.655,4
3ZffCQKLFLUvYM59XKLbVm,"7oPftvlwr6VrsViSDV7fJY","Wake Me up When September Ends","American Idiot","Green Day",2004-09-21,285653,77,spotify:user:candyqueen704,2018-07-17T03:13:46Z,"permanent wave,punk",0.546,0.814,7,-5.146,1,0.0314,0.023,0,0.0972,0.146,104.98,4
13HVjjWUZFaWilh2QUJKsP,"4EzkuveR9pLvDVFNx6foYD","Let It Go","Chaos And The Calm","James Bay",2014-12-15,260533,69,spotify:user:candyqueen704,2018-07-17T03:14:11Z,"neo mellow,pop",0.546,0.311,1,-10.396,1,0.0288,0.818,0.0000165,0.107,0.246,147.464,4
1YLJVmuzeM2YSUkCCaTNUB,"1moxjboGR7GNWYIMWsRjgG","Dog Days Are Over","Lungs (Deluxe Edition)","Florence + The Machine",2009,251840,70,spotify:user:candyqueen704,2018-07-17T03:14:20Z,"baroque pop,pop,uk alternative pop",0.492,0.81,7,-5.315,1,0.0847,0.0416,0.00379,0.117,0.245,149.954,4
4bgCdwNpbU3sCJ3mupBW8S,"5DYAABs8rkY9VhwtENoQCz","I Don't Want to Be - Stripped Version","Chariot - Stripped","Gavin DeGraw",2004-07-26,244333,52,spotify:user:candyqueen704,2018-07-17T03:14:37Z,"neo mellow,pop rock",0.545,0.582,8,-7.377,1,0.0368,0.142,0,0.144,0.536,147.082,4
7L605WhF5EGf34ggj87yK6,"5PokPZn11xzZXyXSfnvIM3","You And Me","Lifehouse","Lifehouse",2005-01-01,195493,0,spotify:user:candyqueen704,2018-07-17T03:15:49Z,"alternative metal,neo mellow,pop rock,post-grunge",0.461,0.446,7,-7.703,1,0.0267,0.1,0,0.169,0.375,139.868,3
0vg4WnUWvze6pBOJDTq99k,"7KMqksf0UMdyA0UCf4R3ux","You're Beautiful","Back to Bedlam","James Blunt",2005-08-08,209493,75,spotify:user:candyqueen704,2018-07-17T03:16:02Z,"neo mellow,pop,pop rock",0.675,0.479,0,-9.87,0,0.0278,0.633,0.0000176,0.088,0.454,81.998,4
2JHBMVs8E7bJJBLkXpKgHn,"3gd8FJtBJtkRxdfbTu19U2","I Will Wait","Babel","Mumford & Sons",2012-09-21,276720,0,spotify:user:candyqueen704,2018-07-17T03:16:46Z,"modern folk rock,stomp and holler,uk americana",0.481,0.766,1,-5.208,1,0.0334,0.0103,0.0067,0.302,0.436,131.143,4
7yCPwWs66K8Ba5lFuU2bcx,"6FBDaR13swtiWwGhX1WQsP","All The Small Things","Enema Of The State","blink-182",1999-01-01,168000,0,spotify:user:candyqueen704,2018-07-17T03:17:27Z,"pop punk,punk,rock,socal pop punk",0.439,0.891,0,-4.764,1,0.057,0.0122,0,0.547,0.695,148.599,4
2LNbLA2JSQlv6NRz1xdZRj,"04gDigrS5kc9YWfZHwBETP,1l7ZsJRRS8wlW3WfJfPfNS","Moves Like Jagger - Studio Recording From The Voice Performance","Hands All Over (Deluxe)","Maroon 5,Christina Aguilera",2010,201253,43,spotify:user:candyqueen704,2018-07-17T03:17:32Z,"pop,dance pop,post-teen pop",0.722,0.76,9,-4.459,1,0.0478,0.0118,0,0.294,0.627,128.018,4
0n4bITAu0Y0nigrz3MFJMb,"0ZrpamOxcZybMHGg1AYtHP,4OBJLual30L7gRl5UkeRcT,2RdwBSPQiwcmiDo9kixcl8","Blurred Lines","Blurred Lines (Deluxe)","Robin Thicke,T.I.,Pharrell Williams",2013-01-01,263826,75,spotify:user:candyqueen704,2018-07-17T03:17:37Z,"contemporary r&b,dance pop,hip pop,neo soul,r&b,urban contemporary,atl hip hop,dirty south rap,gangster rap,hip hop,pop rap,rap,southern hip hop,trap,pop",0.853,0.599,7,-4.756,1,0.0411,0.00334,0.00000793,0.0759,0.843,119.993,4
32OlwWuMpZ6b0aN2RZOeMS,"3hv9jJF3adDNsBSIQDqcjp,0du5cEVh5yTK9QJze8zA0C","Uptown Funk (feat. Bruno Mars)","Uptown Special","Mark Ronson,Bruno Mars",2015-01-12,269666,82,spotify:user:candyqueen704,2018-07-17T03:18:08Z,"dance pop,pop",0.856,0.609,0,-7.223,1,0.0824,0.00801,0.0000815,0.0344,0.928,114.988,4
4YMqbFcDIFiCBd02PzUBcM,"5BcAKTbp20cv7tC5VqPFoC,56xTxG4nQMAs1GW9kvn0uA","Thrift Shop (feat. Wanz)","The Heist","Macklemore & Ryan Lewis,Wanz",2012-10-10,235613,0,spotify:user:candyqueen704,2018-07-17T03:18:17Z,"dance pop,pop,pop rap,seattle hip hop",0.781,0.526,6,-6.985,0,0.293,0.0619,0,0.0457,0.662,94.992,4
26eOTllWPn7oKuDUJnsJwF,"4yiQZ8tQPux8cPriYMWUFP,0z4gvV4rjIZ9wHck67ucSV","The Sweet Escape","The Sweet Escape (International Version)","Gwen Stefani,Akon",2006-01-01,246466,0,spotify:user:candyqueen704,2018-07-17T03:18:28Z,"dance pop,pop,post-teen pop",0.756,0.77,1,-3.502,1,0.0343,0.191,0,0.178,0.73,119.961,4
5WQ1hIc5d2EVbRQ8qsj8Uh,"1G9G7WwrXka3Z1r7aIDjI7","Hey Ya! - Radio Mix / Club Mix","Speakerboxxx/The Love Below","Outkast",2003-09-23,235213,0,spotify:user:candyqueen704,2018-07-17T03:18:33Z,"atl hip hop,dirty south rap,hip hop,old school atlanta hip hop,pop rap,rap,southern hip hop",0.719,0.967,0,-2.435,1,0.0552,0.0588,0.000249,0.206,0.964,79.505,4
59RSrxkSKSixEWBAIvE5Wa,"0hCNtLu0JehylgoiP8L4Gh","Starships","Pink Friday ... Roman Reloaded (Deluxe)","Nicki Minaj",2012-01-01,210626,59,spotify:user:candyqueen704,2018-07-17T03:18:45Z,"dance pop,hip pop,pop,queens hip hop,rap",0.747,0.716,11,-2.457,0,0.0751,0.135,0,0.251,0.751,125.006,4
5OMwQFBcte0aWFJFqrr5oj,"6LqNN22kT3074XbTVUrhzX","TiK ToK","Animal","Kesha",2010,199693,0,spotify:user:candyqueen704,2018-07-17T03:19:34Z,"dance pop,pop,post-teen pop",0.755,0.832,2,-2.741,0,0.116,0.0746,0.00000127,0.291,0.735,120.032,4
47aQT2aV12TyilaoYi1NiD,"2jw70GZXlAI8QzWeY2bgRc,5Y5TRrQiqgUO4S36tzjIRZ","Promiscuous","Loose","Nelly Furtado,Timbaland",2006-01-01,242200,0,spotify:user:candyqueen704,2018-07-17T03:20:37Z,"canadian latin,canadian pop,dance pop,pop,pop rap,hip hop,urban contemporary",0.795,0.978,10,-6.097,0,0.0459,0.046,0.0000829,0.143,0.843,114.321,4
5P5cGNzqh6A353N3ShDK6Y,"1HY2Jd0NmPuamShAr6KMms","Bad Romance","The Fame Monster","Lady Gaga",2009,294573,0,spotify:user:candyqueen704,2018-07-17T03:21:20Z,"art pop,dance pop,pop",0.697,0.921,0,-3.75,1,0.0391,0.00305,0.0000365,0.0831,0.721,118.99,4
1uqU0nq6DCbJMktSlUvQV8,"1kDGbuxWknIKx4FlgWxiSp","Trip Switch","Nothing But Thieves (Deluxe)","Nothing But Thieves",2015-10-16,181133,55,spotify:user:candyqueen704,2018-07-17T03:22:16Z,"alternative pop rock,modern alternative rock,modern rock,rock",0.615,0.798,10,-4.163,0,0.0815,0.0188,0.0081,0.0995,0.753,88.465,4
6ODTw5ivAheWBql4tCiNkl,"3Gm5F95VdRxW3mqCn8RPBJ","Turf","Good For You","Aminé",2017-07-28,265840,45,spotify:user:candyqueen704,2018-07-17T03:22:21Z,"hip hop,pop,portland hip hop,rap",0.532,0.414,9,-9.249,0,0.312,0.569,0.00000179,0.113,0.426,147.988,4
161DnLWsx1i3u1JT05lzqU,"0du5cEVh5yTK9QJze8zA0C","Talking to the Moon","Doo-Wops & Hooligans","Bruno Mars",2010-10-05,217866,81,spotify:user:candyqueen704,2018-07-17T03:22:36Z,"dance pop,pop",0.498,0.59,1,-4.721,0,0.032,0.511,0,0.107,0.0784,145.867,4
6SjbzGo7arjfM5cXpXhc5B,"3RGLhK1IP9jnYFH4BRFJBS","Should I Stay or Should I Go - Remastered","Stranger Things (Soundtrack from the Netflix Original Series)","The Clash",2017-10-27,186093,61,spotify:user:candyqueen704,2018-07-17T03:23:20Z,"classic rock,permanent wave,punk,rock",0.74,0.848,2,-6.437,1,0.144,0.0781,0,0.375,0.802,113.381,4
4q604hQba5940BbOoaenmz,"0pCNk4D3E2xtszsm6hMsWr","Blood In The Cut","Every Where Is Some Where","K.Flay",2017-04-07,188706,60,spotify:user:candyqueen704,2018-07-17T03:23:26Z,"electropop,escape room,hip pop,modern rock,pop",0.77,0.655,2,-5.369,1,0.0316,0.118,0.0234,0.125,0.639,129.964,4
51NFxnQvaosfDDutk0tams,"6qqNVTkY8uBg9cP3Jd7DAH","bellyache","Bellyache","Billie Eilish",2017-02-24,179172,78,spotify:user:candyqueen704,2018-07-17T03:23:32Z,"art pop,electropop,pop",0.695,0.573,4,-8.597,0,0.106,0.46,0.0734,0.482,0.408,99.939,4
3ySU5vwQB33iGulwcUL9qQ,"2eam0iDomRHGBypaDQLwWI","Don't Take The Money","Gone Now","Bleachers",2017-06-02,215546,62,spotify:user:candyqueen704,2018-07-17T03:23:39Z,"double drumming,indie pop,indie poptimism,modern alternative rock,modern rock,pop",0.63,0.885,1,-5.674,1,0.0406,0.000397,0.00000137,0.206,0.289,110.072,4
7CkioiGF7vbqzPEpFmsOSW,"0hCNtLu0JehylgoiP8L4Gh","Pills N Potions","The Pinkprint","Nicki Minaj",2014-12-15,268000,43,spotify:user:candyqueen704,2018-07-17T03:23:50Z,"dance pop,hip pop,pop,queens hip hop,rap",0.391,0.604,2,-8.104,1,0.212,0.00812,0.00000518,0.0443,0.168,169.658,4
5VBACm23AYgjjsS9ura4z1,"2kbAovdYb7krLSGdOrBMRu","Common Cold","Good Luck","Super Whatevr",2017-02-03,180558,0,spotify:user:candyqueen704,2018-07-17T03:24:03Z,"alternative emo,modern alternative rock,oc indie",0.562,0.267,9,-15.696,1,0.0323,0.68,0,0.197,0.311,90.057,4
3528IXKpbb7OMjdjWYlbfD,"0RpddSzUHfncUWNJXKOsjy","Everybody Talks","Picture Show (Deluxe Edition)","Neon Trees",2012-01-01,177280,50,spotify:user:candyqueen704,2018-07-17T03:45:45Z,"modern alternative rock,modern rock,pop rock,rock",0.471,0.924,8,-3.906,1,0.0586,0.00301,0,0.313,0.725,154.961,4
17aDyX39gb1iV1ZWvD1ffE,"3DFoVPonoAAt4EZ1FEI8ue","High","Don't You Worry, Honey","Sir Sly",2017-06-30,231896,57,spotify:user:candyqueen704,2018-07-17T03:45:55Z,"electropop,indie poptimism,indie rock,indietronica,la indie,modern alternative rock,modern rock,vapor soul",0.743,0.733,2,-5.576,1,0.0352,0.00705,0.00753,0.0565,0.726,122.975,4
2GiJYvgVaD2HtM8GqD9EgQ,"1KP6TWI40m7p3QBTU6u2xo","Electric Love","Dopamine","BØRNS",2015-10-16,218106,80,spotify:user:candyqueen704,2018-07-17T03:46:01Z,"modern rock,pop",0.611,0.797,6,-7.627,0,0.0533,0.00543,0.00137,0.26,0.518,120.041,4
5BHeyOj1x1Db6dqdLuaXiC,"1zNfnkHqbNqPMm0LY98Tfx","saturn suv","school spirit","fredo disco",2017-09-29,122506,0,spotify:user:candyqueen704,2018-07-17T03:46:15Z,"alternative emo,diy emo",0.406,0.494,10,-4.909,1,0.0374,0.814,0,0.0985,0.811,179.717,4
69pcE6daoGgECg9N4ETrZC,"4RkIeqeY7seRZby4X73Ajk","Secrets","Secrets","Makeout",2017-09-05,176620,15,spotify:user:candyqueen704,2018-07-17T03:46:28Z,"pop punk,rhode island indie",0.771,0.369,2,-7.265,1,0.0439,0.527,0,0.136,0.409,134.969,4
0u2P5u6lvoDfwTYjAADbn4,"6qqNVTkY8uBg9cP3Jd7DAH,6LuN9FCkKOj5PcnpouEgny","lovely (with Khalid)","lovely (with Khalid)","Billie Eilish,Khalid",2018-04-19,200185,88,spotify:user:candyqueen704,2018-07-17T03:46:38Z,"art pop,electropop,pop,pop r&b",0.351,0.296,4,-10.109,0,0.0333,0.934,0,0.095,0.12,115.284,4
4UuVbsWwTyfJ6CcNOCtzBe,"5pUmXBIQtqpvdV1HAy2xYC","Trouble","Me and My Uke","Never Shout Never",2009-11-03,145906,56,spotify:user:candyqueen704,2018-07-17T03:46:47Z,"alternative pop rock,neon pop punk,pop emo,pop punk",0.809,0.28,10,-8.818,1,0.329,0.918,0,0.179,0.564,122.046,4
58q2HKrzhC3ozto2nDdN4z,"4kYSro6naA4h99UJvo89HB,4q3ewBCX7sLwd24euuV69X,1vyhD5VmyZ7KMfW5gqLgo5","I Like It","Invasion of Privacy","Cardi B,Bad Bunny,J Balvin",2018-04-06,253390,78,spotify:user:candyqueen704,2018-07-17T03:46:56Z,"dance pop,pop,rap,reggaeton,trap latino,reggaeton colombiano",0.816,0.726,5,-3.998,0,0.129,0.099,0,0.372,0.65,136.048,4
4Pj5nvdDibE3sgflD87J2i,"05SdqPzK4m3k1ljK2wrTSP","Peach Scone","Peach Scone","Hobo Johnson",2018-04-17,212799,57,spotify:user:candyqueen704,2018-07-17T03:47:10Z,"emo rap,sacramento hip hop",0.583,0.408,7,-9.125,1,0.564,0.65,0,0.309,0.612,74.738,3
5xl5582IihbEZAnfj0xyso,"4PpmBoqphQusNFsxuVKb6j","Straight Up","Forever Your Girl","Paula Abdul",1988-01-01,251466,62,spotify:user:candyqueen704,2018-07-17T12:28:06Z,"dance pop,new wave pop,soft rock,urban contemporary",0.769,0.826,7,-8.252,1,0.0624,0.267,0.0177,0.0638,0.762,95.862,4
19fm0eNKTeg1JbHCHwPhLe,"2iEvnFsWxR0Syqu2JNopAd","All Star","All Star Smash Hits","Smash Mouth",2005-01-01,200560,46,spotify:user:candyqueen704,2018-07-18T15:51:36Z,"alternative rock,pop rock",0.73,0.862,11,-5.876,1,0.0313,0.0398,0,0.0818,0.77,104.018,4
3sP3c86WFjOzHHnbhhZcLA,"6S2OmqARrzebs0tKUEyXyp","Give Your Heart a Break","Unbroken","Demi Lovato",2011-01-01,205346,71,spotify:user:candyqueen704,2018-07-19T06:35:55Z,"dance pop,pop,post-teen pop",0.651,0.695,6,-3.218,1,0.0487,0.23,0,0.144,0.569,123.008,4
1V6gIisPpYqgFeWbMLI0bA,"6S2OmqARrzebs0tKUEyXyp","Heart Attack","Demi","Demi Lovato",2013-01-01,210840,78,spotify:user:candyqueen704,2018-07-19T06:36:13Z,"dance pop,pop,post-teen pop",0.504,0.785,8,-4.802,1,0.104,0.0738,0,0.239,0.502,173.968,4
34MJ07N9Bhu6iKPaxSVnCT,"6S2OmqARrzebs0tKUEyXyp","Neon Lights","Demi","Demi Lovato",2013-01-01,233173,62,spotify:user:candyqueen704,2018-07-19T06:36:40Z,"dance pop,pop,post-teen pop",0.631,0.819,9,-4.24,1,0.122,0.0767,0,0.1,0.733,125.928,4
3DXXKDbbZKyAZfNb96ST3q,"6S2OmqARrzebs0tKUEyXyp","Confident","Confident","Demi Lovato",2015-01-01,205745,70,spotify:user:candyqueen704,2018-07-19T06:37:14Z,"dance pop,pop,post-teen pop",0.594,0.749,3,-6.251,1,0.0677,0.00188,0.000139,0.0869,0.344,130.064,4
3uwnnTQcHM1rDqSfA4gQNz,"6S2OmqARrzebs0tKUEyXyp","Cool for the Summer","Confident","Demi Lovato",2015-01-01,214739,79,spotify:user:candyqueen704,2018-07-19T06:37:25Z,"dance pop,pop,post-teen pop",0.583,0.61,5,-5.639,0,0.0382,0.00425,0.000105,0.14,0.336,114.06,4
3by8IfnW9dZ2t4pZw1WVxz,"6S2OmqARrzebs0tKUEyXyp","Stone Cold","Confident","Demi Lovato",2015-01-01,191307,68,spotify:user:candyqueen704,2018-07-19T06:37:36Z,"dance pop,pop,post-teen pop",0.419,0.453,8,-7.685,1,0.0437,0.539,0,0.0971,0.356,140.327,3
3goSVuTt3fDYDP6kRnFwuL,"5pKCCKE2ajJHZ9KAiaK11H","Take A Bow","Good Girl Gone Bad: Reloaded","Rihanna",2008-06-02,229413,76,spotify:user:candyqueen704,2018-07-19T06:38:56Z,"barbadian pop,dance pop,pop,urban contemporary",0.697,0.467,9,-7.536,1,0.0715,0.248,0,0.0941,0.572,82.082,4
1uN0f4NqMDcReSwXO6PLuG,"5pKCCKE2ajJHZ9KAiaK11H","Where Have You Been","Talk That Talk (Explicit)","Rihanna",2011-01-01,242680,49,spotify:user:candyqueen704,2018-07-19T06:39:49Z,"barbadian pop,dance pop,pop,urban contemporary",0.719,0.847,0,-6.34,0,0.0916,0.00201,0.0204,0.223,0.444,127.963,4
1zv3WFUbZ5vPxFq9I2jAU1,"5pKCCKE2ajJHZ9KAiaK11H,7CajNmpbOovFoOoasH2HaY","We Found Love","Talk That Talk (Explicit)","Rihanna,Calvin Harris",2011-01-01,215226,56,spotify:user:candyqueen704,2018-07-19T06:39:58Z,"barbadian pop,dance pop,pop,urban contemporary,edm,electro house,house,progressive house,uk dance",0.734,0.766,1,-4.485,1,0.0383,0.025,0.00138,0.108,0.6,127.986,4
1AoKQqqkNTpmWqW8HKs8oL,"5pKCCKE2ajJHZ9KAiaK11H,1buzCmyYZE4kcdLRudsb8V","Stay","Unapologetic","Rihanna,Mikky Ekko",2012-12-11,240706,41,spotify:user:candyqueen704,2018-07-19T06:40:39Z,"barbadian pop,dance pop,pop,urban contemporary,nashville indie",0.621,0.31,9,-10.164,0,0.0283,0.945,0.0000612,0.117,0.125,111.893,4
2aksifNn5ph8igDOkPBA02,"5pKCCKE2ajJHZ9KAiaK11H","Love On The Brain","ANTI","Rihanna",2016-01-28,224000,0,spotify:user:candyqueen704,2018-07-19T06:40:58Z,"barbadian pop,dance pop,pop,urban contemporary",0.509,0.637,4,-4.83,0,0.0471,0.0717,0.0000108,0.0789,0.378,172.006,3
1G7DcLzPnopdZjLkev0K4e,"6vWDO969PvNqNYHIOW5v0m","Irreplaceable","B'Day","Beyoncé",2006-09-04,227666,63,spotify:user:candyqueen704,2018-07-19T06:41:40Z,"dance pop,pop,r&b",0.576,0.697,10,-4.192,1,0.326,0.0286,0.00000115,0.167,0.501,175.906,4
26NX1wPt1TRCH536yocd6i,"6vWDO969PvNqNYHIOW5v0m","If I Were a Boy","I AM...SASHA FIERCE","Beyoncé",2008-11-14,249146,66,spotify:user:candyqueen704,2018-07-19T06:41:50Z,"dance pop,pop,r&b",0.632,0.518,6,-6.126,1,0.0313,0.107,0,0.354,0.427,90.007,4
3ERa3mEeOnrh2Mc47qM6T1,"6vWDO969PvNqNYHIOW5v0m","Halo","I AM...SASHA FIERCE","Beyoncé",2008-11-14,261640,64,spotify:user:candyqueen704,2018-07-19T06:41:55Z,"dance pop,pop,r&b",0.508,0.72,11,-5.908,0,0.0628,0.272,0,0.0563,0.472,79.983,4
7lUA4P03AhwAw40JHkdyGr,"6vWDO969PvNqNYHIOW5v0m","Pretty Hurts","BEYONCÉ [Platinum Edition]","Beyoncé",2014-11-24,257653,62,spotify:user:candyqueen704,2018-07-19T06:42:20Z,"dance pop,pop,r&b",0.512,0.624,11,-6.761,1,0.0509,0.00305,0.000172,0.346,0.2,129.932,4
2wBCrtJS3E3TimRZ5MElTI,"5ZS223C6JyBfXasXxrRqOk","The Worst","Sail Out","Jhené Aiko",2013-01-01,254493,70,spotify:user:candyqueen704,2018-07-24T00:27:31Z,"pop,r&b,urban contemporary",0.539,0.414,1,-9.156,0,0.0601,0.253,0.0000013,0.143,0.123,94.895,4
5NQbUaeTEOGdD6hHcre0dZ,"6PXS4YHDkKvl1wkIl4V8DL,2s0yxtiHiyGe6CY4mbDYFi","679 (feat. Remy Boyz)","679 (feat. Remy Boyz)","Fetty Wap,Remy Boyz",2015-06-29,196693,74,spotify:user:candyqueen704,2018-07-24T04:24:30Z,"dance pop,new jersey rap,pop,pop rap,rap,southern hip hop,trap",0.618,0.717,7,-5.738,1,0.318,0.00256,0,0.625,0.603,190.05,4
5PsUB0ISfQxRLhF5DmI5Ks,"0cQbJU1aAzvbEmTuljWLlF","Don't Speak","Tragic Kingdom","No Doubt",1995-10-10,263000,0,spotify:user:candyqueen704,2018-08-02T21:40:46Z,"alternative rock,dance pop,dance rock,permanent wave,pop rock",0.522,0.707,5,-7.113,0,0.0354,0.24,0.0000204,0.156,0.572,76.05,4
32iYwQ4OYiurnGnOfJ1aEh,"4MCBfE4596Uoi2O4DtmEMz","Lucid Dreams","Lucid Dreams","Juice WRLD",2018-05-04,239946,0,spotify:user:candyqueen704,2018-08-03T17:58:54Z,"chicago rap,melodic rap",0.437,0.481,11,-9.681,0,0.237,0.377,0,0.33,0.216,83.606,4
4F1yvJfQ7gJkrcgFJQDjOr,"4qBgvVog0wzW75IQ48mU7v,0cGUm45nv7Z6M6qdXYQGTX","Playinwitme (feat. Kehlani)","Light of Mine","KYLE,Kehlani",2018-05-18,191680,62,spotify:user:candyqueen704,2018-08-03T17:59:01Z,"pop,pop rap,rap,viral rap,dance pop,post-teen pop,r&b",0.689,0.584,1,-5.768,0,0.119,0.339,0,0.297,0.676,156.572,4
6FRLCMO5TUHTexlWo8ym1W,"04gDigrS5kc9YWfZHwBETP,4kYSro6naA4h99UJvo89HB","Girls Like You (feat. Cardi B) - Cardi B Version","Girls Like You (feat. Cardi B)","Maroon 5,Cardi B",2018-05-30,235545,69,spotify:user:candyqueen704,2018-08-03T17:59:05Z,"pop,dance pop,rap",0.851,0.541,0,-6.825,1,0.0505,0.568,0,0.13,0.448,124.959,4
4kWO6O1BUXcZmaxitpVUwp,"2o5jDhtHVPhrJdv3cEQ99Z,5vQfv3s2Z2SRdPZKr82ABw,0bdJZl7TDeiymDYzMJnVh2,246dkjvS1zLTtiykXe5h60","Jackie Chan","Jackie Chan","Tiësto,Dzeko,Preme,Post Malone",2018-05-18,215759,71,spotify:user:candyqueen704,2018-08-03T17:59:20Z,"big room,brostep,dance pop,dutch edm,edm,house,pop,pop dance,slap house,trance,tropical house,canadian electronic,electro house,pop edm,canadian hip hop,canadian trap,pop rap,toronto rap,trap,trap soul,dfw rap,melodic rap,rap",0.747,0.834,3,-2.867,0,0.045,0.374,0,0.0586,0.687,128.005,4
45hOioMDJktr86iKDHC8gr,"0p4nmQO2msCgU4IF37Wi3j","Girlfriend","The Best Damn Thing (Expanded Edition)","Avril Lavigne",2007-04-17,216600,74,spotify:user:candyqueen704,2019-09-19T19:39:50Z,"canadian pop,candy pop,dance pop,pop,post-teen pop",0.56,0.959,7,-2.433,1,0.102,0.000722,0.000221,0.209,0.669,163.983,4
1kPpge9JDLpcj15qgrPbYX,"07QEuhtrNmmZ0zEcqE9SF6,6sFIWsNpZYqfjUpaCgueju","Good Time","The Midsummer Station","Owl City,Carly Rae Jepsen",2012-01-01,205933,77,spotify:user:candyqueen704,2021-01-27T15:18:42Z,"indietronica,pop,pop rock,post-teen pop,canadian pop,dance pop,electropop",0.56,0.872,3,-4.269,1,0.14,0.0239,0.00000698,0.371,0.682,126.05,4
2i0AUcEnsDm3dsqLrFWUCq,"6jTnHxhb6cDCaCu4rdvsQ0","Tonight Tonight","Whatever","Hot Chelle Rae",2011-11-25,200466,71,spotify:user:candyqueen704,2021-01-27T15:18:44Z,"dance pop,dance rock,pop,pop rock,post-teen pop",0.686,0.783,4,-4.977,1,0.119,0.0764,0,0.163,0.814,99.978,4
3avYqdwHKEq8beXbeWCKqJ,"6jJ0s89eD6GaHleKKya26X","Last Friday Night (T.G.I.F.)","Teenage Dream","Katy Perry",2010-01-01,230733,73,spotify:user:candyqueen704,2021-01-27T15:18:46Z,"dance pop,pop",0.652,0.812,3,-3.797,0,0.0409,0.00125,0.0000301,0.667,0.72,126.023,4
0VwNdo84DaVYLIkbVO86ND,"06HL4z0CvFAxyc27GXpf02","We Are Never Ever Getting Back Together","Red (Big Machine Radio Release Special)","Taylor Swift",2012-10-22,193146,75,spotify:user:candyqueen704,2021-01-27T15:18:57Z,"pop",0.628,0.676,7,-5.911,1,0.0916,0.00957,0.0000265,0.121,0.75,85.984,4
5jzKL4BDMClWqRguW5qZvh,"6jJ0s89eD6GaHleKKya26X","Teenage Dream","Teenage Dream","Katy Perry",2010-01-01,227741,72,spotify:user:candyqueen704,2021-01-27T15:19:03Z,"dance pop,pop",0.719,0.798,10,-4.582,1,0.0361,0.0162,0.00000234,0.134,0.591,120.011,4
4cluDES4hQEUhmXj6TXkSo,"4AK6F7OLvEQ5QYCBNiQWHq","What Makes You Beautiful","Up All Night","One Direction",2012-05-25,199986,83,spotify:user:candyqueen704,2021-04-23T17:14:22Z,"boy band,pop,post-teen pop,talent show",0.726,0.787,4,-2.494,1,0.0737,0.009,0,0.0596,0.888,124.99,4
3DamFFqW32WihKkTVlwTYQ,"07QEuhtrNmmZ0zEcqE9SF6","Fireflies","Ocean Eyes","Owl City",2009-01-01,228346,78,spotify:user:candyqueen704,2022-02-23T13:46:17Z,"indietronica,pop,pop rock,post-teen pop",0.512,0.662,3,-6.797,1,0.0439,0.0275,0,0.118,0.472,180.114,4
6FB3v4YcR57y4tXFcdxI1E,"06HL4z0CvFAxyc27GXpf02","I Knew You Were Trouble.","Red (Big Machine Radio Release Special)","Taylor Swift",2012-10-22,219720,77,spotify:user:candyqueen704,2022-02-23T13:46:19Z,"pop",0.622,0.469,3,-6.798,0,0.0363,0.00454,0.00000225,0.0335,0.679,77.019,4
1kusepF3AacIEtUTYrw4GV,"0QJIPDAEDILuo8AIq3pMuU","Paper Planes","Kala","M.I.A.",2007-01-01,203760,12,spotify:user:candyqueen704,2022-02-23T13:50:55Z,"dance pop,indietronica,new rave",0.447,0.848,2,-6.175,1,0.222,0.033,0.0000745,0.722,0.485,172.247,4
7w87IxuO7BDcJ3YUqCyMTT,"7gP3bB2nilZXLfPHJhMdvc","Pumped Up Kicks","Torches","Foster The People",2011-05-23,239600,82,spotify:user:candyqueen704,2022-02-23T13:51:03Z,"indietronica,modern rock,rock",0.733,0.71,5,-5.849,0,0.0292,0.145,0.115,0.0956,0.965,127.975,4
7oK9VyNzrYvRFo7nQEYkWN,"0C0XlULifJtAgn6ZNCW2eu","Mr. Brightside","Hot Fuss","The Killers",2004-06-15,222586,22,spotify:user:candyqueen704,2022-02-23T13:51:17Z,"alternative rock,dance rock,permanent wave,rock",0.356,0.924,1,-3.74,1,0.0808,0.00101,0,0.0953,0.232,148.017,4
