Spotify ID,Artist IDs,Track Name,Album Name,Artist Name(s),Release Date,Duration (ms),Popularity,Added By,Added At,Genres,Danceability,Energy,Key,Loudness,Mode,Speechiness,Acousticness,Instrumentalness,Liveness,Valence,Tempo,Time Signature
086myS9r57YsLbJpU0TgK9,"7Ln80lUS6He07XvHI8qqHH","Why'd You Only Call Me When You're High?","AM","Arctic Monkeys",2013-09-09,161123,87,spotify:user:uwk3lwotqa3k2h7oc2d9pr727,2020-11-30T21:59:47Z,"garage rock,modern rock,permanent wave,rock,sheffield indie",0.691,0.631,2,-6.478,1,0.0368,0.0483,0.0000113,0.104,0.8,92.004,4
6kVku2CoE7fbD29miiutzw,"5FN9kuAUamAd4IadVnH4jH","Butterflies","Butterflies","Samsa",2017-05-16,199183,0,spotify:user:uwk3lwotqa3k2h7oc2d9pr727,2020-11-30T21:59:54Z,"lo-fi rap,meme rap",0.54,0.744,1,-10.942,1,0.405,0.307,0.0000895,0.103,0.925,92.207,4
5E30LdtzQTGqRvNd7l6kG5,"77SW9BnxLY8rJ0RciFqkHh","Daddy Issues","Wiped Out!","The Neighbourhood",2015-10-30,260173,86,spotify:user:uwk3lwotqa3k2h7oc2d9pr727,2020-11-30T21:59:59Z,"modern alternative rock,modern rock,pop,shimmer pop",0.588,0.521,10,-9.461,1,0.0329,0.0678,0.149,0.123,0.337,85.012,4
4XOlo2K3XX1ICy1KfEiWyO,"5FN9kuAUamAd4IadVnH4jH","Solo","Solo","Samsa",2017-08-18,208143,0,spotify:user:uwk3lwotqa3k2h7oc2d9pr727,2020-11-30T22:00:02Z,"lo-fi rap,meme rap",0.526,0.525,0,-12.345,1,0.26,0.712,0.000148,0.139,0.66,73.731,4
5XeFesFbtLpXzIVDNQP22n,"7Ln80lUS6He07XvHI8qqHH","I Wanna Be Yours","AM","Arctic Monkeys",2013-09-09,183956,91,spotify:user:uwk3lwotqa3k2h7oc2d9pr727,2020-11-30T22:00:15Z,"garage rock,modern rock,permanent wave,rock,sheffield indie",0.464,0.417,0,-9.345,0,0.0256,0.136,0.022,0.0974,0.479,67.528,4
7LYGpt7ckc34CFWcsxwnJl,"2Q9c6ETFOkDDTy53U7DIgr","Ripples","Ripples","Maximillian",2019-10-25,195404,58,spotify:user:uwk3lwotqa3k2h7oc2d9pr727,2020-11-30T22:00:18Z,"gen z singer-songwriter,pop",0.683,0.346,0,-9.475,1,0.0785,0.682,0,0.278,0.457,129.682,4
5Ma3BlNVDtn3JiwMEafSaq,"77SW9BnxLY8rJ0RciFqkHh","Single","Wiped Out!","The Neighbourhood",2015-10-30,262320,62,spotify:user:uwk3lwotqa3k2h7oc2d9pr727,2020-11-30T22:00:29Z,"modern alternative rock,modern rock,pop,shimmer pop",0.249,0.492,2,-7.108,0,0.0352,0.755,0,0.243,0.34,54.134,4
6IbnUaczZBT34DhaD6S18F,"6CwfuxIqcltXDGjfZsMd9A","Bubblegum Bitch","Electra Heart (Deluxe)","MARINA",2012-04-30,154666,76,spotify:user:uwk3lwotqa3k2h7oc2d9pr727,2020-11-30T22:00:32Z,"dance pop,electropop,metropopolis,pop,uk alternative pop",0.495,0.856,0,-5.123,0,0.0311,0.000219,0,0.103,0.609,158.024,4
0EfsDEYaSjGYd66Pr881nq,"77SW9BnxLY8rJ0RciFqkHh","Cry Baby","Wiped Out!","The Neighbourhood",2015-10-30,235160,73,spotify:user:uwk3lwotqa3k2h7oc2d9pr727,2020-11-30T22:00:35Z,"modern alternative rock,modern rock,pop,shimmer pop",0.581,0.656,4,-4.891,0,0.0294,0.00269,0.00000278,0.101,0.338,108.033,4
7brQHA2CgQpcMBiOlfiXYb,"77SW9BnxLY8rJ0RciFqkHh","Afraid","I Love You.","The Neighbourhood",2013-04-19,251186,76,spotify:user:uwk3lwotqa3k2h7oc2d9pr727,2020-11-30T22:00:39Z,"modern alternative rock,modern rock,pop,shimmer pop",0.464,0.701,6,-5.693,0,0.0411,0.00892,0.309,0.335,0.356,83.996,4
3eng6TJxpqjvDkxRpnfnhB,"2jnIB6XdLvnJUeNTy5A0J2","Big Plans","Big Plans","Why Don't We",2019-01-17,179929,63,spotify:user:uwk3lwotqa3k2h7oc2d9pr727,2020-11-30T22:01:12Z,"australian pop,boy band,dance pop,pop,post-teen pop,uk pop",0.693,0.604,11,-5.279,1,0.0427,0.0668,0,0.114,0.651,75.014,4
3hRV0jL3vUpRrcy398teAU,"6ltzsmQQbmdoHHbLZ4ZN25","The Night We Met","Strange Trails","Lord Huron",2015-04-06,208211,82,spotify:user:uwk3lwotqa3k2h7oc2d9pr727,2020-11-30T22:01:18Z,"indie folk,stomp and holler",0.544,0.369,2,-9.514,1,0.038,0.969,0.279,0.639,0.102,87.01,3
30bqVoKjX479ab90a8Pafp,"2kCcBybjl3SAtIcwdWpUe3","Star Shopping","Star Shopping","Lil Peep",2015,142000,72,spotify:user:uwk3lwotqa3k2h7oc2d9pr727,2020-11-30T22:01:26Z,"emo rap,lgbtq+ hip hop",0.585,0.471,4,-9.934,0,0.0616,0.0967,0.0184,0.115,0.323,93.099,4
4jvjzW7Hm0yK4LvvE0Paz9,"2kCcBybjl3SAtIcwdWpUe3,15UsOTVnJzReFVN1VCnxy4","Falling Down - Bonus Track","Come Over When You're Sober, Pt. 2","Lil Peep,XXXTENTACION",2018-11-09,196400,80,spotify:user:uwk3lwotqa3k2h7oc2d9pr727,2020-11-30T22:01:29Z,"emo rap,lgbtq+ hip hop,miami hip hop",0.669,0.574,4,-6.442,0,0.0286,0.0175,0.00294,0.146,0.273,120.013,4
07stbgVp3PNKRk12IQ0ZCh,"2kCcBybjl3SAtIcwdWpUe3,5g63iWaMJ2UrkZMkCC8dMi","white tee","EVERYBODY'S EVERYTHING","Lil Peep,Lil Tracy",2019-11-15,132226,0,spotify:user:uwk3lwotqa3k2h7oc2d9pr727,2020-11-30T22:01:31Z,"emo rap,lgbtq+ hip hop,dark trap,melodic rap,underground hip hop,vapor trap",0.812,0.541,11,-8.912,1,0.042,0.268,0,0.071,0.77,149.987,4
3pm3nUvCGJQHCAj8E56CfQ,"2kCcBybjl3SAtIcwdWpUe3,0eVhqF74EcgHDV2cwqEpv9","red drop shawty","HELLBOY","Lil Peep,KirbLaGoop",2016,165120,49,spotify:user:uwk3lwotqa3k2h7oc2d9pr727,2020-11-30T22:01:41Z,"emo rap,lgbtq+ hip hop,plugg,underground hip hop",0.687,0.56,0,-7.17,0,0.103,0.0824,0,0.103,0.362,139.922,4
6w1k5KDajzJSqPJzMYsQhA,"2kCcBybjl3SAtIcwdWpUe3","crybaby","crybaby","Lil Peep",2016,247453,62,spotify:user:uwk3lwotqa3k2h7oc2d9pr727,2020-11-30T22:01:43Z,"emo rap,lgbtq+ hip hop",0.522,0.546,3,-9.528,1,0.0514,0.297,0,0.7,0.234,96.957,4
78cIbVjU1xn7mbQ9i35avl,"6zqcGQ6MH6yetBUoquMnL7","i think you're really cool","i think you're really cool","guardin",2018-05-08,160660,60,spotify:user:uwk3lwotqa3k2h7oc2d9pr727,2020-11-30T22:01:51Z,"dark trap,emo rap,sad rap",0.503,0.446,5,-6.279,1,0.0547,0.904,0,0.303,0.476,174.062,4
1Z8gpnzgTFQKAwmV43iLBB,"2kCcBybjl3SAtIcwdWpUe3,5g63iWaMJ2UrkZMkCC8dMi","witchblades","EVERYBODY'S EVERYTHING","Lil Peep,Lil Tracy",2019-11-15,150160,0,spotify:user:uwk3lwotqa3k2h7oc2d9pr727,2020-11-30T22:01:55Z,"emo rap,lgbtq+ hip hop,dark trap,melodic rap,underground hip hop,vapor trap",0.642,0.538,8,-7.206,1,0.0696,0.0242,0,0.273,0.57,143.921,4
6lVLuu0k5LKLB5Zmqg12iH,"2kCcBybjl3SAtIcwdWpUe3","move on, be strong","HELLBOY","Lil Peep",2016,121920,47,spotify:user:uwk3lwotqa3k2h7oc2d9pr727,2020-11-30T22:02:18Z,"emo rap,lgbtq+ hip hop",0.569,0.749,1,-7.294,1,0.224,0.000161,0,0.0503,0.126,142.97,4
0mr8FAnN9X70p5KRUwMIJx,"1vkWdqcabQ1swciXipkLBj","I Met Sarah in the Bathroom","I Met Sarah in the Bathroom","awfultune",2019-07-31,121374,72,spotify:user:uwk3lwotqa3k2h7oc2d9pr727,2020-11-30T22:02:45Z,"indie pop",0.675,0.408,0,-10.861,1,0.142,0.901,0.000714,0.16,0.229,90.111,4
4qAEFnCVCqZsIcaOKQwMUj,"41it3ogaq2BsdLlZkWTXdO,76yeOnINtQSXyoEHbkYmtY","Falling In Love","Falling In Love","Dennis Kruissen,Drew Love",2016-10-05,175037,52,spotify:user:uwk3lwotqa3k2h7oc2d9pr727,2020-12-01T13:12:40Z,"deep tropical house",0.355,0.475,11,-8.821,1,0.0438,0.0123,0,0.162,0.146,134.495,4
0S0vWvyZ6Rc79TXkWxT9QA,"2kCcBybjl3SAtIcwdWpUe3","Save That Shit","Come Over When You're Sober, Pt. 1","Lil Peep",2017-08-15,231546,73,spotify:user:uwk3lwotqa3k2h7oc2d9pr727,2020-12-03T19:47:16Z,"emo rap,lgbtq+ hip hop",0.534,0.583,2,-8.672,1,0.0288,0.0262,0,0.421,0.145,106,4
7nzsY8vlnKdvGOEE0rjAXZ,"7Ln80lUS6He07XvHI8qqHH","Arabella","AM","Arctic Monkeys",2013-09-09,207356,77,spotify:user:uwk3lwotqa3k2h7oc2d9pr727,2020-12-20T09:58:55Z,"garage rock,modern rock,permanent wave,rock,sheffield indie",0.579,0.558,2,-6.986,1,0.0895,0.0202,0.00000126,0.212,0.506,179.949,4
3i5qVV8azKqGFK4Gzdt5YS,"6fOMl44jA4Sp5b9PpYCkzz","If You Want Love","Perception","NF",2017-10-06,199386,75,spotify:user:uwk3lwotqa3k2h7oc2d9pr727,2020-12-23T06:56:35Z,"hip hop,pop rap,rap",0.551,0.386,0,-10.22,1,0.132,0.659,0,0.125,0.245,116.409,1
0BxE4FqsDD1Ot4YuBXwAPp,"7Ln80lUS6He07XvHI8qqHH","505","Favourite Worst Nightmare","Arctic Monkeys",2007-04-22,253586,86,spotify:user:uwk3lwotqa3k2h7oc2d9pr727,2020-12-24T10:46:07Z,"garage rock,modern rock,permanent wave,rock,sheffield indie",0.526,0.866,0,-5.822,1,0.0568,0.00287,0.0000778,0.0945,0.248,140.266,4
40sRwFjfrRnaTdYPJIg4CP,"3YQKmKGau1PzlVlkL1iodx","Hometown","Blurryface","Twenty One Pilots",2015-05-15,234946,63,spotify:user:uwk3lwotqa3k2h7oc2d9pr727,2020-12-27T15:54:09Z,"modern rock,rock",0.683,0.753,2,-5.564,0,0.0317,0.0577,0.00208,0.357,0.389,120.03,4
3LYpOXGpnSAHycs2YBKMEx,"0GWCNkPi54upO9WLlwjAHd","Til I Forget About You","BTR","Big Time Rush",2011-04-18,237840,50,spotify:user:uwk3lwotqa3k2h7oc2d9pr727,2021-01-01T19:24:17Z,"boy band,dance pop,pop,post-teen pop",0.57,0.865,5,-3.656,1,0.0477,0.00575,0,0.157,0.529,122.02,4
1IX9zu7Ciqf1k48IyPLruN,"2kCcBybjl3SAtIcwdWpUe3,1fsCfvdiomqjKJFR6xI8e4","big city blues","crybaby","Lil Peep,Cold Hart",2016,155573,62,spotify:user:uwk3lwotqa3k2h7oc2d9pr727,2021-01-04T17:31:05Z,"emo rap,lgbtq+ hip hop,dark trap,sad rap,underground hip hop",0.589,0.665,0,-7.105,1,0.044,0.0545,0,0.221,0.298,74.978,4
2Ow4Pmi0VOOLvbmJ8V70qo,"6CwfuxIqcltXDGjfZsMd9A","How to Be a Heartbreaker","Electra Heart (Deluxe)","MARINA",2012-04-30,221493,47,spotify:user:uwk3lwotqa3k2h7oc2d9pr727,2021-01-07T17:30:36Z,"dance pop,electropop,metropopolis,pop,uk alternative pop",0.69,0.897,11,-4.696,0,0.0506,0.0142,0,0.108,0.849,140.05,4
5vjLSffimiIP26QG5WcN2K,"5D3muNJhYYunbRkh3FKgX0","Hold On","Hold On","Chord Overstreet",2017-02-03,198853,81,spotify:user:uwk3lwotqa3k2h7oc2d9pr727,2021-01-19T17:52:08Z,"acoustic pop",0.618,0.443,2,-9.681,1,0.0526,0.469,0,0.0829,0.167,119.949,4
1Xi84slp6FryDSCbzq4UCD,"3klZnJvYGIbWritVwQD434","Arcade","Arcade","Duncan Laurence",2019-03-07,183624,79,spotify:user:uwk3lwotqa3k2h7oc2d9pr727,2021-01-25T07:04:57Z,"dutch pop",0.45,0.329,9,-12.603,0,0.0441,0.818,0.00109,0.135,0.266,71.884,3
4sOX1nhpKwFWPvoMMExi3q,"6CwfuxIqcltXDGjfZsMd9A","Primadonna","Electra Heart (Deluxe)","MARINA",2012-04-30,221075,73,spotify:user:uwk3lwotqa3k2h7oc2d9pr727,2021-01-28T08:31:29Z,"dance pop,electropop,metropopolis,pop,uk alternative pop",0.66,0.689,4,-2.671,0,0.0337,0.0884,0,0.0922,0.427,127.98,4
6KfoDhO4XUWSbnyKjNp9c4,"4Uc8Dsxct0oMqx0P6i60ea","Maniac","Kid Krow","Conan Gray",2020-03-20,185773,79,spotify:user:uwk3lwotqa3k2h7oc2d9pr727,2021-02-06T13:40:34Z,"bedroom pop,pop",0.628,0.639,8,-5.46,1,0.0435,0.00162,0,0.354,0.493,108.045,4
08AJ0xQv5LRZsvXf1Jkr2y,"2kCcBybjl3SAtIcwdWpUe3","Gym Class","Gym Class","Lil Peep",2016,217000,58,spotify:user:uwk3lwotqa3k2h7oc2d9pr727,2021-02-09T10:12:00Z,"emo rap,lgbtq+ hip hop",0.622,0.347,8,-13.292,1,0.0649,0.507,0.00421,0.0841,0.0757,75.512,4
5rYpwP1dHWGVMrSZbTmt3e,"2kCcBybjl3SAtIcwdWpUe3","Life is Beautiful","Come Over When You're Sober, Pt. 2","Lil Peep",2018-11-09,207586,72,spotify:user:uwk3lwotqa3k2h7oc2d9pr727,2021-02-13T17:47:38Z,"emo rap,lgbtq+ hip hop",0.533,0.638,10,-9.411,1,0.0636,0.0385,0.000932,0.0758,0.324,135.056,4
5x6f5OvhhPkeKFGkD3BH6X,"4ERRpGwxvfMKNH7Dkr7Zfd","Silencieux Amoureux","Silencieux Amoureux","Saphir",2018-08-31,120398,57,spotify:user:uwk3lwotqa3k2h7oc2d9pr727,2021-02-15T17:56:43Z,"",0.57,0.447,1,-8.464,1,0.0286,0.632,0,0.318,0.0573,90.021,4
2jQiSYrwJehQAcuaaQrXnS,"7cYEt1pqMgXJdq00hAwVpT","Friends","Nostalgia","Chase Atlantic",2015-02-21,230010,81,spotify:user:uwk3lwotqa3k2h7oc2d9pr727,2021-02-16T14:05:27Z,"pop",0.422,0.609,11,-6.361,0,0.0335,0.0114,0.00000476,0.108,0.0911,107.34,3
50nQF9jSXOL5SV1ZYjDZIL,"4ERRpGwxvfMKNH7Dkr7Zfd","Prayer","Prayer","Saphir",2019-03-17,146546,12,spotify:user:uwk3lwotqa3k2h7oc2d9pr727,2021-02-16T18:42:41Z,"",0.723,0.338,1,-12.566,0,0.0497,0.053,0.00142,0.0873,0.0545,134.913,4
2MUCuQaEVEHW1wKkAiwgmo,"2kCcBybjl3SAtIcwdWpUe3","fucked up","HELLBOY","Lil Peep",2016,156466,56,spotify:user:uwk3lwotqa3k2h7oc2d9pr727,2021-02-23T17:44:14Z,"emo rap,lgbtq+ hip hop",0.532,0.72,8,-7.532,0,0.351,0.00898,0,0.0969,0.226,171.854,4
5E9CeQTevMVg2nVOomIgiE,"0GWCNkPi54upO9WLlwjAHd","Boyfriend","BTR","Big Time Rush",2011-04-18,201040,60,spotify:user:uwk3lwotqa3k2h7oc2d9pr727,2021-02-25T11:34:55Z,"boy band,dance pop,pop,post-teen pop",0.614,0.854,1,-4.171,0,0.0865,0.0949,0,0.124,0.627,164.126,4
3G8Sk6j8DHR6TBxMLPNYU1,"0GWCNkPi54upO9WLlwjAHd","Elevate","Elevate","Big Time Rush",2011-11-21,186480,29,spotify:user:uwk3lwotqa3k2h7oc2d9pr727,2021-02-25T11:35:20Z,"boy band,dance pop,pop,post-teen pop",0.588,0.86,8,-4.461,1,0.0767,0.028,0,0.564,0.622,129.945,4
3QyoC6OvQUmpQwQZ18iaTs,"4Uc8Dsxct0oMqx0P6i60ea","Overdrive","Overdrive","Conan Gray",2021-02-19,183070,69,spotify:user:uwk3lwotqa3k2h7oc2d9pr727,2021-02-26T12:22:38Z,"bedroom pop,pop",0.568,0.788,5,-6.28,1,0.0377,0.0101,0,0.141,0.46,104.959,4
0nhBKubnVz9yFNNprBniWz,"3WGpXCj9YhhfX11TToZcXP","YOUTH","Blue Neighbourhood (Deluxe)","Troye Sivan",2015-12-09,185194,72,spotify:user:uwk3lwotqa3k2h7oc2d9pr727,2021-02-26T19:09:39Z,"australian pop,dance pop,pop,viral pop",0.628,0.737,7,-4.437,1,0.041,0.0625,0,0.0777,0.592,91.507,4
6BH01QZZNO84ui1SbVhzOu,"4ERRpGwxvfMKNH7Dkr7Zfd","Judas and the Pastor","Judas and the Pastor","Saphir",2020-12-28,185660,26,spotify:user:uwk3lwotqa3k2h7oc2d9pr727,2021-02-26T19:45:14Z,"",0.527,0.732,0,-6.448,1,0.0283,0.0000247,0.486,0.0898,0.0398,105.988,4
3EKpSt5DWmlP9Cc5PAQEOc,"4ERRpGwxvfMKNH7Dkr7Zfd","Hide Out Then Run","Hide Out Then Run","Saphir",2018-08-31,140068,12,spotify:user:uwk3lwotqa3k2h7oc2d9pr727,2021-02-26T19:45:18Z,"",0.585,0.502,2,-9.766,1,0.0335,0.546,0.448,0.095,0.0388,100.006,4
2bL2gyO6kBdLkNSkxXNh6x,"04gDigrS5kc9YWfZHwBETP","Animals","V","Maroon 5",2014-09-02,231013,79,spotify:user:uwk3lwotqa3k2h7oc2d9pr727,2021-03-02T13:35:37Z,"pop",0.279,0.742,4,-6.46,0,0.0898,0.000185,0,0.593,0.328,189.868,4
4vWeIrIQQrbThS11ogLTmu,"5tIkXJTex4JY7cv9mmgAZx","War of Hearts","Up in Flames","Ruelle",2015-01-20,226426,2,spotify:user:uwk3lwotqa3k2h7oc2d9pr727,2021-03-02T17:29:48Z,"electropop,indie poptimism,metropopolis,pop",0.494,0.713,9,-7.487,0,0.0776,0.0316,0.374,0.0602,0.257,147.959,3
0ON06ClWO2n1xSvSnHB0bb,"5tIkXJTex4JY7cv9mmgAZx","Until We Go Down","Up in Flames","Ruelle",2015-01-20,252440,0,spotify:user:uwk3lwotqa3k2h7oc2d9pr727,2021-03-02T17:35:33Z,"electropop,indie poptimism,metropopolis,pop",0.433,0.314,5,-10.609,0,0.0505,0.379,0.48,0.104,0.139,116.264,4
619p9rRRFsYAlOI8sXbb0e,"5tIkXJTex4JY7cv9mmgAZx","Big Guns","Up in Flames","Ruelle",2015-01-20,256600,0,spotify:user:uwk3lwotqa3k2h7oc2d9pr727,2021-03-02T21:41:15Z,"electropop,indie poptimism,metropopolis,pop",0.488,0.512,0,-7.265,1,0.0294,0.0574,0.0000618,0.1,0.0378,132.171,4
5W8YXBz9MTIDyrpYaCg2Ky,"4RddZ3iHvSpGV4dvATac9X","Last Resort","Infest","Papa Roach",2001-04-25,199906,79,spotify:user:uwk3lwotqa3k2h7oc2d9pr727,2021-03-05T12:37:32Z,"alternative metal,nu metal,rap metal,rap rock",0.589,0.89,4,-3.719,0,0.0603,0.000481,0.00082,0.201,0.692,90.598,4
3FxPbp05KjMBa4HbhAJTH0,"4b19vuzlDcNdU4quI7L6sW","SugarCrash!","SugarCrash!","ElyOtto",2020-08-25,80117,0,spotify:user:uwk3lwotqa3k2h7oc2d9pr727,2021-03-08T10:37:23Z,"hyperpop,weirdcore",0.745,0.74,0,-6.558,1,0.097,0.53,0.0000737,0.0936,0.36,97.735,4
0ZAiqymvbQUZAh9y6ZT3Rm,"1t20wYnTiAT0Bs7H1hv9Wt","XO","i think you think too much of me","EDEN",2016-08-19,159512,66,spotify:user:uwk3lwotqa3k2h7oc2d9pr727,2021-03-12T18:53:27Z,"indie poptimism,pop",0.611,0.39,2,-5.861,0,0.116,0.625,0,0.118,0.617,163.897,4
0XgIFrEXrFrYY43OhU6j2G,"4T0sgYFNJ1kmVuAFKetVYW,6Oq65ZAlAswqmO3qmKcJe9","Freak Show","Freak Show","Alejandro Lema,LowkeyLuke",2021-03-12,238158,46,spotify:user:uwk3lwotqa3k2h7oc2d9pr727,2021-03-14T11:41:50Z,"viral rap",0.744,0.59,8,-8.004,0,0.0723,0.0507,0,0.0705,0.398,125.038,4
7wTqEW5nrMhvyEhEyTnOMd,"4Uc8Dsxct0oMqx0P6i60ea","The Cut That Always Bleeds","Kid Krow","Conan Gray",2020-03-20,231920,67,spotify:user:uwk3lwotqa3k2h7oc2d9pr727,2021-03-28T12:29:29Z,"bedroom pop,pop",0.489,0.413,0,-6.499,1,0.0314,0.59,0,0.0639,0.246,136.116,4
61KpQadow081I2AsbeLcsb,"1McMsnEElThX1knmY4oliG","deja vu","deja vu","Olivia Rodrigo",2021-04-01,215507,18,spotify:user:uwk3lwotqa3k2h7oc2d9pr727,2021-04-03T12:54:36Z,"pop",0.439,0.61,9,-7.236,1,0.116,0.593,0.0000107,0.341,0.172,181.088,4
3M0lSi5WW79CXQamgSBIjx,"7cYEt1pqMgXJdq00hAwVpT","Swim","Chase Atlantic","Chase Atlantic",2017-10-04,228786,82,spotify:user:uwk3lwotqa3k2h7oc2d9pr727,2021-04-08T14:13:10Z,"pop",0.666,0.542,8,-6.429,1,0.0392,0.27,0,0.0765,0.0771,120.134,4
4y38UExfSH97v6mz5Ii9am,"7cYEt1pqMgXJdq00hAwVpT","STUCKINMYBRAIN","PHASES","Chase Atlantic",2019-06-28,229946,56,spotify:user:uwk3lwotqa3k2h7oc2d9pr727,2021-04-08T14:20:30Z,"pop",0.583,0.552,1,-6.087,0,0.0491,0.0378,0.477,0.11,0.129,153.958,4
3voovipRtlMSRfCqB2DyP3,"7cYEt1pqMgXJdq00hAwVpT","PLEASEXANNY","BEAUTY IN DEATH","Chase Atlantic",2021-03-05,197266,51,spotify:user:uwk3lwotqa3k2h7oc2d9pr727,2021-04-08T19:53:42Z,"pop",0.67,0.617,11,-5.273,1,0.132,0.168,0.0000019,0.118,0.411,145.953,4
5dewQ7ojISR32NAYNHFYWC,"7cYEt1pqMgXJdq00hAwVpT","HEAVEN AND BACK","PHASES","Chase Atlantic",2019-06-28,248240,64,spotify:user:uwk3lwotqa3k2h7oc2d9pr727,2021-04-08T19:58:01Z,"pop",0.309,0.793,10,-6.195,0,0.0774,0.0902,0.092,0.0888,0.532,193.714,4
33wLcS13MVJfGUoYmkDR8D,"7cYEt1pqMgXJdq00hAwVpT","MOLLY","MOLLY","Chase Atlantic",2020-10-08,208125,44,spotify:user:uwk3lwotqa3k2h7oc2d9pr727,2021-04-09T14:03:05Z,"pop",0.665,0.557,10,-7.655,1,0.0872,0.0251,0.00000969,0.136,0.238,128.007,4
6DSZz0nNfqP31uQEGGonfO,"7cYEt1pqMgXJdq00hAwVpT","Hold Your Breath","Dalliance","Chase Atlantic",2014-05-16,230912,44,spotify:user:uwk3lwotqa3k2h7oc2d9pr727,2021-04-21T17:03:02Z,"pop",0.54,0.799,8,-6.372,1,0.0503,0.0169,0.000644,0.122,0.184,114.957,4
3BZEcbdtXQSo7OrvKRJ6mb,"7jVv8c5Fj3E9VhNjxT4snq","MONTERO (Call Me By Your Name)","MONTERO (Call Me By Your Name)","Lil Nas X",2021-03-26,137875,5,spotify:user:uwk3lwotqa3k2h7oc2d9pr727,2021-04-25T15:44:21Z,"lgbtq+ hip hop,pop",0.61,0.508,8,-6.682,0,0.152,0.297,0,0.384,0.758,178.818,4
0jk6J6B9ivegJc7dTg10Mp,"6TLwD7HPWuiOzvXEa3oCNe","Let Me Down","Ugly is Beautiful","Oliver Tree",2020-07-17,111209,64,spotify:user:uwk3lwotqa3k2h7oc2d9pr727,2021-04-27T18:34:49Z,"alternative hip hop",0.457,0.648,7,-5.762,1,0.0552,0.0114,0.0000169,0.212,0.736,160.021,4
6Ph8QwsRfZunN5e1GGBIqa,"6TLwD7HPWuiOzvXEa3oCNe","Hurt","Ugly is Beautiful","Oliver Tree",2020-07-17,145147,69,spotify:user:uwk3lwotqa3k2h7oc2d9pr727,2021-04-28T05:01:18Z,"alternative hip hop",0.563,0.784,0,-5.875,1,0.0402,0.0173,0,0.467,0.424,93.992,4
26wLOs3ZuHJa2Ihhx6QIE6,"5Rl15oVamLq7FbSb0NNBNy","Teeth","13 Reasons Why (Season 3)","5 Seconds of Summer",2019-08-23,204887,77,spotify:user:uwk3lwotqa3k2h7oc2d9pr727,2021-04-29T18:58:53Z,"boy band,dance pop,pop,post-teen pop,uk pop",0.756,0.448,3,-2.993,0,0.0404,0.0508,0.00000387,0.11,0.431,139.031,4
4nvLuqwTOZdEJI1fcHXv8h,"1QAJqy2dA3ihHBFIHRphZj","You're All I Want","You're All I Want","Cigarettes After Sex",2020-05-26,264453,67,spotify:user:uwk3lwotqa3k2h7oc2d9pr727,2021-05-08T16:38:22Z,"ambient pop,dream pop,el paso indie,pop,shoegaze",0.233,0.471,5,-10.947,1,0.0294,0.363,0.828,0.113,0.277,182.161,4
7cs7MLtAWvsdf3w5kBvfK2,"1QAJqy2dA3ihHBFIHRphZj","Nothing's Gonna Hurt You Baby","EP I.","Cigarettes After Sex",2012-07-21,286293,71,spotify:user:uwk3lwotqa3k2h7oc2d9pr727,2021-05-08T16:38:25Z,"ambient pop,dream pop,el paso indie,pop,shoegaze",0.508,0.33,4,-14.071,1,0.0265,0.259,0.154,0.114,0.101,96.818,4
0yc6Gst2xkRu0eMLeRMGCX,"1QAJqy2dA3ihHBFIHRphZj","Apocalypse","Cigarettes After Sex","Cigarettes After Sex",2017-06-09,290616,83,spotify:user:uwk3lwotqa3k2h7oc2d9pr727,2021-05-08T16:38:29Z,"ambient pop,dream pop,el paso indie,pop,shoegaze",0.37,0.467,5,-9.013,1,0.0273,0.0205,0.572,0.109,0.182,94.485,4
2u0CelO5c81XS7z3dGpHbS,"77SW9BnxLY8rJ0RciFqkHh","The Beach","Wiped Out!","The Neighbourhood",2015-10-30,255133,77,spotify:user:uwk3lwotqa3k2h7oc2d9pr727,2021-05-24T17:49:35Z,"modern alternative rock,modern rock,pop,shimmer pop",0.245,0.64,2,-7.426,0,0.0608,0.131,0.00000811,0.0766,0.105,135.739,4
4gbVRS8gloEluzf0GzDOFc,"04gDigrS5kc9YWfZHwBETP","Maps","V","Maroon 5",2014-09-02,189960,83,spotify:user:uwk3lwotqa3k2h7oc2d9pr727,2021-05-25T13:11:05Z,"pop",0.742,0.713,1,-5.522,0,0.0303,0.0205,0,0.059,0.879,120.032,4
296mmTJOJ904FwHQsSBdDr,"4V2pR2iSd1g0RZCglrP3jn,0SXgKLNtpIrH29F1vMRWzj","Champagne & Sunshine","Champagne & Sunshine","PLVTINUM,Tarro",2016-11-18,196363,0,spotify:user:uwk3lwotqa3k2h7oc2d9pr727,2021-05-27T06:27:56Z,"alt z",0.607,0.522,5,-10.028,0,0.0701,0.0548,0,0.0909,0.265,109.961,4
2vtmY2mSccRzKGjtcHSzI3,"00FQb4jTyendYWaN8pK0wa","Diet Mountain Dew","Born To Die - The Paradise Edition","Lana Del Rey",2012-01-01,222920,73,spotify:user:uwk3lwotqa3k2h7oc2d9pr727,2021-06-02T14:38:54Z,"art pop,pop",0.595,0.696,10,-5.921,0,0.0417,0.276,0,0.411,0.533,88.013,4
3Wrjm47oTz2sjIgck11l5e,"0lAWpj5szCSwM4rUMHYmrr","Beggin'","Chosen","Måneskin",2017-12-08,211560,85,spotify:user:uwk3lwotqa3k2h7oc2d9pr727,2021-06-12T22:50:02Z,"indie rock italiano,italian pop",0.714,0.8,11,-4.808,0,0.0504,0.127,0,0.359,0.589,134.002,4
4pt5fDVTg5GhEvEtlz9dKk,"0lAWpj5szCSwM4rUMHYmrr","I WANNA BE YOUR SLAVE","Teatro d'ira - Vol. I","Måneskin",2021-03-19,173346,82,spotify:user:uwk3lwotqa3k2h7oc2d9pr727,2021-06-12T22:50:07Z,"indie rock italiano,italian pop",0.75,0.608,1,-4.008,1,0.0387,0.00165,0,0.178,0.958,132.507,4
2zVaxB54fNngkbWs5uZnla,"7cYEt1pqMgXJdq00hAwVpT","OHMAMI","OHMAMI","Chase Atlantic",2021-06-25,226835,68,spotify:user:uwk3lwotqa3k2h7oc2d9pr727,2021-06-25T13:03:54Z,"pop",0.625,0.717,10,-5.796,0,0.121,0.0476,0.0000873,0.277,0.398,126.004,4
5jvgec3P4jyoZUPTy2pWDR,"0ZUvK7zGdXLd78mQr3t1Tw","Line Without a Hook","Montgomery Ricky","Ricky Montgomery",2016-04-08,249586,0,spotify:user:uwk3lwotqa3k2h7oc2d9pr727,2021-07-01T21:18:35Z,"indie pop,la indie",0.432,0.652,8,-4.969,1,0.0285,0.262,0,0.258,0.507,190.028,3
1i5VGJwl7gFw0hQP4dVDgK,"2kCcBybjl3SAtIcwdWpUe3,5g63iWaMJ2UrkZMkCC8dMi","your favorite dress","CASTLES II","Lil Peep,Lil Tracy",2021-07-02,177386,62,spotify:user:uwk3lwotqa3k2h7oc2d9pr727,2021-07-05T21:30:39Z,"emo rap,lgbtq+ hip hop,dark trap,melodic rap,underground hip hop,vapor trap",0.497,0.629,7,-7.613,1,0.0541,0.0803,0,0.111,0.1,129.905,3
5PLx1QYcAviGL9rfD179IX,"3WGpXCj9YhhfX11TToZcXP","could cry just thinkin about you","In A Dream","Troye Sivan",2020-08-21,52466,53,spotify:user:uwk3lwotqa3k2h7oc2d9pr727,2021-07-08T19:30:17Z,"australian pop,dance pop,pop,viral pop",0.503,0.472,6,-8.769,1,0.118,0.416,0.671,0.147,0.236,148.212,4
1NZs6n6hl8UuMaX0UC0YTz,"00FQb4jTyendYWaN8pK0wa","Brooklyn Baby","Ultraviolence (Deluxe)","Lana Del Rey",2014-01-01,351640,81,spotify:user:uwk3lwotqa3k2h7oc2d9pr727,2021-07-18T10:37:59Z,"art pop,pop",0.404,0.664,1,-6.698,1,0.0407,0.542,0.00402,0.11,0.0949,107.747,4
6jJew5NrYZ2Dq88ooiypvG,"7cYEt1pqMgXJdq00hAwVpT","SLIDE","SLIDE","Chase Atlantic",2021-01-29,235720,51,spotify:user:uwk3lwotqa3k2h7oc2d9pr727,2021-07-23T12:46:26Z,"pop",0.557,0.595,3,-4.759,0,0.0371,0.000325,0.00000888,0.109,0.199,139.911,4
2cfOIHoEbwpkwbLh2WABns,"6uRXUjochRDA9d5Sq2tZZd","Yo Dije OUFF","Yo Dije OUFF","Omar Rudberg",2021-07-23,178285,45,spotify:user:uwk3lwotqa3k2h7oc2d9pr727,2021-07-28T20:25:11Z,"swedish idol pop",0.685,0.73,8,-6.468,0,0.0637,0.163,0,0.114,0.545,139.948,4
4J3FltfCktHfD9iPCneDGy,"2kCcBybjl3SAtIcwdWpUe3","Kiss","Kiss","Lil Peep",2017-06-08,250266,54,spotify:user:uwk3lwotqa3k2h7oc2d9pr727,2021-07-31T22:53:23Z,"emo rap,lgbtq+ hip hop",0.346,0.769,4,-7.224,1,0.109,0.00829,0,0.0815,0.163,150.589,4
3Vi5XqYrmQgOYBajMWSvCi,"5cj0lLjcoR7YOSnhnX0Po5","Need to Know","Planet Her","Doja Cat",2021-06-25,210560,82,spotify:user:uwk3lwotqa3k2h7oc2d9pr727,2021-08-04T17:13:28Z,"dance pop,pop",0.664,0.609,1,-6.509,1,0.0707,0.304,0,0.0926,0.194,130.041,4
5lAnYvAIkSDNXqfo7DyFUm,"5cj0lLjcoR7YOSnhnX0Po5","Ain't Shit","Planet Her","Doja Cat",2021-06-25,174253,78,spotify:user:uwk3lwotqa3k2h7oc2d9pr727,2021-08-04T17:13:34Z,"dance pop,pop",0.855,0.488,3,-4.601,1,0.208,0.506,0,0.347,0.619,124.097,4
0FYc9DIr89rbzt2WJMvyou,"5cj0lLjcoR7YOSnhnX0Po5","Get Into It (Yuh)","Planet Her (Deluxe)","Doja Cat",2021-06-27,138293,58,spotify:user:uwk3lwotqa3k2h7oc2d9pr727,2021-08-05T17:25:37Z,"dance pop,pop",0.912,0.655,8,-6.029,0,0.162,0.315,0.0000339,0.0894,0.793,91.942,4
1BCBBO8VUEFOb6RBct4XDp,"2kCcBybjl3SAtIcwdWpUe3","Broken Smile (My All)","Come Over When You're Sober, Pt. 2","Lil Peep",2018-11-09,280520,65,spotify:user:uwk3lwotqa3k2h7oc2d9pr727,2021-08-11T09:21:02Z,"emo rap,lgbtq+ hip hop",0.545,0.517,0,-8.681,0,0.0359,0.0459,0.00724,0.15,0.115,120.044,4
0htyzgIWrBoj9tdxwifIQ6,"4JnJjqxsTp8E5rZsyITf63","Constellations","Constellations","Jade LeMac",2021-08-11,200321,17,spotify:user:uwk3lwotqa3k2h7oc2d9pr727,2021-08-15T13:02:19Z,"alt z",0.439,0.656,1,-6.686,1,0.0508,0.23,0,0.0635,0.165,71.05,4
62fX2b2VUsHk0S6Jhc24B2,"1Xfmvd48oOhEWkscWyEbh9","Swimming Pools","The Playboy Diaries","Lloyd",2016-01-15,168586,0,spotify:user:uwk3lwotqa3k2h7oc2d9pr727,2021-08-22T21:23:15Z,"dance pop,hip pop,pop rap,r&b,southern hip hop,trap,urban contemporary",0.577,0.606,9,-5.862,1,0.285,0.0819,0,0.214,0.204,147.534,4
1M3XB6EUPUZy58Aqt6zbKr,"5cj0lLjcoR7YOSnhnX0Po5","Woman","Planet Her (Deluxe)","Doja Cat",2021-06-27,172626,60,spotify:user:uwk3lwotqa3k2h7oc2d9pr727,2021-08-24T10:49:17Z,"dance pop,pop",0.824,0.764,5,-4.175,0,0.0854,0.0888,0.00294,0.117,0.881,107.998,4
3kBD2xHIqKWXjLAGidDTSz,"2kCcBybjl3SAtIcwdWpUe3","Benz Truck (гелик)","Come Over When You're Sober, Pt. 1","Lil Peep",2017-08-15,159986,67,spotify:user:uwk3lwotqa3k2h7oc2d9pr727,2021-08-26T10:37:43Z,"emo rap,lgbtq+ hip hop",0.602,0.762,2,-6.149,0,0.0347,0.0498,0.00819,0.121,0.113,92.02,4
7e8bQb1csn5WvpOc4b5PJg,"77SW9BnxLY8rJ0RciFqkHh","Female Robbery","I'm Sorry...","The Neighbourhood",2012-08-07,206813,43,spotify:user:uwk3lwotqa3k2h7oc2d9pr727,2021-08-30T10:28:52Z,"modern alternative rock,modern rock,pop,shimmer pop",0.403,0.888,7,-3.382,0,0.0413,0.056,0.00161,0.0682,0.391,176.483,4
236TyaLwvucMJUN2BeFkWU,"2q3GG88dVwuQPF4FmySr9I","Run Like A Rebel","Stay","The Score",2019-08-09,166388,48,spotify:user:uwk3lwotqa3k2h7oc2d9pr727,2021-08-30T10:28:58Z,"modern alternative rock,modern rock",0.528,0.65,3,-7.449,0,0.147,0.0211,0.00000668,0.33,0.36,90.279,4
3Hmf4dfRIwFaOLLTyDRu3T,"2kCcBybjl3SAtIcwdWpUe3","Moving On","EVERYBODY'S EVERYTHING","Lil Peep",2019-11-15,203800,53,spotify:user:uwk3lwotqa3k2h7oc2d9pr727,2021-08-30T11:20:08Z,"emo rap,lgbtq+ hip hop",0.822,0.423,2,-4.846,1,0.0453,0.00806,0,0.108,0.208,131.951,4
6akBF8JWM8lrpqejdwIfYI,"2kCcBybjl3SAtIcwdWpUe3","16 Lines","Come Over When You're Sober, Pt. 2","Lil Peep",2018-11-09,244906,69,spotify:user:uwk3lwotqa3k2h7oc2d9pr727,2021-08-30T16:42:33Z,"emo rap,lgbtq+ hip hop",0.607,0.45,0,-8.507,1,0.0338,0.0663,0.0000112,0.107,0.121,105.992,4
1c7YvFPE0PWud0InScOX3r,"7cYEt1pqMgXJdq00hAwVpT,0uGk2czvcpWQA383Im6ajf","OHMAMI - With Maggie Lindemann","OHMAMI (With Maggie Lindemann)","Chase Atlantic,Maggie Lindemann",2021-09-01,226843,59,spotify:user:uwk3lwotqa3k2h7oc2d9pr727,2021-09-10T11:31:57Z,"pop,alt z,dark pop,pop punk,post-teen pop",0.607,0.725,10,-5.742,0,0.11,0.0494,0.000107,0.434,0.387,126.034,4
07MDkzWARZaLEdKxo6yArG,"64H8UqGLbJFHwKtGxiV8OP,3rWZHrfrsPBxVy692yAIxF,1xoxekeb8jUVHKJB7m6bfg","Meet Me At Our Spot","THE ANXIETY","THE ANXIETY,WILLOW,Tyler Cole",2020-03-13,162680,79,spotify:user:uwk3lwotqa3k2h7oc2d9pr727,2021-09-15T17:40:23Z,"modern alternative pop,afrofuturism,pop,post-teen pop,bedroom soul",0.773,0.47,2,-7.93,1,0.0299,0.0153,0.000193,0.0851,0.399,94.995,4
0I1eFRytp4XRhLCjT6tZm7,"7dIpKWlEeAljA20vFJ82RD","I Can't Handle Change","I Can't Handle Change","Roar",2010-03-14,198213,79,spotify:user:uwk3lwotqa3k2h7oc2d9pr727,2021-09-16T14:46:09Z,"indie pop,weirdcore",0.247,0.438,5,-8.478,1,0.0358,0.0447,0.000867,0.111,0.39,185.711,3
1Ov37jtRQ2YNAe8HzfczkL,"06HL4z0CvFAxyc27GXpf02","Wildest Dreams (Taylor's Version)","Wildest Dreams (Taylor's Version)","Taylor Swift",2021-09-17,220433,81,spotify:user:uwk3lwotqa3k2h7oc2d9pr727,2021-09-28T03:52:56Z,"pop",0.583,0.67,8,-7.289,1,0.0646,0.0374,0.0001,0.126,0.498,140.061,4
1f3yAtsJtY87CTmM8RLnxf,"6olE6TJLqED3rqDCT0FyPh","Smells Like Teen Spirit","Nevermind (Deluxe Edition)","Nirvana",1991-09-26,301920,11,spotify:user:uwk3lwotqa3k2h7oc2d9pr727,2021-09-29T14:13:16Z,"grunge,permanent wave,rock",0.502,0.912,1,-4.556,1,0.0564,0.0000255,0.000173,0.106,0.72,116.761,4
37y7iDayfwm3WXn5BiAoRk,"57vWImR43h4CaDao012Ofp","Dark Red","Dark Red","Steve Lacy",2017-02-20,173104,77,spotify:user:uwk3lwotqa3k2h7oc2d9pr727,2021-09-29T15:55:00Z,"afrofuturism",0.603,0.783,6,-4.023,1,0.062,0.449,0.00000796,0.119,0.775,172.041,4
0eu4C55hL6x29mmeAjytzC,"6TLwD7HPWuiOzvXEa3oCNe","Life Goes On","Ugly is Beautiful: Shorter, Thicker & Uglier (Deluxe)","Oliver Tree",2021-05-28,161803,79,spotify:user:uwk3lwotqa3k2h7oc2d9pr727,2021-10-04T20:46:56Z,"alternative hip hop",0.7,0.49,0,-5.187,1,0.076,0.186,0,0.117,0.569,79.982,4
2M8Dre5FFAjt43a9NglGgm,"0DxPHf2flBAcV2SnZPg3SV","She","Year of the Sunflower","Jake Scott",2019-12-06,209166,55,spotify:user:uwk3lwotqa3k2h7oc2d9pr727,2021-10-07T20:21:18Z,"indiecoustica,pop,pop rock,post-teen pop,uk pop",0.509,0.339,9,-10.677,1,0.0334,0.0983,0,0.525,0.124,133.983,4
6KbkGUqEJBwghxPLUQpOXQ,"6TMGw1UYn6DFEtn2f9mv8J","Vacation Bible School","Vacation Bible School","Ayesha Erotica",2021-05-22,291851,1,spotify:user:uwk3lwotqa3k2h7oc2d9pr727,2021-10-09T20:18:56Z,"dance pop,pink noise,transpop,viral rap",0.624,0.579,11,-11.744,0,0.21,0.113,0,0.0638,0.652,130.034,4
1nvFO6lN7u9tYfet1n2CEF,"6QCstr3yhEVSZPQyDvvYjK","Overgrown","In Bloom","FELIVAND",2018-10-03,236250,44,spotify:user:uwk3lwotqa3k2h7oc2d9pr727,2021-10-10T09:52:06Z,"australian alternative pop,australian r&b,indie r&b",0.601,0.426,2,-9.122,1,0.0561,0.81,0.0196,0.196,0.218,129.89,4
5KbTBSGUvgDg75gIVhUaAW,"3XxNRirzbjfLdDli06zMaB","Jealous","Let's Skip to the Wedding","Eyedress",2020-08-07,122338,2,spotify:user:uwk3lwotqa3k2h7oc2d9pr727,2021-10-15T07:37:15Z,"noise pop",0.474,0.91,9,-10.431,0,0.0462,0.00498,0.859,0.476,0.745,93.01,4
1foMv2HQwfQ2vntFf9HFeG,"3AA28KZvwAUcZuOKwyblJQ","Rhinestone Eyes","Plastic Beach","Gorillaz",2010-03-03,200173,79,spotify:user:uwk3lwotqa3k2h7oc2d9pr727,2021-10-30T20:55:10Z,"alternative hip hop",0.676,0.703,8,-5.815,0,0.0302,0.0869,0.000687,0.0463,0.852,92.761,4
2g0Bmi3kYEntusDP6xlAGZ,"53k2km8u55n9YaJJB7scjX","striptease","striptease","carwash",2019-11-05,160659,19,spotify:user:uwk3lwotqa3k2h7oc2d9pr727,2021-10-30T20:55:24Z,"indie pop",0.693,0.572,8,-8.89,1,0.0749,0.127,0.952,0.102,0.732,130.05,4
45ROR8UMn60YEVQnDy0uVF,"2hR4h1Cao2ueuI7Cx9c7V8","Juliet","Animal Kingdom","Cavetown",2019-04-12,278991,77,spotify:user:uwk3lwotqa3k2h7oc2d9pr727,2021-10-30T20:55:38Z,"bedroom pop,indie pop",0.546,0.586,6,-8.488,1,0.0313,0.00346,0.00114,0.0562,0.364,131.778,4
0lkQOB949M2gLyut86aJ1b,"26T3LtbuGT1Fu9m0eRq5X3","Cigarette Daydreams","Melophobia","Cage The Elephant",2013-10-08,208760,1,spotify:user:uwk3lwotqa3k2h7oc2d9pr727,2021-10-30T20:55:43Z,"modern rock,punk blues,rock",0.636,0.676,2,-3.442,1,0.0263,0.0807,0,0.0831,0.273,113.98,4
7svpAkwc6xaSxlbZ7V7JiS,"0pg0Zm8FsGAYy5kdHuBnSo","i was all over her","melanchole","salvia palth",2013-01-01,161462,76,spotify:user:uwk3lwotqa3k2h7oc2d9pr727,2021-11-07T11:25:35Z,"indie pop,lo-fi emo,lo-fi indie,slowcore,small room",0.529,0.353,7,-12.835,1,0.0292,0.788,0.853,0.116,0.0601,104.557,4
