Spotify ID,Artist IDs,Track Name,Album Name,Artist Name(s),Release Date,Duration (ms),Popularity,Added By,Added At,Genres,Danceability,Energy,Key,Loudness,Mode,Speechiness,Acousticness,Instrumentalness,Liveness,Valence,Tempo,Time Signature
1zi7xx7UVEFkmKfv06H8x0,"3TVXtAsR1Inumwj472S9r4,3tVQdUvClmAT7URs9V3rsp,77DAFfvm3O9zT5dIoG0eIO","One Dance","Views","Drake,Wizkid,Kyla",2016-05-06,173986,85,spotify:user:31cg7oyggpqg6vxank2ufzdh5gaa,2022-11-05T16:52:42Z,"canadian hip hop,canadian pop,hip hop,rap,toronto rap,afro dancehall,afropop,azonto,nigerian hip hop,nigerian pop,uk funky",0.792,0.625,1,-5.609,1,0.0536,0.00776,0.0018,0.329,0.37,103.967,4
21OnoR9PQBzmyzcaS8ZsW7,"00FukrmEMiU3lHv5GPGA28","So Perfect","So Perfect","Chloe J",2022-01-02,138561,9,spotify:user:31cg7oyggpqg6vxank2ufzdh5gaa,2022-11-13T21:50:45Z,"",0.732,0.434,2,-12.613,1,0.0404,0.254,0.00000537,0.0885,0.394,138.956,4
1K2s2yoCNE7DY75FjC78EH,"3G4dpQ6BVQWl4L06Sij0W1","Sinking","Sinking","Max Sarre",2022-10-21,194000,43,spotify:user:31cg7oyggpqg6vxank2ufzdh5gaa,2022-11-13T21:46:19Z,"",0.66,0.572,11,-7.193,1,0.0422,0.334,0.00000223,0.11,0.352,120.036,4
23O0ftOeUvAgHtl3kevdyN,"634PucijheVuaywCD6WmZn,3gIgoptmgmqefnhZ9zNcD9","All I Need","All I Need","TensionMusicc,Flash Horton",2022-10-28,161358,0,spotify:user:31cg7oyggpqg6vxank2ufzdh5gaa,2022-11-13T16:47:18Z,"",0.644,0.612,2,-9.717,1,0.0399,0.00259,0.0000127,0.119,0.463,125.825,4
3DmymBSFIfWn4LqwnPaMwo,"4gYGBTqyrqL81DCGW2oc0K","Emanate","Emanate","Cam Patterson",2022-11-11,229125,9,spotify:user:31cg7oyggpqg6vxank2ufzdh5gaa,2022-11-11T22:09:10Z,"",0.631,0.182,9,-31.992,0,0.0496,0.83,0.971,0.0969,0.731,120.013,4
6aSkRmTnBwddhDaPCIIgmj,"6pSlLoeLesMJ3dipYpJHMv","Take It That Way","Take It That Way","The Flat Nasty",2022-07-08,216946,39,spotify:user:31cg7oyggpqg6vxank2ufzdh5gaa,2022-11-09T15:49:11Z,"",0.666,0.522,11,-8.816,1,0.0358,0.0351,0,0.154,0.726,101.399,4
66kdQTCCUohvhaGO3j3MBz,"3bTzyxdSdTkOkRSLWn7GoF,4uxeBN2lZOIPGTnuKA3k5O","I Don't Wanna Die","I Don't Wanna Die","Nao,Tigghi",2022-10-13,179116,42,spotify:user:31cg7oyggpqg6vxank2ufzdh5gaa,2022-11-09T00:26:37Z,"",0.582,0.755,0,-5.922,0,0.047,0.0231,0.000206,0.134,0.159,127.934,4
75YcWlq30IgcltRHo2UfrT,"4LkomwM5RLoCKIrvHgTQBS","Insomnia","The Devil and I","Manic TL",2019-01-07,196779,44,spotify:user:31cg7oyggpqg6vxank2ufzdh5gaa,2022-11-07T17:31:51Z,"",0.742,0.595,5,-10.189,0,0.13,0.629,0.0439,0.125,0.252,137.966,4
1mbuU5xd3BDUeOaBM4ooku,"3hecoeqMbn9YPXXx1GNnpu","SCORPIO SZN","SCORPIO SZN","CLAIRE KNIGHT",2022-10-21,221698,28,spotify:user:31cg7oyggpqg6vxank2ufzdh5gaa,2022-11-03T23:33:25Z,"",0.881,0.654,6,-7.545,0,0.072,0.0629,0.689,0.0883,0.623,128.028,4
4fVEojWCwgdMxazyQb4Th9,"4AC8j2Ah9ZNer543nsZWe6,610hbXdK8AYb0oSjiDS3ae","Vibe City","Vibe City","Basil Panagop,Christophe Darbouze",2022-08-19,222000,41,spotify:user:31cg7oyggpqg6vxank2ufzdh5gaa,2022-11-03T15:40:11Z,"",0.787,0.586,1,-11.683,1,0.144,0.0349,0.046,0.212,0.79,107.018,4
0Bc9QFeapw6alXZSz02SDN,"68wKYzG06o74N6o5aSifjN,273jTVtiJhYdD2fXzQCvxK","Losing My Mind","Losing My Mind","CHRIS PADIN,Georgia Rose",2021-10-29,224516,30,spotify:user:31cg7oyggpqg6vxank2ufzdh5gaa,2022-11-02T23:16:41Z,"",0.758,0.515,0,-13.388,1,0.0522,0.000995,0.443,0.0683,0.839,124.001,4
5TJq2pfdWqYVDix30hxWtH,"4am61bLtgfNbn0iOgk0REs","We Are Not the Same","We Are Not the Same","Teelow",2022-10-28,225230,33,spotify:user:31cg7oyggpqg6vxank2ufzdh5gaa,2022-11-02T20:23:18Z,"",0.88,0.558,0,-9.754,1,0.205,0.54,0.0000853,0.0986,0.79,130.008,4
0z21DIxSb3UsoeH12kIODb,"6RMVUYx9JPJxoTqQJpqHOk","Starlight","Clouded by the Chance of Heartbreak","regothereshego",2022-10-19,122475,35,spotify:user:31cg7oyggpqg6vxank2ufzdh5gaa,2022-11-01T22:21:41Z,"",0.658,0.644,2,-7.486,1,0.201,0.339,0,0.113,0.415,154.282,4
13yMGuxGeVgcpEcoCL3NPM,"5yDTtjlalceeArSySSCZUq,4QorJVeBcR8p3rOveZtpSk,7yWR3RApVuDFsZ6MqOHyFn,5JU3HFTSd9pnk4esi3sXd2","Hours","Hours","Osa Zelé,Bella Alubo,Yugoszn,Rebel Rae",2022-10-28,223689,49,spotify:user:31cg7oyggpqg6vxank2ufzdh5gaa,2022-11-01T21:45:28Z,"alte,nigerian pop",0.564,0.505,4,-5.406,0,0.205,0.196,0,0.0969,0.168,102.259,4
4pWZsdvFQftZYS1wgBk1A3,"5uxLOvJty3MKT7ftXvmTkZ,2M9OIHcdVSxhPVCYQ3z5Rf","Do The Most","Do The Most","Padre Tóxico,Awon",2022-10-28,158769,36,spotify:user:31cg7oyggpqg6vxank2ufzdh5gaa,2022-10-31T17:01:56Z,"jazz rap",0.499,0.609,11,-11.204,0,0.341,0.216,0,0.571,0.317,83.458,4
3uY6ip9RD3AB7lWJHSWAp9,"1ojvdyodoMexNXR8my5FOo","OLD NEWS","OLD NEWS","Heath240",2022-09-16,149338,44,spotify:user:31cg7oyggpqg6vxank2ufzdh5gaa,2022-10-30T22:05:37Z,"",0.764,0.553,4,-6.024,1,0.0525,0.141,0.00000937,0.642,0.629,80,4
2uVooz4SEoMu7zwmBdooI5,"0QdMbXjSLBS2LfjQ3lvJvP","Love You Now That It's Wrong","Love You Now That It's Wrong","Maya",2022-10-28,158080,40,spotify:user:31cg7oyggpqg6vxank2ufzdh5gaa,2022-10-30T14:46:15Z,"",0.699,0.451,6,-8.372,0,0.147,0.461,0,0.25,0.366,119.935,4
5ohX1RjCEJRveqYiOKiEqK,"4K9lkHZ4EybbkkBhIGjKnP","Let Me In","Let Me In","SHEBA",2022-10-27,187572,34,spotify:user:31cg7oyggpqg6vxank2ufzdh5gaa,2022-10-28T15:12:37Z,"",0.795,0.685,4,-6.602,0,0.0639,0.0367,0.000283,0.107,0.662,103.025,4
4uJZmPbsJDyVp6hAHcbm9w,"6J31j4RZKM4YqddPsHMg2a","Ketamine/Trampoline","Ketamine/Trampoline","Yung Woods",2022-05-27,166236,31,spotify:user:31cg7oyggpqg6vxank2ufzdh5gaa,2022-10-27T16:35:38Z,"",0.731,0.591,0,-9.522,1,0.102,0.0306,0.0000989,0.13,0.103,81.057,4
1NiJh9vC0Tp4JHnb1qf3L4,"7eG7fQzZwW0SbQDuz9N5Qy","Piel","Piel","Auggie Velarde",2020-09-18,176842,33,spotify:user:31cg7oyggpqg6vxank2ufzdh5gaa,2022-10-27T14:53:17Z,"drill espanol",0.666,0.733,5,-5.963,0,0.0589,0.418,0,0.215,0.266,133.029,4
5evAwbVspuoAoW43Pl2aJl,"4ajEkrWEtGrj9tfWS4ZOda","34 23 132 27","DOT","t dot est",2022-08-05,259500,31,spotify:user:31cg7oyggpqg6vxank2ufzdh5gaa,2022-10-27T14:39:59Z,"rusyn folk",0.497,0.621,9,-9.312,0,0.0678,0.0365,0.87,0.133,0.133,126.177,4
4wfuwtXKrcplfRjlzBby2t,"72S5xAuE30pC3FHJHaz5CQ,0UO2eme5GrM4O3neniq7Ql,1uqf27QL4iq0povo6zkVUF","Eyes Closed","Eyes Closed","Vigel,CHRNS,LUX",2021-10-08,214804,31,spotify:user:31cg7oyggpqg6vxank2ufzdh5gaa,2022-10-27T14:39:12Z,"russian trance",0.516,0.89,0,-3.723,0,0.101,0.0794,0.00000216,0.188,0.166,128.044,4
0hckzjRLRKWktNA79p221g,"5kzOk5TrQ1iT6VXQO8tfvD","Let You Know","Let You Know","E-Tay",2022-02-14,170726,33,spotify:user:31cg7oyggpqg6vxank2ufzdh5gaa,2022-10-26T23:05:58Z,"",0.61,0.672,5,-8.213,1,0.247,0.765,0,0.0828,0.562,171.913,4
5MitytUwRYhwJYs2bqWrmN,"78CGeleRIUbrzD47TLlI8U","Retrace","Retrace","Shannon K",2021-11-05,147041,43,spotify:user:31cg7oyggpqg6vxank2ufzdh5gaa,2022-10-25T17:31:17Z,"",0.352,0.123,11,-19.798,0,0.0343,0.641,0,0.348,0.0736,134.605,5
7suZdu8CdedblqTuTcfFeM,"6rDmLNRoWcjaCL7RhD51hx","Sneezin'","Sneezin'","2muchlove",2022-10-21,124296,34,spotify:user:31cg7oyggpqg6vxank2ufzdh5gaa,2022-10-25T17:31:14Z,"",0.745,0.382,5,-9.594,0,0.0812,0.359,0,0.177,0.471,85.088,4
6ZTjxRgSfswljwJeqjpyt0,"5RMNNdaYTkCvDavHesVbQo","Gang","Writers Block 3","Ceno Rudeboy",2022-05-28,161635,30,spotify:user:31cg7oyggpqg6vxank2ufzdh5gaa,2022-10-24T06:34:36Z,"",0.785,0.641,1,-5.853,1,0.119,0.0067,0,0.103,0.346,180.02,4
35JrCKESwoRjUqLPJvXnRa,"1nFVmpQc6y5eIMmoxR10rO","Selecta","Selecta","Sneaky Ollie",2022-10-21,190342,50,spotify:user:31cg7oyggpqg6vxank2ufzdh5gaa,2022-10-23T05:32:55Z,"traprun",0.601,0.979,5,-4.35,0,0.0789,0.00133,0.815,0.0699,0.578,145.03,4
3XkvGEqRROiRihguXG0JsP,"3xW6uF9pV601S1VHXJHGvK","Too Low","Too Low","Mitch",2022-08-25,122950,30,spotify:user:31cg7oyggpqg6vxank2ufzdh5gaa,2022-10-23T05:32:53Z,"",0.854,0.439,11,-13.821,1,0.152,0.176,0.00000788,0.108,0.58,161.978,4
1K2s2yoCNE7DY75FjC78EH,"3G4dpQ6BVQWl4L06Sij0W1","Sinking","Sinking","Max Sarre",2022-10-21,194000,43,spotify:user:31cg7oyggpqg6vxank2ufzdh5gaa,2022-10-22T04:17:14Z,"",0.66,0.572,11,-7.193,1,0.0422,0.334,0.00000223,0.11,0.352,120.036,4
2mI8JeHPm4uaXWrKSkQaur,"5MhvAwI8NgndVhni9PbYOb","Ronnie On The Weekend/Who's Fault","Ronnie On The Weekend/Who's Fault","Ronnie Quest",2022-10-19,314671,39,spotify:user:31cg7oyggpqg6vxank2ufzdh5gaa,2022-10-20T00:59:31Z,"",0.52,0.598,8,-7.007,1,0.277,0.601,0,0.367,0.458,85.161,4
7q3fkJzpOAbHWb0hht4ILZ,"7a4td2FhkuH58dApiBvnrv,12Y5bYSO6NGz0KRKsKZG3t,3rSuY7tc0cFQMnd9Q80UKv","The Tide is High - Deep House Remix","The Tide is High (The Remixes)","Julian Marley,Antaeus,Alexx Antaeus",2022-08-26,178920,45,spotify:user:31cg7oyggpqg6vxank2ufzdh5gaa,2022-10-20T00:59:29Z,"modern reggae,reggae,roots reggae",0.771,0.789,7,-4.713,1,0.0416,0.0124,0.0647,0.0588,0.808,120.991,4
7daWLp54NUt3SYDwQVPwJl,"3XnfRM5t98j4k5I02zXw9P","October Nights","October Nights","GRIPPA",2022-10-07,174104,42,spotify:user:31cg7oyggpqg6vxank2ufzdh5gaa,2022-10-20T00:59:26Z,"",0.823,0.572,1,-7.256,0,0.0345,0.0437,0.000161,0.0814,0.541,122.009,4
6iT2qsn6OQmBbLECgmRGEH,"75xnvGM83VrtJcCu3am35u","Damaged","COMMOTION","Alisxn Gray",2022-10-14,189096,32,spotify:user:31cg7oyggpqg6vxank2ufzdh5gaa,2022-10-19T17:31:12Z,"",0.737,0.893,11,-4.041,0,0.0976,0.011,0,0.116,0.587,155.002,4
5CVj3m5S1z1GWjqkjjD5DX,"5v4tEzFPybDlnuvJoICHjW","Rewind","Rewind","MFM DEEP",2022-09-09,126720,35,spotify:user:31cg7oyggpqg6vxank2ufzdh5gaa,2022-10-18T02:10:26Z,"",0.537,0.951,11,-3.605,0,0.141,0.00228,0.129,0.429,0.346,125.008,4
76CYiirMApwp5vYwYxVKs4,"1Wl57Z5uSn0fR4ZtPCVM86","Feet Pics","Feet Pics","Barb Sanders Sings",2021-06-14,122891,35,spotify:user:31cg7oyggpqg6vxank2ufzdh5gaa,2022-10-11T01:12:48Z,"",0.76,0.44,8,-7.193,0,0.0723,0.184,0,0.351,0.28,83.076,4
