Spotify ID,Artist IDs,Track Name,Album Name,Artist Name(s),Release Date,Duration (ms),Popularity,Added By,Added At,Genres,Danceability,Energy,Key,Loudness,Mode,Speechiness,Acousticness,Instrumentalness,Liveness,Valence,Tempo,Time Signature
2HbuhhxdEVbqdaJlLxOCfW,"3BxsweDMcgp9gNWmG40u6f","All the Things I Hate About You","All the Things I Hate About You","Huddy",2022-07-29,195823,67,spotify:user:rlu1guwrwlajdt8uondr4s8oq,2022-08-12T07:55:01Z,"social media pop",0.572,0.9,6,-2.66,0,0.137,0.00358,0,0.163,0.367,108.013,4
23CMRsLRGVCDwCzDtYMq6p,"5bfglVyGJppmmNoC2rhBUG","Mentally Cheating","Mentally Cheating","Natalie Jane",2022-07-15,180120,70,spotify:user:rlu1guwrwlajdt8uondr4s8oq,2022-08-12T07:55:10Z,"alt z",0.641,0.412,2,-8.436,0,0.0858,0.244,0,0.202,0.288,78.465,4
7k0CjQfqiS0vHpvxMECarP,"5bfglVyGJppmmNoC2rhBUG","Bloodline","Bloodline","Natalie Jane",2022-03-25,154120,59,spotify:user:rlu1guwrwlajdt8uondr4s8oq,2022-08-12T07:55:18Z,"alt z",0.361,0.567,7,-5.744,0,0.0692,0.288,0,0.155,0.0786,181.656,3
3EZekHDwiGXJo7tH1Jolhv,"4JnJjqxsTp8E5rZsyITf63","Aimed to Kill","Aimed to Kill","Jade LeMac",2022-04-15,202721,60,spotify:user:rlu1guwrwlajdt8uondr4s8oq,2022-08-12T07:55:39Z,"alt z",0.637,0.752,0,-2.79,1,0.0404,0.209,0.00000101,0.192,0.562,123.953,4
6GUiIbJ834FcHewby3PwV0,"2W8yFh0Ga6Yf3jiayVxwkE","Breakfast","Breakfast","Dove Cameron",2022-06-24,148470,78,spotify:user:rlu1guwrwlajdt8uondr4s8oq,2022-08-12T07:56:21Z,"pop,post-teen pop",0.64,0.553,2,-6.42,0,0.0411,0.0579,0,0.0914,0.486,81.992,4
59CfNbkERJ3NoTXDvoURjj,"2W8yFh0Ga6Yf3jiayVxwkE","Boyfriend","Boyfriend","Dove Cameron",2022-02-11,153000,84,spotify:user:rlu1guwrwlajdt8uondr4s8oq,2022-08-12T07:56:25Z,"pop,post-teen pop",0.345,0.612,7,-6.543,0,0.0608,0.232,0,0.194,0.232,179.773,3
4GRFzKI7jTZ3kbMfouc7bn,"6LqNN22kT3074XbTVUrhzX","Backstabber","Animal (Expanded Edition)","Kesha",2010-01-01,186840,74,spotify:user:rlu1guwrwlajdt8uondr4s8oq,2022-08-12T07:56:30Z,"dance pop,pop,post-teen pop",0.6,0.939,7,-1.794,1,0.19,0.0666,0.00000618,0.34,0.833,159.941,4
5H3TCfiw0CQTX1XU7A9TXM,"63yrD80RY3RNEM2YDpUpO8","Cake","Cry Baby (Deluxe Edition)","Melanie Martinez",2015-08-14,199681,75,spotify:user:rlu1guwrwlajdt8uondr4s8oq,2022-08-12T07:56:34Z,"alt z,electropop,pop",0.518,0.655,8,-6.255,1,0.0826,0.381,0,0.271,0.29,156.992,4
360Wr96ywrCQq4kTAJ8Pq6,"63yrD80RY3RNEM2YDpUpO8","Pacify Her","Cry Baby (Deluxe Edition)","Melanie Martinez",2015-08-14,220013,79,spotify:user:rlu1guwrwlajdt8uondr4s8oq,2022-08-12T07:56:38Z,"alt z,electropop,pop",0.576,0.593,9,-6.024,0,0.0306,0.0467,0.000767,0.237,0.373,157.993,4
2jQiSYrwJehQAcuaaQrXnS,"7cYEt1pqMgXJdq00hAwVpT","Friends","Nostalgia","Chase Atlantic",2015-02-21,230010,81,spotify:user:rlu1guwrwlajdt8uondr4s8oq,2022-08-12T07:56:46Z,"pop",0.422,0.609,11,-6.361,0,0.0335,0.0114,0.00000476,0.108,0.0911,107.34,3
5K3SJuYEkvvrLbzOjPyRi1,"25jJ6vyXwTRa0e6XCcdR6U","BABYDOLL (Speed)","BABYDOLL (Speed)","Ari Abdul",2022-04-01,156650,77,spotify:user:rlu1guwrwlajdt8uondr4s8oq,2022-08-12T07:57:07Z,"pop",0.552,0.582,11,-5.535,1,0.0404,0.0813,0.205,0.177,0.538,105.483,4
5ff77CZZUpY8Gvu5GuA6vb,"5arKwJZEvT5uKq4o0JfqR4","HAUNTED","HAUNTED","Isabel LaRosa",2022-02-24,137851,68,spotify:user:rlu1guwrwlajdt8uondr4s8oq,2022-08-12T07:57:22Z,"hyperpop,pop",0.64,0.69,5,-6.637,0,0.207,0.0169,0.0000019,0.152,0.629,121.048,4
27UPUoSlHZUo11BTf5dKeJ,"5arKwJZEvT5uKq4o0JfqR4","HELP","HELP","Isabel LaRosa",2022-04-15,136000,64,spotify:user:rlu1guwrwlajdt8uondr4s8oq,2022-08-12T07:57:28Z,"hyperpop,pop",0.438,0.683,4,-8.303,0,0.0519,0.267,0.194,0.64,0.427,120.007,4
3vefdW0Zsk57Qn0qxXeVCI,"5AEk8UqmJ2lCUG3xke82Or","This Feeling","Sakura's Shadows","my!lane",2021-12-03,163829,70,spotify:user:rlu1guwrwlajdt8uondr4s8oq,2022-08-12T07:57:43Z,"drift phonk",0.491,0.908,7,-4.659,0,0.172,0.0000689,0,0.101,0.207,125.997,4
6nQ1B216Liiydhgn2gar0o,"2NfwGBr2swqZ1rzE3kAV23","Material Girl","Imma Celebrity","Saucy Santana",2020-01-14,188965,64,spotify:user:rlu1guwrwlajdt8uondr4s8oq,2022-08-12T07:58:06Z,"rap,trap queen,viral rap",0.876,0.7,2,-7.137,1,0.282,0.0421,0,0.542,0.433,101.995,4
3jjsRKEsF42ccXf8kWR3nu,"2uYWxilOVlUdk4oV9DvwqK","Washing Machine Heart","Be the Cowboy","Mitski",2018-08-17,128198,83,spotify:user:rlu1guwrwlajdt8uondr4s8oq,2022-08-12T07:58:41Z,"brooklyn indie,pop",0.613,0.822,9,-4.087,1,0.026,0.0092,0.506,0.429,0.567,105.997,4
3pANfZVFdtuVnJsE6xa5Ox,"2uYWxilOVlUdk4oV9DvwqK","Me and My Husband","Be the Cowboy","Mitski",2018-08-17,137141,76,spotify:user:rlu1guwrwlajdt8uondr4s8oq,2022-08-12T07:58:49Z,"brooklyn indie,pop",0.497,0.638,1,-5.31,1,0.0274,0.0467,0,0.385,0.77,172.01,4
3mSlIRTgvQKGVT0cwyzB87,"7cYEt1pqMgXJdq00hAwVpT","STRANGER THINGS","BEAUTY IN DEATH (DELUXE EDITION)","Chase Atlantic",2022-05-03,168000,62,spotify:user:rlu1guwrwlajdt8uondr4s8oq,2022-08-12T07:59:05Z,"pop",0.585,0.732,10,-3.432,1,0.0424,0.00228,0.000272,0.0702,0.201,129.861,4
1R0a2iXumgCiFb7HEZ7gUE,"06HL4z0CvFAxyc27GXpf02","Don’t Blame Me","reputation","Taylor Swift",2017-11-10,236413,87,spotify:user:rlu1guwrwlajdt8uondr4s8oq,2022-08-12T08:00:01Z,"pop",0.615,0.534,9,-6.719,0,0.0386,0.106,0.0000176,0.0607,0.193,135.917,4
3xd4GVGAuzJGdVZLEKvWea,"1ARDx2oCR7sJEjbnHsbbRU","Lost","Stay Ugly EP","Crim3s",2013-04-11,148000,67,spotify:user:rlu1guwrwlajdt8uondr4s8oq,2022-08-12T08:02:01Z,"sigilkore,witch house",0.497,0.651,7,-4.93,1,0.0322,0.000603,0.000531,0.0723,0.109,119.886,4
6bxKECVRnkLmtpeU22Ve9p,"4qUoZ6ErhTYFhAI0W1iI9q","help_urself","Ezekiel Singles ’18-‘20","Ezekiel",2021-08-11,139651,72,spotify:user:rlu1guwrwlajdt8uondr4s8oq,2022-08-12T08:02:26Z,"hyperpop,sigilkore",0.413,0.624,11,-10.353,1,0.0682,0.00859,0.0178,0.132,0.0814,82.516,4
2Rb6nYmuLEblpq4KIAjngL,"6CrThJMQVJfWaHeliiLHuw,1tHZYGc37FSzvOJ0eHbglI","Freak Show","Freak Show","Punkinloveee,H3artcrush",2020-06-09,125361,70,spotify:user:rlu1guwrwlajdt8uondr4s8oq,2022-08-12T08:02:40Z,"scenecore,sped up,viral rap",0.665,0.825,8,-5.954,0,0.179,0.00552,0.0000225,0.416,0.683,138.09,4
10oVG58tgVtot84E6rYL9q,"6GU3udFA1Ug0PvmvHOl2JI","Redchinawave","Redchinawave","zzx3rown",2022-07-06,290395,59,spotify:user:rlu1guwrwlajdt8uondr4s8oq,2022-08-12T08:02:58Z,"sped up",0.621,0.658,1,-9.394,1,0.04,0.227,0.852,0.266,0.344,141.359,4
4yx91SkOX4OWjUmhEj4rDl,"5g97nXsHBZDyY6wPKckqLc","Shadow Lady","Shadow Lady","Portwave",2014,302024,68,spotify:user:rlu1guwrwlajdt8uondr4s8oq,2022-08-12T08:03:10Z,"drift phonk",0.556,0.872,10,-3.075,0,0.0718,0.00383,0.844,0.177,0.68,103.853,4
7fwE3Nr0RsTzYOocfu2XbV,"4pRlsLqOBsPKbTr4aSAe2y,5pkyK1GpSOzRAYqs7XclPo","Never","Never","Mag.Lo,O Super",2016-02-01,384116,69,spotify:user:rlu1guwrwlajdt8uondr4s8oq,2022-08-12T08:03:39Z,"nerdcore",0.519,0.637,9,-7.215,0,0.113,0.834,0.517,0.114,0.114,110.174,3
3T56drS7FjnZgGcOAHlXzx,"2W6WP4pHQTFlbr2z9S4n54","Murder In My Mind - Sped Up","Murder In My Mind (Sped Up)","Kordhell",2022-05-05,115200,79,spotify:user:rlu1guwrwlajdt8uondr4s8oq,2022-08-12T08:04:11Z,"drift phonk",0.598,0.994,2,-0.89,1,0.404,0.00364,0.0617,0.397,0.151,151.135,4
0KWSmcrDt6zovkRmiAoniw,"6qW2MCeqjNlMwiLl0JPbuZ","Draco","Draco","framed",2022-03-23,127570,32,spotify:user:rlu1guwrwlajdt8uondr4s8oq,2022-08-12T08:04:34Z,"sped up,viral rap",0.473,0.772,10,-7.447,1,0.0546,0.00323,0.131,0.159,0.0389,172.001,4
5ES9yfMNj5u2ALM4X99ThE,"47w0vB0JYtXTSkd0Hu13GV","Swerxed","Swerxed","fr4me Archive",2022-04-08,94563,56,spotify:user:rlu1guwrwlajdt8uondr4s8oq,2022-08-12T08:04:51Z,"viral rap",0.64,0.656,9,-7.399,0,0.0477,0.00103,0,0.156,0.152,82.081,4
19zqGNA6F5MqvLeCMhdRq3,"4fyJieFEioUGB33LHHxlHt","Life Support","Life Support","Beatsbysav",2022-02-18,125178,50,spotify:user:rlu1guwrwlajdt8uondr4s8oq,2022-08-12T08:05:05Z,"",0.793,0.374,2,-8.187,1,0.112,0.0186,0.644,0.0934,0.149,103.513,4
5iFaTYNw5IN3Ri2KBsH2LV,"6d88nPjQLpyxi8vH3wgkrx","Bombs Away (Throwback Cypher)","Bombs Away (Throwback Cypher)","dj Shawny",2022-04-14,77583,58,spotify:user:rlu1guwrwlajdt8uondr4s8oq,2022-08-12T08:05:13Z,"jersey club",0.714,0.389,1,-6.689,1,0.0385,0.00179,0.56,0.178,0.702,92.526,4
49pDxzm4CKeAXZZyPzZlEk,"1HLuXWIZ81O1ph8AXUnNPW","Adrenaline","Adrenaline","IluvUso",1983-03-11,68940,10,spotify:user:rlu1guwrwlajdt8uondr4s8oq,2022-08-12T08:05:21Z,"",0.379,0.478,5,-14.617,0,0.0986,0.0136,0.256,0.815,0.445,136.293,4
1rQJ8DMlZvlFO1o41zH5ZY,"6w7Oaa5P0Hugr8cfJ1nLHZ","Pride's Death","Pride's Death","Cryptix",2022-04-24,104489,51,spotify:user:rlu1guwrwlajdt8uondr4s8oq,2022-08-12T08:05:30Z,"",0.28,0.562,11,-9.607,0,0.0814,0.00393,0.0383,0.239,0.214,140.162,4
6RwWGEl4zkHT29OuMbuIxZ,"4Soc06zRsHw2US0abt3TAa","Motivation Jersey Club","Motivation Jersey Club","Six Dior",1985-06-09,100635,57,spotify:user:rlu1guwrwlajdt8uondr4s8oq,2022-08-12T08:05:53Z,"sped up",0.765,0.498,9,-12.475,1,0.0767,0.399,0.822,0.0735,0.193,180.064,4
2AjZUopivF7YTy6d7EYl8L,"48nHO1cuTbpx4ELhChsxX1,3xYvvJ6tjXyJJdEXBs8qf0","Glass Coffin","Glass Coffin","Sidewalks and Skeletons,Brothel",2018-08-08,213532,40,spotify:user:rlu1guwrwlajdt8uondr4s8oq,2022-08-12T08:06:17Z,"wave,witch house,drift phonk",0.486,0.517,3,-8.131,0,0.0503,0.0196,0.943,0.0866,0.135,109.825,4
5bVLZUn7PRXpS4lVWKbDaE,"75xNYf2GU5wtQqBrd74SlY,5aI3MnYjh7mlPBwkK1lWvG","Melt Away","Melt Away","Zheani,The Virus and Antidote",2018-07-16,205024,40,spotify:user:rlu1guwrwlajdt8uondr4s8oq,2022-08-12T08:06:25Z,"brisbane indie,dark trap,viral rap,emo rap",0.167,0.606,4,-9.546,0,0.0468,0.00103,0.53,0.188,0.0363,90.035,3
0MMyJUC3WNnFS1lit5pTjk,"1McMsnEElThX1knmY4oliG","jealousy, jealousy","SOUR","Olivia Rodrigo",2021-05-21,173160,82,spotify:user:rlu1guwrwlajdt8uondr4s8oq,2022-08-12T09:03:43Z,"pop",0.695,0.575,10,-6.334,0,0.116,0.198,0,0.0614,0.699,163.929,4
