﻿Spotify ID,Artist IDs,Track Name,Album Name,Artist Name(s),Release Date,Duration (ms),Popularity,Added By,Added At,Genres,Danceability,Energy,Key,Loudness,Mode,Speechiness,Acousticness,Instrumentalness,Liveness,Valence,Tempo,Time Signature
1D4PL9B8gOg78jiHg3FvBb,"06HL4z0CvFAxyc27GXpf02","Love Story","Fearless (Big Machine Radio Release Special)","Taylor Swift",2008-11-11,236266,76,spotify:user:31costno4wopila3qrijlfnnci2i,2022-02-24T14:09:24Z,"pop",0.617,0.741,2,-3.97,1,0.0311,0.131,0,0.0772,0.306,118.984,4
0BJMgVrnWIvgYsjq8KaPeh,"7n2Ycct7Beij7Dj7meI4X0","SCIENTIST","Formula of Love: O+T=<3","TWICE",2021-11-12,194600,69,spotify:user:31costno4wopila3qrijlfnnci2i,2022-02-24T14:10:57Z,"k-pop,k-pop girl group",0.786,0.858,11,-3.74,1,0.0675,0.0487,0,0.126,0.649,112.999,4
308Ir17KlNdlrbVLHWhlLe,"7n2Ycct7Beij7Dj7meI4X0","The Feels","Formula of Love: O+T=<3","TWICE",2021-11-12,198053,76,spotify:user:31costno4wopila3qrijlfnnci2i,2022-02-24T14:11:05Z,"k-pop,k-pop girl group",0.808,0.903,9,-2.179,1,0.0729,0.0899,0,0.0816,0.922,120.044,4
5b8FtevTVz8xVF6E208xeV,"2KC9Qb60EaY0kW4eH68vr3","LOCO","CRAZY IN LOVE","ITZY",2021-09-24,191462,3,spotify:user:31costno4wopila3qrijlfnnci2i,2022-02-24T14:11:19Z,"k-pop girl group",0.764,0.886,1,-3.067,1,0.177,0.0109,0.0000221,0.325,0.497,102.012,4
4z9gBZQjGS4QLb4LOvmeuA,"3Nrfpe0tUJi4K4DXYWgMUX","Burning Up (Fire)","The Most Beautiful Moment in Life: Young Forever","방탄소년단",2016-05-02,203351,1,spotify:user:31costno4wopila3qrijlfnnci2i,2022-02-24T14:11:26Z,"k-pop,k-pop boy group",0.627,0.706,10,-3.201,0,0.0597,0.00227,0,0.122,0.536,99.93,4
5mpWGq83n0sIgGRopGk5QZ,"5RR0MLwcjc87wjSw2JYdwx,0fEj1fYIQwWj1bzzAto9rp","Wrap Me In Plastic","Wrap Me In Plastic","모모랜드,CHROMANCE",2021-02-05,192808,63,spotify:user:31costno4wopila3qrijlfnnci2i,2022-02-24T14:11:45Z,"k-pop,k-pop girl group,modern indie pop",0.821,0.602,5,-2.916,0,0.0907,0.286,0,0.0862,0.776,179.932,4
52CBUrIdyf8tbZaUY9iawE,"73B9bjqS2Z5KLXNGqXf64m","After School","We play","Weeekly",2021-03-17,205373,70,spotify:user:31costno4wopila3qrijlfnnci2i,2022-02-24T14:11:49Z,"k-pop",0.634,0.928,1,-1.609,1,0.0514,0.00719,0.00000255,0.0626,0.738,164.007,4
0b11D9D0hMOYCIMN3OKreM,"5ghnxpW47ojtLHHyTLdxdY,4npEfmQ6YuiwW1GpUmaq3F","Into Your Arms (feat. Ava Max)","Into Your Arms (feat. Ava Max)","Witt Lowry,Ava Max",2018-06-08,186022,76,spotify:user:31costno4wopila3qrijlfnnci2i,2022-02-24T14:11:55Z,"pop rap,dance pop,pop",0.504,0.788,3,-4.113,0,0.215,0.0134,0,0.363,0.228,170.039,4
7esW1rZT024k0Bn0pLWOCT,"6QrQ7OrISRYIfS5mtacaw2","Infinity","Infinity (Piano Version)","Jaymes Young",2021-10-29,237720,0,spotify:user:31costno4wopila3qrijlfnnci2i,2022-02-24T14:12:01Z,"modern rock,pop",0.671,0.673,11,-6.941,0,0.0444,0.15,0.0000516,0.304,0.493,121.96,4
3LSjYk6sFQaLi0MjtWcm8P,"3Nrfpe0tUJi4K4DXYWgMUX","Make It Right","MAP OF THE SOUL : PERSONA","방탄소년단",2019-04-12,226321,68,spotify:user:31costno4wopila3qrijlfnnci2i,2022-02-24T14:12:42Z,"k-pop,k-pop boy group",0.639,0.706,7,-7.874,1,0.448,0.0104,0,0.132,0.259,105.782,4
6tCssnvTUREcperDOUTqvA,"2KC9Qb60EaY0kW4eH68vr3","WANNABE","It'z Me","ITZY",2020-03-09,191242,3,spotify:user:31costno4wopila3qrijlfnnci2i,2022-02-24T14:12:47Z,"k-pop girl group",0.809,0.911,6,-4.41,0,0.0617,0.00795,0.000179,0.181,0.64,122.035,4
7qiZfU4dY1lWllzX7mPBI3,"6eUKZXaKkcviH0Ku9w2n3V","Shape of You","÷ (Deluxe)","Ed Sheeran",2017-03-03,233712,85,spotify:user:31costno4wopila3qrijlfnnci2i,2022-02-24T14:12:50Z,"pop,uk pop",0.825,0.652,1,-3.183,0,0.0802,0.581,0,0.0931,0.931,95.977,4
09CtPGIpYB4BrO8qb1RGsF,"1uNFoZAHBGtllmzznpCI3s","Sorry","Purpose (Deluxe)","Justin Bieber",2015-11-13,200786,81,spotify:user:31costno4wopila3qrijlfnnci2i,2022-02-24T14:12:55Z,"canadian pop,pop",0.654,0.76,0,-3.669,0,0.045,0.0797,0,0.299,0.41,99.945,4
13hvHEstJ4sNbzdroPrPI3,"6M2wZ9GZgrQXHCFfjv46we,41MozSoPIsD1dJM0CLPjZF","Kiss and Make Up","Dua Lipa (Complete Edition)","Dua Lipa,BLACKPINK",2015,190560,58,spotify:user:31costno4wopila3qrijlfnnci2i,2022-02-24T14:14:06Z,"dance pop,pop,uk pop,k-pop,k-pop girl group",0.675,0.729,8,-4.383,1,0.146,0.0557,0,0.189,0.63,99.986,4
6epn3r7S14KUqlReYr77hA,"1uNFoZAHBGtllmzznpCI3s,3ipn9JLAPI5GUEo4y4jcoi","Baby","My World 2.0","Justin Bieber,Ludacris",2010-01-01,214240,81,spotify:user:31costno4wopila3qrijlfnnci2i,2022-02-24T14:14:13Z,"canadian pop,pop,atl hip hop,dance pop,dirty south rap,hip hop,old school atlanta hip hop,pop rap,rap,southern hip hop,trap",0.728,0.859,5,-5.237,0,0.137,0.0401,0,0.111,0.535,65.043,4
5HCyWlXZPP0y6Gqq8TgA20,"2tIP7SsRs7vjIcLrU85W8J,1uNFoZAHBGtllmzznpCI3s","STAY (with Justin Bieber)","STAY (with Justin Bieber)","The Kid LAROI,Justin Bieber",2021-07-09,141805,87,spotify:user:31costno4wopila3qrijlfnnci2i,2022-02-24T14:14:22Z,"australian hip hop,pop,canadian pop",0.591,0.764,1,-5.484,1,0.0483,0.0383,0,0.103,0.478,169.928,4
2ayIgfvWo3SfYP2pVOr4pC,"3eVa5w3URK5duf6eyVDbu9","Gone","R","ROSÉ",2021-03-12,207163,70,spotify:user:31costno4wopila3qrijlfnnci2i,2022-02-24T14:14:26Z,"k-pop",0.647,0.377,6,-6.003,1,0.0375,0.594,0,0.0768,0.653,79.936,4
28tufPkTcXmdNqTvi9hsoG,"41MozSoPIsD1dJM0CLPjZF","Pretty Savage","THE ALBUM","BLACKPINK",2020-10-02,199122,70,spotify:user:31costno4wopila3qrijlfnnci2i,2022-02-24T14:14:31Z,"k-pop,k-pop girl group",0.699,0.588,9,-6.533,0,0.0402,0.00807,0.000131,0.107,0.35,151.971,4
1brwdYwjltrJo7WHpIvbYt,"7vk5e3vY1uw9plTHJAMwjN","Faded","Faded","Alan Walker",2015-12-04,212626,1,spotify:user:31costno4wopila3qrijlfnnci2i,2022-02-24T14:14:40Z,"electro house",0.589,0.651,6,-5.097,1,0.0306,0.0291,0.0000032,0.111,0.166,90.011,4
3vAn0qZzdyuHamcrpkfiX3,"41MozSoPIsD1dJM0CLPjZF","How You Like That","How You Like That","BLACKPINK",2020-06-26,181263,1,spotify:user:31costno4wopila3qrijlfnnci2i,2022-02-24T14:14:45Z,"k-pop,k-pop girl group",0.828,0.782,11,-4.014,1,0.0918,0.0694,0.0000341,0.0544,0.351,130.013,4
5RGf8qn1TBWVplLyyKUsuV,"3Nrfpe0tUJi4K4DXYWgMUX","Blood Sweat & Tears","Wings","방탄소년단",2016-10-10,217051,2,spotify:user:31costno4wopila3qrijlfnnci2i,2022-02-24T14:14:49Z,"k-pop,k-pop boy group",0.583,0.885,0,-3.571,0,0.106,0.0244,0,0.357,0.601,92.959,4
2r5oD7twaQTsv5KoRS6v16,"41MozSoPIsD1dJM0CLPjZF","Really","SQUARE UP","BLACKPINK",2018-06-15,197789,0,spotify:user:31costno4wopila3qrijlfnnci2i,2022-02-24T14:14:56Z,"k-pop,k-pop girl group",0.696,0.881,1,-2.082,1,0.104,0.0235,0,0.277,0.947,142.019,4
5Sn2fm8aisVlR7S6u1KW57,"3Nrfpe0tUJi4K4DXYWgMUX","FAKE LOVE","Love Yourself 結 'Answer'","방탄소년단",2018-08-24,242333,1,spotify:user:31costno4wopila3qrijlfnnci2i,2022-02-24T14:15:02Z,"k-pop,k-pop boy group",0.557,0.719,2,-4.515,0,0.0372,0.00267,0,0.306,0.344,77.501,4
2xgACMNtJ5YktyvOC83SPO,"3eVa5w3URK5duf6eyVDbu9","On The Ground","R","ROSÉ",2021-03-12,168085,71,spotify:user:31costno4wopila3qrijlfnnci2i,2022-02-24T14:15:10Z,"k-pop",0.311,0.607,1,-6.578,1,0.11,0.0174,0,0.131,0.286,188.7,4
6wyr4ReB05D9sJB1Rsmcqo,"0b1sIQumIAsNbqAoIClSpy,4obzFoKoKRHIphyHzJ35G3","Chicken Noodle Soup (feat. Becky G)","Chicken Noodle Soup (feat. Becky G)","j-hope,Becky G",2019-09-27,235497,0,spotify:user:31costno4wopila3qrijlfnnci2i,2022-02-24T14:15:15Z,"k-pop,k-rap,dance pop,latin pop,latin viral pop,pop,rap latina,reggaeton",0.826,0.817,2,-4.081,1,0.0921,0.00502,0.0000109,0.294,0.168,97.053,4
1cdbkpZ3q1KYZDNSrOpdkb,"41MozSoPIsD1dJM0CLPjZF,0C8ZW7ezQVs4URX5aX7Kqx","Ice Cream (with Selena Gomez)","THE ALBUM","BLACKPINK,Selena Gomez",2020-10-02,175813,68,spotify:user:31costno4wopila3qrijlfnnci2i,2022-02-24T14:15:21Z,"k-pop,k-pop girl group,dance pop,pop,post-teen pop",0.791,0.733,9,-3.852,1,0.35,0.0305,0.000169,0.0423,0.913,159.974,4
6osKPJp6kQwZcgUqBteJFN,"3TnHUGTOpN3yuYw59iGMSd","Safari","Safari","Serena",2017-11-28,187408,71,spotify:user:31costno4wopila3qrijlfnnci2i,2022-02-24T14:15:59Z,"desi pop",0.799,0.689,5,-6.793,0,0.053,0.445,0.0122,0.18,0.477,103.019,4
16ih0TTm4REIQuYBMPTHm8,"1psakk7GVUl85AnTEvwtk2","Sugar & Brownies","Sugar & Brownies","DHARIA",2019-04-05,197836,66,spotify:user:31costno4wopila3qrijlfnnci2i,2022-02-24T14:16:05Z,"",0.792,0.719,1,-5.123,0,0.257,0.168,0,0.0276,0.472,100.02,4
0TK2YIli7K1leLovkQiNik,"7n2wHs1TKAczGzO7Dd2rGr,4nDoRrQiYLoBzwC5BhVJzF","Señorita","Señorita","Shawn Mendes,Camila Cabello",2019-06-21,190960,79,spotify:user:31costno4wopila3qrijlfnnci2i,2022-02-24T14:16:09Z,"canadian pop,dance pop,pop,viral pop,post-teen pop",0.759,0.54,9,-6.039,0,0.0287,0.037,0,0.0945,0.75,116.947,4
6b3b7lILUJqXcp6w9wNQSm,"5WUlDfRSoLAfcVSX1WnrxN,3Isy6kedDrgPYoTS1dazA9","Cheap Thrills (feat. Sean Paul)","Cheap Thrills (feat. Sean Paul)","Sia,Sean Paul",2016-02-11,224813,67,spotify:user:31costno4wopila3qrijlfnnci2i,2022-02-24T14:16:17Z,"australian dance,australian pop,dance pop,pop,dancehall,pop rap",0.592,0.8,6,-4.931,0,0.215,0.0561,0.00000201,0.0775,0.728,89.972,4
3tP6QKbXvtrxiDI7QwKyUf,"41MozSoPIsD1dJM0CLPjZF","STAY","SQUARE TWO","BLACKPINK",2016-11-01,230322,70,spotify:user:31costno4wopila3qrijlfnnci2i,2022-02-24T14:16:24Z,"k-pop,k-pop girl group",0.63,0.432,1,-6.721,1,0.0357,0.551,0.00000584,0.0962,0.343,87.959,4
5KawlOMHjWeUjQtnuRs22c,"3Nrfpe0tUJi4K4DXYWgMUX,26VFTg2z8YR0cCuwLzESi2","Boy With Luv (feat. Halsey)","MAP OF THE SOUL : PERSONA","방탄소년단,Halsey",2019-04-12,229773,7,spotify:user:31costno4wopila3qrijlfnnci2i,2022-02-24T14:16:34Z,"k-pop,k-pop boy group,dance pop,electropop,etherpop,indie poptimism,pop",0.645,0.862,11,-4.757,0,0.0965,0.0923,0,0.192,0.798,119.991,4
10BfqdiV5PhV1UYsMEyou1,"5L1lO4eRHmJ7a0Q6csE5cT","LALISA","LALISA","LISA",2021-09-10,200689,52,spotify:user:31costno4wopila3qrijlfnnci2i,2022-02-24T14:17:34Z,"k-pop",0.804,0.652,8,-6.282,1,0.0898,0.0267,0.000782,0.118,0.854,150.076,4
7hU3IHwjX150XLoTVmjD0q,"5L1lO4eRHmJ7a0Q6csE5cT","MONEY","LALISA","LISA",2021-09-10,168227,78,spotify:user:31costno4wopila3qrijlfnnci2i,2022-02-24T14:17:40Z,"k-pop",0.831,0.554,1,-9.998,0,0.218,0.161,0.0000612,0.152,0.396,140.026,4
249gnXrbfmV8NG6jTEMSwD,"3Nrfpe0tUJi4K4DXYWgMUX","Life Goes On","BE","방탄소년단",2020-11-20,207481,5,spotify:user:31costno4wopila3qrijlfnnci2i,2022-02-24T14:18:51Z,"k-pop,k-pop boy group",0.566,0.716,1,-5.733,1,0.0424,0.00691,0,0.37,0.45,81.068,4
7bi5vk9KoY6Flkat31ViYD,"41MozSoPIsD1dJM0CLPjZF","Crazy Over You","THE ALBUM","BLACKPINK",2020-10-02,161945,65,spotify:user:31costno4wopila3qrijlfnnci2i,2022-02-24T14:18:57Z,"k-pop,k-pop girl group",0.805,0.66,4,-5.342,1,0.0582,0.0367,0.000064,0.215,0.617,114.954,4
3Gk1LfB771PIEGgsEa7gcV,"41MozSoPIsD1dJM0CLPjZF","Love To Hate Me","THE ALBUM","BLACKPINK",2020-10-02,169797,66,spotify:user:31costno4wopila3qrijlfnnci2i,2022-02-24T14:37:15Z,"k-pop,k-pop girl group",0.689,0.656,8,-4.532,1,0.143,0.0365,0,0.136,0.623,162.269,4
4TgxFMOn5yoESW6zCidCXL,"56mfhUDKa1vec6rSLZV5Eg,07YZf4WDAMNwqr4jfgOZ8y,3Nrfpe0tUJi4K4DXYWgMUX","Savage Love (Laxed – Siren Beat) [BTS Remix]","Savage Love (Laxed - Siren Beat) [BTS Remix]","Jawsh 685,Jason Derulo,방탄소년단",2020-10-02,184905,72,spotify:user:31costno4wopila3qrijlfnnci2i,2022-02-24T14:37:35Z,"nz pop,dance pop,edm,pop,pop rap,post-teen pop,k-pop,k-pop boy group",0.758,0.598,0,-5.695,0,0.0868,0.16,0,0.295,0.658,149.836,4
2bgTY4UwhfBYhGT4HUYStN,"3Nrfpe0tUJi4K4DXYWgMUX","Butter","Butter (Hotter, Sweeter, Cooler)","방탄소년단",2021-06-04,164441,10,spotify:user:31costno4wopila3qrijlfnnci2i,2022-02-24T14:37:39Z,"k-pop,k-pop boy group",0.759,0.459,8,-5.187,1,0.0948,0.00323,0,0.0906,0.695,109.997,4
4saklk6nie3yiGePpBwUoc,"3Nrfpe0tUJi4K4DXYWgMUX","Dynamite","BE","방탄소년단",2020-11-20,199053,9,spotify:user:31costno4wopila3qrijlfnnci2i,2022-02-24T14:37:46Z,"k-pop,k-pop boy group",0.746,0.765,6,-4.41,0,0.0993,0.0112,0,0.0936,0.737,114.044,4
5eXBXreN3d1zdj6Sa8dS0u,"3Nrfpe0tUJi4K4DXYWgMUX","Permission to Dance","Permission to Dance","방탄소년단",2021-07-23,187585,2,spotify:user:31costno4wopila3qrijlfnnci2i,2022-02-24T14:37:52Z,"k-pop,k-pop boy group",0.702,0.741,9,-5.33,1,0.0427,0.00544,0,0.337,0.646,124.925,4
2naEVOadudtXHwtZNfjMDM,"41MozSoPIsD1dJM0CLPjZF","Forever Young","SQUARE UP","BLACKPINK",2018-06-15,237076,0,spotify:user:31costno4wopila3qrijlfnnci2i,2022-02-24T14:37:56Z,"k-pop,k-pop girl group",0.592,0.961,4,-1.807,1,0.096,0.0423,0,0.0882,0.508,109.826,4
7HWmJ1wBecOAMNGjC6SmKE,"41MozSoPIsD1dJM0CLPjZF","WHISTLE","SQUARE ONE","BLACKPINK",2016-08-08,211696,0,spotify:user:31costno4wopila3qrijlfnnci2i,2022-02-24T14:38:01Z,"k-pop,k-pop girl group",0.822,0.712,11,-4.877,1,0.15,0.00682,0,0.0955,0.647,102.874,4
7e7VjLxO5xJINHvnRytrqi,"41MozSoPIsD1dJM0CLPjZF","PLAYING WITH FIRE","SQUARE TWO","BLACKPINK",2016-11-01,197355,0,spotify:user:31costno4wopila3qrijlfnnci2i,2022-02-24T14:38:05Z,"k-pop,k-pop girl group",0.707,0.758,4,-4.511,0,0.0917,0.0399,0,0.141,0.674,97.037,4
7b8YOVV5quZcSKEijDgyWB,"41MozSoPIsD1dJM0CLPjZF","DDU-DU DDU-DU","SQUARE UP","BLACKPINK",2018-06-15,209355,0,spotify:user:31costno4wopila3qrijlfnnci2i,2022-02-24T14:38:10Z,"k-pop,k-pop girl group",0.671,0.859,4,-3.922,0,0.0833,0.0313,0,0.267,0.39,139.931,4
4Vhvlhomv8fTp2e6I4XTpe,"41MozSoPIsD1dJM0CLPjZF","Lovesick Girls","THE ALBUM","BLACKPINK",2020-10-02,192765,57,spotify:user:31costno4wopila3qrijlfnnci2i,2022-02-24T14:38:18Z,"k-pop,k-pop girl group",0.658,0.732,6,-4.762,1,0.0654,0.00513,0,0.13,0.409,127.995,4
13MF2TYuyfITClL1R2ei6e,"41MozSoPIsD1dJM0CLPjZF","BOOMBAYAH","SQUARE ONE","BLACKPINK",2016-08-08,240793,76,spotify:user:31costno4wopila3qrijlfnnci2i,2022-02-24T14:38:22Z,"k-pop,k-pop girl group",0.661,0.836,5,-3.164,0,0.059,0.00268,0,0.497,0.396,124.952,4
1R0hxCA5R7z5TiaXBZR7Mf,"250b0Wlc5Vk0CoUsaCY84M","SOLO","SOLO","제니",2018-11-12,169566,72,spotify:user:31costno4wopila3qrijlfnnci2i,2022-02-24T14:38:33Z,"k-pop",0.752,0.642,3,-5.165,0,0.0869,0.0861,0,0.0953,0.388,95.043,4
45OX2jjEw1l7lOFJfDP9fv,"5L1lO4eRHmJ7a0Q6csE5cT","MONEY","LALISA","LISA",2021-09-10,168227,77,spotify:user:31costno4wopila3qrijlfnnci2i,2022-02-24T14:38:54Z,"k-pop",0.826,0.553,1,-10.121,0,0.234,0.163,0.0000412,0.135,0.4,140.037,4
2KZ3sNqPogEyMUUH6A5HFy,"5L1lO4eRHmJ7a0Q6csE5cT","LALISA","LALISA","LISA",2021-09-10,200689,72,spotify:user:31costno4wopila3qrijlfnnci2i,2022-02-24T14:39:07Z,"k-pop",0.804,0.652,8,-6.282,1,0.0898,0.0267,0.000782,0.118,0.854,150.076,4
6R6ZoHTypt5lt68MWbzZXv,"1HY2Jd0NmPuamShAr6KMms,41MozSoPIsD1dJM0CLPjZF","Sour Candy (with BLACKPINK)","Sour Candy (with BLACKPINK)","Lady Gaga,BLACKPINK",2020-05-28,157706,67,spotify:user:31costno4wopila3qrijlfnnci2i,2022-03-04T15:11:43Z,"art pop,dance pop,pop,k-pop,k-pop girl group",0.752,0.87,9,-3.812,0,0.0623,0.0604,0.0000112,0.489,0.784,120.006,4
6GKGoi0FHzldk1ZRQoV1fv,"49YbNTLaaAbZHLtDI2aPGL","Jalebi Baby","Jalebi Baby","Tesher",2020-11-13,189375,69,spotify:user:31costno4wopila3qrijlfnnci2i,2022-03-18T10:04:22Z,"",0.68,0.895,2,-7.144,1,0.0378,0.0156,0.000374,0.145,0.824,93.037,4
4gvrJnKCKIPiacNsWVQwEU,"048LktY5zMnakWq7PTtFrz,7iTLGcddv1bOPirdYJjKVy,5fUXK5m3BNwoRgTyKq8tnz","love nwantiti (feat. Dj Yo! & AX'EL) - Remix","love nwantiti (feat. Dj Yo! & AX'EL) [Remix]","CKay,Dj Yo!,AX'EL",2021-09-09,188368,79,spotify:user:31costno4wopila3qrijlfnnci2i,2022-03-18T10:06:09Z,"afro r&b",0.579,0.596,8,-4.823,1,0.0561,0.436,0.0938,0.0549,0.443,119.9,3
2DpCdPMg1BADE4HDnxt3Rd,"6Dd3NScHWwnW6obMFbl1BH","Sit Still, Look Pretty","Sit Still, Look Pretty","Daya",2017-01-06,202226,62,spotify:user:31costno4wopila3qrijlfnnci2i,2022-03-18T10:07:54Z,"alt z,dance pop,edm,electropop,pop,pop dance,post-teen pop,tropical house",0.655,0.787,2,-3.031,1,0.264,0.122,0.00000311,0.178,0.554,181.799,4
1V6gIisPpYqgFeWbMLI0bA,"6S2OmqARrzebs0tKUEyXyp","Heart Attack","Demi","Demi Lovato",2013-01-01,210840,78,spotify:user:31costno4wopila3qrijlfnnci2i,2022-03-25T15:05:16Z,"dance pop,pop,post-teen pop",0.504,0.785,8,-4.802,1,0.104,0.0738,0,0.239,0.502,173.968,4
4OAuvHryIVv4kMDNSLuPt6,"06HL4z0CvFAxyc27GXpf02","Red (Taylor's Version)","Red (Taylor's Version)","Taylor Swift",2021-11-12,223093,76,spotify:user:31costno4wopila3qrijlfnnci2i,2022-03-25T15:05:20Z,"pop",0.516,0.777,1,-4.908,0,0.0375,0.00108,0.00000162,0.0761,0.408,125.047,4
39LLxExYz6ewLAcYrzQQyP,"6M2wZ9GZgrQXHCFfjv46we","Levitating","Future Nostalgia","Dua Lipa",2020-03-27,203807,83,spotify:user:31costno4wopila3qrijlfnnci2i,2022-03-25T15:05:25Z,"dance pop,pop,uk pop",0.695,0.884,6,-2.278,0,0.0753,0.0561,0,0.213,0.914,103.014,4
1rfofaqEpACxVEHIZBJe6W,"4nDoRrQiYLoBzwC5BhVJzF,50co4Is1HCEo8bhOyUWKpn","Havana (feat. Young Thug)","Camila","Camila Cabello,Young Thug",2018-01-12,217306,79,spotify:user:31costno4wopila3qrijlfnnci2i,2022-05-30T16:20:21Z,"dance pop,pop,post-teen pop,atl hip hop,atl trap,gangster rap,hip hop,melodic rap,pop rap,rap,southern hip hop,trap",0.765,0.523,2,-4.333,1,0.03,0.184,0.0000356,0.132,0.394,104.988,4
3zHq9ouUJQFQRf3cm1rRLu,"0X2BH1fck6amBIoJhDVmmJ","Love Me Like You Do - From Fifty Shades Of Grey","Delirium (Deluxe)","Ellie Goulding",2015-11-06,252534,78,spotify:user:31costno4wopila3qrijlfnnci2i,2022-05-30T16:20:41Z,"dance pop,edm,electropop,indietronica,metropopolis,pop,post-teen pop,uk pop",0.262,0.606,8,-6.646,1,0.0484,0.247,0,0.125,0.275,189.857,4
1ehags7lQMM1qX94VJkoaf,"2KC9Qb60EaY0kW4eH68vr3","Not Shy","Not Shy","ITZY",2020-08-17,177728,69,spotify:user:31costno4wopila3qrijlfnnci2i,2022-05-31T03:26:00Z,"k-pop girl group",0.776,0.911,2,-3.08,0,0.131,0.155,0.00000259,0.268,0.56,101.027,4
6dG2zPUOWXk3eMC7Hb3wh3,"7zYj9S9SdIunYCfSm7vzAR","DUMB DUMB","DUMB DUMB","전소미",2021-08-02,149213,58,spotify:user:31costno4wopila3qrijlfnnci2i,2022-05-31T03:26:23Z,"k-pop,pop",0.85,0.734,2,-6.415,1,0.0491,0.0221,0.000179,0.0728,0.406,103.027,4
2vdkN2NSQ5mxqNGg7sJUxs,"2KC9Qb60EaY0kW4eH68vr3","ICY","IT'z ICY","ITZY",2019-07-29,191142,64,spotify:user:31costno4wopila3qrijlfnnci2i,2022-05-31T03:26:45Z,"k-pop girl group",0.8,0.904,2,-2.821,1,0.0845,0.0328,0.0000317,0.182,0.806,124.979,4
0deWmYkaZHaElUm15oVXkE,"2KC9Qb60EaY0kW4eH68vr3","#Twenty","CRAZY IN LOVE","ITZY",2021-09-24,174440,59,spotify:user:31costno4wopila3qrijlfnnci2i,2022-05-31T03:26:57Z,"k-pop girl group",0.956,0.714,1,-5.12,1,0.197,0.0969,0,0.069,0.62,128.051,4
2ZMkjvuOQOD9HLplTDjbTA,"7zYj9S9SdIunYCfSm7vzAR","XOXO","XOXO","전소미",2021-10-29,207650,64,spotify:user:31costno4wopila3qrijlfnnci2i,2022-05-31T03:28:01Z,"k-pop,pop",0.703,0.611,4,-6.376,1,0.0313,0.0705,0,0.133,0.527,144.991,4
1Wcr8zrKqbUX0zwN8Dbr16,"2KC9Qb60EaY0kW4eH68vr3","In the morning","GUESS WHO","ITZY",2021-04-30,172373,70,spotify:user:31costno4wopila3qrijlfnnci2i,2022-05-31T03:37:00Z,"k-pop girl group",0.846,0.814,6,-4.685,0,0.149,0.0823,0.00094,0.13,0.722,140.055,4
0b11D9D0hMOYCIMN3OKreM,"5ghnxpW47ojtLHHyTLdxdY,4npEfmQ6YuiwW1GpUmaq3F","Into Your Arms (feat. Ava Max)","Into Your Arms (feat. Ava Max)","Witt Lowry,Ava Max",2018-06-08,186022,76,spotify:user:31costno4wopila3qrijlfnnci2i,2022-05-31T03:39:11Z,"pop rap,dance pop,pop",0.504,0.788,3,-4.113,0,0.215,0.0134,0,0.363,0.228,170.039,4
1u8c2t2Cy7UBoG4ArRcF5g,"06HL4z0CvFAxyc27GXpf02","Blank Space","1989 (Deluxe)","Taylor Swift",2014-01-01,231826,84,spotify:user:31costno4wopila3qrijlfnnci2i,2022-05-31T03:40:25Z,"pop",0.76,0.703,5,-5.412,1,0.054,0.103,0,0.0913,0.57,95.997,4
35mvY5S1H3J2QZyna3TFe0,"66CXWjxzNUsdJxJ2JdwvnR","positions","Positions","Ariana Grande",2020-10-30,172324,83,spotify:user:31costno4wopila3qrijlfnnci2i,2022-05-31T03:40:46Z,"dance pop,pop",0.737,0.802,0,-4.771,1,0.0878,0.468,0,0.0931,0.682,144.015,4
0TvQLMecTE8utzoNmvXRbK,"06HL4z0CvFAxyc27GXpf02","Bad Blood","1989","Taylor Swift",2014-01-01,211933,75,spotify:user:31costno4wopila3qrijlfnnci2i,2022-05-31T03:41:12Z,"pop",0.652,0.802,7,-6.114,1,0.181,0.0871,0.00000645,0.148,0.295,170.157,4
4IaxDf2FixiQXq0mW7key9,"64k5e9kV9MdukXjFrR5R37","ZOOM","ZOOM","제시",2022-04-13,174840,75,spotify:user:31costno4wopila3qrijlfnnci2i,2022-05-31T03:43:44Z,"k-pop",0.874,0.6,6,-6.064,1,0.158,0.00942,0,0.126,0.457,100.012,4
3NxuezMdSLgt4OwHzBoUhL,"72nLe76yBFSlP6VBzME358","Way Back Home","Take","숀",2018-06-27,214136,70,spotify:user:31costno4wopila3qrijlfnnci2i,2022-05-31T03:44:26Z,"k-pop",0.745,0.739,10,-4.591,1,0.0327,0.405,0.000183,0.127,0.556,99.913,4
4fouWK6XVHhzl78KzQ1UjL,"2VSHKHBTiXWplO8lxcnUC9","abcdefu","abcdefu","GAYLE",2021-08-13,168601,84,spotify:user:31costno4wopila3qrijlfnnci2i,2022-06-01T04:30:28Z,"modern alternative pop",0.695,0.54,4,-5.692,1,0.0493,0.299,0,0.367,0.415,121.932,4
0Q5VnK2DYzRyfqQRJuUtvi,"6RHTUrRF63xao58xh9FXYJ","LOVE DIVE","LOVE DIVE","IVE",2022-04-05,177186,82,spotify:user:31costno4wopila3qrijlfnnci2i,2022-06-09T02:37:43Z,"k-pop girl group",0.703,0.709,1,-4.169,0,0.0433,0.00379,0.0000543,0.333,0.538,117.941,4
0IGUXY4JbK18bu9oD4mPIm,"2AfmfGFbe0A0WsTYm0SDTx","TOMBOY","I NEVER DIE","(여자)아이들",2022-03-14,174386,79,spotify:user:31costno4wopila3qrijlfnnci2i,2022-06-09T02:37:56Z,"k-pop,k-pop girl group",0.755,0.87,1,-2.414,0,0.0936,0.00988,0,0.0917,0.645,124.032,4
4gdiCHNbwugojBqr5Jt3pq,"5R7AMwDeroq6Ls0COQYpS4","WA DA DA","FIRST IMPACT","Kep1er",2022-01-03,183693,70,spotify:user:31costno4wopila3qrijlfnnci2i,2022-06-09T02:38:46Z,"k-pop",0.785,0.907,10,-2.657,1,0.0938,0.00122,0.00000311,0.213,0.685,126.004,4
7n2FZQsaLb7ZRfRPfEeIvr,"6RHTUrRF63xao58xh9FXYJ","ELEVEN","ELEVEN","IVE",2021-12-01,178453,78,spotify:user:31costno4wopila3qrijlfnnci2i,2022-06-09T02:41:53Z,"k-pop girl group",0.828,0.731,9,-3.033,1,0.111,0.0617,0,0.048,0.587,119.978,4
4eWQlBRaTjPPUlzacqEeoQ,"4nDoRrQiYLoBzwC5BhVJzF","Never Be the Same","Camila","Camila Cabello",2018-01-12,226973,72,spotify:user:31costno4wopila3qrijlfnnci2i,2022-06-13T16:02:10Z,"dance pop,pop,post-teen pop",0.637,0.713,0,-4.333,1,0.0747,0.181,0.000637,0.137,0.243,129.923,4
4ZxOuNHhpyOj4gv52MtQpT,"41MozSoPIsD1dJM0CLPjZF","As If It's Your Last","As If It's Your Last","BLACKPINK",2017-06-22,213264,76,spotify:user:31costno4wopila3qrijlfnnci2i,2022-06-13T16:09:20Z,"k-pop,k-pop girl group",0.786,0.852,8,-2.687,1,0.0813,0.0687,0,0.0759,0.455,125.036,4
6CdUgvL597jWmW4w8P5kHs,"3qNVuliS40BLgXGxhdBdqu","Fine","My Voice - The 1st Album","태연",2017-02-28,209157,68,spotify:user:31costno4wopila3qrijlfnnci2i,2022-06-14T11:18:25Z,"k-pop,pop",0.36,0.565,7,-4.898,1,0.0608,0.358,0,0.0448,0.311,173.281,4
0bMbDctzMmTyK2j74j3nF3,"7vk5e3vY1uw9plTHJAMwjN,4npEfmQ6YuiwW1GpUmaq3F","Alone, Pt. II","Alone, Pt. II","Alan Walker,Ava Max",2019-12-27,179052,74,spotify:user:31costno4wopila3qrijlfnnci2i,2022-06-26T03:46:53Z,"electro house,dance pop,pop",0.67,0.668,3,-4.306,0,0.0422,0.536,0,0.133,0.608,88.033,4
1fMXWEkJpIH483OrKn1zFV,"41MozSoPIsD1dJM0CLPjZF","SO HOT - THEBLACKLABEL REMIX BLACKPINK ARENA TOUR 2018 SPECIAL FINAL IN KYOCERA DOME OSAKA","BLACKPINK ARENA TOUR 2018 SPECIAL FINAL IN KYOCERA DOME OSAKA","BLACKPINK",2019-03-13,144166,62,spotify:user:31costno4wopila3qrijlfnnci2i,2022-06-26T03:50:18Z,"k-pop,k-pop girl group",0.783,0.809,1,-10,0,0.221,0.0588,0.00001,0.515,0.814,140.025,4
2xeaHUnzzT5Kc974OQt1kA,"2KC9Qb60EaY0kW4eH68vr3","SHOOT!","GUESS WHO","ITZY",2021-04-30,139213,66,spotify:user:31costno4wopila3qrijlfnnci2i,2022-06-28T06:01:34Z,"k-pop girl group",0.852,0.762,6,-4.448,0,0.0487,0.333,0.00000166,0.159,0.907,131.958,4
78qd8dvwea0Gosb6Fe6j3k,"5cj0lLjcoR7YOSnhnX0Po5","Boss Bitch","Boss Bitch","Doja Cat",2020-01-23,134239,78,spotify:user:31costno4wopila3qrijlfnnci2i,2022-06-28T06:04:41Z,"dance pop,pop",0.707,0.955,10,-4.593,0,0.222,0.127,0,0.202,0.575,125.989,4
5GK7eDDTVz7CTge1wJrDQW,"41MozSoPIsD1dJM0CLPjZF","Kill This Love","Kill This Love","BLACKPINK",2019-04-05,189052,70,spotify:user:31costno4wopila3qrijlfnnci2i,2022-07-24T08:11:18Z,"k-pop,k-pop girl group",0.738,0.861,2,-4.141,1,0.237,0.318,0.00182,0.325,0.58,131.98,4
2WoluqyWzsgRmFCeHeGlnm,"2KC9Qb60EaY0kW4eH68vr3","SNEAKERS","CHECKMATE","ITZY",2022-07-15,179453,75,spotify:user:31costno4wopila3qrijlfnnci2i,2022-08-02T15:52:05Z,"k-pop girl group",0.935,0.849,7,-3.047,1,0.0779,0.0192,0,0.0223,0.551,119.986,4
0skYUMpS0AcbpjcGsAbRGj,"41MozSoPIsD1dJM0CLPjZF","Pink Venom","Pink Venom","BLACKPINK",2022-08-19,186964,80,spotify:user:31costno4wopila3qrijlfnnci2i,2022-08-19T15:20:47Z,"k-pop,k-pop girl group",0.798,0.697,0,-7.139,1,0.0891,0.0202,0,0.259,0.745,90.031,4
6tCd8bPvYnceDG7W9M1RMk,"41MozSoPIsD1dJM0CLPjZF","Shut Down","BORN PINK","BLACKPINK",2022-09-16,175889,85,spotify:user:31costno4wopila3qrijlfnnci2i,2022-09-24T13:22:19Z,"k-pop,k-pop girl group",0.813,0.657,0,-6.447,1,0.0372,0.00269,0,0.183,0.651,110.053,3
7BoobGhD4x5K96Me0hqC8Q,"26cMerAxjx9GedFt0lMDjm","Build a Bitch","Build a Bitch","Bella Poarch",2021-05-14,122772,75,spotify:user:31costno4wopila3qrijlfnnci2i,2022-09-24T13:23:09Z,"modern alternative pop",0.855,0.463,3,-7.454,1,0.0367,0.217,0.0000177,0.347,0.866,102.931,4
5CZ40GBx1sQ9agT82CLQCT,"1McMsnEElThX1knmY4oliG","traitor","SOUR","Olivia Rodrigo",2021-05-21,229226,86,spotify:user:31costno4wopila3qrijlfnnci2i,2022-10-16T13:06:23Z,"pop",0.38,0.339,3,-7.885,1,0.0338,0.691,0,0.12,0.0849,100.607,4
4ZtFanR9U6ndgddUvNcjcG,"1McMsnEElThX1knmY4oliG","good 4 u","SOUR","Olivia Rodrigo",2021-05-21,178146,86,spotify:user:31costno4wopila3qrijlfnnci2i,2022-10-16T13:06:36Z,"pop",0.563,0.664,9,-5.044,1,0.154,0.335,0,0.0849,0.688,166.928,4
5wANPM4fQCJwkGd4rN57mH,"1McMsnEElThX1knmY4oliG","drivers license","SOUR","Olivia Rodrigo",2021-05-21,242013,86,spotify:user:31costno4wopila3qrijlfnnci2i,2022-10-16T13:06:44Z,"pop",0.561,0.431,10,-8.81,1,0.0578,0.768,0.0000142,0.106,0.137,143.875,4
1ue7zm5TVVvmoQV8lK6K2H,"0uGk2czvcpWQA383Im6ajf","Pretty Girl","Pretty Girl","Maggie Lindemann",2016-09-30,219428,66,spotify:user:31costno4wopila3qrijlfnnci2i,2022-10-16T13:10:42Z,"alt z,dark pop,pop,pop punk,post-teen pop",0.456,0.764,10,-3.584,1,0.148,0.298,0,0.229,0.383,124.971,5
2eAvDnpXP5W0cVtiI0PUxV,"2WzaAvm2bBCf4pEhyuDgCY","Dandelions","Safe Haven","Ruth B.",2017-05-05,233720,89,spotify:user:31costno4wopila3qrijlfnnci2i,2022-10-16T13:11:08Z,"alt z,canadian contemporary r&b,canadian pop,pop",0.609,0.692,1,-2.958,1,0.0259,0.0157,0,0.0864,0.454,116.959,3
1h2AvjqgWC6hakpbGJUb7Z,"4yvcSjfu4PC0CYQyLy4wSq","Heat Waves","Heat Waves (Expansion Pack)","Glass Animals",2021-03-21,238805,46,spotify:user:31costno4wopila3qrijlfnnci2i,2022-10-16T13:11:38Z,"gauze pop,indietronica,shiver pop",0.761,0.525,11,-6.9,1,0.0944,0.44,0.0000067,0.0921,0.531,80.87,4
08bNPGLD8AhKpnnERrAc6G,"64KEffDW9EtZ1y2vBYgq8T,1zNqDE7qDGCsyzJwohVaoX","FRIENDS","FRIENDS","Marshmello,Anne-Marie",2018-02-09,202620,78,spotify:user:31costno4wopila3qrijlfnnci2i,2022-10-23T08:06:51Z,"brostep,dance pop,edm,pop,pop dance,progressive electro house,post-teen pop,tropical house,uk pop",0.626,0.88,9,-2.384,0,0.0504,0.205,0,0.128,0.534,95.079,4
58HvfVOeJY7lUuCqF0m3ly,"67MNhiAICFY6Pwc2YxCO0K","MIDDLE OF THE NIGHT","MIDDLE OF THE NIGHT","Elley Duhé",2020-01-10,184447,88,spotify:user:31costno4wopila3qrijlfnnci2i,2022-10-23T08:07:06Z,"alt z,pop",0.41,0.611,4,-8.271,0,0.0467,0.0228,0,0.116,0.0899,185.727,3
7ef4DlsgrMEH11cDZd32M6,"7CajNmpbOovFoOoasH2HaY,6M2wZ9GZgrQXHCFfjv46we","One Kiss (with Dua Lipa)","One Kiss (with Dua Lipa)","Calvin Harris,Dua Lipa",2018-04-06,214846,87,spotify:user:31costno4wopila3qrijlfnnci2i,2022-10-23T08:07:15Z,"dance pop,edm,electro house,house,pop,progressive house,uk dance,uk pop",0.791,0.862,9,-3.24,0,0.11,0.037,0.0000219,0.0814,0.592,123.994,4
3BHR1mJOqn2UZyq98YKPgd,"41MozSoPIsD1dJM0CLPjZF","Typa Girl","BORN PINK","BLACKPINK",2022-09-16,179172,79,spotify:user:31costno4wopila3qrijlfnnci2i,2022-11-11T01:51:35Z,"k-pop,k-pop girl group",0.918,0.585,7,-7.781,1,0.0889,0.0627,0,0.624,0.519,131.966,4
