Spotify ID,Artist IDs,Track Name,Album Name,Artist Name(s),Release Date,Duration (ms),Popularity,Added By,Added At,Genres,Danceability,Energy,Key,Loudness,Mode,Speechiness,Acousticness,Instrumentalness,Liveness,Valence,Tempo,Time Signature
2HMTLM3uA0NsOU1IkNufSj,"2RhgnQNC74QoBlaUvT4MEe","Try Hard Fool","Try Hard Fool","The Growlers",2019-09-06,190581,41,spotify:user:luizacordery,2020-11-15T02:24:23Z,"garage rock revival,indie garage rock,indie surf",0.503,0.825,10,-5.786,1,0.0323,0.00163,0.000411,0.144,0.421,125.825,4
1ZgMsA55GIY7ICkQh5MILA,"56ZTgzPBDge0OvCGgMO3OY","Space Song","Depression Cherry","Beach House",2015-08-28,320466,75,spotify:user:luizacordery,2021-02-07T17:51:49Z,"baltimore indie,dream pop,dreamo,modern dream pop",0.507,0.79,0,-7.307,0,0.0294,0.233,0.139,0.145,0.6,147.065,4
07MDkzWARZaLEdKxo6yArG,"64H8UqGLbJFHwKtGxiV8OP,3rWZHrfrsPBxVy692yAIxF,1xoxekeb8jUVHKJB7m6bfg","Meet Me At Our Spot","THE ANXIETY","THE ANXIETY,WILLOW,Tyler Cole",2020-03-13,162680,79,spotify:user:luizacordery,2021-03-26T20:47:42Z,"modern alternative pop,afrofuturism,pop,post-teen pop,bedroom soul",0.773,0.47,2,-7.93,1,0.0299,0.0153,0.000193,0.0851,0.399,94.995,4
5th1bFGGaXLM7wDBJpcF06,"6V70yeZQCoSR2M3fyW8qiA","Booster Seat","Sunlight","Spacey Jane",2020-06-12,268880,55,spotify:user:luizacordery,2021-07-09T21:12:31Z,"australian indie rock,fremantle indie,perth indie",0.629,0.551,11,-5.402,1,0.0263,0.0418,0.00000118,0.108,0.699,111.961,4
4O7N7BLSnvItd2NecWsrV9,"25pd339V2rRJo84USlcSRP","Best Thing","Best Thing","JAWNY",2021-04-15,156709,0,spotify:user:luizacordery,2021-07-09T21:12:36Z,"bedroom pop,indie pop",0.781,0.746,5,-6.327,0,0.38,0.503,0,0.106,0.858,95.73,4
5dFG12OQz10CbUFZIYH0gv,"2sSGPbdZJkaSE2AbcGOACx","Un Millón","CINEMA","The Marías",2021-06-25,167386,54,spotify:user:luizacordery,2021-07-09T21:13:07Z,"bedroom pop,indie pop,la indie",0.748,0.464,0,-8.527,1,0.135,0.24,0.0747,0.0726,0.226,176.026,4
40jxatV29fk82SAziDsPqN,"0fA0VVWsXO9YnASrzqfmYu,3rWZHrfrsPBxVy692yAIxF","Rose Golden","Passion, Pain & Demon Slayin'","Kid Cudi,WILLOW",2016-12-16,277813,61,spotify:user:luizacordery,2021-07-29T00:34:05Z,"hip hop,ohio hip hop,rap,afrofuturism,pop,post-teen pop",0.594,0.762,9,-7.951,0,0.0899,0.426,0,0.085,0.588,139.932,4
6BXHCHzw706smnLQdCIDUy,"5FxD8fkQZ6KcsSYupDVoSO","Go Away","Go Away","Omar Apollo",2021-07-08,207346,52,spotify:user:luizacordery,2021-08-18T15:31:55Z,"bedroom pop,bedroom soul,pop,r&b",0.634,0.568,5,-7.757,0,0.0354,0.0426,0.00000185,0.456,0.369,123.885,4
0yc6Gst2xkRu0eMLeRMGCX,"1QAJqy2dA3ihHBFIHRphZj","Apocalypse","Cigarettes After Sex","Cigarettes After Sex",2017-06-09,290616,83,spotify:user:luizacordery,2021-08-18T15:32:04Z,"ambient pop,dream pop,el paso indie,pop,shoegaze",0.37,0.467,5,-9.013,1,0.0273,0.0205,0.572,0.109,0.182,94.485,4
2yRlcQn3yUqseUYHw2XzNZ,"2Yhge9MsE7qKcV0eWsuuHM","Part of Me","Tungsten","Healy",2021-01-13,201081,45,spotify:user:luizacordery,2021-08-18T15:32:27Z,"memphis hip hop",0.874,0.333,11,-7.971,1,0.17,0.441,0.0301,0.093,0.593,147.989,4
7dJN4NWQuqCjWwIT3UwOps,"5FxD8fkQZ6KcsSYupDVoSO","Useless","Apolonio","Omar Apollo",2020-10-16,183693,67,spotify:user:luizacordery,2021-08-18T15:32:31Z,"bedroom pop,bedroom soul,pop,r&b",0.612,0.565,5,-7.609,1,0.0414,0.585,0.00174,0.0827,0.545,89.895,4
20j7l6tFtc5lynXpbOQg1O,"6USv9qhCn6zfxlBQIYJ9qs","Superstar Sh*t","What Could Possibly Go Wrong","Dominic Fike",2020-07-31,127054,71,spotify:user:luizacordery,2021-08-18T15:32:35Z,"alternative pop rock,pop",0.756,0.394,4,-7.321,0,0.0956,0.945,0.0371,0.12,0.197,70.027,4
1yfkJLkJuhVxZf7d4OqARc,"3CfbFUXY5EE7NmKE4n1Q3v","Maple Syrup Tears","Apocalypse Wow","Huron John",2020-04-22,193401,3,spotify:user:luizacordery,2021-08-18T15:32:40Z,"bedroom pop,chill r&b,indie r&b,modern alternative pop",0.7,0.654,4,-5.026,1,0.0284,0.379,0.000194,0.293,0.594,113.02,4
7Bcenw3L04NpnXVcPDig4j,"3CfbFUXY5EE7NmKE4n1Q3v","Andy","Andy","Huron John",2020-03-02,218575,31,spotify:user:luizacordery,2021-09-30T09:32:44Z,"bedroom pop,chill r&b,indie r&b,modern alternative pop",0.654,0.691,4,-5.813,1,0.0509,0.517,0.0466,0.145,0.56,172.1,4
554KgAoTw8cGS40oSbmTeG,"6CwfuxIqcltXDGjfZsMd9A","Handmade Heaven","Love + Fear","MARINA",2019-04-26,209890,46,spotify:user:luizacordery,2021-09-30T09:32:48Z,"dance pop,electropop,metropopolis,pop,uk alternative pop",0.379,0.503,6,-5.814,0,0.0374,0.367,0,0.111,0.284,106.999,4
3BU83xQPDHM3A4tYayv2Vj,"6deCiWT7ATcDWP2Cvlalvn,25pd339V2rRJo84USlcSRP","French Girl","bops etc.","Oscar Lang,JAWNY",2019-06-14,205428,42,spotify:user:luizacordery,2021-09-30T09:33:07Z,"bedroom pop,indie pop",0.704,0.778,0,-8.301,1,0.157,0.66,0.00588,0.137,0.478,110.019,4
6MFtTpEpk8Q2hZKKfid7SE,"6FvkNLhuBDTYfqbl6PV0xp","FEEL LIKE","FEEL LIKE","Josh Fudge",2021-02-26,188143,39,spotify:user:luizacordery,2021-09-30T09:34:21Z,"lo-fi indie",0.592,0.733,5,-7.09,1,0.0544,0.109,0.201,0.591,0.695,104.977,4
7vRB02oAYLc7ZBBLmuY6Ut,"4pwqNyMSvuv7VOhQBdjB6Q","flower face - angela (i dream of you softly)","ep unknown","eevee",2019-10-28,90014,41,spotify:user:luizacordery,2021-10-30T12:50:52Z,"chillhop,japanese chillhop,lo-fi beats",0.532,0.231,3,-15.28,0,0.104,0.172,0.000252,0.133,0.171,88.01,4
457sndKohlwTU6dW6amBMU,"5INjqkS1o8h1imAzPqGZBb","Alter Ego - 2020 Mix","InnerSpeaker (10 Year Anniversary Edition)","Tame Impala",2021-04-30,289866,42,spotify:user:luizacordery,2021-10-30T12:50:58Z,"australian psych,neo-psychedelic",0.408,0.903,0,-2.924,1,0.0561,0.00256,0.000821,0.117,0.368,128.942,4
4FSIfpGQEdJsLXIbufqvOo,"4UFShyUQuA8dguoZrqX0jQ","Baby Blue","When Facing the Things We Turn Away From","Luke Hemmings",2021-08-13,223182,63,spotify:user:luizacordery,2021-10-30T12:51:04Z,"pop",0.54,0.82,0,-3.848,1,0.0437,0.188,0,0.0724,0.465,123.991,4
7yS8NOPrjvSelAd9xuRwxm,"5CXdWANGwYYRPClH6hhC0P","Control","Control","Kid Bloom",2021-03-26,186906,46,spotify:user:luizacordery,2021-10-30T12:51:08Z,"indie pop,modern rock",0.768,0.587,6,-5.852,0,0.0328,0.0303,0,0.17,0.758,104.07,4
32tUYhAygMdx9XxFxxj3It,"0wnYgCeP013HkKoOyC5V32,2uYWxilOVlUdk4oV9DvwqK","Susie Save Your Love","Cape God","Allie X,Mitski",2020-02-21,238880,43,spotify:user:luizacordery,2021-10-30T12:51:28Z,"alt z,art pop,canadian electropop,canadian pop,dance pop,dark pop,electropop,escape room,indie poptimism,metropopolis,pop,post-teen pop,tropical house,brooklyn indie",0.646,0.595,10,-6.709,0,0.0512,0.00457,0.00000579,0.0527,0.772,73.973,4
06nKF46jG8p1zwyP4ziAyG,"18CPEToK1OfjJ5B5vDBDKa","Pears","Pears","Weston Estate",2021-04-23,141877,60,spotify:user:luizacordery,2021-10-30T12:51:35Z,"chill r&b,indie r&b,pop",0.607,0.599,5,-6.481,0,0.0558,0.534,0,0.111,0.192,82.013,4
2pVym24miJgEbF170Is2lO,"3S4d3YRNGg2OhnNm3QvfhA","cherry blossom","are we?","slenderbodies",2021-05-21,141049,43,spotify:user:luizacordery,2021-10-30T12:52:05Z,"indie poptimism,indie soul,vapor soul",0.755,0.568,6,-8.549,1,0.0351,0.595,0.000554,0.185,0.649,119.989,4
75CMUZx202HUeCtIXQjBVI,"6Irs7fI5Xuwhx38JhtarDu","Pray 4 U","Pray 4 U","Younger Hunger",2020-08-21,172906,37,spotify:user:luizacordery,2021-10-30T12:52:10Z,"modern alternative rock,modern indie pop",0.705,0.735,9,-5.747,0,0.031,0.0765,0.000545,0.179,0.896,119.995,4
2wcrQZ7ZJolYEfIaPP9yL4,"4Ge8xMJNwt6EEXOzVXju9a","Hit Me Where It Hurts","Pang","Caroline Polachek",2019-10-18,184132,56,spotify:user:luizacordery,2021-10-30T12:52:15Z,"alternative r&b,art pop,dance pop,electropop,escape room,indie pop,indietronica,pop",0.732,0.523,4,-6.939,1,0.0314,0.133,0.000103,0.264,0.261,116.961,4
3cJz1gnxNSYY3HHNbpV7f4,"1vxsourLLLfobrxyWAcuQH","Que la nuit","Un, Deux, Trois","Juniore",2020-02-28,266880,26,spotify:user:luizacordery,2021-10-30T12:52:19Z,"french indie pop,french indietronica,french psychedelic",0.466,0.691,4,-6.608,1,0.0614,0.139,0.914,0.269,0.415,188.756,3
3LbZIhU0smEU5SUnxod4j4,"5INjqkS1o8h1imAzPqGZBb","Breathe Deeper","The Slow Rush","Tame Impala",2020-02-14,372866,65,spotify:user:luizacordery,2021-10-31T15:37:08Z,"australian psych,neo-psychedelic",0.664,0.848,11,-4.51,0,0.0322,0.0245,0.000127,0.172,0.502,104.998,4
4YIVAkrnb4hplYQtbuqA8K,"63da4AKQZcSLyqcTFvt8Uu","8bit","8bit","Scotch Mist",2021-09-01,163829,15,spotify:user:luizacordery,2021-12-01T17:02:43Z,"",0.545,0.339,1,-11.189,0,0.0334,0.162,0.00546,0.123,0.114,126.048,4
1NaDK3atogQEn9glK5fYuy,"35l9BRT7MXmM8bv2WDQiyB","Cologne","Our Extended Play","beabadoobee",2021-06-24,164690,65,spotify:user:luizacordery,2021-12-01T17:02:48Z,"bedroom pop,bubblegrunge,indie pop,pop",0.55,0.803,2,-3.608,1,0.0347,0.000561,0.000523,0.0266,0.877,130.015,4
5XaBTK8VUAabcjBb8aPDfv,"6TIiGARk7Eo8igAnbM2eeR,5X1yJG15xC3PkAid9lt1sP,2QW8NaVjm8HVF86S2rMrXL","Comb My Hair","Comb My Hair","Pretty Boy Aaron,Tesia,Bruhnice",2019-08-15,215400,30,spotify:user:luizacordery,2021-12-01T17:02:53Z,"bedroom soul",0.705,0.426,2,-9.819,1,0.0315,0.0434,0.0011,0.32,0.535,99.999,4
6dGPZFOXEAtTeTt98g8Qgn,"5MaQlvNGOaTj39apHsXVq1,2sSGPbdZJkaSE2AbcGOACx,4as3khXWaPjfkFdCA0JWMo","In Or In-Between (Remix)","In Or In-Between (Remix)","Claud,The Marías,Jesse",2021-09-08,188552,44,spotify:user:luizacordery,2021-12-01T17:02:57Z,"bedroom pop,indie pop,la indie,modern alternative pop",0.52,0.64,8,-7.269,1,0.0562,0.0104,0.000926,0.27,0.427,89.743,4
58nLMb5qqqwvfechq107Oh,"05YfgfbZtY7XRjc7So1DGB,4bMNzAopkqYTwkBLwMKsF1","Funny (feat. Childish Major)","Funny (feat. Childish Major)","Benét,Childish Major",2021-03-16,162667,46,spotify:user:luizacordery,2021-12-01T17:03:01Z,"trap soul,underground hip hop",0.531,0.805,3,-6.73,1,0.132,0.332,0.00494,0.474,0.727,97.143,4
3bHeVMbA84wmuHr5p2POrp,"2KjR229AjvbIGlrkjDBguA","Oh, But Lover","Bloom Baby Bloom","Haiva Ru",2021-04-16,244368,37,spotify:user:luizacordery,2021-12-01T17:03:09Z,"",0.628,0.504,11,-10.092,1,0.0482,0.345,0.0000171,0.334,0.375,126.083,4
1CsLmXktvD3Cj04dPCtJNI,"07EcmJpfAday8xGkslfanE,60NNvDqsif0u40CXMV6jDQ","SIERRA NIGHTS (feat. Ryan Beatty)","SIERRA NIGHTS (feat. Ryan Beatty)","Kevin Abstract,Ryan Beatty",2021-08-19,263720,49,spotify:user:luizacordery,2021-12-01T17:03:22Z,"afrofuturism,lgbtq+ hip hop,rap,bedroom soul,indie pop",0.696,0.635,1,-5.854,1,0.0706,0.0854,0.0000115,0.107,0.397,147.901,4
3jBimHN9fDN99JeJJxd48F,"0bBrsS9ufPAmeFQgDNG54O","Dead Knot","Dead Knot","cehryl",2019-02-22,237366,0,spotify:user:luizacordery,2021-12-01T17:03:27Z,"bedroom soul,chill r&b",0.608,0.582,1,-8.182,1,0.0286,0.0235,0.0026,0.128,0.346,94.502,4
6DHehPcZTNfvELvtB4xbUd,"3pQXFWbvLit77NpvNmOo3k,0JnhdXEQfVjoY1OgwTExwO","ANGELS","BROTHER","Young & Sick,MUNYA",2021-09-24,254232,51,spotify:user:luizacordery,2021-12-01T17:03:31Z,"indie poptimism,vapor pop,vapor soul,bedroom pop",0.608,0.47,10,-8.654,0,0.0328,0.659,0.000276,0.129,0.369,109.946,4
6XmT8fIEfcS3ZSVEz00U7m,"5xXSrTidFvVRJmiam2Zh1o,12Zk1DFhCbHY6v3xep2ZjI","Neo Surf","Neo Surf","GENER8ION,070 Shake",2021-10-22,200133,53,spotify:user:luizacordery,2021-12-01T17:03:35Z,"escape room,metropopolis,new jersey rap",0.639,0.62,2,-7.054,1,0.0291,0.408,0.0000413,0.257,0.186,106.512,3
3HeHUhpH7heTjyJU5pBnBp,"1Bl6wpkWCQ4KVgnASpvzzA,6CxZzQFUTM6AzgluGwtq5w","I'LL TAKE YOU ON (feat. Charlie Wilson)","ROADRUNNER: NEW LIGHT, NEW MACHINE","BROCKHAMPTON,Charlie Wilson",2021-04-09,254653,46,spotify:user:luizacordery,2021-12-01T17:03:41Z,"boy band,hip hop,pop,rap,contemporary r&b,neo soul,quiet storm,r&b,urban contemporary",0.684,0.54,7,-8.563,0,0.0654,0.0429,0.00000339,0.461,0.583,136.94,4
2uFkRg6BICax5y6OUQnkOQ,"2AmfMGi3WZMxqFDHissIAe","I Can Break Your Heart Too","Under My Influence","The Aces",2020-07-17,214662,51,spotify:user:luizacordery,2021-12-01T17:03:47Z,"alt z,electropop,indie pop,indie poptimism,pop,uk pop",0.656,0.541,7,-7.901,1,0.0394,0.23,0,0.0836,0.722,77.962,4
4ZxwGZzFXsXBhmpddnnrql,"2V6GNbrXanLBlMLCx5nXZN","Right Where You Like","Right Where You Like","Andrea Chahayed",2021-07-29,172831,41,spotify:user:luizacordery,2021-12-01T17:03:52Z,"",0.802,0.613,8,-10.494,1,0.048,0.328,0.00907,0.188,0.581,113.033,4
46vrZhwggdZuuZGwIQ80O3,"0jsnWH4QCKcAMpR7vEhh9u,3rWZHrfrsPBxVy692yAIxF","Buzzed","Sol","¿Téo?,WILLOW",2021-06-11,159732,60,spotify:user:luizacordery,2021-12-01T17:03:56Z,"indie r&b,indie soul,latinx alternative,afrofuturism,pop,post-teen pop",0.599,0.484,8,-11.866,1,0.06,0.652,0.0104,0.0962,0.371,152.001,4
48S4mJNtmuC16ptPecFGIh,"3xz28DkZR6bmPpVh6Rq13t","Suburbia","Suburbia","Devon Again",2021-07-23,179026,48,spotify:user:luizacordery,2021-12-01T17:04:03Z,"indie pop",0.636,0.469,10,-6.883,0,0.0402,0.213,0,0.0661,0.561,78.015,4
7CC6UbCs4iGsePSzFxYxNn,"5K4W6rqBFWDnAN6FQUkS6x","Moon","Donda","Kanye West",2021-08-29,156091,75,spotify:user:luizacordery,2022-01-02T12:28:52Z,"chicago rap,rap",0.319,0.236,5,-9.644,1,0.0318,0.898,0.0000162,0.272,0.254,162.351,4
5FChOu6NfR5w7YLgDmXXnC,"6u3PN3PCsWLGsw1OffKQ2F","Eternal Sunshine","Eternal Sunshine","Lou Val",2021-05-07,241791,58,spotify:user:luizacordery,2022-01-20T17:44:53Z,"canadian contemporary r&b,indie r&b,trap soul",0.236,0.582,1,-7.592,0,0.0348,0.0584,0.00277,0.34,0.265,67.131,4
3e4IH9ESmP6XL1D8j9pq2K,"1kRGgLBLwdQ16TxyfN1YgP,5uIx7p8cOycuJYZSpmTfVY","edwin","accent fried","Mokyo,YEIN",2020-12-21,212866,45,spotify:user:luizacordery,2022-02-19T11:24:58Z,"korean r&b",0.701,0.735,0,-5.928,1,0.0531,0.174,0.00134,0.356,0.513,70.007,4
2JHnZr94NIAJ2Klv8LyeeU,"0jt1EsJCeoQXLNDta4JF6c","I'm Good","I'm Good","Dizzy Fae",2020-08-28,148098,39,spotify:user:luizacordery,2022-02-19T11:25:11Z,"alternative r&b,escape room,minneapolis indie",0.774,0.648,9,-7.424,0,0.0524,0.407,0.00457,0.13,0.53,131.007,4
64BKgcJtkIZUNO5RzQdNan,"3H6CaRooDAoCeRCpYwOXj2,7JuMRNIHpmyFPoihd7NB7T","Lavender Lust","THE PLAYA$ MANUAL","Ramirez,Rocci",2020-05-08,64448,52,spotify:user:luizacordery,2022-02-19T11:25:17Z,"dark trap,phonk,underground hip hop",0.69,0.694,0,-10.249,1,0.312,0.0314,0.404,0.125,0.601,174.041,4
3iPcKjdIZ1GgGVxN3vS2eN,"1MDlZmN8IgqV4AYZChlWPM","Ce n'est pas de la chance","Ce n'est pas de la chance","Ariane Roy",2021-09-17,291298,29,spotify:user:luizacordery,2022-02-19T11:25:28Z,"indie quebecois",0.848,0.411,4,-10.005,0,0.0446,0.804,0.232,0.1,0.707,105.008,4
2MsZN4TPCDGp1GiMJB19mR,"1vxsourLLLfobrxyWAcuQH","Dans le noir","Juniore","Juniore",2013-11-11,175346,35,spotify:user:luizacordery,2022-02-19T11:25:34Z,"french indie pop,french indietronica,french psychedelic",0.613,0.729,5,-7.058,1,0.0262,0.000531,0.219,0.254,0.772,136.949,4
2WnuMnZ8Spwvl2STa7mVfv,"1Sr4QacSkf2vIsyezUb8wQ","Come Back to Me","Come Back to Me","NEWSCHOOL VINTAGE",2019-11-30,220457,0,spotify:user:luizacordery,2022-02-19T11:25:39Z,"",0.353,0.463,5,-8.256,0,0.0409,0.537,0.0000739,0.0973,0.17,174.491,3
6W8XOCAudICxfCjiNgH35p,"6XoXNsXj8wck0oVUNwxcmF","GO","CYCLE/S","MIA GLADSTONE",2020-12-04,206165,40,spotify:user:luizacordery,2022-02-19T11:25:45Z,"",0.869,0.552,0,-10.586,0,0.079,0.0399,0.000158,0.128,0.811,114.005,4
62k1IgjDti5eEwBVyafSaV,"31QM5dBtewZL65p9hCnXKK,24OnVX6EYwtu7P3jpMenPY","Angel","Angel","Naji,The Kount",2020-12-04,217639,40,spotify:user:luizacordery,2022-02-19T11:25:50Z,"canadian contemporary r&b,synth funk",0.562,0.289,10,-17.41,1,0.0588,0.541,0.41,0.111,0.264,160.976,4
3xTGjg35KLF5WTAAgnvoc0,"3GAycRSOI4PRxEe6e1Ci8j,3DpnpXSW6wZueCcE1hEewK","Moth Meme","Whose Rules","Whose Rules,Selmer",2020-10-09,141670,39,spotify:user:luizacordery,2022-02-19T11:25:57Z,"",0.838,0.436,9,-8.454,0,0.262,0.299,0.014,0.0552,0.894,88.411,4
3kkG41Zu1TIib2ZgIMgX5n,"7JuMRNIHpmyFPoihd7NB7T","Champagne Swing","Champagne Swing","Rocci",2019-01-06,220439,45,spotify:user:luizacordery,2022-02-19T11:26:02Z,"",0.666,0.66,1,-10.119,1,0.041,0.254,0.00048,0.119,0.748,119.996,4
63ajBqgNVFVtkE7vhyBkny,"6ydvoGN30eRfE78bjTANF7","Smoke Hole - Edit","Smoke Hole","Sad Night Dynamite",2021-02-04,167613,48,spotify:user:luizacordery,2022-02-19T11:26:07Z,"",0.835,0.523,3,-7.227,0,0.0459,0.00536,0.137,0.157,0.588,100.026,4
2WEL9njjdxNf4DJOnDYexx,"2Tju7nLsAMD6RTBna56hj6","Divine","Iridescent","Ayoni",2019-10-18,193586,39,spotify:user:luizacordery,2022-02-19T11:26:13Z,"barbadian pop",0.386,0.556,5,-5.97,1,0.178,0.149,0,0.334,0.655,76.174,4
0YQEWdfq3ajtNtK106Dr0k,"053q0ukIDRgzwTr4vNSwab","Shinigami Eyes","Shinigami Eyes","Grimes",2022-01-26,159315,64,spotify:user:luizacordery,2022-02-19T11:26:19Z,"art pop,canadian electropop,dance pop,grave wave,indietronica,metropopolis,pop",0.632,0.691,9,-5.226,0,0.0603,0.00604,0.00149,0.19,0.0768,116.028,4
0NVxFntUSEYwPn27lX2J7r,"0Cp8WN4V8Tu4QJQwCN5Md4","Doesn't Matter","Doesn't Matter","BENEE",2021-10-27,203685,50,spotify:user:luizacordery,2022-02-19T11:26:24Z,"alt z,nz pop,pop",0.681,0.453,7,-8.389,1,0.0358,0.594,0.00012,0.145,0.234,87.995,4
1ayrOU2q0K9xVt05CgMq2O,"3rf7cB2o79L2LEcl9HIjAf","Seven Nights","Undertones","Mysie",2021-05-21,170306,43,spotify:user:luizacordery,2022-02-19T11:26:29Z,"",0.775,0.548,10,-10.228,0,0.0479,0.526,0.513,0.197,0.778,124.045,4
5dEJc0rHuTVxtl1xljDbRv,"6nB0iY1cjSY1KyhYyuIIKH","oh my love","CAPRISONGS","FKA twigs",2022-01-14,225653,56,spotify:user:luizacordery,2022-02-19T11:26:34Z,"afrofuturism,alternative r&b,art pop,escape room,experimental r&b,pop,trip hop",0.907,0.592,8,-6.44,0,0.0858,0.532,0,0.289,0.545,108.052,4
4Qy41cZBMKnm8OIAeTQRBH,"5FxD8fkQZ6KcsSYupDVoSO,20wkVLutqVOYrc0kxFs7rA","Invincible (feat. Daniel Caesar)","Invincible (feat. Daniel Caesar)","Omar Apollo,Daniel Caesar",2022-02-09,216160,3,spotify:user:luizacordery,2022-02-19T11:26:39Z,"bedroom pop,bedroom soul,pop,r&b,canadian contemporary r&b",0.555,0.474,6,-11.706,0,0.0668,0.224,0.00426,0.162,0.262,134.89,4
2Yf0HjCklkx54C4wQzhvzH,"3yY2gUcIsjMr8hjo51PoJ8","This Night Has Opened My Eyes - 2011 Remaster","Louder Than Bombs","The Smiths",1987,221533,61,spotify:user:luizacordery,2022-02-19T11:32:27Z,"madchester,new wave,permanent wave,rock,uk post-punk",0.696,0.628,2,-8.407,1,0.0274,0.00102,0.428,0.272,0.701,100.038,4
4LRPiXqCikLlN15c3yImP7,"6KImCVD70vtIoJWnq6nGn3","As It Was","As It Was","Harry Styles",2022-03-31,167303,93,spotify:user:luizacordery,2022-04-01T00:05:40Z,"pop",0.52,0.731,6,-5.338,0,0.0557,0.342,0.00101,0.311,0.662,173.93,4
5BhK8Mho223YLPQOLfzWNP,"5FxD8fkQZ6KcsSYupDVoSO","Killing Me","Ivory","Omar Apollo",2022-04-08,165320,66,spotify:user:luizacordery,2022-04-25T16:00:32Z,"bedroom pop,bedroom soul,pop,r&b",0.861,0.27,6,-9.515,0,0.0616,0.301,0.00288,0.124,0.608,84.004,4
1E3vswBWNDxpJcopj8E7iB,"20je656lhatFVl4EoaNupn","Bruises & Scratches","With The Band / Bruises & Scratches","Sophie May",2022-04-06,139904,51,spotify:user:luizacordery,2022-04-25T16:00:38Z,"",0.642,0.394,11,-6.929,1,0.0379,0.763,0,0.0817,0.542,129.744,4
00W5tnmuEvWvIJiiWJzHr6,"3MATPJ9tYbcMhw5VOZrRU6","Monday's Fácil","Monday's Fácil","Summer Salt",2021-04-30,247933,28,spotify:user:luizacordery,2022-04-25T16:00:44Z,"indie garage rock",0.568,0.772,7,-6.949,1,0.0381,0.00602,0.000151,0.0735,0.671,176.013,4
2m6Ko3CY1qXNNja8AlugNc,"3WGpXCj9YhhfX11TToZcXP","Angel Baby","Angel Baby","Troye Sivan",2021-09-09,220779,80,spotify:user:luizacordery,2022-04-25T16:00:51Z,"australian pop,dance pop,pop,viral pop",0.559,0.559,11,-6.425,1,0.0358,0.0145,0,0.138,0.338,72.498,4
74LB4ToUWGTwu9J73WEkg0,"1eMeb0IrAFbWw4BeQ8VXDI","Kind","Imperfector","Ruby",2020-12-16,221500,36,spotify:user:luizacordery,2022-04-25T16:00:57Z,"",0.474,0.331,5,-11.544,1,0.0336,0.166,0.652,0.124,0.263,114.059,4
7ssKQDHJe7PhzFt0RBFlgt,"053q0ukIDRgzwTr4vNSwab","Pin","Art Angels","Grimes",2015-11-06,212439,51,spotify:user:luizacordery,2022-04-25T16:01:07Z,"art pop,canadian electropop,dance pop,grave wave,indietronica,metropopolis,pop",0.612,0.886,10,-4.696,1,0.0506,0.00569,0.000771,0.286,0.692,141.966,4
66bLKGXOk3kPWWHP7Tbrki,"5cj0lLjcoR7YOSnhnX0Po5","Celebrity Skin","Celebrity Skin","Doja Cat",2022-02-11,159651,59,spotify:user:luizacordery,2022-04-25T16:01:11Z,"dance pop,pop",0.475,0.885,11,-4.735,0,0.0533,0.0000224,0.0000993,0.279,0.413,133.951,4
0Sqh9dVJMFJRwz4K0jeoOR,"053q0ukIDRgzwTr4vNSwab","You'll miss me when I'm not around","Miss Anthropocene (Deluxe Edition)","Grimes",2020-02-21,161691,53,spotify:user:luizacordery,2022-04-25T16:01:17Z,"art pop,canadian electropop,dance pop,grave wave,indietronica,metropopolis,pop",0.606,0.857,8,-2.916,0,0.0302,0.344,0.000933,0.15,0.825,98.054,4
3l5qctI4FqhfjIZzs06cbk,"2eMb96S1ZJ1YQ7FhWAzWJL","Call For Help","Call For Help","Pearly Drops",2020-11-20,198967,57,spotify:user:luizacordery,2022-04-29T20:25:30Z,"art pop,dark synthpop",0.465,0.93,11,-6.312,0,0.0317,0.0293,0.861,0.132,0.597,155.055,4
0HOyjfrsAUktL1MeMxP9Fo,"3lcTi8VZbKKXUa0gpyLQx2","Nostalgia","Nostalgia","Tae",2020-11-27,230000,48,spotify:user:luizacordery,2022-04-29T20:34:23Z,"",0.641,0.613,2,-10.079,1,0.0464,0.634,0.000765,0.388,0.431,120.013,4
3tgHGoK5ItQv2q2yqggxlb,"1oPRcJUkloHaRLYx0olBLJ","Secrets (Your Fire)","Mercurial World","Magdalena Bay",2021-10-08,245897,53,spotify:user:luizacordery,2022-04-29T20:34:27Z,"art pop,electropop,escape room,la pop,pop",0.691,0.827,10,-5.573,0,0.0402,0.00177,0.637,0.416,0.826,107.997,4
5BKOI2eBFd0FjVJTm4isNL,"0OTbmw4nbgWHiTyqhmz72s","Love","Love","John Roseboro",2020-05-08,158157,31,spotify:user:luizacordery,2022-05-26T04:58:08Z,"",0.627,0.336,4,-11.55,1,0.0906,0.869,0.00113,0.106,0.486,86.761,4
5t3UiKR1KJSaHFn4HT7aBk,"46dVUKwnMDdVFUX7Zz28fB","Jumbo Jets","Jumbo Jets","ernest rareberrg",2021-09-14,192000,20,spotify:user:luizacordery,2022-05-26T04:58:17Z,"",0.629,0.895,7,-6.728,1,0.0353,0.00092,0.217,0.0762,0.787,155.041,4
7hZtfayYQukFySbj746HJL,"0oNT7doR0CV9mAXYDSk8Tx,6ft7JnxMyZhp7N52qzHymY","Next Best Thing","Next Best Thing","FLOOR CRY,Vansire",2020-04-17,170405,53,spotify:user:luizacordery,2022-05-26T04:58:21Z,"indie pop,manitoba indie,bedroom pop,rochester mn indie",0.633,0.476,2,-9.341,0,0.0386,0.481,0.0000776,0.661,0.456,113.97,4
2NyB1mSR0rm5zxMwjryLa5,"6deCiWT7ATcDWP2Cvlalvn,35l9BRT7MXmM8bv2WDQiyB","Speed Dial","Silk","Oscar Lang,beabadoobee",2018-05-31,316606,42,spotify:user:luizacordery,2022-05-26T04:58:27Z,"bedroom pop,indie pop,bubblegrunge,pop",0.607,0.44,0,-11.935,1,0.0336,0.7,0.428,0.063,0.0861,93.986,4
6ztWu14bmtKZL6wySuFqpy,"5CXdWANGwYYRPClH6hhC0P,4VWnuR2hpj6DZNfcpe4e3M","CIRCLES","LEMONHEAD","Kid Bloom,Bekon",2019-08-02,160333,44,spotify:user:luizacordery,2022-05-26T04:58:32Z,"indie pop,modern rock,la pop",0.535,0.568,9,-6.205,1,0.03,0.364,0,0.186,0.44,79.951,4
0edtKj1oW6rJ9f4wRtLPPH,"7JFinw4LobpCUjapyKvsjo,5GACks0pdDAgyd63kXBJFk","Traingazing","Breathe","Sam Wills,Honey Mooncie",2021-06-04,214159,67,spotify:user:luizacordery,2022-05-26T04:58:44Z,"chill r&b,indie r&b,indie soul,uk contemporary r&b",0.848,0.364,11,-10.058,1,0.0637,0.697,0.00529,0.14,0.569,137.541,4
0O3TAouZE4vL9dM5SyxgvH,"13ubrt8QOOCPljQ2FL1Kca","Fashion Killa","LONG.LIVE.A$AP (Deluxe Version)","A$AP Rocky",2013,236280,68,spotify:user:luizacordery,2022-06-06T22:25:49Z,"east coast hip hop,hip hop,rap",0.801,0.819,11,-5.189,1,0.158,0.292,0,0.515,0.811,139.969,4
77hL9s5AHzOhgXFxbLCdv1,"73sIBHcqh3Z3NyqHKZ7FOL,0xOeVMOz2fVg5BJY3N6akT","Pop Thieves (Make It Feel Good)","Kauai","Childish Gambino,Jaden",2014-10-03,309480,41,spotify:user:luizacordery,2022-09-11T11:14:32Z,"atl hip hop,hip hop,pop,rap",0.489,0.83,5,-8.546,0,0.0703,0.0755,0.0000115,0.105,0.0741,104.815,4
4Aocy7YAyOYf5YHj18Vfj3,"3Gm5F95VdRxW3mqCn8RPBJ","Charmander","TWOPOINTFIVE","Aminé",2021-11-05,131883,66,spotify:user:luizacordery,2022-10-04T15:46:21Z,"hip hop,pop,portland hip hop,rap",0.708,0.552,10,-7.101,1,0.0714,0.542,0.00377,0.175,0.596,87.195,4
3azJifCSqg9fRij2yKIbWz,"2jku7tDXc6XoB6MO2hFuqg","The Color Violet","Alone At Prom","Tory Lanez",2021-12-10,226466,84,spotify:user:luizacordery,2022-10-04T15:46:25Z,"canadian hip hop,canadian trap,melodic rap,pop,pop rap,r&b,rap,toronto rap,trap",0.645,0.534,6,-10.8,0,0.0479,0.157,0,0.0863,0.463,105.02,4
5wZxGQh0gAqgbYtII4ql37,"0H307pF74X7H7kXOmDyYGU","Room in the Desert","Whiplash","GRAE",2022-04-15,177476,22,spotify:user:luizacordery,2022-10-04T15:46:32Z,"indie pop,modern indie pop",0.615,0.474,8,-9.466,0,0.0352,0.411,0.102,0.137,0.75,94.991,4
27sBcXtgTBSJRdUxei1a7J,"0NB5HROxc8dDBXpkIi1v3d","Sexy Villain","Juno","Remi Wolf",2021-10-15,188500,64,spotify:user:luizacordery,2022-10-04T15:46:37Z,"indie pop,modern alternative pop,pop",0.766,0.539,7,-4.927,1,0.0479,0.402,0,0.104,0.888,120.175,4
5lnl3Ssiu8aYTDTmgdcItA,"4eArh1v6UwBbKkjdgHCned","Who Am I But Someone","Who Am I But Someone","Kate Bollinger",2022-03-08,162379,42,spotify:user:luizacordery,2022-10-04T15:47:00Z,"charlottesville indie,indie pop",0.562,0.502,9,-8.223,1,0.0922,0.602,0.143,0.101,0.785,124.173,4
6OxJsaqxD7yaR35qRuhyFa,"6P8DiegQ0Inxj1UF6a9lCb","amphetamine","amphetamine","boylife",2021-09-16,120241,48,spotify:user:luizacordery,2022-10-04T15:47:04Z,"indie r&b,modern indie pop",0.691,0.751,8,-8.222,1,0.426,0.597,0.0165,0.0911,0.633,84.718,4
68LD7fYCVnACJtnLKHd3Q9,"6d6ts87Fxm1EdULf4CaLw4","Punching Bag","Punching Bag","Wallice",2020-10-21,153783,44,spotify:user:luizacordery,2022-10-04T15:47:08Z,"indie pop",0.621,0.766,1,-1.73,0,0.0392,0.433,0.0000092,0.323,0.612,138.974,4
7v9t1j6m5nYYGG1etmAD12,"053q0ukIDRgzwTr4vNSwab","World Princess part II","Art Angels","Grimes",2015-11-06,305752,50,spotify:user:luizacordery,2022-10-04T15:47:14Z,"art pop,canadian electropop,dance pop,grave wave,indietronica,metropopolis,pop",0.654,0.885,10,-5.41,0,0.058,0.000923,0.668,0.373,0.674,107.493,4
4rYLpaNFzt6pkQnrCvVHUw,"1HY2Jd0NmPuamShAr6KMms","G.U.Y.","ARTPOP","Lady Gaga",2013-11-11,232666,64,spotify:user:luizacordery,2022-10-27T17:37:52Z,"art pop,dance pop,pop",0.616,0.919,5,-3.468,0,0.0401,0.0141,0,0.117,0.572,110.008,4
36ebL42b6QAqitgzbkIjw5,"1HY2Jd0NmPuamShAr6KMms","Speechless","The Fame Monster (UK Deluxe)","Lady Gaga",2009-01-01,270826,38,spotify:user:luizacordery,2022-10-27T17:38:00Z,"art pop,dance pop,pop",0.386,0.697,0,-4.182,1,0.0383,0.436,0,0.337,0.407,145.091,4
48yXA9OSJ02608WYnTo4ps,"1UJKiAI4Evnhh1ExDse25D,0Cp8WN4V8Tu4QJQwCN5Md4","ARE YOU LETTING GO? (feat. BENEE)","ARE YOU LETTING GO? (feat. BENEE)","Dreamer Boy,BENEE",2021-10-21,205927,43,spotify:user:luizacordery,2022-10-27T17:38:06Z,"chill r&b,indie pop,indie r&b,nashville indie,alt z,nz pop,pop",0.559,0.737,3,-6.487,0,0.0298,0.331,0.0000198,0.163,0.145,127.038,4
7IQhSyhmcQvGAjL9G7FpwS,"6FugQjLquBF4JzATRN70bR","Deer Island","Deer Island","Yot Club",2021-12-17,190574,41,spotify:user:luizacordery,2022-10-27T17:38:11Z,"bedroom pop,indie pop",0.587,0.798,1,-6.924,1,0.0473,0.377,0.97,0.111,0.839,190.923,4
0ZpgDIYEJ7H2g8zkIEDQJz,"2sSGPbdZJkaSE2AbcGOACx","Talk to Her","CINEMA","The Marías",2021-06-25,326760,44,spotify:user:luizacordery,2022-10-27T17:38:14Z,"bedroom pop,indie pop,la indie",0.369,0.452,5,-9.019,1,0.0601,0.423,0.692,0.0902,0.385,81.616,3
4wFeMmJDlgkAxlQ07PbdGZ,"7ApzfFN0BmeeVJPsQBReRv","Sour Switchblade","Sour Switchblade","Elita",2021-09-02,148955,65,spotify:user:luizacordery,2022-10-27T17:38:18Z,"modern indie pop",0.533,0.865,11,-5.168,1,0.03,0.0405,0.927,0.106,0.86,109.987,4
7DrzZN5jaDyE0a0tVuVWnj,"4aEuFytRb43SAgjchJDk5e","touch tank","touch tank","quinnie",2022-07-01,179133,49,spotify:user:luizacordery,2022-10-27T17:38:42Z,"bedroom pop,indie pop",0.659,0.502,4,-6.538,1,0.0375,0.363,0.00000514,0.432,0.512,101.913,4
74oXlQPr6x05HDrGVaiYXZ,"7GlBOeep6PqTfFi59PTUUN","Naked in Manhattan","Naked in Manhattan","Chappell Roan",2022-02-18,211057,53,spotify:user:luizacordery,2022-10-27T17:38:48Z,"indie pop,springfield mo indie",0.771,0.704,1,-5.098,1,0.0315,0.0835,0,0.0935,0.55,118.01,4
