Spotify ID,Artist IDs,Track Name,Album Name,Artist Name(s),Release Date,Duration (ms),Popularity,Added By,Added At,Genres,Danceability,Energy,Key,Loudness,Mode,Speechiness,Acousticness,Instrumentalness,Liveness,Valence,Tempo,Time Signature
1TuopWDIuDi1553081zvuU,"2exebQUDoIoT0dXA8BcN1P","Resonance","Odyssey","Home",2014-07-01,212881,1,spotify:user:cpajda01,2020-11-20T07:15:48Z,"vaporwave",0.567,0.743,8,-8.614,1,0.0626,0.0356,0.847,0.221,0.423,170.083,5
1aayZc3JciIs2GhZcSlCrw,"2exebQUDoIoT0dXA8BcN1P","We're Finally Landing","Before the Night","Home",2014-12-28,272039,60,spotify:user:cpajda01,2020-11-20T07:16:03Z,"vaporwave",0.481,0.546,2,-13.266,1,0.0723,0.052,0.0263,0.454,0.072,180.047,4
2MMUGOqJXwSWEY9yGYl8D2,"5daHbk6DuuCUxXRoKWlf5f","Slow Drip","Unconditional","De Lorra",2019-09-27,268544,44,spotify:user:cpajda01,2021-09-16T20:49:57Z,"chillsynth",0.678,0.595,6,-10.503,0,0.0432,0.109,0.871,0.209,0.151,91.967,4
1d35hQpCvOAXVaR3qa6Lqb,"3gi5McAv9c0qTjJ5jSmbL0","Passenger","Space Station","A.L.I.S.O.N",2018-09-10,259462,44,spotify:user:cpajda01,2020-11-20T07:25:28Z,"chillsynth",0.535,0.811,8,-8.315,0,0.0514,0.0266,0.0515,0.183,0.361,85.013,4
0ts6IZ6c83Kn55sKgsbDDi,"3gi5McAv9c0qTjJ5jSmbL0","Take Off!","Stargazing/Take Off!","A.L.I.S.O.N",2018-05-12,220800,40,spotify:user:cpajda01,2020-11-20T07:25:46Z,"chillsynth",0.67,0.615,6,-7.938,0,0.0426,0.0345,0.763,0.107,0.138,107.963,4
0H9S0MRqWrogIjCtOw6xSV,"0B1GY7CD3pUIk7Sr2xObVj","Velvet 2600","Velvet 2600","Fourge",2017-06-22,278465,40,spotify:user:cpajda01,2021-09-16T20:50:02Z,"",0.678,0.373,6,-12.217,0,0.0919,0.242,0.891,0.0981,0.0856,99.979,4
2bZPwdDtazyhk88NoiFeXY,"2zhOohLhIGzDcBhAqmBmuE","Ascend","One","oDDling",2019-03-29,189692,36,spotify:user:cpajda01,2020-11-20T07:26:50Z,"chillsynth",0.466,0.628,11,-10.657,0,0.049,0.0275,0.891,0.207,0.0824,94.992,4
2lJY1evsKAxRecNp5zfPQv,"0jeqCyxNueRWyFdlpEstNC","Sun","Sun","憂鬱",2017-08-09,323381,0,spotify:user:cpajda01,2020-11-20T07:31:52Z,"chillsynth",0.584,0.571,1,-10.467,1,0.042,0.605,0.915,0.085,0.0393,189.985,4
1Bg9oI5OCRjGrSUZwsQmT6,"65XcfOOaVxbZnNlz40DK7i","Caligula","One Hundred Mornings","Windows 96",2018-07-13,316479,45,spotify:user:cpajda01,2021-09-16T20:50:07Z,"chillsynth,synthwave brasileiro,vaporwave",0.645,0.563,6,-10.325,0,0.0558,0.763,0.909,0.11,0.223,90.007,4
66n1nyPn6M4FCi7pt1uXaX,"6aAXBSjwLUEukyVDhOuKNO","Paradise","Paradise","Voyage",2018-02-14,335089,0,spotify:user:cpajda01,2020-11-20T07:36:46Z,"chillsynth,spacewave",0.775,0.498,11,-11.719,0,0.0729,0.409,0.882,0.0974,0.122,101.706,4
1xDZYFJaDsDw4C4xatOyTM,"6aAXBSjwLUEukyVDhOuKNO","Dynamic","Dynamic","Voyage",2018-05-20,220144,0,spotify:user:cpajda01,2020-11-20T07:40:33Z,"chillsynth,spacewave",0.779,0.464,1,-12.18,0,0.0606,0.678,0.768,0.0793,0.102,115.001,4
551ru5Q15z1jXzS5ZrycLd,"5bQ1u5yLlL2WZv49doSgRz","Phase","Fall","Hotel Pools",2018-12-14,237192,36,spotify:user:cpajda01,2021-09-16T20:50:11Z,"chillsynth,synthwave",0.624,0.565,7,-10.723,1,0.129,0.79,0.946,0.0944,0.265,171.047,3
1qDxcFbghTOBMzBXWUejw5,"3gi5McAv9c0qTjJ5jSmbL0","Golden Dust","Space Station","A.L.I.S.O.N",2018-09-10,272500,0,spotify:user:cpajda01,2020-11-20T07:42:14Z,"chillsynth",0.648,0.767,5,-9.26,0,0.0325,0.128,0.884,0.264,0.509,96.003,4
3QXaCzBTRAPOzVOyE5uNsj,"6aFbjgfZo6rHxtVnBxNP3j","Volt's Theme","Volt's Theme","Volt Age",2017-06-08,344615,38,spotify:user:cpajda01,2020-11-20T07:42:25Z,"spacewave",0.563,0.65,0,-10.132,1,0.0315,0.2,0.882,0.154,0.0706,155.991,4
1JkMfq7alRDGDv2qNcE3A9,"65XcfOOaVxbZnNlz40DK7i","Mind Mirage","One Hundred Mornings","Windows 96",2018-07-13,300007,37,spotify:user:cpajda01,2021-09-16T20:50:16Z,"chillsynth,synthwave brasileiro,vaporwave",0.625,0.657,10,-10.882,0,0.0898,0.0259,0.16,0.155,0.249,88.996,4
6owGes01lQYPaLpTfY1oTh,"4IDMgbEiCgt9G7PRN62mrV","A Way Home","In Motion","Memorex Memories",2019-05-03,240057,30,spotify:user:cpajda01,2020-11-20T07:42:48Z,"chillsynth",0.711,0.696,8,-11.74,0,0.0383,0.214,0.883,0.0917,0.25,91.997,4
0OfPbllpBslFEYIwg1rGsf,"4qpWUfUAeI34HzvCORn1ze,2zhOohLhIGzDcBhAqmBmuE","Supernal","Supernal","Forhill,oDDling",2019-04-26,245113,42,spotify:user:cpajda01,2020-11-20T07:42:59Z,"chillsynth,spacewave",0.701,0.549,5,-11.651,0,0.0562,0.89,0.885,0.489,0.418,93.985,4
3im5C5cDBJ6RRrrWU4Dzan,"4qpWUfUAeI34HzvCORn1ze","Arboretum","Figments","Forhill",2019-04-05,259200,37,spotify:user:cpajda01,2021-09-16T20:50:20Z,"chillsynth,spacewave",0.431,0.56,6,-9.116,1,0.0409,0.665,0.939,0.094,0.198,150.001,4
7yMfcUe5YzR8Ep2fvnpW3V,"1FwlK3oTrK60CBk54koZJg","96 Cruisin","Unknown Frequency","Lucy In Disguise",2018-03-02,205414,47,spotify:user:cpajda01,2020-11-20T07:44:45Z,"chillsynth,synthwave",0.618,0.529,5,-9.144,0,0.0464,0.301,0.877,0.105,0.377,194.006,4
4rpOaFySZsYZCCFl3ZtI86,"6aAXBSjwLUEukyVDhOuKNO","Dream State","Dream State","Voyage",2019-10-25,245363,0,spotify:user:cpajda01,2020-11-20T07:45:09Z,"chillsynth,spacewave",0.683,0.934,10,-6.072,0,0.0669,0.334,0.879,0.2,0.0664,194.013,4
37Fla7V94zrIM1Z45J0mx1,"4pG6hTUl9HhyftfJQQI7np","Training Day","Dragonball Wave","Maitro",2017-04-20,214401,36,spotify:user:cpajda01,2021-09-16T20:50:24Z,"future funk,vaporwave",0.789,0.561,1,-8.263,1,0.03,0.0198,0.448,0.232,0.658,102.984,4
0aCPcTdtmBtR8uoKXcw1XV,"4qpWUfUAeI34HzvCORn1ze","Flicker","Flicker","Forhill",2019-08-16,225414,25,spotify:user:cpajda01,2020-11-20T07:46:23Z,"chillsynth,spacewave",0.362,0.681,6,-8.126,1,0.0598,0.0305,0.898,0.388,0.307,110.021,4
1k3Qn4UZW8cOIlIB3ghqCC,"1uivqPv0xxpaqrB8Ero5xJ","U.F.O","U.F.O","Euan Ellis",2019-01-25,271858,35,spotify:user:cpajda01,2020-11-20T07:46:31Z,"chillsynth",0.608,0.563,0,-10.638,0,0.0264,0.00334,0.883,0.125,0.17,112.972,4
5jAC1CFdCLUJdcsovf49TR,"1FwlK3oTrK60CBk54koZJg","Southbound","Endless Echoes","Lucy In Disguise",2016-01-01,300695,43,spotify:user:cpajda01,2021-09-16T20:50:29Z,"chillsynth,synthwave",0.641,0.845,7,-9.287,1,0.0365,0.0359,0.909,0.0842,0.192,95,4
3Bj2mrlp3tALHO5U3mK8zM,"3dUgtFhfvGyoAuvKaujtdV","Blade Runner 2049","Blade Runner 2049","Synthwave Goose",2018-05-25,228019,54,spotify:user:cpajda01,2020-11-20T07:49:16Z,"",0.573,0.458,0,-16.739,0,0.0369,0.896,0.902,0.125,0.0364,116.029,4
2L52NkXrarZ4kxCCQ5B3r4,"5bQ1u5yLlL2WZv49doSgRz","Nightshade","Nightshade","Hotel Pools",2019-01-25,208695,49,spotify:user:cpajda01,2020-11-20T07:57:37Z,"chillsynth,synthwave",0.607,0.537,1,-10.102,0,0.117,0.758,0.763,0.1,0.105,184.001,4
2kERD06SgotwvO6e9YNOJA,"2zhOohLhIGzDcBhAqmBmuE","Void","One","oDDling",2019-03-29,224000,33,spotify:user:cpajda01,2021-09-16T20:50:33Z,"chillsynth",0.677,0.553,1,-10.15,0,0.0682,0.505,0.965,0.0638,0.137,179.997,4
1u7YoIlNxanPdGU9SOsgef,"3AsWxxZTFPoCFxM1s8Lg1J","Til You Say","Til You Say","glue70",2018-02-22,235514,29,spotify:user:cpajda01,2020-11-20T07:58:16Z,"future funk",0.82,0.501,1,-11.061,0,0.0871,0.289,0.0817,0.0637,0.726,106.997,4
5UcG8IcUNue2TTQ7UWMXg2,"0Geqa2iYzhQA5oVKUWuu0x","Kaleidoscope","Kaleidoscope","Ukiyo",2016-08-15,161860,0,spotify:user:cpajda01,2020-11-20T08:00:33Z,"aussietronica",0.56,0.974,1,-2.866,0,0.0393,0.483,0.697,0.276,0.189,172.044,4
7IZJ2wCNkvhwhsLgrMpuZn,"4pG6hTUl9HhyftfJQQI7np","SNAKE WAY","Dragonball Wave","Maitro",2017-04-20,187050,42,spotify:user:cpajda01,2021-09-16T20:50:38Z,"future funk,vaporwave",0.598,0.74,2,-11.181,1,0.0433,0.0756,0.755,0.143,0.48,85.998,4
3bMO8vLuKlFFH9uvVO036u,"6oeFYeDMdvczwH78h8il8P","Macintosh Plus 2k17","We Don't Matter (Remastered)","Yung Frown",2018-10-31,287545,47,spotify:user:cpajda01,2020-11-20T08:03:17Z,"meme rap",0.746,0.468,9,-9.543,1,0.0313,0.57,0.00804,0.343,0.961,173.746,4
0qqRNnwh86N1XBV94GVgQN,"3nHKeOa45XrUplL3NiGy7E","SimpsonWave1995","FrankJavCee Collection, Vol. 1, Pt. II","FrankJavCee",2016-06-05,142602,65,spotify:user:cpajda01,2020-11-20T08:04:39Z,"future funk,vaporwave",0.655,0.379,3,-10.125,0,0.0429,0.0529,0.563,0.105,0.679,170.02,3
5gOaikZDBwl7Ft0w9V2BCf,"3UQ87SmqkLxIMdenYnsLld","Spaceflight","Synthwave, Vol. 5 (Retro Dreams)","Efence",2018-03-02,184248,36,spotify:user:cpajda01,2021-09-16T20:50:42Z,"chillsynth,cyberpunk",0.64,0.627,9,-7.834,0,0.0326,0.0179,0.933,0.193,0.545,171.996,4
3a6PN6BRB8PP3ms48s7kU1,"3AA28KZvwAUcZuOKwyblJQ,6Tyzp9KzpiZ04DABQoedps","Empire Ants (feat. Little Dragon)","Plastic Beach","Gorillaz,Little Dragon",2010-03-03,283573,69,spotify:user:cpajda01,2020-11-20T08:08:39Z,"alternative hip hop,alternative dance,alternative r&b,art pop,chillwave,downtempo,electronica,electropop,gothenburg indie,indie soul,indietronica,new rave,swedish electropop,swedish synthpop,trip hop",0.601,0.772,0,-4.137,0,0.031,0.181,0.0543,0.0928,0.294,99.445,4
4ZvFA5MAXguadTyyDcfgRY,"3gi5McAv9c0qTjJ5jSmbL0","Space Echo","Space Station","A.L.I.S.O.N",2018-09-10,215050,48,spotify:user:cpajda01,2020-11-20T08:09:04Z,"chillsynth",0.611,0.721,8,-8.943,0,0.0315,0.366,0.886,0.0947,0.374,102.671,4
7f8GsWEQdn6FGOPFQNWlS1,"3DMRmCWZFPz3IX8LUgoLVb","Azur","Azur","Krosia",2018-07-26,250000,43,spotify:user:cpajda01,2020-11-20T08:09:24Z,"chillsynth",0.481,0.884,6,-7.771,0,0.0375,0.023,0.684,0.434,0.267,103.993,4
2NO3nss5WoJFrL0i6xNMrH,"5bQ1u5yLlL2WZv49doSgRz","Eclipse","Fall","Hotel Pools",2018-12-14,211764,44,spotify:user:cpajda01,2020-11-20T08:09:32Z,"chillsynth,synthwave",0.494,0.668,11,-9.125,0,0.0576,0.521,0.776,0.587,0.378,170.039,4
4Wzd5oqsk4qh3xbotnK9Rx,"5bQ1u5yLlL2WZv49doSgRz","Coast","Fall","Hotel Pools",2018-12-14,142000,42,spotify:user:cpajda01,2020-11-20T08:10:09Z,"chillsynth,synthwave",0.594,0.688,1,-9.401,1,0.0407,0.585,0.883,0.111,0.559,173.929,4
7iD8k5hk28FNdKbmVgKW5F,"2exebQUDoIoT0dXA8BcN1P","Billiards","Falling into Place","Home",2016-02-26,176666,38,spotify:user:cpajda01,2020-11-20T08:11:56Z,"vaporwave",0.817,0.444,11,-11.623,0,0.0403,0.00171,0.875,0.126,0.701,125.001,4
61N74tM8p1s1lMQ4Vfrcny,"2zhOohLhIGzDcBhAqmBmuE","Aurora","Milestone","oDDling",2018-10-21,241894,35,spotify:user:cpajda01,2020-11-20T08:12:34Z,"chillsynth",0.711,0.619,6,-9.934,0,0.0386,0.0208,0.883,0.0984,0.0399,105.017,4
67LEGM5ZaQUluwOevNKt84,"4IDMgbEiCgt9G7PRN62mrV","Thanks for Listening","Thanks for Listening","Memorex Memories",2018-11-15,248038,39,spotify:user:cpajda01,2020-11-20T08:12:44Z,"chillsynth",0.626,0.384,1,-15.263,1,0.0376,0.74,0.947,0.11,0.116,89.991,4
3DSiIBtYwtRWDZNa80RUJ0,"4IDMgbEiCgt9G7PRN62mrV","Curious Alice","Curious Alice","Memorex Memories",2018-10-10,206158,46,spotify:user:cpajda01,2020-11-20T17:02:45Z,"chillsynth",0.383,0.512,8,-17.868,1,0.0601,0.0951,0.892,0.115,0.293,170.034,4
2q5cjdEArOwO3Oj8GdV4lJ,"6jVDnk44WLUK6DvvUI452V","3 A.M.","3 A.M.","Saint Seduce",2019-03-04,186253,40,spotify:user:cpajda01,2020-11-20T17:04:00Z,"chillsynth",0.788,0.691,1,-10.418,1,0.0833,0.967,0.915,0.657,0.632,104.401,4
3kd10OwEIMhDnuA35lt4Ug,"3gi5McAv9c0qTjJ5jSmbL0","Subtract","Signal Flow","A.L.I.S.O.N",2019-05-31,311489,43,spotify:user:cpajda01,2020-11-20T18:03:42Z,"chillsynth",0.553,0.481,4,-10.628,1,0.0346,0.282,0.809,0.0876,0.0744,171.963,4
19NjvSQ4TeEKoOwsYJQsRR,"65A90NWrD8qdbNtsRgVXdf","Transport","Transport","Lxury",2018-06-21,207367,19,spotify:user:cpajda01,2020-11-20T18:27:14Z,"uk house",0.729,0.85,6,-6.544,1,0.0856,0.0387,0.879,0.154,0.437,108.17,4
4S9mEOfEg66TjGgey67IJf,"20u8hwnA8dWgwaLvc7pgwB","Slow","憂鬱","憂鬱",2018-03-23,274291,44,spotify:user:cpajda01,2021-06-15T04:06:14Z,"chillsynth,vaporwave",0.665,0.379,0,-15.436,0,0.0779,0.456,0.913,0.066,0.0659,105.002,4
1qGemTrncyvbSJrmXYjduW,"4qpWUfUAeI34HzvCORn1ze","Searching","Figments","Forhill",2019-04-05,299002,40,spotify:user:cpajda01,2021-06-15T04:07:08Z,"chillsynth,spacewave",0.683,0.589,6,-12.324,0,0.0476,0.718,0.877,0.106,0.0531,104.967,4
6vRhFV8MAn08wYO7SB9kzk,"20u8hwnA8dWgwaLvc7pgwB,4ld29tDCCa8BEh6UQyWeoN","Nü","憂鬱","憂鬱,Aima Lecia",2018-03-23,236866,35,spotify:user:cpajda01,2021-06-15T04:07:49Z,"chillsynth,vaporwave",0.61,0.571,0,-14.753,0,0.0377,0.67,0.922,0.0912,0.165,99.996,4
4GaRLUzF5K7q5DHYx7yvD8,"2UuvaSzB0VNumArR71ReMT","Mega (Bonus Track)","Descend","Emil Rottmayer",2018-04-06,371134,41,spotify:user:cpajda01,2021-06-15T04:09:33Z,"chillsynth",0.503,0.585,10,-10.03,0,0.0465,0.795,0.943,0.081,0.217,193.996,4
3jbeQxFnBvGgLMDYTKxu1x,"65XcfOOaVxbZnNlz40DK7i","Rituals","One Hundred Mornings","Windows 96",2018-07-13,194258,43,spotify:user:cpajda01,2021-06-15T04:09:59Z,"chillsynth,synthwave brasileiro,vaporwave",0.505,0.657,1,-8.895,0,0.214,0.404,0.755,0.116,0.688,140.39,4
47aNz5ZrEXckzNhKY9MHTS,"3gi5McAv9c0qTjJ5jSmbL0","S.H.A.P.E.S","S.C 02","A.L.I.S.O.N",2018-11-23,222222,36,spotify:user:cpajda01,2021-06-15T04:21:25Z,"chillsynth",0.774,0.583,0,-11.772,0,0.0582,0.142,0.816,0.103,0.514,111.007,4
1F73ea82O31UwZRsjIUCLI,"4pG6hTUl9HhyftfJQQI7np","Indigo Plateau!","Indigo Plateau!","Maitro",2019-11-03,213576,16,spotify:user:cpajda01,2021-06-15T04:21:44Z,"future funk,vaporwave",0.793,0.543,1,-13.876,0,0.0427,0.12,0.843,0.304,0.525,116.988,4
4Sderi6uOqf0UzGmmuMrcK,"2exebQUDoIoT0dXA8BcN1P","New Machines","Odyssey","Home",2014-07-01,177373,0,spotify:user:cpajda01,2021-06-15T04:22:44Z,"vaporwave",0.521,0.557,5,-10.829,1,0.0627,0.0561,0.904,0.0806,0.411,199.996,4
6oJBMBhs2dsVmcH5Gw9KkE,"7u4YxeFiaq5WBD6izDeTry","Reach","Anomaly","Unfound",2019-02-14,405360,36,spotify:user:cpajda01,2021-06-15T04:23:04Z,"chillsynth",0.561,0.801,10,-11,0,0.0345,0.545,0.91,0.0952,0.46,135.017,4
5hnHpaVwsEVxOK2BT7mnZd,"3YZb2aI52lJJK9ektquNK7","Elementary","A Time Like This","Zane Alexander",2017-09-30,263414,34,spotify:user:cpajda01,2021-06-15T04:25:36Z,"chillsynth,synthwave",0.641,0.373,0,-11.914,1,0.043,0.889,0.958,0.0873,0.468,164.031,4
2k1vZuAO9PcEbG3gAVzUbv,"2exebQUDoIoT0dXA8BcN1P","Oort Cloud","Odyssey","Home",2014-07-01,205850,0,spotify:user:cpajda01,2021-06-15T04:26:14Z,"vaporwave",0.647,0.692,0,-7.787,1,0.0372,0.00491,0.82,0.134,0.144,175.931,4
3M3N9Br6OACiu9fDtXUhbt,"2exebQUDoIoT0dXA8BcN1P","I See You","Falling into Place","Home",2016-02-26,163056,38,spotify:user:cpajda01,2021-06-15T04:28:19Z,"vaporwave",0.702,0.622,11,-13.729,0,0.0698,0.191,0.918,0.121,0.607,212.018,4
7ySSQhz1O7otIcgyOIdRUY,"2exebQUDoIoT0dXA8BcN1P","Above All","Before the Night","Home",2014-12-28,226950,46,spotify:user:cpajda01,2021-06-15T04:28:36Z,"vaporwave",0.825,0.721,6,-7.979,1,0.0475,0.0203,0.853,0.081,0.397,109.992,4
2Lnsbog85YcjdR9SHVOcR6,"7ustec6RrECyewmYxf4cIa","Make Me Love You","Miami Virtual","Dan Mason ダン·メイソン",2017-03-02,246870,38,spotify:user:cpajda01,2021-06-15T04:31:23Z,"chillsynth,future funk,mallsoft,vaporwave",0.668,0.476,5,-13.906,0,0.0302,0.127,0.895,0.108,0.364,124.479,4
6oCqHtpG72unn4YDtokjcl,"1fQDzf4lnUF4DYngrLJH0m","I Need You","Brown Lounge, Vol. 4","letherette",2018-02-23,171789,21,spotify:user:cpajda01,2022-01-04T02:49:36Z,"future garage,vapor twitch,wonky",0.597,0.674,1,-9.247,0,0.211,0.0271,0.278,0.186,0.5,94.913,4
0Z5r4cmTjEyA62tfSbAbFD,"2exebQUDoIoT0dXA8BcN1P","Come Back Down","Odyssey","Home",2014-07-01,293052,0,spotify:user:cpajda01,2022-02-20T21:51:23Z,"vaporwave",0.772,0.676,8,-11.91,1,0.0479,0.27,0.873,0.0792,0.0952,95.031,4
1foMv2HQwfQ2vntFf9HFeG,"3AA28KZvwAUcZuOKwyblJQ","Rhinestone Eyes","Plastic Beach","Gorillaz",2010-03-03,200173,79,spotify:user:cpajda01,2022-02-20T21:51:30Z,"alternative hip hop",0.676,0.703,8,-5.815,0,0.0302,0.0869,0.000687,0.0463,0.852,92.761,4
