Spotify ID,Artist IDs,Track Name,Album Name,Artist Name(s),Release Date,Duration (ms),Popularity,Added By,Added At,Genres,Danceability,Energy,Key,Loudness,Mode,Speechiness,Acousticness,Instrumentalness,Liveness,Valence,Tempo,Time Signature
3jjsRKEsF42ccXf8kWR3nu,"2uYWxilOVlUdk4oV9DvwqK","Washing Machine Heart","Be the Cowboy","Mitski",2018-08-17,128198,82,spotify:user:31wjwwzlxygo3t6cwkti2xpq34sy,2022-11-02T04:31:01Z,"brooklyn indie,pop",0.613,0.822,9,-4.087,1,0.026,0.0092,0.506,0.429,0.567,105.997,4
0ZqRlZTgNbQgynrHdxzLHp,"3viq43YBD53pCyvDOT3rxB","bee.","bee.","GroovyDominoes52",2020-08-05,66286,59,spotify:user:31wjwwzlxygo3t6cwkti2xpq34sy,2022-11-02T04:31:01Z,"",0.709,0.274,7,-15.686,0,0.1,0.966,0.955,0.103,0.847,120.049,4
2WzAAerBvZvvFXgUpSwHZ9,"13itspgSHkUbOq03AhIyjS,3g0UoyvaTaHUrfpHiRqsD1","MIDNIGHT","MIDNIGHT","PLAYAMANE,Nateki",2022-02-13,121972,82,spotify:user:31wjwwzlxygo3t6cwkti2xpq34sy,2022-11-02T04:31:01Z,"drift phonk",0.633,0.433,1,-8.833,1,0.229,0.0053,0.28,0.145,0.373,122.088,4
37y7iDayfwm3WXn5BiAoRk,"57vWImR43h4CaDao012Ofp","Dark Red","Dark Red","Steve Lacy",2017-02-20,173104,77,spotify:user:31wjwwzlxygo3t6cwkti2xpq34sy,2022-11-02T04:31:01Z,"afrofuturism",0.603,0.783,6,-4.023,1,0.062,0.449,0.00000796,0.119,0.775,172.041,4
2LKOHdMsL0K9KwcPRlJK2v,"0pWwt5vGNzezEhfAcc420Y","After Dark","Time","Mr.Kitty",2014-10-06,259146,85,spotify:user:31wjwwzlxygo3t6cwkti2xpq34sy,2022-11-02T04:31:01Z,"weirdcore",0.585,0.595,8,-10.444,1,0.0328,0.0696,0.266,0.0837,0.039,140.037,4
7H7NyZ3G075GqPx2evsfeb,"3Sz7ZnJQBIHsXLUSo0OQtM","Chamber Of Reflection","Salad Days","Mac DeMarco",2014-04-01,231723,81,spotify:user:31wjwwzlxygo3t6cwkti2xpq34sy,2022-11-02T04:31:01Z,"edmonton indie,lo-fi indie",0.538,0.557,11,-8.678,1,0.0914,0.262,0.914,0.102,0.506,131.03,4
6jgkEbmQ2F2onEqsEhiliL,"3Sz7ZnJQBIHsXLUSo0OQtM","My Kind of Woman","2","Mac DeMarco",2012-10-16,190845,79,spotify:user:31wjwwzlxygo3t6cwkti2xpq34sy,2022-11-02T04:31:01Z,"edmonton indie,lo-fi indie",0.501,0.765,6,-7.063,0,0.0281,0.00294,0.49,0.184,0.46,91.771,4
3RA0LaRQuDwVvDNpDtEc9b,"3Sz7ZnJQBIHsXLUSo0OQtM","My Kind of Woman - Instrumental","2 Demos","Mac DeMarco",2013-11-15,212906,62,spotify:user:31wjwwzlxygo3t6cwkti2xpq34sy,2022-11-02T04:31:01Z,"edmonton indie,lo-fi indie",0.256,0.605,8,-10.94,1,0.0586,0.694,0.86,0.322,0.46,172.735,4
2H2379xRxgQVvcOSoL8Ajr,"3xs0LEzcPXtgNfMNcHzLIP","Somebody's Watching Me","Body By Jake: Randy Couture Workout Mix (BPM 104-144)","Rockwell",2012-02-01,293933,64,spotify:user:31wjwwzlxygo3t6cwkti2xpq34sy,2022-11-02T04:31:01Z,"",0.792,0.62,1,-6.204,0,0.0344,0.123,0.0000412,0.0548,0.843,123.933,4
1mea3bSkSGXuIRvnydlB5b,"4gzpq5DPGxSnKTe4SA8HAU","Viva La Vida","Viva La Vida or Death and All His Friends","Coldplay",2008-05-26,242373,84,spotify:user:31wjwwzlxygo3t6cwkti2xpq34sy,2022-11-02T04:31:01Z,"permanent wave,pop",0.486,0.617,5,-7.115,0,0.0287,0.0954,0.00000323,0.109,0.417,138.015,4
2tQ7nWlY10hylhnoVH9hzG,"2RnGA202UcoKq6KjzQCbNR","Crazy Dave (Intro Theme)","Plants Vs. Zombies (Original Video Game Soundtrack)","Laura Shigihara",2010-11-22,87365,48,spotify:user:31wjwwzlxygo3t6cwkti2xpq34sy,2022-11-02T04:31:01Z,"",0.72,0.462,7,-16.017,0,0.0391,0.957,0.889,0.12,0.658,110.011,4
7m0x6PMfBcVZJqAl4hrFzc,"4Rd5Iqvq3TKgYYlYZO1Gfo","Bad Piggies Theme","Bad Piggies (Original Game Soundtrack) [Extended Edition]","Ilmari Hakkola",2012-09-27,160670,50,spotify:user:31wjwwzlxygo3t6cwkti2xpq34sy,2022-11-02T04:31:01Z,"",0.688,0.903,0,-10.133,0,0.0361,0.285,0.678,0.123,0.971,156.027,4
5ExE1x7WIIsb159d2cZ0Z2,"2RnGA202UcoKq6KjzQCbNR","Loonboon","Plants Vs. Zombies (Original Video Game Soundtrack)","Laura Shigihara",2010-11-22,107012,55,spotify:user:31wjwwzlxygo3t6cwkti2xpq34sy,2022-11-02T04:31:01Z,"",0.518,0.395,11,-17.661,1,0.0335,0.701,0.928,0.236,0.742,159.888,4
0tbTGiOldZL07D2fkzCDTP,"2RnGA202UcoKq6KjzQCbNR","Grasswalk","Plants Vs. Zombies (Original Video Game Soundtrack)","Laura Shigihara",2010-11-22,148261,43,spotify:user:31wjwwzlxygo3t6cwkti2xpq34sy,2022-11-02T04:31:01Z,"",0.579,0.21,9,-15.801,0,0.0326,0.578,0.918,0.636,0.44,115.005,4
7Af5aQzfpm2VxnCFsy6Tkx,"57DlMWmbVIf2ssJ8QBpBau","Snowy","UNDERTALE Soundtrack","Toby Fox",2015-09-15,104262,54,spotify:user:31wjwwzlxygo3t6cwkti2xpq34sy,2022-11-02T04:31:01Z,"dream smp,indie game soundtrack,undertale",0.739,0.14,11,-16.376,0,0.0503,0.992,0.067,0.12,0.589,61.007,4
0R3JgweOfGl9kPxyd5DFC8,"57DlMWmbVIf2ssJ8QBpBau","Dating Start!","UNDERTALE Soundtrack","Toby Fox",2015-09-15,116869,49,spotify:user:31wjwwzlxygo3t6cwkti2xpq34sy,2022-11-02T04:31:01Z,"dream smp,indie game soundtrack,undertale",0.73,0.589,10,-12.594,1,0.0357,0.237,0.0564,0.0685,0.91,114.98,4
3zoav3LSItdvh7fj0iE43t,"57DlMWmbVIf2ssJ8QBpBau","Last Episode!","UNDERTALE Soundtrack","Toby Fox",2015-09-15,7619,1,spotify:user:31wjwwzlxygo3t6cwkti2xpq34sy,2022-11-02T04:31:01Z,"dream smp,indie game soundtrack,undertale",0,0.844,2,-8.945,1,0,0.187,0.853,0,0,0,0
46A71ZDLPRIFCppAdV2W6j,"57DlMWmbVIf2ssJ8QBpBau","His Theme","UNDERTALE Soundtrack","Toby Fox",2015-09-15,125333,54,spotify:user:31wjwwzlxygo3t6cwkti2xpq34sy,2022-11-02T04:31:01Z,"dream smp,indie game soundtrack,undertale",0.433,0.633,11,-10.502,1,0.0614,0.433,0.769,0.249,0.301,179.974,4
3KsJYk6EDfkDZZM7CWcLWA,"57DlMWmbVIf2ssJ8QBpBau","Last Goodbye","UNDERTALE Soundtrack","Toby Fox",2015-09-15,135194,49,spotify:user:31wjwwzlxygo3t6cwkti2xpq34sy,2022-11-02T04:31:01Z,"dream smp,indie game soundtrack,undertale",0.164,0.819,11,-9.539,1,0.062,0.000617,0.938,0.0792,0.248,178.27,4
6YnPqvc66bdYGGOJIlDEz1,"57DlMWmbVIf2ssJ8QBpBau","Battle Against A True Hero","UNDERTALE Soundtrack","Toby Fox",2015-09-15,156800,56,spotify:user:31wjwwzlxygo3t6cwkti2xpq34sy,2022-11-02T04:31:01Z,"dream smp,indie game soundtrack,undertale",0.456,0.955,5,-10.112,0,0.0394,0.00364,0.934,0.149,0.734,150.114,4
0Juv2xdUtCPtCOVM3ADePa,"57DlMWmbVIf2ssJ8QBpBau","Power Of NEO","UNDERTALE Soundtrack","Toby Fox",2015-09-15,30620,46,spotify:user:31wjwwzlxygo3t6cwkti2xpq34sy,2022-11-02T04:31:01Z,"dream smp,indie game soundtrack,undertale",0.459,0.809,2,-9.352,1,0.0445,0.0000124,0.986,0.27,0.513,180.423,5
0w5CRIokPrQAAq7OdIKesr,"57DlMWmbVIf2ssJ8QBpBau","SAVE The World","UNDERTALE Soundtrack","Toby Fox",2015-09-15,113333,52,spotify:user:31wjwwzlxygo3t6cwkti2xpq34sy,2022-11-02T04:31:01Z,"dream smp,indie game soundtrack,undertale",0.319,0.915,1,-8.349,0,0.0832,0.0000644,0.974,0.283,0.221,179.91,4
723rnBXRc09umUfsasI6Cd,"57DlMWmbVIf2ssJ8QBpBau","Your Best Nightmare","UNDERTALE Soundtrack","Toby Fox",2015-09-15,240000,51,spotify:user:31wjwwzlxygo3t6cwkti2xpq34sy,2022-11-02T04:31:01Z,"dream smp,indie game soundtrack,undertale",0.591,0.757,4,-9.848,0,0.0805,0.197,0.749,0.0948,0.474,94.994,4
4kNKL8kCCV3vt9U2k28Lyx,"57DlMWmbVIf2ssJ8QBpBau","Finale","UNDERTALE Soundtrack","Toby Fox",2015-09-15,112421,56,spotify:user:31wjwwzlxygo3t6cwkti2xpq34sy,2022-11-02T04:31:01Z,"dream smp,indie game soundtrack,undertale",0.478,0.798,8,-9.903,1,0.0285,0.115,0.0953,0.121,0.427,95.021,4
7txouAZgjqHcIPQQTzojyv,"57DlMWmbVIf2ssJ8QBpBau","Bergentrückung","UNDERTALE Soundtrack","Toby Fox",2015-09-15,21214,13,spotify:user:31wjwwzlxygo3t6cwkti2xpq34sy,2022-11-02T04:31:01Z,"dream smp,indie game soundtrack,undertale",0.806,0.444,1,-15.026,0,0.257,0.025,0.805,0.0444,0,113.061,4
4OOA9mtwTevG39jcALusOu,"57DlMWmbVIf2ssJ8QBpBau","Song That Might Play When You Fight Sans","UNDERTALE Soundtrack","Toby Fox",2015-09-15,62000,52,spotify:user:31wjwwzlxygo3t6cwkti2xpq34sy,2022-11-02T04:31:01Z,"dream smp,indie game soundtrack,undertale",0.598,0.975,8,-11.371,1,0.123,0.0512,0.143,0.596,0.413,119.929,4
2FZ99j224ohiGLavqjijza,"57DlMWmbVIf2ssJ8QBpBau","Undertale","UNDERTALE Soundtrack","Toby Fox",2015-09-15,381535,55,spotify:user:31wjwwzlxygo3t6cwkti2xpq34sy,2022-11-02T04:31:01Z,"dream smp,indie game soundtrack,undertale",0.554,0.409,0,-14.796,0,0.0242,0.0385,0.804,0.152,0.368,101.945,4
5R8oeZeq8AUiJuz5FIPR9m,"57DlMWmbVIf2ssJ8QBpBau","Wrong Enemy !?","UNDERTALE Soundtrack","Toby Fox",2015-09-15,58392,45,spotify:user:31wjwwzlxygo3t6cwkti2xpq34sy,2022-11-02T04:31:01Z,"dream smp,indie game soundtrack,undertale",0.796,0.879,9,-10.676,1,0.105,0.11,0.874,0.0514,0.836,112.004,4
3aiGshuqYhdBBBhHqRf6jn,"57DlMWmbVIf2ssJ8QBpBau","Spider Dance","UNDERTALE Soundtrack","Toby Fox",2015-09-15,106434,60,spotify:user:31wjwwzlxygo3t6cwkti2xpq34sy,2022-11-02T04:31:01Z,"dream smp,indie game soundtrack,undertale",0.644,0.826,1,-9.578,1,0.0544,0.0431,0.969,0.103,0.993,114.928,4
0ROETpoLOKjq61LjwxNz92,"57DlMWmbVIf2ssJ8QBpBau","Stronger Monsters","UNDERTALE Soundtrack","Toby Fox",2015-09-15,63114,46,spotify:user:31wjwwzlxygo3t6cwkti2xpq34sy,2022-11-02T04:31:01Z,"dream smp,indie game soundtrack,undertale",0.597,0.968,10,-9.129,0,0.0441,0.333,0.722,0.124,0.961,175.002,4
5lLuAtrQXTi204GNxkEenv,"57DlMWmbVIf2ssJ8QBpBau","It's Showtime!","UNDERTALE Soundtrack","Toby Fox",2015-09-15,46117,49,spotify:user:31wjwwzlxygo3t6cwkti2xpq34sy,2022-11-02T04:31:01Z,"dream smp,indie game soundtrack,undertale",0.805,0.544,9,-12.731,0,0.0725,0.046,0.775,0.0916,0.987,127.524,4
0wae8KoprNjfrXWjYYHGy9,"57DlMWmbVIf2ssJ8QBpBau","Spear of Justice","UNDERTALE Soundtrack","Toby Fox",2015-09-15,115437,55,spotify:user:31wjwwzlxygo3t6cwkti2xpq34sy,2022-11-02T04:31:01Z,"dream smp,indie game soundtrack,undertale",0.328,0.594,8,-10.208,0,0.0361,0.58,0.866,0.146,0.856,75.889,1
6ZEenbPqCbKxPmu49taU8u,"57DlMWmbVIf2ssJ8QBpBau","Dummy!","UNDERTALE Soundtrack","Toby Fox",2015-09-15,145920,55,spotify:user:31wjwwzlxygo3t6cwkti2xpq34sy,2022-11-02T04:31:01Z,"dream smp,indie game soundtrack,undertale",0.838,0.53,5,-12.1,1,0.0653,0.345,0.904,0.088,0.916,125.034,4
4LrlsO9cnnNjxBiHeRedjF,"57DlMWmbVIf2ssJ8QBpBau","Memory","UNDERTALE Soundtrack","Toby Fox",2015-09-15,75000,53,spotify:user:31wjwwzlxygo3t6cwkti2xpq34sy,2022-11-02T04:31:01Z,"dream smp,indie game soundtrack,undertale",0.567,0.255,9,-22.396,1,0.0642,0.446,0.952,0.156,0.86,160.032,3
5YfXQD5Jn5o5Wxay5pDL3j,"57DlMWmbVIf2ssJ8QBpBau","Bird That Carries You Over A Disproportionately Small Gap","UNDERTALE Soundtrack","Toby Fox",2015-09-15,25098,8,spotify:user:31wjwwzlxygo3t6cwkti2xpq34sy,2022-11-02T04:31:01Z,"dream smp,indie game soundtrack,undertale",0.668,0.612,2,-14.292,0,0.0749,0.55,0.473,0.12,0.658,76.512,4
2AtC6i0b8TjpjhWBZYLprX,"57DlMWmbVIf2ssJ8QBpBau","Bonetrousle","UNDERTALE Soundtrack","Toby Fox",2015-09-15,57600,58,spotify:user:31wjwwzlxygo3t6cwkti2xpq34sy,2022-11-02T04:31:01Z,"dream smp,indie game soundtrack,undertale",0.722,0.978,8,-8.745,1,0.0594,0.00777,0.976,0.02,0.968,149.981,4
5OyWN37xTdZtjbSQ15FA8K,"57DlMWmbVIf2ssJ8QBpBau","Shop","UNDERTALE Soundtrack","Toby Fox",2015-09-15,50274,56,spotify:user:31wjwwzlxygo3t6cwkti2xpq34sy,2022-11-02T04:31:01Z,"dream smp,indie game soundtrack,undertale",0.696,0.3,8,-12.647,1,0.0321,0.985,0.681,0.17,0.849,154.923,4
23aRUhe4gmS4Bh7DUZecL4,"57DlMWmbVIf2ssJ8QBpBau","Dogsong","UNDERTALE Soundtrack","Toby Fox",2015-09-15,37285,49,spotify:user:31wjwwzlxygo3t6cwkti2xpq34sy,2022-11-02T04:31:01Z,"dream smp,indie game soundtrack,undertale",0.694,0.414,1,-18.529,1,0.0382,0.981,0.856,0.125,0.979,114.942,3
1ynRabP8jaySeRvHBejfCT,"57DlMWmbVIf2ssJ8QBpBau","Dogbass","UNDERTALE Soundtrack","Toby Fox",2015-09-15,6545,1,spotify:user:31wjwwzlxygo3t6cwkti2xpq34sy,2022-11-02T04:31:01Z,"dream smp,indie game soundtrack,undertale",0,0.566,7,-18.313,1,0,0.119,0.883,0,0,0,0
4mWFafcREuKWv2MeTVxDlQ,"57DlMWmbVIf2ssJ8QBpBau","Uwa!! So Holiday♫","UNDERTALE Soundtrack","Toby Fox",2015-09-15,30000,28,spotify:user:31wjwwzlxygo3t6cwkti2xpq34sy,2022-11-02T04:31:01Z,"dream smp,indie game soundtrack,undertale",0.427,0.25,10,-13.804,1,0.0454,0.985,0.977,0.129,0.472,140.005,3
6YEGQH32aAXb9vQQbBrPlw,"57DlMWmbVIf2ssJ8QBpBau","Nyeh Heh Heh!","UNDERTALE Soundtrack","Toby Fox",2015-09-15,32400,50,spotify:user:31wjwwzlxygo3t6cwkti2xpq34sy,2022-11-02T04:31:01Z,"dream smp,indie game soundtrack,undertale",0.8,0.396,1,-11.952,1,0.13,0.000935,0.849,0.038,0.993,149.944,5
26lWYpgbcknITI0Fy1eZDs,"57DlMWmbVIf2ssJ8QBpBau","sans.","UNDERTALE Soundtrack","Toby Fox",2015-09-15,50624,59,spotify:user:31wjwwzlxygo3t6cwkti2xpq34sy,2022-11-02T04:31:01Z,"dream smp,indie game soundtrack,undertale",0.809,0.81,8,-13.321,1,0.112,0.0181,0.715,0.0702,0.857,128.007,4
1DkjqnjgbbpT7cYL2D2ma4,"57DlMWmbVIf2ssJ8QBpBau","Home (Music Box)","UNDERTALE Soundtrack","Toby Fox",2015-09-15,122892,52,spotify:user:31wjwwzlxygo3t6cwkti2xpq34sy,2022-11-02T04:31:01Z,"dream smp,indie game soundtrack,undertale",0.613,0.114,9,-15.52,0,0.168,0.869,0.000198,0.128,0.512,119.539,4
36AhCvv8NAVPr0eNsv2PrW,"57DlMWmbVIf2ssJ8QBpBau","Ghost Fight","UNDERTALE Soundtrack","Toby Fox",2015-09-15,56533,55,spotify:user:31wjwwzlxygo3t6cwkti2xpq34sy,2022-11-02T04:31:01Z,"dream smp,indie game soundtrack,undertale",0.715,0.712,2,-13.36,0,0.04,0.552,0.926,0.11,0.629,112.551,4
3PV4bPPqezu18K45MIOrVY,"57DlMWmbVIf2ssJ8QBpBau","Uwa!! So Temperate♫","UNDERTALE Soundtrack","Toby Fox",2015-09-15,56571,54,spotify:user:31wjwwzlxygo3t6cwkti2xpq34sy,2022-11-02T04:31:01Z,"dream smp,indie game soundtrack,undertale",0.77,0.434,10,-13.356,0,0.0768,0.975,0.865,0.112,0.818,140.019,4
7CMVo848b9LsUtVavIoiXC,"57DlMWmbVIf2ssJ8QBpBau","Hopes And Dreams","UNDERTALE Soundtrack","Toby Fox",2015-09-15,181285,61,spotify:user:31wjwwzlxygo3t6cwkti2xpq34sy,2022-11-02T04:31:01Z,"dream smp,indie game soundtrack,undertale",0.447,0.827,0,-8.745,0,0.0632,0.000279,0.914,0.0879,0.391,170.652,4
7BGZ27yeaKR5OZOIxyegZi,"57DlMWmbVIf2ssJ8QBpBau","Death By Glamour","UNDERTALE Soundtrack","Toby Fox",2015-09-15,134594,63,spotify:user:31wjwwzlxygo3t6cwkti2xpq34sy,2022-11-02T04:31:01Z,"dream smp,indie game soundtrack,undertale",0.579,0.878,11,-10.093,0,0.0481,0.00865,0.885,0.0683,0.945,148.009,4
5sRQNFKwE9kgNleZgnCpgw,"4fSMtiyC6lF5BUO1tUMWMs","Local Forecast - Elevator","Disco Ultralounge","Kevin MacLeod",2014-12-25,189204,46,spotify:user:31wjwwzlxygo3t6cwkti2xpq34sy,2022-11-02T04:31:01Z,"",0.627,0.384,7,-19.31,0,0.0425,0.664,0.961,0.782,0.9,163.926,4
6TLbMoirJoWxO99XWV686G,"4fSMtiyC6lF5BUO1tUMWMs","Move Forward","Video Classica","Kevin MacLeod",2015-07-28,69250,44,spotify:user:31wjwwzlxygo3t6cwkti2xpq34sy,2022-11-02T04:31:01Z,"",0.725,0.839,3,-7.288,1,0.0457,0.859,0.889,0.124,0.936,110.99,4
3aVt0NTe5ADj2sK7ZnE360,"4fSMtiyC6lF5BUO1tUMWMs","Fluffing a Duck","Fluffing a Duck","Kevin MacLeod",2014-12-29,67314,49,spotify:user:31wjwwzlxygo3t6cwkti2xpq34sy,2022-11-02T04:31:01Z,"",0.952,0.227,2,-16.987,1,0.0845,0.869,0.448,0.0967,0.728,122.094,4
1T2gPxrh18lz9GMR821cvP,"4fSMtiyC6lF5BUO1tUMWMs","Sneaky Snitch","Sneaky Snitch","Kevin MacLeod",2014-12-27,136551,50,spotify:user:31wjwwzlxygo3t6cwkti2xpq34sy,2022-11-02T04:31:01Z,"",0.904,0.0699,2,-22.784,1,0.118,0.638,0.918,0.0986,0.4,87.037,4
3XtbtOMVVBooqbcGz8UErp,"4fSMtiyC6lF5BUO1tUMWMs,7mTcyvqv1GInWjOTVkz6h1","Monkeys Spinning Monkeys","Monkeys Spinning Monkeys","Kevin MacLeod,Kevin",2019-10-10,125000,50,spotify:user:31wjwwzlxygo3t6cwkti2xpq34sy,2022-11-02T04:31:01Z,"",0.932,0.212,7,-17.997,1,0.16,0.904,0.885,0.11,0.902,144.059,4
2UeMTAj1omK9Vh8UtiSyt9,"4fSMtiyC6lF5BUO1tUMWMs","Pixel Peeker Polka - faster","Polka! Polka! Polka!","Kevin MacLeod",2014-12-25,202004,40,spotify:user:31wjwwzlxygo3t6cwkti2xpq34sy,2022-11-02T04:31:01Z,"",0.839,0.191,0,-10.914,1,0.361,0.00152,0.000097,0.0543,0.941,145.041,4
6tMdpUXfT70TD6Eh3XfB1p,"0I6yADrmeyvw66g7yjkqIF","My Ordinary Life","My Ordinary Life","The Living Tombstone",2017-11-23,230894,79,spotify:user:31wjwwzlxygo3t6cwkti2xpq34sy,2022-11-02T04:31:01Z,"fnaf",0.648,0.827,9,-4.78,0,0.042,0.00533,0.338,0.217,0.598,176.005,4
3QLFit3Sfx0U5TZt8frgo5,"03R6r9e5DPFzPQ0UJojAIn","Elevator Jam","Doors (Original Game Soundtrack)","LSPLASH",2022-08-10,39480,59,spotify:user:31wjwwzlxygo3t6cwkti2xpq34sy,2022-11-02T04:31:01Z,"",0.634,0.743,3,-8.38,0,0.0588,0.89,0.904,0.0907,0.976,145.968,4
046fmj4eQpd9CfqDftcfRh,"03R6r9e5DPFzPQ0UJojAIn","Guiding Light","Doors (Original Game Soundtrack)","LSPLASH",2022-08-10,79416,52,spotify:user:31wjwwzlxygo3t6cwkti2xpq34sy,2022-11-02T04:31:01Z,"",0.482,0.0218,5,-21.961,1,0.039,0.602,0.93,0.0867,0.364,74.054,4
1p5gzYf7zbCuB639GrPhAx,"03R6r9e5DPFzPQ0UJojAIn","Here I Come","Doors (Original Game Soundtrack)","LSPLASH",2022-08-10,112000,63,spotify:user:31wjwwzlxygo3t6cwkti2xpq34sy,2022-11-02T04:31:01Z,"",0.452,0.533,3,-12.035,1,0.0403,0.0105,0.971,0.358,0.0679,135.004,4
1PcoIjrmcM83CraPXB6UZE,"03R6r9e5DPFzPQ0UJojAIn","Dawn Of The Doors","Doors (Original Game Soundtrack)","LSPLASH",2022-08-10,234453,53,spotify:user:31wjwwzlxygo3t6cwkti2xpq34sy,2022-11-02T04:31:01Z,"",0.411,0.0664,2,-20.349,1,0.0309,0.276,0.862,0.113,0.058,72.139,4
463r5bsN1VqGXtaMctn4Rr,"0I6yADrmeyvw66g7yjkqIF","It's Been So Long","It's Been So Long","The Living Tombstone",2014-12-04,174394,70,spotify:user:31wjwwzlxygo3t6cwkti2xpq34sy,2022-11-02T04:31:01Z,"fnaf",0.564,0.647,10,-6.759,0,0.0407,0.114,0,0.17,0.458,95.923,4
5ZbwPEUqw1hK6rp0ppD8lR,"0I6yADrmeyvw66g7yjkqIF","Five Nights at Freddy's","Five Nights at Freddy's","The Living Tombstone",2014-09-19,165831,61,spotify:user:31wjwwzlxygo3t6cwkti2xpq34sy,2022-11-02T04:31:01Z,"fnaf",0.491,0.771,9,-5.037,1,0.041,0.00149,0.000262,0.232,0.242,103.005,4
0uTKHBcNa7VGa6VkBPYCNi,"1yH2ZjYHWeStR8K6Z7xYoL","Zzz","Roblox High School (Original Game Soundtrack)","Kyle Allen Music",2017-01-02,111096,31,spotify:user:31wjwwzlxygo3t6cwkti2xpq34sy,2022-11-02T04:31:01Z,"antiviral pop,fnaf,otacore",0.151,0.0207,2,-18.831,0,0.043,0.897,0.518,0.182,0.0328,140.537,5
7EXlsBtrBIglvalTMnQzSz,"1yH2ZjYHWeStR8K6Z7xYoL","Homework Tonight","Roblox High School (Original Game Soundtrack)","Kyle Allen Music",2017-01-02,120000,15,spotify:user:31wjwwzlxygo3t6cwkti2xpq34sy,2022-11-02T04:31:01Z,"antiviral pop,fnaf,otacore",0.196,0.012,4,-31.76,1,0.053,0.977,0.129,0.104,0.495,88.224,1
02aomrGtwjCG79ANWZXI8u,"1yH2ZjYHWeStR8K6Z7xYoL","Another Day Another Test","Roblox High School (Original Game Soundtrack)","Kyle Allen Music",2017-01-02,120000,15,spotify:user:31wjwwzlxygo3t6cwkti2xpq34sy,2022-11-02T04:31:01Z,"antiviral pop,fnaf,otacore",0.94,0.0325,7,-17.581,1,0.149,0.916,0.000245,0.0736,0.608,102.096,3
2A1HjaBLfmBCWmhglsUBwZ,"1yH2ZjYHWeStR8K6Z7xYoL","Sleeping In","Roblox High School (Original Game Soundtrack)","Kyle Allen Music",2017-01-02,120000,16,spotify:user:31wjwwzlxygo3t6cwkti2xpq34sy,2022-11-02T04:31:01Z,"antiviral pop,fnaf,otacore",0.0873,0.00206,4,-37.916,1,0.0478,0.947,0.129,0.0517,0.0468,73.841,4
3lanjzh3gslouRUyVgiQE2,"1yH2ZjYHWeStR8K6Z7xYoL","Feelin' Fancy","Roblox High School (Original Game Soundtrack)","Kyle Allen Music",2017-01-02,120000,13,spotify:user:31wjwwzlxygo3t6cwkti2xpq34sy,2022-11-02T04:31:01Z,"antiviral pop,fnaf,otacore",0.941,0.0368,7,-17.945,1,0.0922,0.898,0.806,0.105,0.635,119.813,4
7KB1uxKQGU0pGkRopzChSl,"1yH2ZjYHWeStR8K6Z7xYoL","Cruise the Town","Roblox High School (Original Game Soundtrack)","Kyle Allen Music",2017-01-02,120000,16,spotify:user:31wjwwzlxygo3t6cwkti2xpq34sy,2022-11-02T04:31:01Z,"antiviral pop,fnaf,otacore",0.542,0.242,0,-19.629,1,0.0325,0.208,0.119,0.0861,0.164,66.707,5
6t26e8FyPHMzGFQLXDHuLp,"1yH2ZjYHWeStR8K6Z7xYoL","Lazy Day","Roblox High School (Original Game Soundtrack)","Kyle Allen Music",2017-01-02,120000,15,spotify:user:31wjwwzlxygo3t6cwkti2xpq34sy,2022-11-02T04:31:01Z,"antiviral pop,fnaf,otacore",0.721,0.177,11,-18.155,1,0.0407,0.949,0.93,0.101,0.326,119.938,4
7DtDvFrfdjWJVQpRoYlbWU,"1yH2ZjYHWeStR8K6Z7xYoL","No School Today!","Roblox High School (Original Game Soundtrack)","Kyle Allen Music",2017-01-02,120000,14,spotify:user:31wjwwzlxygo3t6cwkti2xpq34sy,2022-11-02T04:31:01Z,"antiviral pop,fnaf,otacore",0.826,0.0955,7,-19.545,1,0.327,0.951,0.491,0.101,0.512,135.864,4
68OWcbLqtNR7thhAh7agdZ,"1yH2ZjYHWeStR8K6Z7xYoL","Let's Explore the Map!","Roblox High School (Original Game Soundtrack)","Kyle Allen Music",2017-01-02,120000,16,spotify:user:31wjwwzlxygo3t6cwkti2xpq34sy,2022-11-02T04:31:01Z,"antiviral pop,fnaf,otacore",0.242,0.102,10,-21.038,1,0.0354,0.967,0.93,0.109,0.0936,160.057,4
2AQUh2KNvOq0uqpcEO0vht,"1yH2ZjYHWeStR8K6Z7xYoL","Working Hard or Hardly Working","Roblox High School (Original Game Soundtrack)","Kyle Allen Music",2017-01-02,120000,15,spotify:user:31wjwwzlxygo3t6cwkti2xpq34sy,2022-11-02T04:31:01Z,"antiviral pop,fnaf,otacore",0.694,0.0494,8,-19.208,1,0.0522,0.989,0.882,0.102,0.549,99.939,4
0u251ImuZu4j3GNM7LQCgQ,"1yH2ZjYHWeStR8K6Z7xYoL","Kick Off Your Shoes","Roblox High School (Original Game Soundtrack)","Kyle Allen Music",2017-01-02,120000,21,spotify:user:31wjwwzlxygo3t6cwkti2xpq34sy,2022-11-02T04:31:01Z,"antiviral pop,fnaf,otacore",0,0.0985,8,-19.387,1,0,0.967,0.938,0.111,0,0,0
3PMWj08SODnnZsmScqtvIq,"1yH2ZjYHWeStR8K6Z7xYoL","Afternoon Classes","Roblox High School (Original Game Soundtrack)","Kyle Allen Music",2017-01-02,120000,16,spotify:user:31wjwwzlxygo3t6cwkti2xpq34sy,2022-11-02T04:31:01Z,"antiviral pop,fnaf,otacore",0.868,0.0306,7,-22.576,1,0.0491,0.995,0.928,0.0896,0.592,119.931,4
4SOtHBangYE4Zn7p0y9Tcc,"1yH2ZjYHWeStR8K6Z7xYoL","Day Dreams of Recess","Roblox High School (Original Game Soundtrack)","Kyle Allen Music",2017-01-02,120000,14,spotify:user:31wjwwzlxygo3t6cwkti2xpq34sy,2022-11-02T04:31:01Z,"antiviral pop,fnaf,otacore",0.858,0.127,2,-20.842,1,0.151,0.992,0.934,0.0963,0.786,139.885,4
0uVADtS56QirXJTGbSUCAm,"1yH2ZjYHWeStR8K6Z7xYoL","Back to School","Roblox High School (Original Game Soundtrack)","Kyle Allen Music",2017-01-02,120000,21,spotify:user:31wjwwzlxygo3t6cwkti2xpq34sy,2022-11-02T04:31:01Z,"antiviral pop,fnaf,otacore",0.729,0.0621,7,-24.055,1,0.383,0.635,0.0677,0.1,0.192,140.046,4
6Mr78lzlTOS3CVpdYvXiem,"2B6z1EXe45dL53LoC9LDuP","Overworld Day","Terraria (Soundtrack)","Re-Logic",2011-11-01,137523,48,spotify:user:31wjwwzlxygo3t6cwkti2xpq34sy,2022-11-02T04:31:01Z,"",0.681,0.208,0,-15.208,1,0.0494,0.918,0.908,0.13,0.414,149.925,4
3mWF5cs07wxd1PIR8KzpAu,"7qBUAcGnL4q9dmZLcCY7pm","Night Theme","Adopt Me Day & Night Theme","Robert Christopher Hughes",2018-01-24,100016,39,spotify:user:31wjwwzlxygo3t6cwkti2xpq34sy,2022-11-02T04:31:01Z,"",0.853,0.317,0,-18.126,1,0.0669,0.96,0.885,0.126,0.293,120.099,4
6JTISZPRLFu6ledGI8tYcd,"7qBUAcGnL4q9dmZLcCY7pm","Day Theme","Adopt Me Day & Night Theme","Robert Christopher Hughes",2018-01-24,92130,36,spotify:user:31wjwwzlxygo3t6cwkti2xpq34sy,2022-11-02T04:31:01Z,"",0.604,0.503,2,-14.913,1,0.0449,0.655,0.918,0.115,0.907,174.992,4
4o0YiMA52IzmOn5yIdIhu5,"4uFZsG1vXrPcvnZ4iSQyrx","Clark","Minecraft - Volume Alpha","C418",2011-03-04,191750,59,spotify:user:31wjwwzlxygo3t6cwkti2xpq34sy,2022-11-02T04:31:01Z,"dream smp,minecraft",0.217,0.00638,9,-23.367,0,0.0399,0.982,0.853,0.0732,0.0395,81.578,4
4YLXjoYmRGIXstTLtloHf2,"4uFZsG1vXrPcvnZ4iSQyrx","Dog","Minecraft - Volume Alpha","C418",2011-03-04,145750,54,spotify:user:31wjwwzlxygo3t6cwkti2xpq34sy,2022-11-02T04:31:01Z,"dream smp,minecraft",0.583,0.529,10,-14.881,0,0.038,0.0484,0.917,0.106,0.0757,112.037,4
2Au50d6aZrsYrbxQzDjjYW,"4uFZsG1vXrPcvnZ4iSQyrx","Danny","Minecraft - Volume Alpha","C418",2011-03-04,254500,59,spotify:user:31wjwwzlxygo3t6cwkti2xpq34sy,2022-11-02T04:31:01Z,"dream smp,minecraft",0.211,0.0262,0,-22.08,1,0.0377,0.972,0.476,0.0757,0.098,81.192,4
4B3RbRUP0fl2KxaBWVUfo9,"4uFZsG1vXrPcvnZ4iSQyrx","Beginning","Minecraft - Volume Alpha","C418",2011-03-04,102100,57,spotify:user:31wjwwzlxygo3t6cwkti2xpq34sy,2022-11-02T04:31:01Z,"dream smp,minecraft",0.118,0.0224,1,-30.543,1,0.0369,0.988,0.927,0.091,0.0378,78.558,4
4Ar3oSp4bAw5gz22F70GM7,"4uFZsG1vXrPcvnZ4iSQyrx","Moog City","Minecraft - Volume Alpha","C418",2011-03-04,160000,60,spotify:user:31wjwwzlxygo3t6cwkti2xpq34sy,2022-11-02T04:31:01Z,"dream smp,minecraft",0.461,0.158,4,-20.962,0,0.0372,0.935,0.622,0.138,0.142,131.98,4
4x79cjezqX3yd15rSrAVFF,"4uFZsG1vXrPcvnZ4iSQyrx","Living Mice","Minecraft - Volume Alpha","C418",2011-03-04,177500,61,spotify:user:31wjwwzlxygo3t6cwkti2xpq34sy,2022-11-02T04:31:01Z,"dream smp,minecraft",0.431,0.0573,7,-22.465,1,0.0403,0.883,0.609,0.0484,0.0395,74.97,4
5fqjfiMOFapIb8uFcxBStH,"4uFZsG1vXrPcvnZ4iSQyrx","Mice On Venus","Minecraft - Volume Alpha","C418",2011-03-04,281500,64,spotify:user:31wjwwzlxygo3t6cwkti2xpq34sy,2022-11-02T04:31:01Z,"dream smp,minecraft",0.433,0.0286,0,-17.597,1,0.0527,0.961,0.0102,0.0594,0.0764,110.908,4
1tinoQpYXzpZDrb0BjK1e7,"4uFZsG1vXrPcvnZ4iSQyrx","Wet Hands","Minecraft - Volume Alpha","C418",2011-03-04,90000,65,spotify:user:31wjwwzlxygo3t6cwkti2xpq34sy,2022-11-02T04:31:01Z,"dream smp,minecraft",0.616,0.035,9,-25.836,1,0.0432,0.996,0.939,0.0835,0.643,147.712,3
7K7E7LKK51PezScgsvVg9Y,"4uFZsG1vXrPcvnZ4iSQyrx","Key","Minecraft - Volume Alpha","C418",2011-03-04,65000,65,spotify:user:31wjwwzlxygo3t6cwkti2xpq34sy,2022-11-02T04:31:01Z,"dream smp,minecraft",0.129,0.00376,3,-41.766,0,0.0379,0.993,0.382,0.0774,0.0376,147.148,5
1OJxI8lIWRqBvouJxW1nzN,"4uFZsG1vXrPcvnZ4iSQyrx","Subwoofer Lullaby","Minecraft - Volume Alpha","C418",2011-03-04,208562,66,spotify:user:31wjwwzlxygo3t6cwkti2xpq34sy,2022-11-02T04:31:01Z,"dream smp,minecraft",0.329,0.0141,0,-23.72,1,0.0398,0.921,0.919,0.104,0.0387,74.011,4
6xwhCiWXREsAIQVZqHswVw,"4uFZsG1vXrPcvnZ4iSQyrx","Minecraft","Minecraft - Volume Alpha","C418",2011-03-04,254000,66,spotify:user:31wjwwzlxygo3t6cwkti2xpq34sy,2022-11-02T04:31:01Z,"dream smp,minecraft",0.206,0.0154,1,-22.923,1,0.0426,0.98,0.636,0.0662,0.116,83.68,3
4RROfcxQXFIwW0ugcZfdC4,"4uFZsG1vXrPcvnZ4iSQyrx","Haggstrom","Minecraft - Volume Alpha","C418",2011-03-04,204000,61,spotify:user:31wjwwzlxygo3t6cwkti2xpq34sy,2022-11-02T04:31:01Z,"dream smp,minecraft",0.771,0.179,4,-16.702,0,0.064,0.971,0.811,0.0685,0.0374,112.018,1
1gNcPHAiVIQZmqJFJdt3ti,"4uFZsG1vXrPcvnZ4iSQyrx","Dry Hands","Minecraft - Volume Alpha","C418",2011-03-04,68500,62,spotify:user:31wjwwzlxygo3t6cwkti2xpq34sy,2022-11-02T04:31:01Z,"dream smp,minecraft",0.68,0.00713,6,-22.499,0,0.0873,0.992,0.711,0.104,0.342,117.793,4
4NsPgRYUdHu2Q5JRNgXYU5,"4uFZsG1vXrPcvnZ4iSQyrx","Sweden","Minecraft - Volume Alpha","C418",2011-03-04,215500,67,spotify:user:31wjwwzlxygo3t6cwkti2xpq34sy,2022-11-02T04:31:01Z,"dream smp,minecraft",0.642,0.01,2,-25.164,1,0.0446,0.992,0.945,0.103,0.197,87.971,4
3llcyZnL04lIUQAiBCFng1,"57DlMWmbVIf2ssJ8QBpBau","Can You Really Call This A Hotel, I Didn't Receive A Mint On My Pillow Or Anything","UNDERTALE Soundtrack","Toby Fox",2015-09-15,61417,50,spotify:user:31wjwwzlxygo3t6cwkti2xpq34sy,2022-11-02T04:31:01Z,"dream smp,indie game soundtrack,undertale",0.609,0.939,6,-10.766,1,0.0361,0.232,0.957,0.156,0.988,127.056,4
1jDMi92a9zNQuPD3uPMkla,"57DlMWmbVIf2ssJ8QBpBau","Fallen Down","UNDERTALE Soundtrack","Toby Fox",2015-09-15,57818,71,spotify:user:31wjwwzlxygo3t6cwkti2xpq34sy,2022-11-02T04:31:01Z,"dream smp,indie game soundtrack,undertale",0.624,0.66,2,-12.779,1,0.0569,0.797,0.786,0.114,0.871,110.021,3
64uPVmQ8hXjhxZXUWGIYr3,"1yH2ZjYHWeStR8K6Z7xYoL","Stars Shine Like Pepperonis","Work at a Pizza Place (Original Game Soundtrack)","Kyle Allen Music",2016-12-31,113933,24,spotify:user:31wjwwzlxygo3t6cwkti2xpq34sy,2022-11-02T04:31:01Z,"antiviral pop,fnaf,otacore",0.26,0.0369,7,-22.508,1,0.0419,0.987,0.114,0.145,0.14,80.037,4
3FXhJjb7DjvTcQQvW2fbur,"1yH2ZjYHWeStR8K6Z7xYoL","Almost Closing Time","Work at a Pizza Place (Original Game Soundtrack)","Kyle Allen Music",2016-12-31,111907,24,spotify:user:31wjwwzlxygo3t6cwkti2xpq34sy,2022-11-02T04:31:01Z,"antiviral pop,fnaf,otacore",0.285,0.0569,0,-19.524,1,0.0367,0.936,0.91,0.112,0.0397,127.286,3
2w99dFF5FuzXgp2etHKVzF,"1yH2ZjYHWeStR8K6Z7xYoL","An Afternoon Appetite","Work at a Pizza Place (Original Game Soundtrack)","Kyle Allen Music",2016-12-31,123135,19,spotify:user:31wjwwzlxygo3t6cwkti2xpq34sy,2022-11-02T04:31:01Z,"antiviral pop,fnaf,otacore",0.786,0.311,7,-19.777,1,0.0357,0.864,0.78,0.133,0.785,130.038,4
6FtEYXxrWTGKjCHUmH6sv4,"1yH2ZjYHWeStR8K6Z7xYoL","Good Morning Pizzeria!","Work at a Pizza Place (Original Game Soundtrack)","Kyle Allen Music",2016-12-31,179536,21,spotify:user:31wjwwzlxygo3t6cwkti2xpq34sy,2022-11-02T04:31:01Z,"antiviral pop,fnaf,otacore",0.791,0.124,0,-19.429,1,0.0962,0.988,0.967,0.108,0.57,110.001,4
26ZzSLUJMmYp5u1hDELEWH,"7K3zpFXBvPcvzhj7zlGJdO","Transgender","(III)","Crystal Castles",2012-01-01,184760,75,spotify:user:31wjwwzlxygo3t6cwkti2xpq34sy,2022-11-02T04:44:27Z,"alternative dance,bitpop,digital hardcore,indietronica,neo-synthpop,new rave,nintendocore",0.522,0.914,7,-8.285,1,0.0379,0.000164,0.847,0.24,0.0364,137.939,3
10nyNJ6zNy2YVYLrcwLccB,"4Z8W4fKeB5YxbusRsdQVPb","No Surprises","OK Computer","Radiohead",1997-05-28,229120,81,spotify:user:31wjwwzlxygo3t6cwkti2xpq34sy,2022-11-04T21:19:52Z,"alternative rock,art rock,melancholia,oxford indie,permanent wave,rock",0.255,0.393,5,-10.654,1,0.0278,0.0577,0.00361,0.113,0.118,76.426,4
2QjOHCTQ1Jl3zawyYOpxh6,"77SW9BnxLY8rJ0RciFqkHh","Sweater Weather","I Love You.","The Neighbourhood",2013-04-19,240400,92,spotify:user:31wjwwzlxygo3t6cwkti2xpq34sy,2022-11-05T01:36:47Z,"modern alternative rock,modern rock,pop,shimmer pop",0.612,0.807,10,-2.81,1,0.0336,0.0495,0.0177,0.101,0.398,124.053,4
4wEuNvb7oG8oZYrZPZ9rPr,"5AyEXCtu3xnnsTGCo4RVZh","Me and the Birds","Contemporary Movement","Duster",2000-08-22,95226,71,spotify:user:31wjwwzlxygo3t6cwkti2xpq34sy,2022-11-05T01:38:39Z,"indie pop,slowcore",0.475,0.531,8,-6.552,0,0.0317,0.752,0.0634,0.53,0.223,119.643,4
6WlmEymaXKMRs3D2c4j6os,"5AyEXCtu3xnnsTGCo4RVZh","Inside Out","Stratosphere","Duster",1998-02-24,141040,75,spotify:user:31wjwwzlxygo3t6cwkti2xpq34sy,2022-11-05T01:40:08Z,"indie pop,slowcore",0.553,0.465,9,-9.664,1,0.0301,0.84,0.97,0.102,0.652,79.223,4
2R4AlwtrrkMaRKojcTIzmL,"3Sz7ZnJQBIHsXLUSo0OQtM","For the First Time","This Old Dog","Mac DeMarco",2017-05-05,182306,80,spotify:user:31wjwwzlxygo3t6cwkti2xpq34sy,2022-11-05T01:40:48Z,"edmonton indie,lo-fi indie",0.551,0.529,5,-10.469,0,0.0517,0.296,0.0093,0.178,0.521,75.515,4
2vWBUC9djv6BtiGlmKiQaH,"6FugQjLquBF4JzATRN70bR","YKWIM?","Bipolar","Yot Club",2019-05-31,212750,82,spotify:user:31wjwwzlxygo3t6cwkti2xpq34sy,2022-11-05T01:42:18Z,"bedroom pop,indie pop",0.372,0.537,9,-7.623,1,0.0305,0.937,0.873,0.287,0.228,123.735,3
2QzKAF0y1BQhxwg8N05Uog,"3Sz7ZnJQBIHsXLUSo0OQtM","Watching Him Fade Away","This Old Dog","Mac DeMarco",2017-05-05,143080,73,spotify:user:31wjwwzlxygo3t6cwkti2xpq34sy,2022-11-05T01:43:27Z,"edmonton indie,lo-fi indie",0.74,0.072,3,-17.984,1,0.0713,0.981,0.00698,0.111,0.297,139.081,4
7sIx70dGj3VBiHWr0KZXfD,"0m5FakHKCQdA7UN0PIzMcL","Blondie","Wild Heart","Current Joys",2013-01-02,194733,74,spotify:user:31wjwwzlxygo3t6cwkti2xpq34sy,2022-11-05T01:44:58Z,"indie pop,lo-fi indie",0.776,0.626,6,-12.561,1,0.0396,0.622,0.899,0.086,0.866,122.072,4
1MXOWbSCEjoGwivtIMnlBV,"5AyEXCtu3xnnsTGCo4RVZh","Constellations","Stratosphere","Duster",1998-02-24,223200,66,spotify:user:31wjwwzlxygo3t6cwkti2xpq34sy,2022-11-05T01:46:44Z,"indie pop,slowcore",0.865,0.326,2,-12.607,1,0.0644,0.897,0.854,0.109,0.144,110.328,4
3HfEgAaf0koxBpBB8NvGda,"3G3Gdm0ZRAOxLrbyjfhii5","When You Sleep","Loveless","my bloody valentine",1991-11-04,251933,64,spotify:user:31wjwwzlxygo3t6cwkti2xpq34sy,2022-11-05T01:48:16Z,"alternative rock,dream pop,noise pop,rock,shoegaze",0.4,0.82,11,-12.281,1,0.0466,0.000295,0.79,0.236,0.135,128.894,4
1xK59OXxi2TAAAbmZK0kBL,"5y8tKLUfMvliMe8IKamR32","Romantic Homicide","Romantic Homicide","d4vd",2022-07-20,132630,93,spotify:user:31wjwwzlxygo3t6cwkti2xpq34sy,2022-11-05T01:49:49Z,"bedroom pop",0.571,0.544,6,-10.613,1,0.0299,0.453,0.00805,0.322,0.216,132.052,4
1aXV8GrmQLvgoFtBPERP7E,"3XxNRirzbjfLdDli06zMaB","Jealous","Jealous","Eyedress",2019-12-06,122338,83,spotify:user:31wjwwzlxygo3t6cwkti2xpq34sy,2022-11-05T01:50:58Z,"noise pop",0.474,0.921,9,-10.431,0,0.0457,0.00491,0.85,0.476,0.696,93.01,4
1KIJclzEbNhSVw8tiHPWwE,"0U7iI0Dk4Ojvi17nZboNO4","Young","Vibes","Vacations",2016,189160,82,spotify:user:31wjwwzlxygo3t6cwkti2xpq34sy,2022-11-08T06:34:31Z,"newcastle nsw indie",0.498,0.81,7,-4.065,1,0.0263,0.00392,0.00717,0.0635,0.594,79.935,4
0Qr61NXlyAeQaADO5xn3rI,"1QAJqy2dA3ihHBFIHRphZj","Cry","Cry","Cigarettes After Sex",2019-10-25,256800,76,spotify:user:31wjwwzlxygo3t6cwkti2xpq34sy,2022-11-08T06:35:08Z,"ambient pop,dream pop,el paso indie,pop,shoegaze",0.409,0.399,7,-10.456,1,0.0275,0.763,0.654,0.112,0.161,142.823,4
5UWwZ5lm5PKu6eKsHAGxOk,"7jy3rLJdDQY21OgRLCZ9sD","Everlong","The Colour And The Shape","Foo Fighters",1997-05-20,250546,82,spotify:user:31wjwwzlxygo3t6cwkti2xpq34sy,2022-11-08T06:36:50Z,"alternative metal,alternative rock,modern rock,permanent wave,post-grunge,rock",0.413,0.881,11,-5.541,0,0.0367,0.0000599,0.000308,0.0805,0.364,158.066,4
0UV5zxRMz6AO4ZwUOZNIKI,"4mLJ3XfOM5FPjSAWdQ2Jk7","Where'd All the Time Go?","Shame, Shame (Deluxe Edition)","Dr. Dog",2010-11-02,234800,76,spotify:user:31wjwwzlxygo3t6cwkti2xpq34sy,2022-11-08T06:40:11Z,"indie folk,indie rock,modern folk rock,modern rock,philly indie,rock,stomp and holler",0.454,0.82,2,-4.193,1,0.0567,0.132,0.000969,0.115,0.575,166.303,4
5Zf25eS8E1znm9mez4cGsm,"08tfDO4dSrwxax35a3HIMC","Reflections","ひとつぶの海","Toshifumi Hinata",1986-11-28,130693,68,spotify:user:31wjwwzlxygo3t6cwkti2xpq34sy,2022-11-14T00:49:14Z,"japanese soundtrack",0.224,0.146,9,-16.331,0,0.0338,0.961,0.712,0.113,0.142,94.255,3
