Spotify ID,Artist IDs,Track Name,Album Name,Artist Name(s),Release Date,Duration (ms),Popularity,Added By,Added At,Genres,Danceability,Energy,Key,Loudness,Mode,Speechiness,Acousticness,Instrumentalness,Liveness,Valence,Tempo,Time Signature
3U4isOIWM3VvDubwSI3y7a,"5y2Xq6xcjJb2jVM54GHK3t","All of Me","Love In The Future (Expanded Edition)","John Legend",2013-08-30,269560,84,spotify:user:pantsswag21,2020-09-18T07:46:13Z,"neo soul,pop,pop soul,r&b,urban contemporary",0.422,0.264,8,-7.064,1,0.0322,0.922,0,0.132,0.331,119.93,4
2u6fRGcaBhpI4uNBHpGv0b,"2PfBzriIMRsCXPDtSy9vg8","Hallelujah","Vibrate: The Best Of (Deluxe Edition)","Rufus Wainwright",2013-01-01,251586,61,spotify:user:pantsswag21,2020-09-18T07:46:49Z,"canadian pop,chamber pop,melancholia,piano rock,singer-songwriter",0.367,0.156,9,-10.052,0,0.0314,0.88,0,0.0972,0.44,73.138,4
6MDTpYxPFL0wtFd0pjfKws,"1g1yxsNVPhMUl9GrMjEb2o","Rhythm Of Love","Wonders Of The Younger","Plain White T's",2010-01-01,200200,62,spotify:user:pantsswag21,2020-09-18T07:47:35Z,"neo mellow,pop punk,pop rock",0.531,0.542,8,-7.721,1,0.0432,0.356,0,0.119,0.726,171.878,4
34gCuhDGsG4bRPIf9bb02f,"6eUKZXaKkcviH0Ku9w2n3V","Thinking out Loud","x (Deluxe Edition)","Ed Sheeran",2014-06-21,281560,83,spotify:user:pantsswag21,2020-09-18T07:48:04Z,"pop,uk pop",0.781,0.445,2,-6.061,1,0.0295,0.474,0,0.184,0.591,78.998,4
5uCax9HTNlzGybIStD3vDh,"4IWBUUAFIplrNtaOHcJPRM","Say You Won't Let Go","Back from the Edge","James Arthur",2016-10-28,211466,84,spotify:user:pantsswag21,2022-09-05T20:25:50Z,"pop,talent show,uk pop",0.358,0.557,10,-7.398,1,0.059,0.695,0,0.0902,0.494,85.043,4
6YnauKvhKMFOX63RwmiCwH,"7gOdHgIoIKoe4i9Tta6qdD","When You Look Me in the Eyes","Jonas Brothers","Jonas Brothers",2007-08-07,249693,0,spotify:user:pantsswag21,2020-09-18T07:48:16Z,"boy band,dance pop,pop,post-teen pop",0.393,0.767,2,-3.685,1,0.0337,0.0269,0,0.27,0.506,136.047,4
0JlPOiJFrlFnC5QHcLPyPV,"7gOdHgIoIKoe4i9Tta6qdD","Lovebug","A Little Bit Longer","Jonas Brothers",2008-08-12,220693,0,spotify:user:pantsswag21,2020-09-18T07:48:20Z,"boy band,dance pop,pop,post-teen pop",0.597,0.499,4,-6.216,1,0.0581,0.126,0,0.214,0.521,79.071,4
6DibQfKyUW9juWk0OipUcL,"2oX42qP5ineK3hrhBECLmj","I Choose You","Crazy Beautiful EP","Andy Grammer",2016-11-18,194813,42,spotify:user:pantsswag21,2020-09-18T07:48:35Z,"dance pop,neo mellow,pop,pop rap,pop rock,post-teen pop",0.416,0.745,4,-3.852,0,0.0639,0.253,0,0.347,0.449,80.7,4
4ODWgs1CVAZKDbryEodjiz,"1Mxqyy3pSjf8kZZL4QVxS0","Theme From New York, New York","Ultimate Sinatra","Frank Sinatra",2015-04-21,204146,55,spotify:user:pantsswag21,2020-09-18T07:50:27Z,"adult standards,easy listening,lounge",0.407,0.589,2,-5.32,1,0.03,0.547,0,0.281,0.559,109.009,4
44AyOl4qVkzS48vBsbNXaC,"43ZHCT0cAZBISjO8DG9PnE","Can't Help Falling in Love","Blue Hawaii","Elvis Presley",1961-10-20,182360,79,spotify:user:pantsswag21,2020-09-18T07:51:06Z,"rock-and-roll,rockabilly",0.396,0.293,2,-14.062,1,0.0275,0.941,0.000196,0.105,0.343,100.307,3
0tgVpDi06FyKpA1z0VMD4v,"6eUKZXaKkcviH0Ku9w2n3V","Perfect","÷ (Deluxe)","Ed Sheeran",2017-03-03,263400,86,spotify:user:pantsswag21,2020-09-18T07:52:13Z,"pop,uk pop",0.599,0.448,8,-6.312,1,0.0232,0.163,0,0.106,0.168,95.05,3
2JqnpexlO9dmvjUMCaLCLJ,"25u4wHJWxCA9vO0CzxAbK7","Love Someone","Love Someone","Lukas Graham",2018-09-07,205463,65,spotify:user:pantsswag21,2020-09-18T07:52:38Z,"danish pop,pop,scandipop",0.55,0.415,9,-6.557,0,0.052,0.161,0,0.108,0.274,172.065,4
6lvsJDZ7336YmpBzcNGhbe,"5ZsFI1h6hIdQRw2ti0hz81","fOoL fOr YoU","Mind Of Mine (Deluxe Edition)","ZAYN",2016-03-25,202213,67,spotify:user:pantsswag21,2020-09-18T07:52:45Z,"dance pop,pop,post-teen pop,uk pop",0.52,0.513,7,-7.208,1,0.0256,0.281,0,0.0976,0.17,77.903,4
5FPnjikbwlDMULCCCa6ZCJ,"0hEurMDQu99nJRq8pTxO14","Daughters","Heavier Things","John Mayer",2003-09-09,237906,65,spotify:user:pantsswag21,2022-05-26T01:59:25Z,"neo mellow,singer-songwriter",0.674,0.413,2,-7.816,1,0.0274,0.836,0.0000195,0.098,0.503,124.893,3
6RM4uRehk0XvKUzYO3Y93L,"152y903Cqyk9GVl6amOtuD","Ah Koritsi Mou","Mikres Fotografies","Giannis Ploutarhos",2001-01-01,233400,45,spotify:user:pantsswag21,2020-09-18T07:52:51Z,"greek pop,laiko",0.507,0.549,10,-7.027,0,0.0376,0.67,0,0.0953,0.469,104.168,4
3JvrhDOgAt6p7K8mDyZwRd,"10exVja0key0uqUkk6LJRT","Riptide","Dream Your Life Away (Special Edition)","Vance Joy",2014-09-09,204280,79,spotify:user:pantsswag21,2020-09-18T07:52:56Z,"folk-pop,pop",0.484,0.731,1,-6.694,1,0.0379,0.431,0,0.151,0.51,101.654,4
2qHiyBpxyOXnRGG3t2iE96,"6p5JxpTc7USNnBnLzctyd4","Gone, Gone, Gone","The World From The Side Of The Moon","Phillip Phillips",2012-01-01,209693,66,spotify:user:pantsswag21,2022-05-22T19:10:50Z,"folk-pop,neo mellow,pop rock",0.664,0.642,6,-5.961,1,0.038,0.129,0,0.114,0.501,118.002,4
5Hroj5K7vLpIG4FNCRIjbP,"0MlOPi3zIDMVrfA9R04Fe3","Best Day Of My Life","Oh, What A Life","American Authors",2014-01-01,194240,78,spotify:user:pantsswag21,2022-05-22T19:10:56Z,"indie poptimism,modern rock,pop rock",0.673,0.902,2,-2.392,1,0.0346,0.0591,0.000262,0.0558,0.538,100.012,4
6FE2iI43OZnszFLuLtvvmg,"2l35CQqtYRh3d8ZIiBep4v","Classic","MKTO","MKTO",2012,175426,80,spotify:user:pantsswag21,2022-05-22T19:15:51Z,"dance pop,pop,pop rap,pop rock,post-teen pop,uk pop",0.72,0.791,1,-4.689,1,0.124,0.0384,0,0.157,0.756,102.071,4
6s8nHXTJVqFjXE4yVZPDHR,"3whuHq0yGx60atvA2RCVRW,0jnsk9HBra6NMjO2oANoPY","Troublemaker (feat. Flo Rida)","Right Place Right Time (Expanded Edition)","Olly Murs,Flo Rida",2012-11-26,185586,73,spotify:user:pantsswag21,2022-05-22T19:30:21Z,"dance pop,pop,pop dance,post-teen pop,talent show,uk pop,edm,miami hip hop,pop rap",0.762,0.863,0,-3.689,0,0.0561,0.015,0,0.125,0.965,106.012,4
1EzrEOXmMH3G43AXT1y7pA,"4phGZZrJZRo4ElhRtViYdl","I'm Yours","We Sing. We Dance. We Steal Things.","Jason Mraz",2008-05-12,242946,79,spotify:user:pantsswag21,2020-09-18T07:53:01Z,"acoustic pop,neo mellow,pop,pop rock",0.703,0.444,11,-9.331,1,0.0417,0.559,0,0.0973,0.712,150.96,4
3kZC0ZmFWrEHdUCmUqlvgZ,"0YrtvWJMgSdVrk3SfNjTbx","I Will Follow You into the Dark","Plans","Death Cab for Cutie",2005-08-29,189186,65,spotify:user:pantsswag21,2020-09-18T07:53:07Z,"indie pop,indie rock,modern rock,washington indie",0.517,0.206,5,-12.233,1,0.0421,0.924,0,0.118,0.489,80.401,4
7qEHsqek33rTcFNT9PFqLf,"4GNC7GD6oZMSxPGyXy4MNB","Someone You Loved","Divinely Uninspired To A Hellish Extent","Lewis Capaldi",2019-05-17,182160,86,spotify:user:pantsswag21,2020-09-18T07:53:13Z,"pop,uk pop",0.501,0.405,1,-5.679,1,0.0319,0.751,0,0.105,0.446,109.891,4
3I09LQbHS3NSU46Ly3tPpR,"1GxkXlMwML1oSg5eLPiAz3","Feeling Good","It's Time","Michael Bublé",2005-02-07,237333,67,spotify:user:pantsswag21,2020-09-18T07:53:23Z,"adult standards,canadian pop,jazz pop,lounge",0.535,0.548,1,-6.51,1,0.037,0.533,0.00000148,0.123,0.477,115.144,3
4T6HLdP6OcAtqC6tGnQelG,"1GxkXlMwML1oSg5eLPiAz3","Everything","Call Me Irresponsible","Michael Bublé",2007-04-30,212373,71,spotify:user:pantsswag21,2020-09-18T07:53:27Z,"adult standards,canadian pop,jazz pop,lounge",0.686,0.688,6,-4.981,0,0.0254,0.39,0.00000103,0.0924,0.493,123.125,4
2gMXnyrvIjhVBUZwvLZDMP,"4GNC7GD6oZMSxPGyXy4MNB","Before You Go","Divinely Uninspired To A Hellish Extent (Extended Edition)","Lewis Capaldi",2019-11-22,215106,82,spotify:user:pantsswag21,2020-09-18T07:53:35Z,"pop,uk pop",0.459,0.575,3,-4.858,1,0.0573,0.604,0,0.0885,0.183,111.881,4
4nVBt6MZDDP6tRVdQTgxJg,"4AK6F7OLvEQ5QYCBNiQWHq","Story of My Life","Midnight Memories (Deluxe)","One Direction",2013-11-25,245493,82,spotify:user:pantsswag21,2022-05-22T19:10:41Z,"boy band,pop,post-teen pop,talent show",0.6,0.663,3,-5.802,1,0.0477,0.225,0,0.119,0.286,121.07,4
0KAiuUOrLTIkzkpfpn9jb9,"3FUY2gzHeIiaesXtOAdB7A","Drive By","California 37","Train",2012-04-17,195973,77,spotify:user:pantsswag21,2020-09-18T07:53:40Z,"dance pop,neo mellow,pop,pop rock",0.765,0.837,1,-3.113,0,0.032,0.00107,0.0000106,0.0801,0.721,122.028,4
3kgCJPXDlnL5bl1HFesHUi,"1E2AEtxaFaJtH0lO7kgNKw","Every Little Thing","Yours","Russell Dickerson",2017-06-16,190640,65,spotify:user:pantsswag21,2022-09-07T21:30:13Z,"contemporary country,country,country road",0.637,0.853,1,-4.664,1,0.109,0.216,0,0.0357,0.861,93.87,4
0KpfYajJVVGgQ32Dby7e9i,"3FUY2gzHeIiaesXtOAdB7A","Hey, Soul Sister","Hey, Soul Sister","Train",2009-08-06,216666,0,spotify:user:pantsswag21,2020-09-18T07:54:46Z,"dance pop,neo mellow,pop,pop rock",0.675,0.885,1,-4.432,0,0.0436,0.217,0,0.086,0.768,97.03,4
5kNe7PE09d6Kvw5pAsx23n,"6x2LnllRG5uGarZMsD4iO8","Die A Happy Man","Tangled Up","Thomas Rhett",2015-01-01,227426,72,spotify:user:pantsswag21,2020-09-18T07:54:59Z,"contemporary country,country,country road",0.595,0.389,2,-9.245,1,0.0349,0.418,0.00000139,0.116,0.4,166.052,4
2TAcwD5KcV9uY3O1tLGV15,"0Bvs8yPjrQSbmVIRqSg1Sp","Are You Gonna Kiss Me Or Not","Thompson Square","Thompson Square",2011-02-08,184920,65,spotify:user:pantsswag21,2022-05-22T19:30:59Z,"contemporary country,country,country dawn,country road,modern country rock",0.485,0.701,8,-3.807,1,0.0288,0.039,0,0.0977,0.613,151.948,4
3fqwjXwUGN6vbzIwvyFMhx,"4YLtscXsxbVgi031ovDDdh","Tennessee Whiskey","Traveller","Chris Stapleton",2015-05-04,293293,80,spotify:user:pantsswag21,2020-09-18T07:55:21Z,"contemporary country,outlaw country",0.392,0.37,9,-10.888,1,0.0298,0.205,0.0096,0.0821,0.512,48.718,4
7fiFJADUcHwTdYLmnZeLAy,"7gOdHgIoIKoe4i9Tta6qdD","Hesitate","Happiness Begins","Jonas Brothers",2019-06-07,208840,54,spotify:user:pantsswag21,2020-09-18T07:55:30Z,"boy band,dance pop,pop,post-teen pop",0.622,0.485,2,-7.259,1,0.0322,0.227,0,0.0889,0.236,118.051,4
3Yn97I3qIj7Px0Bi4rkD2q,"5lLVsxABqSuosfqAoLQeXV","Evermore","Beauty and the Beast (Original Motion Picture Soundtrack/Deluxe Edition)","Dan Stevens",2017-03-10,194541,63,spotify:user:pantsswag21,2020-09-18T07:57:45Z,"disney",0.285,0.396,1,-8.741,1,0.0318,0.674,0.000066,0.102,0.219,79.442,3
2bwSCIuNtVrQPVddCi8sOW,"6sLwRSXSUF5JTUnQaFenyj,1kB7GlXzdNWl28zLcOkQqU,40xbWSB4JPdOkRyuTDy1oP,5mnS9jJdKQQcRSqFu5YPVe,6pItJ6ijL7bMCneuwqRreN","Where You Are","Moana (Original Motion Picture Soundtrack/Deluxe Edition)","Christopher Jackson,Rachel House,Nicole Scherzinger,Auli'i Cravalho,Louise Bush",2016-11-18,210320,67,spotify:user:pantsswag21,2020-09-18T07:58:00Z,"hollywood,show tunes,waiata mo tamariki,dance pop,electropop,post-teen pop,uk pop,disney,movie tunes",0.707,0.656,4,-9.279,1,0.173,0.743,0,0.172,0.748,118.037,4
2rm72l5pjfby1cWvPMUojI,"4sZw3BLoQ9SniX4mcoh80b","Go the Distance","Hercules (Original Motion Picture Soundtrack)","Roger Bart",1997-01-01,194160,0,spotify:user:pantsswag21,2020-09-18T07:58:09Z,"broadway,disney,hollywood,movie tunes,show tunes",0.218,0.124,9,-17.112,1,0.0326,0.88,0.00159,0.0845,0.172,86.614,4
6YXG34IWbilypPwjBTOrUC,"2gUMs9PE8XZVQyzCDqaYmW,6G9bygHlCyPgNGxK2l3YdE,6U1dBXJhC8gXFjamvFTmHg,3xvaSlT4xsyk6lY1ESOspO","Can I Have This Dance","High School Musical 3: Senior Year","High School Musical Cast,Vanessa Hudgens,Zac Efron,Disney",2008-01-01,243773,64,spotify:user:pantsswag21,2022-05-22T19:10:32Z,"dance pop,post-teen pop,pop,hollywood,show tunes",0.555,0.619,0,-5.246,1,0.0296,0.203,0,0.265,0.426,136.069,3
1hwdPQtFHISvZ9SXMkNrIK,"1GlMjIezcLwV3OFlX0uXOv,3dAzSJ9lQnJSq5Z0OgDBep,3xvaSlT4xsyk6lY1ESOspO","A Whole New World","Aladdin Special Edition","Lea Salonga,Brad Kane,Disney",2004-01-01,160800,67,spotify:user:pantsswag21,2020-09-18T07:59:11Z,"hollywood,movie tunes,show tunes,tagalog worship,disney",0.283,0.227,0,-15.793,1,0.0366,0.846,0.00000208,0.1,0.128,121.419,4
75VAFZAhvPSw1euEHg1fQU,"6Id8rcDNyBXPcgKQVfQ8rX","Kiss the Girl - Remastered 2014","Walt Disney Records The Legacy Collection: The Little Mermaid","Samuel E. Wright",2014-12-15,160880,56,spotify:user:pantsswag21,2020-09-18T08:00:13Z,"disney,hollywood,movie tunes,show tunes",0.67,0.235,0,-15.638,1,0.047,0.748,0,0.357,0.757,134.932,4
5kqIPrATaCc2LqxVWzQGbk,"25u4wHJWxCA9vO0CzxAbK7","7 Years","Lukas Graham","Lukas Graham",2016-04-01,237300,79,spotify:user:pantsswag21,2020-09-18T08:02:07Z,"danish pop,pop,scandipop",0.765,0.473,10,-5.829,1,0.0514,0.287,0,0.391,0.34,119.992,4
77hjM9bMmgfTGJXv14UFmi,"3FUY2gzHeIiaesXtOAdB7A","Play That Song","a girl a bottle a boat","Train",2017-01-27,243253,64,spotify:user:pantsswag21,2020-09-18T08:03:01Z,"dance pop,neo mellow,pop,pop rock",0.392,0.825,0,-2.068,0,0.0535,0.0231,0.00000225,0.0972,0.482,98.959,4
38YgZVHPWOWsKrsCXz6JyP,"4NGiEU3Pkd8ASRyQR30jcA","Come On Get Higher","Some Mad Hope","Matt Nathanson",2007-01-01,215173,69,spotify:user:pantsswag21,2022-05-22T19:07:10Z,"acoustic pop,neo mellow,pop rock",0.672,0.623,9,-5.699,1,0.0297,0.241,0,0.0848,0.617,92.018,4
0PDUDa38GO8lMxLCRc4lL1,"5ZsFI1h6hIdQRw2ti0hz81","PILLOWTALK","Mind Of Mine (Deluxe Edition)","ZAYN",2016-03-25,202746,77,spotify:user:pantsswag21,2020-09-18T08:04:02Z,"dance pop,pop,post-teen pop,uk pop",0.584,0.7,11,-4.275,1,0.0456,0.117,0,0.0939,0.438,124.944,4
65fpYBrI8o2cfrwf2US4gq,"6U1dBXJhC8gXFjamvFTmHg,6sCbFbEjbYepqswM1vWjjs","Rewrite The Stars","The Greatest Showman (Original Motion Picture Soundtrack)","Zac Efron,Zendaya",2017-12-08,217440,72,spotify:user:pantsswag21,2020-09-18T08:14:06Z,"hollywood,pop,post-teen pop,show tunes,dance pop",0.684,0.619,10,-7.005,1,0.0386,0.0716,0,0.122,0.284,125.046,4
7kDUspsoYfLkWnZR7qwHZl,"6TIYQ3jFPwQSRmorSezPxX,2cFrymmkijnjDg9SS92EPM","my ex's best friend (with blackbear)","Tickets To My Downfall","Machine Gun Kelly,blackbear",2020-09-25,139460,77,spotify:user:pantsswag21,2020-09-27T04:58:30Z,"ohio hip hop,pop,pop rap",0.731,0.675,5,-5.134,0,0.0434,0.00473,0,0.141,0.298,124.939,4
6mADjHs6FXdroPzEGW6KVJ,"6TIYQ3jFPwQSRmorSezPxX","bloody valentine","Tickets To My Downfall","Machine Gun Kelly",2020-09-25,205158,71,spotify:user:pantsswag21,2020-09-27T04:58:47Z,"ohio hip hop,pop,pop rap",0.533,0.858,2,-4.212,1,0.0766,0.00021,0,0.148,0.506,160.057,4
2NniAhAtkRACaMeYt48xlD,"3FUY2gzHeIiaesXtOAdB7A","50 Ways to Say Goodbye","California 37","Train",2012-04-17,247946,67,spotify:user:pantsswag21,2020-10-03T22:12:40Z,"dance pop,neo mellow,pop,pop rock",0.591,0.935,6,-2.664,1,0.0478,0.000284,0.000278,0.142,0.736,140.043,4
4Jz4bjXeiF2SXVj9P4YfY5,"2oX42qP5ineK3hrhBECLmj","Keep Your Head Up","Andy Grammer","Andy Grammer",2011-06-14,189933,69,spotify:user:pantsswag21,2020-10-03T22:23:36Z,"dance pop,neo mellow,pop,pop rap,pop rock,post-teen pop",0.674,0.778,0,-5.367,1,0.0376,0.0469,0,0.145,0.816,90.01,4
5ksoJlQJtduEkwQTo7UN7X,"1dID9zgn0OV0Y8ud7Mh2tS","Cowboys and Angels","Dustin Lynch","Dustin Lynch",2012-08-21,227720,60,spotify:user:pantsswag21,2020-10-05T15:32:17Z,"contemporary country,country,country road,modern country rock",0.355,0.55,10,-5.772,1,0.0285,0.245,0.000032,0.0979,0.26,73.842,4
6OqdF0vHI9xkqswI7EK0cD,"4xFUf1FHVy696Q1JQZMTRj","Cowboy Casanova","Play On","Carrie Underwood",2009,236786,62,spotify:user:pantsswag21,2020-10-05T15:32:22Z,"contemporary country,country,country dawn,oklahoma country,pop",0.597,0.82,5,-2.529,1,0.0582,0.0328,0,0.119,0.576,119.969,4
0pCgobQDYedY2NwByGrlWf,"6yJCxee7QumYr820xdIsjo","My Old Man","Welcome Home","Zac Brown Band",2017-05-12,227222,0,spotify:user:pantsswag21,2020-10-08T02:17:02Z,"contemporary country,country,country road,modern country rock",0.639,0.196,4,-11.478,1,0.0267,0.819,0.0000363,0.0978,0.3,143.907,4
5JnLiuMgRAWoHYOhatFP3s,"1By9QBFnjZAoI83BZppHlt","People Are Crazy","Little Bit Of Everything","Billy Currington",2008-01-01,231360,66,spotify:user:pantsswag21,2022-09-02T19:03:03Z,"contemporary country,country,country road",0.651,0.699,5,-5.006,1,0.0265,0.213,0.000265,0.12,0.36,141.938,4
3dAgQFdruU8ufWc5GE05xC,"13YmWQJFwgZrd4bf5IjMY4","She's Everything","Time Well Wasted","Brad Paisley",2005-08-16,266920,64,spotify:user:pantsswag21,2020-10-20T14:24:04Z,"contemporary country,country,country road",0.355,0.478,0,-8.323,1,0.0334,0.569,0.00000288,0.194,0.271,102.967,4
3XKbdb9GB6u3hsnUklQTav,"13YmWQJFwgZrd4bf5IjMY4","Then","American Saturday Night","Brad Paisley",2009-06-30,321640,61,spotify:user:pantsswag21,2020-10-20T14:26:33Z,"contemporary country,country,country road",0.493,0.643,0,-5.19,1,0.0299,0.512,0.0000243,0.209,0.3,144.704,4
7nJrhBDkUSHASFzopvgygk,"13YmWQJFwgZrd4bf5IjMY4","Little Moments","Hits Alive","Brad Paisley",2010-11-02,221066,45,spotify:user:pantsswag21,2020-10-20T14:26:57Z,"contemporary country,country,country road",0.558,0.551,9,-6.333,1,0.0263,0.245,0.00000419,0.231,0.347,78.374,4
15DeqWWQB4dcEWzJg15VrN,"06HL4z0CvFAxyc27GXpf02","Our Song","Taylor Swift","Taylor Swift",2006-10-24,201106,70,spotify:user:pantsswag21,2022-05-25T23:53:42Z,"pop",0.668,0.672,2,-4.931,1,0.0303,0.111,0,0.329,0.539,89.011,4
6gdLyYNuhWBzqwlOFSsXC7,"718COspgdWOnwOFpJHRZHS","Better Together","What You See Is What You Get","Luke Combs",2019-11-08,219573,74,spotify:user:pantsswag21,2020-10-21T22:52:51Z,"contemporary country,country",0.552,0.225,0,-11.501,1,0.0477,0.827,0,0.111,0.67,138.002,4
6IBcOGPsniK3Pso1wHIhew,"718COspgdWOnwOFpJHRZHS","Forever After All","What You See Ain't Always What You Get (Deluxe Edition)","Luke Combs",2020-10-23,232533,78,spotify:user:pantsswag21,2020-10-29T00:27:53Z,"contemporary country,country",0.487,0.65,0,-5.195,1,0.0253,0.191,0,0.0933,0.456,151.964,4
2qhASBzpbFhPRtrnZ5lLnz,"4b0WsB47XCa9F83BmwQ7WX","Unchained Melody","Just Once In My Life","The Righteous Brothers",1965-04-04,218013,74,spotify:user:pantsswag21,2020-11-10T20:34:09Z,"adult standards,brill building pop,bubblegum pop,rock-and-roll,rockabilly",0.339,0.208,0,-16.725,1,0.0308,0.396,0.000519,0.18,0.288,98.54,3
4KoecuyOpZaNFZ0UqVsllc,"2DnqqkzzDKm3vAoyHtn8So","Follow Me","Double Wide","Uncle Kracker",2000-06-13,218439,70,spotify:user:pantsswag21,2020-11-24T23:38:05Z,"country,pop rock",0.817,0.585,5,-4.688,1,0.0301,0.439,0,0.147,0.916,105.014,4
4u26EevCNXMhlvE1xFBJwX,"75FnCoo4FBxH5K1Rrx0k5A","If I Die Young","The Band Perry","The Band Perry",2010-01-01,222773,67,spotify:user:pantsswag21,2022-05-22T19:10:06Z,"contemporary country,country,country dawn,country road,modern country rock",0.606,0.497,4,-6.611,1,0.0277,0.348,0,0.275,0.362,130.739,4
5pgmgHNxiq9w9XuthMKzJS,"3grHWM9bx2E9vwJCdlRv9O","Beer In Mexico","The Road And The Radio","Kenny Chesney",2005-11-07,271813,57,spotify:user:pantsswag21,2020-11-24T23:39:16Z,"contemporary country,country,country road",0.58,0.906,2,-6.976,1,0.0405,0.00119,0.000579,0.0933,0.476,137.97,4
208bYsadJ56km31IENM2qS,"3grHWM9bx2E9vwJCdlRv9O","No Shoes, No Shirt, No Problems","No Shoes, No Shirt, No Problems","Kenny Chesney",2002-04-02,209666,58,spotify:user:pantsswag21,2020-11-24T23:39:31Z,"contemporary country,country,country road",0.719,0.546,7,-10.239,1,0.032,0.243,0.00844,0.181,0.669,117.925,4
5vLonpxn4VN0A8GtQOBSG0,"3grHWM9bx2E9vwJCdlRv9O,2DnqqkzzDKm3vAoyHtn8So","When the Sun Goes Down","When The Sun Goes Down","Kenny Chesney,Uncle Kracker",2004-01-22,290560,64,spotify:user:pantsswag21,2020-11-24T23:39:41Z,"contemporary country,country,country road,pop rock",0.798,0.741,9,-6.802,1,0.0284,0.0432,0.000003,0.252,0.708,104.945,4
0RFgvrhkf9FiDRLA0BhzpZ,"2DnqqkzzDKm3vAoyHtn8So","Drift Away","No Stranger to Shame","Uncle Kracker",2002-07-09,255560,66,spotify:user:pantsswag21,2020-11-24T23:39:51Z,"country,pop rock",0.583,0.66,11,-5.078,1,0.0377,0.181,0,0.0979,0.861,151.956,4
3xdjjKMcMOFgo1eQrfbogM,"7FY5V3XMwlNBPitEjXowHQ","Wagon Wheel","True Believers","Darius Rucker",2013-01-01,298373,77,spotify:user:pantsswag21,2022-05-22T19:07:28Z,"black americana,contemporary country,country,country road",0.537,0.66,9,-7.174,1,0.0296,0.455,0,0.135,0.574,148.096,4
4BXkf6yww23Vdju7E1fUrn,"13YmWQJFwgZrd4bf5IjMY4,5J6L7N6B4nI1M5cwa29mQG","Whiskey Lullaby (feat. Alison Krauss)","Hits Alive","Brad Paisley,Alison Krauss",2010-11-02,259453,63,spotify:user:pantsswag21,2020-11-24T23:40:13Z,"contemporary country,country,country road,bluegrass,folk,lilith,progressive bluegrass,singer-songwriter",0.587,0.35,2,-10.954,1,0.0318,0.74,0,0.156,0.17,74.479,4
3qrE75eXkASxoMG8wJvWSk,"13YmWQJFwgZrd4bf5IjMY4","The World","Hits Alive","Brad Paisley",2010-11-02,241680,42,spotify:user:pantsswag21,2020-11-24T23:40:38Z,"contemporary country,country,country road",0.446,0.947,4,-6.594,1,0.052,0.302,0.000692,0.0979,0.88,176.798,4
4HHtqzri9jrmAGFyucxkLG,"13YmWQJFwgZrd4bf5IjMY4","We Danced","Hits Alive","Brad Paisley",2010-11-02,225680,49,spotify:user:pantsswag21,2020-11-24T23:40:52Z,"contemporary country,country,country road",0.596,0.465,9,-8.511,1,0.0253,0.385,0,0.106,0.141,73.013,4
5MwynWK9s4hlyKHqhkNn4A,"4oUHIQIBe0LHzYfvXNW4QM","Chasin' You","If I Know Me","Morgan Wallen",2018-04-27,205453,79,spotify:user:pantsswag21,2020-11-25T00:44:41Z,"contemporary country,country",0.631,0.591,7,-5.785,1,0.0277,0.657,0,0.11,0.489,97.074,4
7Dxes6VnfbZYV0S2QTnVuT,"2QMsj4XJ7ne2hojxt6v5eb","I Wish Grandpas Never Died","Different 'Round Here","Riley Green",2019-09-20,250413,67,spotify:user:pantsswag21,2022-05-22T19:07:33Z,"contemporary country,country,country road",0.445,0.492,6,-5.717,1,0.0294,0.036,0,0.122,0.24,148.013,4
2o3qA8lOCXZ8cRGhuWNT4J,"3FUY2gzHeIiaesXtOAdB7A","Mermaid","California 37","Train",2012-04-17,196933,50,spotify:user:pantsswag21,2020-11-25T18:07:37Z,"dance pop,neo mellow,pop,pop rock",0.72,0.883,8,-3.455,1,0.0398,0.0146,0,0.102,0.921,104.008,4
6aOdhGqD0xuFM0OauOedNl,"696fbyLHSMBSYjDrDU5yiK","Stealing Cinderella","Starting Now","Chuck Wicks",2008,242986,49,spotify:user:pantsswag21,2022-05-25T23:35:18Z,"contemporary country,country,country pop,country road,modern country rock",0.486,0.394,8,-8.728,1,0.0305,0.454,0.0000162,0.122,0.32,69.467,4
2dRPQFwPqAmc42mDRnsDQu,"4xFUf1FHVy696Q1JQZMTRj","All-American Girl","Carnival Ride","Carrie Underwood",2007-10-23,212173,63,spotify:user:pantsswag21,2022-05-25T23:35:22Z,"contemporary country,country,country dawn,oklahoma country,pop",0.624,0.805,9,-2.632,1,0.029,0.0466,0,0.328,0.77,123.991,4
0RoA7ObU6phWpqhlC9zH4Z,"2cQr2KbzdRtIFlfbHGnNsL,5F1aoppMtU3OMiltO8ymJ2,2LAqcqAQ8KPTsl1HBgBrqM","A Million Dreams","The Greatest Showman (Original Motion Picture Soundtrack)","Ziv Zaifman,Hugh Jackman,Michelle Williams",2017-12-08,269453,73,spotify:user:pantsswag21,2020-12-13T02:39:12Z,"show tunes,hollywood",0.265,0.312,7,-11.689,1,0.0569,0.243,0,0.0893,0.0998,54.747,3
3IkWmgGsXbsafrunwPojXO,"5F1aoppMtU3OMiltO8ymJ2,63nv0hWWDob56Rk8GlNpN8","From Now On","The Greatest Showman (Original Motion Picture Soundtrack)","Hugh Jackman,The Greatest Showman Ensemble",2017-12-08,349560,70,spotify:user:pantsswag21,2020-12-13T02:39:26Z,"hollywood,show tunes,movie tunes",0.516,0.518,4,-10.383,1,0.04,0.00483,0.00895,0.585,0.0834,108.027,4
6nxQdXa1uAL0rY72wPZu89,"5y2Xq6xcjJb2jVM54GHK3t","Love Me Now","DARKNESS AND LIGHT","John Legend",2016-12-02,210293,64,spotify:user:pantsswag21,2020-12-20T15:08:41Z,"neo soul,pop,pop soul,r&b,urban contemporary",0.495,0.762,8,-3.842,1,0.0862,0.591,0,0.0763,0.708,123.893,4
3LK6wDkhbTyg8GhJidU9oC,"6x2LnllRG5uGarZMsD4iO8","Remember You Young","Center Point Road","Thomas Rhett",2019-05-31,180466,58,spotify:user:pantsswag21,2020-12-27T15:37:13Z,"contemporary country,country,country road",0.396,0.51,6,-6.274,1,0.0327,0.355,0,0.113,0.299,113.994,4
1HNkqx9Ahdgi1Ixy2xkKkL,"6eUKZXaKkcviH0Ku9w2n3V","Photograph","x (Deluxe Edition)","Ed Sheeran",2014-06-21,258986,84,spotify:user:pantsswag21,2021-01-12T22:14:51Z,"pop,uk pop",0.614,0.379,4,-10.48,1,0.0476,0.607,0.000464,0.0986,0.201,107.989,4
3Z1kZKYfRC8iRXnYeC5sCJ,"06HL4z0CvFAxyc27GXpf02,6eUKZXaKkcviH0Ku9w2n3V","Everything Has Changed","Red (Big Machine Radio Release Special)","Taylor Swift,Ed Sheeran",2012-10-22,245413,66,spotify:user:pantsswag21,2022-05-22T19:07:46Z,"pop,uk pop",0.624,0.458,6,-6.755,1,0.0287,0.36,0.00000389,0.311,0.436,80.016,4
6lanRgr6wXibZr8KgzXxBl,"7H55rcKCfwqkyDFH9wpKM6","A Thousand Years","A Thousand Years","Christina Perri",2011-10-18,285120,79,spotify:user:pantsswag21,2021-01-12T22:15:01Z,"dance pop,neo mellow,pop,pop rock,post-teen pop",0.421,0.407,10,-7.445,1,0.0267,0.309,0.000961,0.11,0.161,139.028,3
1VdZ0vKfR5jneCmWIUAMxK,"6eUKZXaKkcviH0Ku9w2n3V","The A Team","+","Ed Sheeran",2011-09-09,258373,73,spotify:user:pantsswag21,2021-01-12T22:15:07Z,"pop,uk pop",0.642,0.289,9,-9.918,1,0.0367,0.669,0,0.18,0.407,84.996,4
35QZaWQRkmnAVqBF1TLCxQ,"6eUKZXaKkcviH0Ku9w2n3V","Nancy Mulligan","÷ (Deluxe)","Ed Sheeran",2017-03-03,179786,65,spotify:user:pantsswag21,2021-01-12T22:15:15Z,"pop,uk pop",0.68,0.852,7,-4.35,1,0.0349,0.117,0,0.0866,0.858,101.993,4
0uRrG2jRR5tuifsYIJHEao,"4oUHIQIBe0LHzYfvXNW4QM","Sand In My Boots","Dangerous: The Double Album","Morgan Wallen",2021-01-08,202133,77,spotify:user:pantsswag21,2021-01-12T22:15:24Z,"contemporary country,country",0.403,0.537,3,-6.628,1,0.031,0.59,0,0.112,0.414,69.877,4
0zMzyHAeMvwq5CRstru1Fp,"2WzaAvm2bBCf4pEhyuDgCY","Lost Boy","Safe Haven","Ruth B.",2017-05-05,276066,67,spotify:user:pantsswag21,2022-05-25T23:35:41Z,"alt z,canadian contemporary r&b,canadian pop,pop",0.586,0.128,7,-9.297,1,0.0496,0.963,0,0.0858,0.371,123.498,4
0eBXyY4SatzpE7opnzgXvz,"4oUHIQIBe0LHzYfvXNW4QM","More Than My Hometown","More Than My Hometown","Morgan Wallen",2020-04-17,216573,57,spotify:user:pantsswag21,2021-01-12T22:15:36Z,"contemporary country,country",0.621,0.882,6,-5.01,1,0.0459,0.601,0,0.132,0.574,126.014,4
3cBsEDNhFI9E82vPj3kvi3,"4oUHIQIBe0LHzYfvXNW4QM","Wasted On You","Dangerous: The Double Album","Morgan Wallen",2021-01-08,178520,82,spotify:user:pantsswag21,2021-01-12T22:15:46Z,"contemporary country,country",0.505,0.657,11,-5.24,0,0.0318,0.373,0.00107,0.126,0.252,196,3
0JJP0IS4w0fJx01EcrfkDe,"46gyXjRIvN1NL1eCB8GBxo","Dear Maria, Count Me In","So Wrong, It's Right","All Time Low",2007-09-25,182826,76,spotify:user:pantsswag21,2021-01-19T05:25:49Z,"modern rock,pop punk,rock",0.459,0.895,2,-3.126,1,0.0805,0.00725,0,0.206,0.572,181.04,4
6NhS5LwYbJ6xD7BGvlWRJO,"0BvkDsjIUla7X0k6CSWh1I","One Margarita","One Margarita","Luke Bryan",2020-03-13,193426,63,spotify:user:pantsswag21,2021-01-28T22:22:54Z,"contemporary country,country,country road",0.641,0.842,9,-4.872,1,0.0464,0.0969,0,0.169,0.738,89.997,4
1BECwm5qkaBwlbfo4kpYx8,"20JZFwl6HVl6yg8a4H3ZqK","Death of a Bachelor","Death of a Bachelor","Panic! At The Disco",2016-01-15,203506,70,spotify:user:pantsswag21,2021-01-30T03:29:27Z,"modern rock",0.462,0.538,0,-5.527,1,0.059,0.0137,0,0.429,0.405,139.256,4
38xWaVFKaxZlMFvzNff2aW,"3AQRLZ9PuTAozP28Skbq8V","Breakeven","The Script","The Script",2008-09-08,261426,68,spotify:user:pantsswag21,2021-03-05T19:21:42Z,"celtic rock,neo mellow,pop,pop rock,uk pop",0.627,0.699,10,-4.504,1,0.0244,0.174,0,0.0789,0.535,94.003,4
2dR5WkrpwylTuT3jRWNufa,"1Mxqyy3pSjf8kZZL4QVxS0,2jFZlvIea42ZvcCw4OeEdA","Fly Me To The Moon","Ultimate Sinatra","Frank Sinatra,Count Basie",2015-04-21,147146,59,spotify:user:pantsswag21,2021-03-05T19:21:53Z,"adult standards,easy listening,lounge,big band,harlem renaissance,jazz,jazz piano,stride,swing,vocal jazz",0.67,0.365,0,-10.158,1,0.0564,0.525,0,0.0575,0.45,119.344,4
6j7hih15xG2cdYwIJnQXsq,"5DYAABs8rkY9VhwtENoQCz","Not Over You","Sweeter","Gavin DeGraw",2011-09-16,218520,67,spotify:user:pantsswag21,2021-03-05T19:22:17Z,"neo mellow,pop rock",0.63,0.894,10,-4.592,1,0.0544,0.255,0,0.181,0.364,142.051,4
1TkWsnheqK0gBtvh07BtNX,"1tqhsYv8yBBdwANFNzHtcr,6PXS4YHDkKvl1wkIl4V8DL,5lHRUCqkQZCIWeX7xG4sYT","$ave Dat Money (feat. Fetty Wap & Rich Homie Quan)","Professional Rapper","Lil Dicky,Fetty Wap,Rich Homie Quan",2015-07-31,290835,62,spotify:user:pantsswag21,2021-03-06T03:22:38Z,"comedy rap,pop rap,rap,dance pop,new jersey rap,pop,southern hip hop,trap,atl hip hop,atl trap",0.858,0.697,2,-5.361,1,0.23,0.114,0,0.224,0.364,98.013,4
6rPO02ozF3bM7NnOV4h6s2,"4V8Sr092TqfHkfAA5fXXqG,4VMYDCV2IEDYJArk749S6m,1uNFoZAHBGtllmzznpCI3s","Despacito - Remix","Despacito Feat. Justin Bieber (Remix)","Luis Fonsi,Daddy Yankee,Justin Bieber",2017-04-17,228826,71,spotify:user:pantsswag21,2021-03-06T03:22:49Z,"latin pop,puerto rican pop,latin hip hop,reggaeton,trap latino,canadian pop,pop",0.653,0.816,2,-4.353,1,0.167,0.228,0,0.0967,0.816,178.085,4
6wycnu8FWXsj68ig7BEot9,"0u2FHSq3ln94y5Q57xazwf","Blue Ain't Your Color","Ripcord","Keith Urban",2016-05-06,230600,67,spotify:user:pantsswag21,2021-03-25T21:33:47Z,"australian country,australian pop,contemporary country,country,country road",0.69,0.416,7,-7.865,1,0.0335,0.617,0.00000137,0.102,0.479,82.45,3
0afhq8XCExXpqazXczTSve,"6eUKZXaKkcviH0Ku9w2n3V","Galway Girl","÷ (Deluxe)","Ed Sheeran",2017-03-03,170826,78,spotify:user:pantsswag21,2021-03-25T21:33:58Z,"pop,uk pop",0.624,0.876,9,-3.374,1,0.1,0.0735,0,0.327,0.781,99.943,4
0AS63m1wHv9n4VVRizK6Hc,"7n2wHs1TKAczGzO7Dd2rGr","Mercy","Illuminate (Deluxe)","Shawn Mendes",2017-04-20,208733,81,spotify:user:pantsswag21,2022-05-22T19:08:12Z,"canadian pop,dance pop,pop,viral pop",0.555,0.662,11,-4.952,0,0.0827,0.125,0,0.111,0.356,148.128,4
2rxQMGVafnNaRaXlRMWPde,"718COspgdWOnwOFpJHRZHS","Beautiful Crazy","This One's for You Too (Deluxe Edition)","Luke Combs",2018-06-01,193200,78,spotify:user:pantsswag21,2021-03-25T21:34:25Z,"contemporary country,country",0.551,0.402,11,-7.431,1,0.0262,0.676,0,0.0928,0.382,103.313,4
54OBgO0Xwu20Jak9TMXbR7,"1PKErrAhYFdfrDymGHRQRo","Wellerman - Sea Shanty","Wellerman (Sea Shanty)","Nathan Evans",2021-01-21,155333,77,spotify:user:pantsswag21,2021-03-27T23:58:10Z,"",0.675,0.359,3,-5.157,1,0.108,0.614,0,0.137,0.792,191.903,4
2ISojTv3VUnimEOiLddIw4,"6yJCxee7QumYr820xdIsjo","Whatever It Is","The Foundation","Zac Brown Band",2008-11-17,208213,0,spotify:user:pantsswag21,2021-04-02T18:21:06Z,"contemporary country,country,country road,modern country rock",0.686,0.576,1,-6.633,1,0.0284,0.443,0.0000166,0.212,0.72,83.969,4
2hKdd3qO7cWr2Jo0Bcs0MA,"3FUY2gzHeIiaesXtOAdB7A","Drops of Jupiter (Tell Me)","Drops Of Jupiter","Train",2001-03-27,259933,77,spotify:user:pantsswag21,2021-04-18T12:40:37Z,"dance pop,neo mellow,pop,pop rock",0.481,0.638,0,-5.862,1,0.0276,0.153,0,0.154,0.497,79.064,4
69Sy7207dnixZ6w7RSV9Kb,"47mIJdHORyRerp4os813jD,0Ye4nfYAA91T1X56gnlXAA,1CF8aEN939swnuIZGFI7Hk,3a9qv6NLHnsVxJUtKOMHvD","RISE","RISE","League of Legends,Mako,The Word Alive,The Glitch Mob",2018-09-28,192881,73,spotify:user:pantsswag21,2021-04-28T02:36:15Z,"speedrun,video game music,edm,electropop,pop dance,pop edm,tropical house,melodic metalcore,metalcore,post-screamo,screamo,trancecore,electro house,glitch,glitch hop,indietronica",0.459,0.663,8,-5.939,0,0.1,0.0169,0,0.0621,0.412,176.791,4
7hlA8gMMz6jSp91Twsnuv3,"3xYXYzm9H3RzyQgBrYwIcx","The Devil Wears a Suit and Tie","Imaginary Appalachia","Colter Wall",2015-06-02,236026,67,spotify:user:pantsswag21,2021-05-12T02:55:04Z,"canadian americana,canadian contemporary country,outlaw country,saskatchewan indie",0.625,0.319,6,-12.119,0,0.0805,0.79,0.104,0.0921,0.438,127.799,4
0elmUoU7eMPwZX1Mw1MnQo,"1Mxqyy3pSjf8kZZL4QVxS0","The Way You Look Tonight","Days Of Wine And Roses, Moon River And Other Academy Award Winners","Frank Sinatra",1964,202160,66,spotify:user:pantsswag21,2021-05-20T02:45:12Z,"adult standards,easy listening,lounge",0.622,0.24,5,-14.067,0,0.0363,0.798,0,0.142,0.587,132.234,4
1HwpWwa6bnqqRhK8agG4RS,"2Hjj68yyUPiC0HKEOigcEp","Beautiful Soul","Beautiful Soul","Jesse McCartney",2004-01-01,214226,71,spotify:user:pantsswag21,2022-05-25T23:36:38Z,"dance pop,neo mellow,pop,pop rock,post-teen pop",0.66,0.666,9,-4.342,1,0.0472,0.0759,0,0.0268,0.933,89.975,4
6JyHE2IeTdfdwk7T6nRj0L,"6eUKZXaKkcviH0Ku9w2n3V","I See Fire","The Hobbit: The Desolation of Smaug (Original Motion Picture Soundtrack) [Special Edition]","Ed Sheeran",2013-12-10,300840,0,spotify:user:pantsswag21,2021-05-31T18:59:41Z,"pop,uk pop",0.581,0.0549,10,-20.514,0,0.0397,0.559,0,0.0718,0.234,152.037,4
4QxDOjgpYtQDxxbWPuEJOy,"7v4imS0moSyGdXyLgVTIV7","L-O-V-E","L-O-V-E","Nat King Cole",1992-01-01,155306,70,spotify:user:pantsswag21,2021-06-02T18:28:35Z,"adult standards,vocal jazz",0.425,0.373,4,-7.543,1,0.0801,0.686,0,0.077,0.663,78.231,4
6MhVVeasbZIDjSPrguGLbQ,"6TIYQ3jFPwQSRmorSezPxX,4exLIFE8sISLr28sqG1qNX","Misery Business","Misery Business","Machine Gun Kelly,Travis Barker",2020-03-31,201176,47,spotify:user:pantsswag21,2021-06-17T14:55:52Z,"ohio hip hop,pop,pop rap,rap rock",0.461,0.866,11,-3.586,1,0.152,0.000674,0,0.371,0.716,170.014,4
2VxeLyX666F8uXCJ0dZF8B,"1HY2Jd0NmPuamShAr6KMms,4VIvfOurcf0vuLRxLkGnIG","Shallow","A Star Is Born Soundtrack","Lady Gaga,Bradley Cooper",2018-10-05,215733,83,spotify:user:pantsswag21,2021-06-24T20:32:41Z,"art pop,dance pop,pop,hollywood",0.572,0.385,7,-6.362,1,0.0308,0.371,0,0.231,0.323,95.799,4
227zkOoNpqRrzEPxvVRiF5,"3jOstUTkEu2JkjvRdBA5Gu","Lost in the Woods - Weezer Version","Frozen 2 (Original Motion Picture Soundtrack/Deluxe Edition)","Weezer",2019-11-15,185231,54,spotify:user:pantsswag21,2021-06-24T20:39:25Z,"alternative rock,modern power pop,modern rock,permanent wave,rock",0.403,0.598,8,-5.735,1,0.0241,0.198,0,0.101,0.294,75.592,4
4y4spB9m0Q6026KfkAvy9Q,"1uNFoZAHBGtllmzznpCI3s,5CiGnKThu5ctn9pBxv7DGa","Lonely (with benny blanco)","Lonely (with benny blanco)","Justin Bieber,benny blanco",2020-10-16,149297,73,spotify:user:pantsswag21,2021-07-30T19:30:55Z,"canadian pop,pop,dance pop,edm,electropop,pop rap",0.631,0.239,11,-7.071,0,0.0398,0.864,0,0.116,0.0927,79.859,4
2RlgNHKcydI9sayD2Df2xp,"7jefIIksOi1EazgRTfW2Pk","Mr. Blue Sky","Out of the Blue","Electric Light Orchestra",1977,303373,79,spotify:user:pantsswag21,2021-08-10T17:00:59Z,"album rock,art rock,beatlesque,classic rock,glam rock,mellow gold,rock,soft rock,symphonic rock",0.388,0.338,10,-10.054,1,0.0329,0.652,0.00000373,0.248,0.478,177.765,4
7GVUmCP00eSsqc4tzj1sDD,"0w7HLMvZOHatWVbAKee1zF","Come and Get Your Love - Single Version","Come and Get Your Love","Redbone",1973-11-01,205933,74,spotify:user:pantsswag21,2021-08-10T17:01:43Z,"native american,native american contemporary",0.731,0.804,11,-7.621,0,0.0473,0.172,0.00028,0.0685,0.957,107.383,4
6foY66mWZN0pSRjZ408c00,"4oUHIQIBe0LHzYfvXNW4QM","Whiskey Glasses","If I Know Me","Morgan Wallen",2018-04-27,234346,80,spotify:user:pantsswag21,2021-08-18T20:28:28Z,"contemporary country,country",0.614,0.68,6,-4.58,1,0.0289,0.369,0.00000184,0.115,0.707,149.959,4
3ts6xK5GzfMAAriT9AIBmP,"1n2pb9Tsfe4SwAjmUac6YT","Barefoot Blue Jean Night","Barefoot Blue Jean Night","Jake Owen",2011-08-26,167426,70,spotify:user:pantsswag21,2021-08-28T14:25:57Z,"contemporary country,country,country road",0.599,0.807,4,-4.679,1,0.0402,0.202,0,0.196,0.812,172.017,4
5VWmMZCfJ4yVkJw9ZLFXej,"1g1yxsNVPhMUl9GrMjEb2o","1, 2, 3, 4","Big Bad World","Plain White T's",2008-01-01,198360,58,spotify:user:pantsswag21,2021-08-28T14:27:46Z,"neo mellow,pop punk,pop rock",0.458,0.55,2,-7.092,1,0.0262,0.566,0.0000139,0.108,0.56,90.56,4
0b2IVjeD268pYd7VUhmtKI,"6yJCxee7QumYr820xdIsjo,28AyklUmMECPwdfo8NEsV0","Knee Deep (feat. Jimmy Buffett)","You Get What You Give (Deluxe)","Zac Brown Band,Jimmy Buffett",2010-09-20,203173,2,spotify:user:pantsswag21,2021-08-29T00:57:35Z,"contemporary country,country,country road,modern country rock,classic rock,mellow gold,singer-songwriter,soft rock",0.715,0.584,8,-8.231,1,0.0296,0.432,0.00000141,0.095,0.609,90.99,4
23hDnIFoFlVTDA6y8YrJoR,"6yJCxee7QumYr820xdIsjo","Colder Weather","You Get What You Give (Deluxe)","Zac Brown Band",2010-09-20,273893,0,spotify:user:pantsswag21,2021-08-30T01:21:26Z,"contemporary country,country,country road,modern country rock",0.667,0.381,3,-7.494,1,0.0294,0.455,0,0.116,0.199,135.975,4
5u1n1kITHCxxp8twBcZxWy,"1uNFoZAHBGtllmzznpCI3s,1anyVhU62p31KFi8MEzkbf","Holy (feat. Chance The Rapper)","Holy","Justin Bieber,Chance the Rapper",2020-09-18,212093,73,spotify:user:pantsswag21,2021-09-22T15:24:45Z,"canadian pop,pop,chicago rap,conscious hip hop,hip hop,pop rap,rap",0.673,0.704,6,-8.056,1,0.36,0.196,0,0.0898,0.372,86.919,4
1uzWOoJdADfstQuFtQFTUn,"5N5RfI8FFXk4WQ8kkjE407","Breakfast At Tiffany's","Home","Deep Blue Something",1995-01-01,257373,70,spotify:user:pantsswag21,2021-09-22T17:22:31Z,"pop rock",0.622,0.829,2,-5.548,1,0.029,0.11,0,0.0954,0.539,110.367,4
67HKtdqchK0rmODxsBeWT8,"3PhoLpVuITZKcymswpck5b","Can You Feel The Love Tonight","Love Songs","Elton John",1995-11-06,240000,58,spotify:user:pantsswag21,2021-12-14T02:39:30Z,"glam rock,mellow gold,piano rock",0.297,0.364,10,-9.261,1,0.0305,0.813,0.000761,0.0976,0.149,122.598,4
1fDsrQ23eTAVFElUMaf38X,"1gRNBaI4yn6wCCTvRhGWh8","American Pie","American Pie","Don McLean",1971,516893,74,spotify:user:pantsswag21,2021-12-14T02:39:46Z,"adult standards,classic rock,folk,folk rock,mellow gold,singer-songwriter,soft rock",0.531,0.481,4,-11.709,0,0.06,0.699,0,0.0842,0.491,138.45,4
0gmbgwZ8iqyMPmXefof8Yf,"6deZN1bslXzeGvOLaLMOIF","How You Remind Me","Silver Side Up","Nickelback",2001-09-11,223840,79,spotify:user:pantsswag21,2021-12-24T22:04:02Z,"alternative metal,canadian rock,nu metal,post-grunge",0.446,0.764,10,-5.042,1,0.033,0.00135,0,0.099,0.543,172.094,4
1yjY7rpaAQvKwpdUliHx0d,"74XFHRwlV6OrjEM0A2NCMF","Still into You","Paramore","Paramore",2013-04-05,216013,79,spotify:user:pantsswag21,2021-12-24T22:10:01Z,"candy pop,pixie,pop emo,pop punk",0.602,0.923,5,-3.763,1,0.044,0.0098,0,0.0561,0.765,136.01,4
3I4WFddKpe2PGZWFh7f10J,"1E2AEtxaFaJtH0lO7kgNKw","Yours","Yours","Russell Dickerson",2017-06-16,216960,66,spotify:user:pantsswag21,2022-05-22T19:08:44Z,"contemporary country,country,country road",0.554,0.722,11,-6.005,1,0.034,0.119,0,0.0861,0.558,134.058,4
0BCy325UZyR9z0t0uxwn2N,"3b8QkneNDz4JHKKKlLgYZg","H.O.L.Y.","Dig Your Roots","Florida Georgia Line",2016-08-26,194186,69,spotify:user:pantsswag21,2022-05-22T19:09:01Z,"contemporary country,country,country pop,country road,modern country rock",0.523,0.666,7,-4.081,0,0.0327,0.401,0,0.0728,0.564,78.077,4
5gB2IrxOCX2j9bMnHKP38i,"0a1gHP0HAqALbEyxaD5Ngn","Life is a Highway","Cars (Original Motion Picture Soundtrack)","Rascal Flatts",2006-01-01,275640,72,spotify:user:pantsswag21,2022-02-13T02:07:32Z,"contemporary country,country,country road",0.562,0.934,5,-5.562,1,0.0607,0.00211,0,0.199,0.558,103.042,4
4YjjNHtEsTX6Af4mCTupT5,"0a1gHP0HAqALbEyxaD5Ngn","Bless The Broken Road","Feels Like Today","Rascal Flatts",2004-01-01,226680,69,spotify:user:pantsswag21,2022-02-13T15:37:47Z,"contemporary country,country,country road",0.591,0.45,0,-6.369,1,0.0266,0.671,0.0000223,0.159,0.344,135.893,4
0w9LJae3sVlZlH2CnxTInF,"1UTPBmNbXNTittyMJrNkvw","God Gave Me You","Red River Blue (Deluxe Edition)","Blake Shelton",2011-07-11,229533,61,spotify:user:pantsswag21,2022-02-13T15:37:51Z,"contemporary country,country,country road,oklahoma country",0.483,0.844,2,-5.043,1,0.0314,0.00481,0.0000729,0.405,0.543,151.977,4
3OZVqx1YsqDDkxQ6TnmHtn,"1mfDfLsMxYcOOZkzBxvSVW","Ain't Worth the Whiskey","Cole Swindell","Cole Swindell",2014-02-18,191906,60,spotify:user:pantsswag21,2022-02-15T23:06:48Z,"contemporary country,country,country road,modern country rock",0.432,0.738,2,-3.91,1,0.0309,0.042,0,0.119,0.503,153.712,4
54K7AZoGpQklpygKrxZlKN,"7x8nK0m0cP2ksQf0mjWdPS","Living","The Mountain","Dierks Bentley",2018-06-08,222146,60,spotify:user:pantsswag21,2022-02-19T05:51:40Z,"contemporary country,country,country road",0.517,0.813,1,-6.325,1,0.0558,0.0153,0,0.106,0.444,83.005,4
5CG9Ps5ynNjpKJHmwc95pa,"7x8nK0m0cP2ksQf0mjWdPS","Somewhere On A Beach","Black","Dierks Bentley",2016-06-10,197120,64,spotify:user:pantsswag21,2022-02-19T05:52:06Z,"contemporary country,country,country road",0.569,0.638,7,-6.557,1,0.0291,0.000547,0,0.0848,0.438,144.042,4
4Ng7hGdPwpINleVecBWiOO,"7x8nK0m0cP2ksQf0mjWdPS","Free And Easy (Down The Road I Go)","Greatest Hits / Every Mile A Memory 2003 - 2008","Dierks Bentley",2008-01-01,201120,55,spotify:user:pantsswag21,2022-02-19T05:52:12Z,"contemporary country,country,country road",0.557,0.825,6,-4.657,1,0.0283,0.00525,0.00164,0.177,0.841,120.017,4
1soxUgYIZb1qx1c7o1Lc7z,"7x8nK0m0cP2ksQf0mjWdPS","Drunk On A Plane","RISER","Dierks Bentley",2014-01-01,254466,68,spotify:user:pantsswag21,2022-02-19T05:52:20Z,"contemporary country,country,country road",0.423,0.73,9,-5.566,1,0.032,0.00495,0.0000113,0.238,0.66,205.972,4
4rsW3WCZBGwhHfJWuHRwyT,"6p5JxpTc7USNnBnLzctyd4","Home","The World From The Side Of The Moon (Deluxe)","Phillip Phillips",2013-01-01,210173,62,spotify:user:pantsswag21,2022-02-19T05:52:36Z,"folk-pop,neo mellow,pop rock",0.606,0.826,0,-6.04,1,0.0307,0.0256,0.0000156,0.117,0.322,121.04,4
1zvQt99d5oTkEQLmSoO1yu,"1UTPBmNbXNTittyMJrNkvw","Mine Would Be You","Based on a True Story... (Deluxe Edition)","Blake Shelton",2013-03-26,239506,55,spotify:user:pantsswag21,2022-02-19T06:09:16Z,"contemporary country,country,country road,oklahoma country",0.572,0.529,0,-6.897,1,0.0282,0.146,0,0.335,0.321,139.876,4
6TefPQD0oc88BNALpu4U87,"1By9QBFnjZAoI83BZppHlt","Must Be Doin' Somethin' Right","Doin' Somethin' Right","Billy Currington",2005-01-01,269586,65,spotify:user:pantsswag21,2022-05-22T19:09:15Z,"contemporary country,country,country road",0.489,0.647,9,-3.424,1,0.027,0.205,0,0.0504,0.436,167.792,4
7kWeSMXLxUHHOkFxsS0vhP,"1UTPBmNbXNTittyMJrNkvw","Some Beach","Blake Shelton's Barn & Grill","Blake Shelton",2004-10-26,204826,60,spotify:user:pantsswag21,2022-02-25T21:45:35Z,"contemporary country,country,country road,oklahoma country",0.787,0.765,0,-6.331,1,0.0265,0.231,0.0000179,0.323,0.964,115.979,4
1nVLAEzhBXMJLR5zAl90Nl,"6eKWqnckwdIlSnjaYgIyxv","Crazy Girl","Life At Best","Eli Young Band",2011-01-01,200706,69,spotify:user:pantsswag21,2022-09-11T01:23:39Z,"contemporary country,country,country road,heartland rock,modern country rock,pop rock,texas country",0.366,0.651,4,-3.842,1,0.031,0.000415,0.00526,0.271,0.257,151.343,3
3d8y0t70g7hw2FOWl9Z4Fm,"16oZKvXb6WkQlVAjwo2Wbg","Ophelia","Cleopatra","The Lumineers",2016-04-08,160097,75,spotify:user:pantsswag21,2022-02-28T00:44:24Z,"folk-pop,pop,stomp and holler",0.664,0.573,5,-6.519,1,0.0277,0.613,0.000363,0.0857,0.566,76.023,4
2RqtfcLB7iOZj0zYB8Auhu,"4Rxn7Im3LGfyRkY2FlHhWi","Jealous","Nick Jonas X2","Nick Jonas",2015-11-20,223106,64,spotify:user:pantsswag21,2022-02-28T00:44:48Z,"dance pop,edm,pop,post-teen pop,uk pop",0.7,0.701,11,-3.834,0,0.161,0.013,0,0.461,0.38,93.012,4
1yhft6ZqYadd4GOrKrmK3a,"15tTVhFpH8EFXeDgO9xkRO","Dicked Down in Dallas","Dicked Down in Dallas","Trey Lewis",2020-12-01,201350,67,spotify:user:pantsswag21,2022-03-07T05:03:11Z,"contemporary country,country pop",0.51,0.929,6,-4.685,1,0.0456,0.0608,0.00000539,0.101,0.438,122.036,4
76hfruVvmfQbw0eYn1nmeC,"6T5tfhQCknKG4UnH90qGnz","Cake By The Ocean","DNCE","DNCE",2016-11-18,219146,80,spotify:user:pantsswag21,2022-03-08T03:43:47Z,"dance pop,edm,pop,post-teen pop,uk pop",0.774,0.753,4,-5.446,0,0.0517,0.152,0,0.0371,0.896,119.002,4
7vrKEP66NdiQDPryPG6olO,"6eUKZXaKkcviH0Ku9w2n3V,1Ffb6ejR6Fe5IamqA5oRUF","Bad Habits (feat. Bring Me The Horizon)","Bad Habits (feat. Bring Me The Horizon)","Ed Sheeran,Bring Me The Horizon",2022-02-08,250763,66,spotify:user:pantsswag21,2022-03-08T04:42:26Z,"pop,uk pop,melodic metalcore,metalcore,rock,uk metalcore",0.59,0.849,11,-4.691,0,0.0792,0.0305,0,0.11,0.178,131.018,4
2T0PqoWNzHqKKId8TZDibv,"48rpE75ZIsnfNFyojfYene,4cpxRQtv9dBgqAqLKDTiHf","Wine Country","Wine Country","Julia Cole,Thomas Mac",2021-09-10,143157,56,spotify:user:pantsswag21,2022-03-08T21:02:41Z,"contemporary country,country,country pop",0.553,0.799,8,-3.295,0,0.105,0.307,0,0.248,0.676,160.041,4
6UelLqGlWMcVH1E5c4H7lY,"6KImCVD70vtIoJWnq6nGn3","Watermelon Sugar","Fine Line","Harry Styles",2019-12-13,174000,88,spotify:user:pantsswag21,2022-03-13T20:50:20Z,"pop",0.548,0.816,0,-4.209,1,0.0465,0.122,0,0.335,0.557,95.39,4
0qOnSQQF0yzuPWsXrQ9paz,"4IJczjB0fJ04gs4uvP0Fli,4bYPcJP5jwMhSivRcqie2n","Stereo Hearts (feat. Adam Levine)","The Papercut Chronicles II","Gym Class Heroes,애덤 리바인",2011-11-11,210960,81,spotify:user:pantsswag21,2022-03-13T20:50:35Z,"dance pop,pop rap,deep talent show",0.646,0.795,9,-3.293,1,0.0976,0.0319,0,0.267,0.796,89.99,4
3adeqciqrsp6PQqR0hGDC7,"3FUY2gzHeIiaesXtOAdB7A,37BiX28I6pF104F92U1hDP","Bruises (feat. Ashley Monroe)","California 37","Train,Ashley Monroe",2012-04-17,231786,56,spotify:user:pantsswag21,2022-03-13T20:50:43Z,"dance pop,neo mellow,pop,pop rock,contemporary country,country,country dawn,country pop,kentucky roots,modern country rock",0.63,0.791,2,-4.497,1,0.0279,0.0131,0.00000683,0.232,0.491,102.963,4
2yQZwi1P8AkkxxFhQ8rMEK,"2lRH2dgU5Kk4Bc5phmII4T","Greatest Love Story","Hallelujah Nights","LANCO",2018-01-19,222573,68,spotify:user:pantsswag21,2022-03-13T20:50:55Z,"contemporary country,country,country road",0.669,0.617,10,-8.72,1,0.057,0.401,0,0.119,0.621,147.992,4
1wmRh77RuUKNqgBZ7T5bpO,"152y903Cqyk9GVl6amOtuD","Ola Esi","Mikres Fotografies","Giannis Ploutarhos",2001-01-01,228400,24,spotify:user:pantsswag21,2022-03-23T19:59:27Z,"greek pop,laiko",0.645,0.667,9,-5.638,0,0.0581,0.628,0,0.119,0.55,119.418,5
2I9i9uugmPFY7jaXmBpFwG,"152y903Cqyk9GVl6amOtuD","San Na Ise Edo","Mikres Fotografies","Giannis Ploutarhos",2001-01-01,219826,21,spotify:user:pantsswag21,2022-03-23T22:14:06Z,"greek pop,laiko",0.452,0.51,1,-7.609,0,0.0643,0.781,0,0.314,0.238,120.479,4
4C8BE3t81w312DkR750OnL,"6TIYQ3jFPwQSRmorSezPxX","roll the windows up","lockdown sessions","Machine Gun Kelly",2022-03-02,204163,66,spotify:user:pantsswag21,2022-03-27T19:56:03Z,"ohio hip hop,pop,pop rap",0.604,0.524,1,-8.121,1,0.467,0.081,0,0.0962,0.236,173.985,4
28SCx38ziqfg3wwhnhFmvZ,"6TIYQ3jFPwQSRmorSezPxX","pretty toxic revolver","lockdown sessions","Machine Gun Kelly",2022-03-02,166093,62,spotify:user:pantsswag21,2022-03-27T19:56:07Z,"ohio hip hop,pop,pop rap",0.701,0.406,11,-12.792,0,0.387,0.189,0,0.195,0.164,130.114,4
70R3yxMofIQpUmLUFIzA6J,"6TIYQ3jFPwQSRmorSezPxX,6oFs3qk4VepIVFdoD4jmsy","in these walls (my house) (feat. PVRIS)","lockdown sessions","Machine Gun Kelly,PVRIS",2022-03-02,168440,62,spotify:user:pantsswag21,2022-03-27T19:56:13Z,"ohio hip hop,pop,pop rap,modern rock,pixie,pop emo,pop punk",0.687,0.571,11,-9.671,0,0.0619,0.0129,0,0.0816,0.0395,115.911,4
6RUKPb4LETWmmr3iAEQktW,"69GGBxA162lTqCwzJG5jLp,4gzpq5DPGxSnKTe4SA8HAU","Something Just Like This","Memories...Do Not Open","The Chainsmokers,Coldplay",2017-04-07,247160,84,spotify:user:pantsswag21,2022-04-26T01:45:14Z,"dance pop,edm,electropop,pop,pop dance,tropical house,permanent wave",0.617,0.635,11,-6.769,0,0.0317,0.0498,0.0000144,0.164,0.446,103.019,4
7JJmb5XwzOO8jgpou264Ml,"7n2wHs1TKAczGzO7Dd2rGr","There's Nothing Holdin' Me Back","Illuminate (Deluxe)","Shawn Mendes",2017-04-20,199440,85,spotify:user:pantsswag21,2022-04-26T01:45:22Z,"canadian pop,dance pop,pop,viral pop",0.866,0.813,11,-4.063,0,0.0554,0.38,0,0.0779,0.969,121.998,4
0AkZjWYCMJ8wWiNex7LmkY,"25IG9fa7cbdmCIy3OnuH57","Travelin' Soldier","Home","The Chicks",2002-08-27,343496,64,spotify:user:pantsswag21,2022-05-27T18:38:39Z,"country,country dawn,pop",0.569,0.365,9,-7.047,1,0.0265,0.691,0,0.17,0.508,145.859,4
7vF3xkCMvZjAe2nTWY0uQZ,"1n2pb9Tsfe4SwAjmUac6YT","Made For You","Greetings From...Jake","Jake Owen",2019-03-29,238400,68,spotify:user:pantsswag21,2022-05-10T03:08:46Z,"contemporary country,country,country road",0.581,0.441,1,-6.829,1,0.0268,0.77,0.0000275,0.111,0.337,82.125,4
1GwMQaZz6Au3QLDbjbMdme,"06HL4z0CvFAxyc27GXpf02","Call It What You Want","reputation","Taylor Swift",2017-11-10,203506,73,spotify:user:pantsswag21,2022-05-19T01:34:46Z,"pop",0.598,0.504,9,-9.874,1,0.0731,0.186,0.000221,0.34,0.252,163.954,4
2RttW7RAu5nOAfq6YFvApB,"6eUKZXaKkcviH0Ku9w2n3V","Happier","÷ (Deluxe)","Ed Sheeran",2017-03-03,207520,79,spotify:user:pantsswag21,2022-05-22T19:01:32Z,"pop,uk pop",0.522,0.385,0,-7.355,1,0.0288,0.536,0,0.135,0.236,89.792,4
2Dz5WpEWA0vhnMmEPYiZ2y,"2PCUhxD40qlMqsKHjTZD2e","She Is Love","Losing Sleep","Parachute",2009-01-01,146066,58,spotify:user:pantsswag21,2022-05-27T01:12:32Z,"acoustic pop,charlottesville indie,neo mellow,pop,pop rock,post-teen pop,viral pop",0.629,0.174,6,-9.697,1,0.141,0.616,0,0.118,0.305,134.295,1
0LnS7aOdOdI1dNKZqdOLz4,"2LIk90788K0zvyj2JJVwkJ","Dua Lipa","Come Home The Kids Miss You","Jack Harlow",2022-05-06,135053,76,spotify:user:pantsswag21,2022-05-28T19:24:04Z,"deep underground hip hop,kentucky hip hop,pop,rap",0.833,0.652,11,-6.942,1,0.0762,0.00161,0.0985,0.106,0.405,158.022,4
5AnSllIrgGsCZzZJkVnApx,"6pBNfggcZZDCmb0p92OnGn","Eyes On You","Lambs & Lions","Chase Rice",2017-11-17,182493,68,spotify:user:pantsswag21,2022-05-31T03:30:04Z,"contemporary country,country,country road,modern country rock",0.606,0.652,9,-6.982,1,0.0281,0.323,0,0.201,0.476,97.155,4
2op0kDNARK2VHWHntEeH4g,"6roFdX1y5BYSbp60OTJWMd","Just To See You Smile","Everywhere","Tim McGraw",1997-06-03,215173,65,spotify:user:pantsswag21,2022-05-29T20:20:09Z,"contemporary country,country,country road",0.492,0.823,6,-8.526,1,0.0297,0.127,0,0.0523,0.702,94.342,4
0O6u0VJ46W86TxN9wgyqDj,"246dkjvS1zLTtiykXe5h60,5cj0lLjcoR7YOSnhnX0Po5","I Like You (A Happier Song) (with Doja Cat)","Twelve Carat Toothache","Post Malone,Doja Cat",2022-06-03,192840,89,spotify:user:pantsswag21,2022-06-05T00:46:48Z,"dfw rap,melodic rap,rap,dance pop,pop",0.733,0.67,5,-6.009,1,0.0751,0.121,0,0.121,0.472,100.964,4
0xwPzLmBAYro8BUz7MrtAo,"2kucQ9jQwuD8jWdtR9Ef38","Make You Miss Me","Montevallo","Sam Hunt",2014-10-27,225693,63,spotify:user:pantsswag21,2022-06-06T09:43:32Z,"contemporary country,country,country pop,country road",0.614,0.472,7,-6.626,1,0.0297,0.158,0,0.111,0.168,146.005,4
5W4vPDfwFNQqt7frRjL41t,"4Rxn7Im3LGfyRkY2FlHhWi,7c0XG5cIJTrrAgEC3ULPiq","Bacon","Last Year Was Complicated","Nick Jonas,Ty Dolla $ign",2016-06-10,182946,49,spotify:user:pantsswag21,2022-06-06T09:43:58Z,"dance pop,edm,pop,post-teen pop,uk pop,hip hop,pop rap,r&b,southern hip hop,trap,trap soul",0.709,0.698,1,-5.182,1,0.0799,0.0738,0,0.272,0.755,143.951,4
44V6EzbUSYgyfsNiP0FrlA,"6eUKZXaKkcviH0Ku9w2n3V","Visiting Hours","Visiting Hours","Ed Sheeran",2021-08-19,215506,71,spotify:user:pantsswag21,2022-06-27T00:25:14Z,"pop,uk pop",0.471,0.396,8,-6.654,1,0.0336,0.77,0,0.0729,0.263,149.609,4
5W2opDlEE4V6azri6kC4aT,"6eUKZXaKkcviH0Ku9w2n3V","Don't","Don't","Ed Sheeran",2014-06-13,219840,31,spotify:user:pantsswag21,2022-07-09T02:30:28Z,"pop,uk pop",0.806,0.608,1,-7.008,1,0.0659,0.0113,0,0.635,0.849,95.049,4
4vUmTMuQqjdnvlZmAH61Qk,"6eUKZXaKkcviH0Ku9w2n3V,4nDoRrQiYLoBzwC5BhVJzF,4kYSro6naA4h99UJvo89HB","South of the Border (feat. Camila Cabello & Cardi B)","No.6 Collaborations Project","Ed Sheeran,Camila Cabello,Cardi B",2019-07-12,204466,75,spotify:user:pantsswag21,2022-07-09T02:30:38Z,"pop,uk pop,dance pop,post-teen pop,rap",0.857,0.621,9,-6.376,0,0.0825,0.148,0,0.0865,0.668,97.989,4
2pJZ1v8HezrAoZ0Fhzby92,"6eUKZXaKkcviH0Ku9w2n3V","What Do I Know?","÷ (Deluxe)","Ed Sheeran",2017-03-03,237333,67,spotify:user:pantsswag21,2022-07-16T17:05:43Z,"pop,uk pop",0.838,0.492,1,-5.69,0,0.038,0.251,0,0.262,0.895,115.092,4
2bJvI42r8EF3wxjOuDav4r,"0TnOYISbd1XYRBk9myaseg,21E3waRsmPlU7jZsS13rcj","Time of Our Lives","Globalization","핏불,Ne-Yo",2014-11-21,229360,79,spotify:user:pantsswag21,2022-07-17T08:02:57Z,"dance pop,miami hip hop,pop,pop rap,urban contemporary",0.721,0.802,1,-5.797,1,0.0583,0.0921,0,0.694,0.724,124.022,4
1Xi84slp6FryDSCbzq4UCD,"3klZnJvYGIbWritVwQD434","Arcade","Arcade","Duncan Laurence",2019-03-07,183624,79,spotify:user:pantsswag21,2022-07-20T22:26:36Z,"dutch pop",0.45,0.329,9,-12.603,0,0.0441,0.818,0.00109,0.135,0.266,71.884,3
4cktbXiXOapiLBMprHFErI,"04gDigrS5kc9YWfZHwBETP","Memories","JORDI (Deluxe)","Maroon 5",2021-06-11,189486,84,spotify:user:pantsswag21,2022-07-20T22:28:52Z,"pop",0.775,0.327,11,-7.241,1,0.0557,0.841,0,0.0821,0.595,91.05,4
60RFlt48hm0l4Fu0JoccOl,"0jPnVIasXzBYjrlpO5irii","More Hearts Than Mine","Lady Like","Ingrid Andress",2020-03-27,214786,67,spotify:user:pantsswag21,2022-07-21T00:10:46Z,"contemporary country,country,country pop",0.375,0.428,0,-7.387,1,0.029,0.109,0,0.105,0.361,78.516,4
68JS5SFTnW5Yv9Vzw81Jf0,"4YLtscXsxbVgi031ovDDdh","Millionaire","From A Room: Volume 2","Chris Stapleton",2017-12-01,210133,70,spotify:user:pantsswag21,2022-07-31T22:07:14Z,"contemporary country,outlaw country",0.616,0.474,10,-9.608,1,0.0266,0.192,0.00762,0.0989,0.493,142.689,4
3jjujdWJ72nww5eGnfs2E7,"6KImCVD70vtIoJWnq6nGn3","Adore You","Fine Line","Harry Styles",2019-12-13,207133,84,spotify:user:pantsswag21,2022-08-07T21:04:07Z,"pop",0.676,0.771,8,-3.675,1,0.0483,0.0237,0.000007,0.102,0.569,99.048,4
4Dvkj6JhhA12EX05fT7y2e,"6KImCVD70vtIoJWnq6nGn3","As It Was","Harry's House","Harry Styles",2022-05-20,167303,91,spotify:user:pantsswag21,2022-08-09T02:46:09Z,"pop",0.52,0.731,6,-5.338,0,0.0557,0.342,0.00101,0.311,0.662,173.93,4
1sR3kJi14jA8Gau3a0yXAo,"3grHWM9bx2E9vwJCdlRv9O","The Good Stuff","No Shoes, No Shirt, No Problems","Kenny Chesney",2002-04-02,200440,57,spotify:user:pantsswag21,2022-08-11T21:31:36Z,"contemporary country,country,country road",0.612,0.62,7,-9.785,1,0.0645,0.255,0,0.129,0.502,143.78,4
0xhiQVCz22skOX51jsrfyE,"0a1gHP0HAqALbEyxaD5Ngn","Stand","Me And My Gang","Rascal Flatts",2006-01-01,208133,52,spotify:user:pantsswag21,2022-08-15T19:45:20Z,"contemporary country,country,country road",0.603,0.761,0,-4.753,1,0.0314,0.0238,0,0.235,0.526,93.858,4
3VLCtStwYsAL4LKZgeUvy3,"13YmWQJFwgZrd4bf5IjMY4,32vWCbZh0xZ4o9gkz4PsEU","When I Get Where I'm Going (feat. Dolly Parton)","Time Well Wasted","Brad Paisley,Dolly Parton",2005-08-16,247053,57,spotify:user:pantsswag21,2022-08-17T23:49:36Z,"contemporary country,country,country road,classic country pop,country dawn",0.519,0.379,0,-9.906,1,0.0279,0.619,0.00000185,0.108,0.208,85.929,4
5Q0Nhxo0l2bP3pNjpGJwV1,"5YGY8feqx7naU7z4HrwZM6","Party In The U.S.A.","The Time Of Our Lives","Miley Cyrus",2009-01-01,202066,75,spotify:user:pantsswag21,2022-08-18T00:22:25Z,"dance pop,pop,post-teen pop",0.652,0.698,10,-4.667,0,0.042,0.00112,0.000115,0.0886,0.47,96.021,4
3uJggzf2q1lCOl8EiQHFvN,"13YmWQJFwgZrd4bf5IjMY4","Waitin' On a Woman","Time Well Wasted","Brad Paisley",2005-08-16,272586,53,spotify:user:pantsswag21,2022-08-18T02:03:17Z,"contemporary country,country,country road",0.548,0.617,0,-7.093,1,0.0284,0.0848,0.0000513,0.113,0.339,76.367,4
0yt31hMKZMiyIEfiBiLD2N,"53XhwfbYqKCa1cC15pYq2q","Whatever It Takes","Evolve","Imagine Dragons",2017-06-23,201240,0,spotify:user:pantsswag21,2022-08-22T19:20:59Z,"modern rock,rock",0.675,0.674,1,-4.984,1,0.0305,0.0409,0,0.128,0.569,134.941,4
7BKLCZ1jbUBVqRi2FVlTVw,"69GGBxA162lTqCwzJG5jLp,26VFTg2z8YR0cCuwLzESi2","Closer","Closer","The Chainsmokers,Halsey",2016-07-29,244960,83,spotify:user:pantsswag21,2022-08-29T21:40:07Z,"dance pop,edm,electropop,pop,pop dance,tropical house,etherpop,indie poptimism",0.748,0.524,8,-5.599,1,0.0338,0.414,0,0.111,0.661,95.01,4
1Yk0cQdMLx5RzzFTYwmuld,"4dpARuHxo51G3z768sgnrY","Hello","25","Adele",2015-11-20,295502,73,spotify:user:pantsswag21,2022-09-02T23:03:04Z,"british soul,pop,pop soul,uk pop",0.578,0.43,5,-6.134,0,0.0305,0.33,0,0.0854,0.288,78.991,4
7vGuf3Y35N4wmASOKLUVVU,"64KEffDW9EtZ1y2vBYgq8T,6LuN9FCkKOj5PcnpouEgny","Silence","Silence","Marshmello,Khalid",2017-08-11,180822,80,spotify:user:pantsswag21,2022-09-02T18:50:37Z,"brostep,dance pop,edm,pop,pop dance,progressive electro house,pop r&b",0.52,0.761,4,-3.093,1,0.0853,0.256,0.00000496,0.17,0.286,141.971,4
4h9wh7iOZ0GGn8QVp4RAOB,"5Pwc4xIPtQLFEnJriah9YJ","I Ain't Worried","I Ain’t Worried (Music From The Motion Picture Top Gun: Maverick)","OneRepublic",2022-05-13,148485,95,spotify:user:pantsswag21,2022-09-05T20:08:15Z,"piano rock,pop",0.704,0.797,0,-5.927,1,0.0475,0.0826,0.000745,0.0546,0.825,139.994,4
75p6fgACKYIyIhsoG411SZ,"2hJPr4lk7Q8SSvCVBl9fWM","Hey Pretty Girl","Up All Night","Kip Moore",2012-01-01,215920,58,spotify:user:pantsswag21,2022-09-11T02:49:34Z,"contemporary country,country,country road,modern country rock",0.291,0.4,2,-10.615,1,0.0306,0.145,0.0000186,0.259,0.0935,83.112,1
6XkuklKiHYVTlVvWlTgQYP,"0fA0VVWsXO9YnASrzqfmYu,5K4W6rqBFWDnAN6FQUkS6x","Erase Me - Main","Man On The Moon II: The Legend Of Mr. Rager","Kid Cudi,Kanye West",2010-11-09,192253,71,spotify:user:pantsswag21,2022-09-23T18:58:03Z,"hip hop,ohio hip hop,rap,chicago rap",0.687,0.631,9,-5.612,1,0.129,0.063,0,0.108,0.853,186.071,4
2dxjKgT0li4qBI3QwuN9Ih,"5K4W6rqBFWDnAN6FQUkS6x,01QTIT5P1pFP3QnnFSdsJf","Touch The Sky","Late Registration","Kanye West,Lupe Fiasco",2005-08-30,236600,72,spotify:user:pantsswag21,2022-09-23T18:58:20Z,"chicago rap,rap,conscious hip hop,hip hop,political hip hop,pop rap,southern hip hop",0.552,0.846,9,-4.912,1,0.342,0.0114,0,0.309,0.554,98.56,1
5iSEsR6NKjlC9SrIJkyL3k,"0fA0VVWsXO9YnASrzqfmYu,0SwO7SWeDHJijQ3XNS7xEE,57dN52uHvrHOxijzpIgu3E","Pursuit Of Happiness (Nightmare)","Man On The Moon: The End Of Day","Kid Cudi,MGMT,Ratatat",2009-09-15,295293,73,spotify:user:pantsswag21,2022-09-23T21:40:01Z,"hip hop,ohio hip hop,rap,alternative dance,indietronica,modern rock,rock",0.63,0.605,0,-8.951,1,0.0414,0.484,0.0000929,0.298,0.266,115.277,4
5zpDHEU12zATwLGvozxPw2,"77IURH5NC56Jn09QHi76is,0du5cEVh5yTK9QJze8zA0C","Lighters","Hell: The Sequel (Deluxe)","Bad Meets Evil,Bruno Mars",2011-01-01,303813,69,spotify:user:pantsswag21,2022-09-26T18:57:01Z,"detroit hip hop,gangster rap,hip hop,pop rap,rap,dance pop,pop",0.676,0.695,0,-8.327,1,0.245,0.352,0,0.119,0.144,90.268,4
0ct6r3EGTcMLPtrXHDvVjc,"1vCWHaC5f2uS3yhpwWbIA6","The Nights","The Days / Nights","Avicii",2014-01-01,176658,85,spotify:user:pantsswag21,2022-10-14T00:14:56Z,"dance pop,edm,pop,pop dance,pop rap",0.527,0.835,6,-5.298,1,0.0433,0.0166,0,0.249,0.654,125.983,4
37jTPJgwCCmIGMPB45jrPV,"3nFkdlSjzX9mRTtwJOzDYB,31TPClRtHm23RisEBtV3X7","Holy Grail","Magna Carta... Holy Grail","JAY-Z,Justin Timberlake",2013-07-04,338413,63,spotify:user:pantsswag21,2022-10-15T05:31:02Z,"east coast hip hop,hip hop,rap,dance pop,pop",0.676,0.534,2,-6.901,0,0.0831,0.0594,0.00000859,0.256,0.156,145.082,4
0IktbUcnAGrvD03AWnz3Q8,"4phGZZrJZRo4ElhRtViYdl,6aZyMrc4doVtZyKNilOmwu","Lucky","We Sing. We Dance. We Steal Things.","Jason Mraz,Colbie Caillat",2008-05-12,189613,72,spotify:user:pantsswag21,2022-10-25T01:19:10Z,"acoustic pop,neo mellow,pop,pop rock,dance pop,post-teen pop",0.625,0.414,0,-8.7,1,0.0369,0.294,0,0.151,0.669,130.088,4
