Spotify ID,Artist IDs,Track Name,Album Name,Artist Name(s),Release Date,Duration (ms),Popularity,Added By,Added At,Genres,Danceability,Energy,Key,Loudness,Mode,Speechiness,Acousticness,Instrumentalness,Liveness,Valence,Tempo,Time Signature
1QL7nSDZCwZMnbisV4KOXt,"3rWZHrfrsPBxVy692yAIxF,4exLIFE8sISLr28sqG1qNX","t r a n s p a r e n t s o u l feat. Travis Barker","t r a n s p a r e n t s o u l feat. Travis Barker","WILLOW,Travis Barker",2021-04-27,168030,67,spotify:user:dheh1qglxvnrpeae2b30h03xj,2021-06-29T12:42:31Z,"afrofuturism,pop,post-teen pop,rap rock",0.39,0.83,11,-5.201,0,0.0563,0.0021,0,0.156,0.191,90.021,4
6PERP62TejQjgHu81OHxgM,"1McMsnEElThX1knmY4oliG","good 4 u","good 4 u","Olivia Rodrigo",2021-05-14,178147,25,spotify:user:dheh1qglxvnrpeae2b30h03xj,2021-06-29T12:43:13Z,"pop",0.556,0.661,6,-5.052,0,0.204,0.3,0,0.101,0.668,168.56,4
33SNO8AaciGbNaQFkxvPrW,"6KImCVD70vtIoJWnq6nGn3","Kiwi","Harry Styles","Harry Styles",2017-05-12,176386,76,spotify:user:dheh1qglxvnrpeae2b30h03xj,2021-06-29T12:43:50Z,"pop",0.375,0.93,2,-2.631,1,0.0561,0.00064,0,0.318,0.491,147.124,4
1VSuFS7PahCN3SWbOcQ98m,"6TIYQ3jFPwQSRmorSezPxX,26VFTg2z8YR0cCuwLzESi2","forget me too (feat. Halsey)","Tickets To My Downfall","Machine Gun Kelly,Halsey",2020-09-25,171620,72,spotify:user:dheh1qglxvnrpeae2b30h03xj,2021-06-29T12:44:09Z,"ohio hip hop,pop,pop rap,dance pop,electropop,etherpop,indie poptimism",0.654,0.875,1,-4.845,1,0.0744,0.000417,0.0086,0.194,0.522,99.975,4
6SRsiMl7w1USE4mFqrOhHC,"1McMsnEElThX1knmY4oliG","brutal","SOUR","Olivia Rodrigo",2021-05-21,143746,79,spotify:user:dheh1qglxvnrpeae2b30h03xj,2021-06-29T12:44:45Z,"pop",0.672,0.526,4,-6.446,1,0.0599,0.0311,0.00000137,0.28,0.28,123.999,4
41FCZduFUjoymvDXb6ZviB,"0wOej91SVqB1zcYkW6xUtA","Change","Who Am I?","Pale Waves",2021-02-12,172280,44,spotify:user:dheh1qglxvnrpeae2b30h03xj,2021-06-29T12:50:22Z,"electropop,indie pop,manchester indie,metropopolis,modern alternative rock,modern rock",0.598,0.906,7,-3.435,1,0.0447,0.00931,0.0000395,0.16,0.525,97.007,4
4svZDCRz4cJoneBpjpx8DJ,"06HL4z0CvFAxyc27GXpf02","I Did Something Bad","reputation","Taylor Swift",2017-11-10,238253,75,spotify:user:dheh1qglxvnrpeae2b30h03xj,2021-09-24T22:14:36Z,"pop",0.696,0.602,0,-6.156,0,0.159,0.0679,0.0000211,0.0696,0.305,82.989,4
4GUj9MfPPkjpZskxb45uiX,"6Y64EaNqpqcZYTgs4c76gF","ANGELS & DEMONS","ANGELS & DEMONS","jxdn",2020-05-19,160119,0,spotify:user:dheh1qglxvnrpeae2b30h03xj,2021-06-29T12:52:20Z,"pop punk",0.554,0.8,8,-3.936,1,0.0395,0.119,0,0.629,0.463,115.056,4
0T2kNwYw4Z7rhziNRNsjfO,"06HL4z0CvFAxyc27GXpf02","Should've Said No","Taylor Swift (Big Machine Radio Release Special)","Taylor Swift",2006-10-24,244080,51,spotify:user:dheh1qglxvnrpeae2b30h03xj,2021-06-29T12:54:49Z,"pop",0.477,0.758,4,-3.889,0,0.0285,0.00983,0,0.203,0.53,167.935,4
5jbk17nRpXXvzGXPXjm3uW,"1QRj3hoop9Mv5VvHQkwPEp,1UXEXWWOTTZNlyFapwHDbW,1Ffb6ejR6Fe5IamqA5oRUF","No More Friends (with Oli Sykes of Bring Me The Horizon)","No More Friends","Olivia O'Brien,Oli Sykes,Bring Me The Horizon",2021-06-10,193376,53,spotify:user:dheh1qglxvnrpeae2b30h03xj,2021-06-29T13:37:07Z,"alt z,dance pop,electropop,pop,post-teen pop,uk pop,melodic metalcore,metalcore,rock,uk metalcore",0.626,0.635,7,-7.845,0,0.163,0.0346,0,0.0953,0.581,149.824,4
2yIvnjFxvfWE1WxBSO0YGN,"1294QqYm1VuxxjRiL9M0h9","Young Life Crisis","Young Life Crisis","UPSAHL",2020-10-30,156986,39,spotify:user:dheh1qglxvnrpeae2b30h03xj,2021-06-29T13:38:22Z,"alt z,electropop,indie poptimism,modern indie pop,pop,social media pop,viral rap",0.598,0.79,1,-4.49,1,0.0711,0.133,0,0.119,0.716,144.069,4
2sEk5R8ErGIFxbZ7rX6S2S,"6CwfuxIqcltXDGjfZsMd9A","How to Be a Heartbreaker","Electra Heart (Deluxe)","MARINA",2012-04-30,221493,69,spotify:user:dheh1qglxvnrpeae2b30h03xj,2021-06-29T13:39:53Z,"dance pop,electropop,metropopolis,pop,uk alternative pop",0.69,0.897,11,-4.696,0,0.0506,0.0142,0,0.108,0.849,140.05,4
0Wdti1sgfzx6f5XyBLmI0Z,"245PKF3hKjtxJKIG153kF0","This Is Why I'm Hot","Here In Your Bedroom","Kailee Morgue",2020-04-24,127937,53,spotify:user:dheh1qglxvnrpeae2b30h03xj,2021-06-29T13:41:25Z,"alt z,dark pop,electropop,indie electropop,indie pop,indie poptimism,pop,social media pop",0.529,0.88,8,-3.274,1,0.0921,0.00034,0.000326,0.305,0.9,162.972,4
6H7RUDjmjiGV4I9hE24Kk5,"6Y64EaNqpqcZYTgs4c76gF","drivers license","drivers license","jxdn",2021-01-19,237643,56,spotify:user:dheh1qglxvnrpeae2b30h03xj,2021-06-29T13:42:14Z,"pop punk",0.598,0.787,10,-4.695,1,0.0548,0.0175,0,0.0887,0.298,144.021,4
0cmnFFGFHwUsHUJOSIdB5d,"5Cb72YLWR9MV0z46xNpmEl","Bad Chick","Bad Chick","Liv Grace Blue",2021-06-09,157762,54,spotify:user:dheh1qglxvnrpeae2b30h03xj,2021-06-29T13:44:27Z,"",0.614,0.628,7,-6.855,0,0.277,0.129,0,0.0772,0.521,77.945,4
2jt90bYlYDg1lXYWES34LJ,"06HL4z0CvFAxyc27GXpf02","The Story Of Us","Speak Now (Deluxe Package)","Taylor Swift",2010-01-01,266480,63,spotify:user:dheh1qglxvnrpeae2b30h03xj,2021-06-29T13:44:44Z,"pop",0.546,0.809,4,-3.621,1,0.041,0.00487,0.000372,0.0437,0.649,139.91,4
18IzbU4Iy1ktWsOZOJDiD1,"0uGk2czvcpWQA383Im6ajf","Knife Under My Pillow","PARANOIA","Maggie Lindemann",2021-01-22,122998,57,spotify:user:dheh1qglxvnrpeae2b30h03xj,2021-06-29T13:46:32Z,"alt z,dark pop,pop,pop punk,post-teen pop",0.562,0.876,0,-4.448,1,0.0463,0.00147,0.000678,0.217,0.525,149.971,4
67ispalOAo3jnZWYSTTfZk,"3mIj9lX2MWuHmhNCA7LSCW","Sex","The 1975","The 1975",2013-01-01,207001,60,spotify:user:dheh1qglxvnrpeae2b30h03xj,2021-06-29T13:49:32Z,"modern alternative rock,modern rock,pop,rock",0.408,0.974,2,-4.139,1,0.126,0.0000131,0.0000486,0.526,0.173,148.298,4
1OjSHZrvfSSLVwP3KrneKJ,"1QRj3hoop9Mv5VvHQkwPEp","Sociopath","Episodes: Season 1","Olivia O'Brien",2021-06-11,153750,47,spotify:user:dheh1qglxvnrpeae2b30h03xj,2021-06-29T13:52:37Z,"alt z,dance pop,electropop,pop,post-teen pop,uk pop",0.733,0.711,7,-6.164,1,0.244,0.0207,0,0.042,0.312,132.867,4
37PJvlIfYWqEX6fgjHlnTf,"5YGY8feqx7naU7z4HrwZM6","WTF Do I Know","Plastic Hearts","Miley Cyrus",2020-11-27,171800,63,spotify:user:dheh1qglxvnrpeae2b30h03xj,2021-06-29T14:22:58Z,"dance pop,pop,post-teen pop",0.564,0.849,4,-2.619,0,0.248,0.00255,0,0.269,0.634,157.905,4
7vXtuHrqgzQi58ihUO7L2d,"3u2R8st1bb6zfBqNWceRXG","Karma","Internet Killed The Rockstar","MOD SUN",2021-02-12,159393,58,spotify:user:dheh1qglxvnrpeae2b30h03xj,2021-09-24T22:17:43Z,"minnesota hip hop,pop punk,pop rap",0.461,0.825,8,-3.583,1,0.115,0.0246,0,0.224,0.412,198.045,4
07NxDD1iKCHbAldceD7QLP,"06HL4z0CvFAxyc27GXpf02","This Is Why We Can't Have Nice Things","reputation","Taylor Swift",2017-11-10,207133,70,spotify:user:dheh1qglxvnrpeae2b30h03xj,2021-06-29T21:14:50Z,"pop",0.567,0.789,5,-5.986,1,0.115,0.0156,0,0.382,0.438,163.96,4
0tQPcLmwvAnS5eXSuAUokD,"6Y64EaNqpqcZYTgs4c76gF","NO VANITY","Tell Me About Tomorrow","jxdn",2021-07-02,205723,48,spotify:user:dheh1qglxvnrpeae2b30h03xj,2021-07-02T15:29:49Z,"pop punk",0.479,0.823,11,-4.688,0,0.0382,0.000118,0,0.164,0.329,148.996,4
41pILuwCEPKC8RLLR9XGT1,"0HJsX1aTdgG1VDIRDiseSJ","IH8EVERY1","IH8EVERY1","Sarah Barrios",2021-05-26,167977,41,spotify:user:dheh1qglxvnrpeae2b30h03xj,2021-09-24T22:15:06Z,"alt z",0.589,0.839,8,-4.475,1,0.0451,0.00094,0.00121,0.369,0.749,161.079,4
4wFK5ESRSBrmVDjOkOSa7g,"0uGk2czvcpWQA383Im6ajf","Crash and Burn","PARANOIA","Maggie Lindemann",2021-01-22,159636,57,spotify:user:dheh1qglxvnrpeae2b30h03xj,2021-07-03T22:54:09Z,"alt z,dark pop,pop,pop punk,post-teen pop",0.463,0.836,7,-2.224,1,0.0419,0.00142,0,0.342,0.379,169.916,4
0l8NnoFm09sUNcts1ycOtV,"0uGk2czvcpWQA383Im6ajf","It's Not Your Fault","PARANOIA","Maggie Lindemann",2021-01-22,198748,52,spotify:user:dheh1qglxvnrpeae2b30h03xj,2021-07-03T22:59:13Z,"alt z,dark pop,pop,pop punk,post-teen pop",0.507,0.88,5,-2.938,0,0.0461,0.0044,0.0176,0.367,0.469,151.936,4
2x8evxqUlF0eRabbW2JBJd,"7Ln80lUS6He07XvHI8qqHH","Fluorescent Adolescent","Favourite Worst Nightmare","Arctic Monkeys",2007-04-22,183893,78,spotify:user:dheh1qglxvnrpeae2b30h03xj,2021-07-06T22:22:35Z,"garage rock,modern rock,permanent wave,rock,sheffield indie",0.654,0.828,1,-5.377,0,0.0281,0.00146,0.000144,0.122,0.79,112.056,4
0AFUpHDK01kwapBhVJBtio,"6Y64EaNqpqcZYTgs4c76gF","LAST TIME","Tell Me About Tomorrow","jxdn",2021-07-02,181673,45,spotify:user:dheh1qglxvnrpeae2b30h03xj,2021-07-07T11:57:10Z,"pop punk",0.443,0.822,11,-4.536,0,0.0644,0.000151,0,0.361,0.448,200.017,4
7IJyNRUZlKJJn9BfBBUgzh,"1o2NpYGqHiCq7FoiYdyd1x","Fire N Gold","Young Blood","Bea Miller",2014-01-01,211866,49,spotify:user:dheh1qglxvnrpeae2b30h03xj,2021-07-07T18:21:31Z,"alt z,dance pop,electropop,indie poptimism,pop,post-teen pop,talent show,uk pop",0.544,0.863,6,-5.485,1,0.0435,0.00416,0,0.322,0.396,144.031,4
1LSKiqLUS4VcBD7f8unBOo,"2mAAO54PkHr3NjdlRpzEDl","Devil On My Shoulder","Missing Person","Kelsy Karter & The Heroines",2020-10-02,185500,49,spotify:user:dheh1qglxvnrpeae2b30h03xj,2021-07-08T20:04:28Z,"alt z",0.567,0.807,1,-5.404,0,0.0811,0.00736,0.842,0.27,0.538,112.008,4
4IeT5PbPw9cYzTRvfLwaFC,"2mAAO54PkHr3NjdlRpzEDl","Catch Me If You Can","Missing Person","Kelsy Karter & The Heroines",2020-10-02,188040,33,spotify:user:dheh1qglxvnrpeae2b30h03xj,2021-07-08T20:04:50Z,"alt z",0.536,0.838,9,-5.2,0,0.0651,0.000408,0.044,0.33,0.74,154.955,4
5fKUp0hiZwwNXNQyoe3AgW,"76EjFYcirBSQuL1EqLZIot","Betty","Betty","Cabeau",2020-12-17,307559,37,spotify:user:dheh1qglxvnrpeae2b30h03xj,2021-07-13T11:44:28Z,"",0.421,0.915,0,-3.451,1,0.106,0.0912,0,0.322,0.366,172.115,4
2CYVETnhM9aytqrazYYwrK,"06HL4z0CvFAxyc27GXpf02","Mr. Perfectly Fine (Taylor’s Version) (From The Vault)","Fearless (Taylor's Version)","Taylor Swift",2021-04-09,277591,69,spotify:user:dheh1qglxvnrpeae2b30h03xj,2021-07-15T12:09:36Z,"pop",0.66,0.817,11,-6.269,0,0.0521,0.162,0,0.0667,0.714,135.942,4
6rUp7v3l8yC4TKxAAR5Bmx,"2xiIXseIJcq3nG7C8fHeBj","I Hate Everything About You","Three Days Grace (Expanded Edition)","Three Days Grace",2003-07-22,231480,71,spotify:user:dheh1qglxvnrpeae2b30h03xj,2021-10-07T20:59:03Z,"alternative metal,canadian metal,canadian rock,nu metal,post-grunge",0.498,0.83,6,-5.157,0,0.0421,0.00461,0,0.139,0.453,89.342,4
0MMyJUC3WNnFS1lit5pTjk,"1McMsnEElThX1knmY4oliG","jealousy, jealousy","SOUR","Olivia Rodrigo",2021-05-21,173160,82,spotify:user:dheh1qglxvnrpeae2b30h03xj,2021-10-07T21:39:27Z,"pop",0.695,0.575,10,-6.334,0,0.116,0.198,0,0.0614,0.699,163.929,4
3l9CW99AHtExIRV4hW2N5m,"74XFHRwlV6OrjEM0A2NCMF","Misery Business","Riot!","Paramore",2007-06-11,211520,73,spotify:user:dheh1qglxvnrpeae2b30h03xj,2021-10-30T20:24:35Z,"candy pop,pixie,pop emo,pop punk",0.517,0.906,1,-3.677,1,0.0735,0.00272,0.00000926,0.113,0.731,172.977,4
5EjlKmbefO401Kra4OoN83,"0uGk2czvcpWQA383Im6ajf","she knows it","she knows it","Maggie Lindemann",2021-10-29,156584,57,spotify:user:dheh1qglxvnrpeae2b30h03xj,2021-10-30T20:29:57Z,"alt z,dark pop,pop,pop punk,post-teen pop",0.612,0.806,5,-5.502,1,0.0697,0.0381,0.00000133,0.0937,0.688,174.853,4
0COqiPhxzoWICwFCS4eZcp,"5nGIFgo0shDenQYSE0Sn7c","Bring Me To Life","Fallen","Evanescence",2003-03-04,235893,81,spotify:user:dheh1qglxvnrpeae2b30h03xj,2021-10-30T20:30:03Z,"alternative metal",0.331,0.943,4,-3.188,0,0.0698,0.00721,0.00000206,0.242,0.296,94.612,4
0PWgAyoxsjwGRuFSO0fyya,"06HL4z0CvFAxyc27GXpf02","Better Than Revenge","Speak Now","Taylor Swift",2010-10-25,217173,63,spotify:user:dheh1qglxvnrpeae2b30h03xj,2021-10-30T20:35:45Z,"pop",0.519,0.917,11,-3.185,0,0.0887,0.0167,0.0000206,0.359,0.652,145.882,4
0qAIiGFKLdV1xpNlEhjpq8,"06HL4z0CvFAxyc27GXpf02","New Romantics","1989 (Deluxe)","Taylor Swift",2014-01-01,230466,69,spotify:user:dheh1qglxvnrpeae2b30h03xj,2021-10-30T20:36:05Z,"pop",0.633,0.889,5,-5.87,1,0.0715,0.00463,0.000458,0.0658,0.584,121.956,4
4GRefOK1YJuoy8yB77FnNK,"2mAAO54PkHr3NjdlRpzEDl","Love Me or Hate Me","Missing Person","Kelsy Karter & The Heroines",2020-10-02,196987,44,spotify:user:dheh1qglxvnrpeae2b30h03xj,2021-10-30T20:36:17Z,"alt z",0.479,0.937,8,-5.269,1,0.0521,0.00214,0.00105,0.25,0.56,165.982,4
5PdZuVQMXk0q6Cw0AuwPov,"0H44O4IYqpTOGx4c5nV37f","NEVER FUCKIN KNOW","NEVER FUCKIN KNOW","poutyface",2021-04-09,164211,49,spotify:user:dheh1qglxvnrpeae2b30h03xj,2021-10-30T20:38:13Z,"alt z,modern indie pop,viral rap",0.722,0.46,1,-10.245,1,0.0506,0.0115,0.0000521,0.0818,0.69,122.994,4
2Ep5yZhBqHfwg0Lj4BlNKb,"5Rl15oVamLq7FbSb0NNBNy","English Love Affair","5 Seconds Of Summer","5 Seconds of Summer",2014-06-27,180922,52,spotify:user:dheh1qglxvnrpeae2b30h03xj,2021-10-30T20:44:33Z,"boy band,dance pop,pop,post-teen pop,uk pop",0.529,0.86,8,-4.517,1,0.115,0.0127,0,0.346,0.869,150.003,4
4ZSGp4CmOIeNSpuLLEGumA,"6Ad91Jof8Niiw0lGLLi3NW","mars","mars","YUNGBLUD",2020-11-27,181837,0,spotify:user:dheh1qglxvnrpeae2b30h03xj,2021-10-30T20:51:48Z,"british indie rock,modern rock,rock",0.293,0.811,5,-5.139,1,0.0433,0.00383,0,0.353,0.383,167.949,4
32BeYxKPrig1LefHsC0Xuo,"6qqNVTkY8uBg9cP3Jd7DAH","Happier Than Ever - Edit","Happier Than Ever (Edit)","Billie Eilish",2021-07-28,151444,81,spotify:user:dheh1qglxvnrpeae2b30h03xj,2021-10-30T21:00:37Z,"art pop,electropop,pop",0.334,0.599,0,-5.742,1,0.0365,0.0468,0.000392,0.205,0.127,161.74,3
1Ux9Ql1kyqa0skExUNerDW,"24q2VAybFrs4Lzy0eEnXga","Scream It to the Whole World","Scream It to the Whole World","Abigail Fierce",2021-06-04,207378,42,spotify:user:dheh1qglxvnrpeae2b30h03xj,2022-11-09T18:53:47Z,"",0.652,0.721,4,-5.005,1,0.0354,0.0433,0.0000314,0.101,0.737,127.002,4
