Spotify ID,Artist IDs,Track Name,Album Name,Artist Name(s),Release Date,Duration (ms),Popularity,Added By,Added At,Genres,Danceability,Energy,Key,Loudness,Mode,Speechiness,Acousticness,Instrumentalness,Liveness,Valence,Tempo,Time Signature
5G9qKplB5e4lIpSncwKWVE,"63yrD80RY3RNEM2YDpUpO8","Milk and Cookies","Cry Baby (Deluxe Edition)","Melanie Martinez",2015-08-14,206280,60,spotify:user:je01ug9h2b5x47dcdr8g542of,2021-03-19T03:09:21Z,"alt z,electropop,pop",0.568,0.613,0,-5.069,1,0.0254,0.104,0.00000623,0.101,0.426,89.951,4
3SKzTIl9mW0DadTys9SFo3,"26VFTg2z8YR0cCuwLzESi2","Control","BADLANDS (Deluxe)","Halsey",2015-08-28,214761,70,spotify:user:je01ug9h2b5x47dcdr8g542of,2021-03-19T03:09:36Z,"dance pop,electropop,etherpop,indie poptimism,pop",0.549,0.675,4,-5.637,0,0.0332,0.399,0,0.181,0.206,119.898,4
2IO7yf562c1zLzpanal1DT,"26VFTg2z8YR0cCuwLzESi2","Gasoline","BADLANDS (Deluxe)","Halsey",2015-08-28,199593,71,spotify:user:je01ug9h2b5x47dcdr8g542of,2021-03-19T03:09:42Z,"dance pop,electropop,etherpop,indie poptimism,pop",0.731,0.58,10,-7.328,0,0.0399,0.223,0,0.129,0.319,119.997,4
51NFxnQvaosfDDutk0tams,"6qqNVTkY8uBg9cP3Jd7DAH","bellyache","Bellyache","Billie Eilish",2017-02-24,179172,78,spotify:user:je01ug9h2b5x47dcdr8g542of,2021-03-19T03:10:06Z,"art pop,electropop,pop",0.695,0.573,4,-8.597,0,0.106,0.46,0.0734,0.482,0.408,99.939,4
3u1FiuSpfsgVnekEMXgMwJ,"63yrD80RY3RNEM2YDpUpO8","Tag, You're It","Cry Baby (Deluxe Edition)","Melanie Martinez",2015-08-14,189026,70,spotify:user:je01ug9h2b5x47dcdr8g542of,2021-03-19T03:10:19Z,"alt z,electropop,pop",0.559,0.835,5,-5.555,0,0.0424,0.24,0.019,0.185,0.382,114.908,4
2kS6td1yvmpNgZTt1q5pQq,"0e86yPdC41PGRkLp2Q1Bph","Hayloft","O My Heart","Mother Mother",2008-09-23,181680,76,spotify:user:je01ug9h2b5x47dcdr8g542of,2021-03-19T03:10:30Z,"vancouver indie",0.527,0.922,9,-2.666,0,0.0728,0.00475,0.000162,0.422,0.49,95.975,4
6IRdLKIyS4p7XNiP8r6rsx,"6qqNVTkY8uBg9cP3Jd7DAH","all the good girls go to hell","WHEN WE ALL FALL ASLEEP, WHERE DO WE GO?","Billie Eilish",2019-03-29,168839,75,spotify:user:je01ug9h2b5x47dcdr8g542of,2021-03-19T03:11:03Z,"art pop,electropop,pop",0.726,0.444,8,-8.922,0,0.372,0.283,0.143,0.177,0.569,185.044,4
2Fxmhks0bxGSBdJ92vM42m,"6qqNVTkY8uBg9cP3Jd7DAH","bad guy","WHEN WE ALL FALL ASLEEP, WHERE DO WE GO?","Billie Eilish",2019-03-29,194087,83,spotify:user:je01ug9h2b5x47dcdr8g542of,2021-03-19T03:11:08Z,"art pop,electropop,pop",0.701,0.425,7,-10.965,1,0.375,0.328,0.13,0.1,0.562,135.128,4
6T689Jvh5KrSXyaPtUWZtQ,"26dSoYclwsYLMAKD3tpOr4","Criminal","Femme Fatale (Deluxe Version)","Britney Spears",2011-03-28,225080,71,spotify:user:je01ug9h2b5x47dcdr8g542of,2021-03-19T03:11:33Z,"dance pop,pop",0.696,0.734,7,-5.294,1,0.0298,0.0485,0,0.183,0.711,107.987,4
416mU8FdXWkTyUQecqyBAX,"4TkCMPznXOjlsYLfzIU1rw","Criminal Minds - Main Theme","Criminal Minds - Main Theme","Geek Music",2017-04-20,115797,25,spotify:user:je01ug9h2b5x47dcdr8g542of,2021-03-19T03:13:03Z,"",0.56,0.288,7,-17.727,1,0.0275,0.471,0.889,0.196,0.304,138.068,4
0yK8sWD6cfrc7pGfaPIcZH,"4hGjngc0tPOBwTgTPci3IK","Sleep Walk","Canadian American Greatest Hits 50th Anniversary Collection","Santo & Johnny",2012-10-25,145333,62,spotify:user:je01ug9h2b5x47dcdr8g542of,2021-03-19T03:13:13Z,"space age pop,surf music",0.779,0.212,10,-9.759,0,0.0362,0.759,0.959,0.235,0.444,94.675,3
5MAK1nd8R6PWnle1Q1WJvh,"5RCWMaArEntbkeWYVxCiFW","I See Red","I See Red","Everybody Loves an Outlaw",2018-10-31,230613,75,spotify:user:je01ug9h2b5x47dcdr8g542of,2021-03-19T03:13:29Z,"modern blues rock",0.509,0.448,4,-7.552,0,0.0357,0.00713,0.0137,0.244,0.221,156.909,3
7FYH5AW3bVfZHJIQpq3UOA,"0c173mlxpT3dSFRgMO8XPh,3crnzLy8R4lVwaigKEOz7V","I Don't Fuck With You","Dark Sky Paradise","Big Sean,E-40",2015-02-24,284386,74,spotify:user:je01ug9h2b5x47dcdr8g542of,2021-03-19T03:15:10Z,"detroit hip hop,hip hop,pop,pop rap,r&b,rap,southern hip hop,trap,cali rap,gangster rap,hyphy,oakland hip hop,west coast rap",0.824,0.733,1,-5.474,1,0.0613,0.0362,0,0.325,0.395,97.972,4
7floNISpH8VF4z4459Qo18,"15UsOTVnJzReFVN1VCnxy4","Look At Me!","Look At Me!","XXXTENTACION",2017-02-20,126345,81,spotify:user:je01ug9h2b5x47dcdr8g542of,2021-03-19T03:15:14Z,"emo rap,miami hip hop",0.763,0.726,1,-6.405,1,0.282,0.259,0,0.0976,0.349,139.059,4
7eBqSVxrzQZtK2mmgRG6lC,"1cNDP5yjU5vjeR8qMf4grg","Murder On My Mind","I AM YOU","YNW Melly",2018-08-03,268434,78,spotify:user:je01ug9h2b5x47dcdr8g542of,2021-03-19T03:17:35Z,"melodic rap,trap",0.759,0.73,0,-7.985,0,0.0516,0.145,0.00000306,0.11,0.74,115.007,4
2IRZnDFmlqMuOrYOLnZZyc,"20sxb77xiYeusSH8cVdatc,3TVXtAsR1Inumwj472S9r4","Going Bad (feat. Drake)","Championships","Meek Mill,Drake",2018-11-30,180522,79,spotify:user:je01ug9h2b5x47dcdr8g542of,2021-03-19T03:17:51Z,"hip hop,philly rap,pop rap,rap,southern hip hop,trap,canadian hip hop,canadian pop,toronto rap",0.889,0.496,4,-6.365,0,0.0905,0.259,0,0.252,0.544,86.003,4
7w87IxuO7BDcJ3YUqCyMTT,"7gP3bB2nilZXLfPHJhMdvc","Pumped Up Kicks","Torches","Foster The People",2011-05-23,239600,82,spotify:user:je01ug9h2b5x47dcdr8g542of,2021-03-19T03:24:53Z,"indietronica,modern rock,rock",0.733,0.71,5,-5.849,0,0.0292,0.145,0.115,0.0956,0.965,127.975,4
0WHi11uzahqpEtPGYCW6oQ,"5IH6FPUwQTxPSXurCrcIov","If I Killed Someone For You","Narrated For You","Alec Benjamin",2018-11-16,185122,71,spotify:user:je01ug9h2b5x47dcdr8g542of,2021-03-19T03:25:54Z,"alt z,electropop,pop",0.514,0.605,7,-5.363,1,0.0337,0.774,0.00000291,0.121,0.409,120.894,4
2pTnasibfxSW1dXhljWByn,"7axEazQlDDxu7KBQyFTfoC,1QyROiT6mJDfdLKRZ9HBIz","Serial Killer","Serial Killer","Moncrieff,JUDGE",2018-04-13,211008,56,spotify:user:je01ug9h2b5x47dcdr8g542of,2021-03-19T03:25:55Z,"",0.581,0.687,1,-5.965,0,0.137,0.265,0.00000457,0.104,0.299,78.004,4
4oaU0fMSg3n9kqOwmLPVhH,"06bDwgCHeMAwhgI8il4Y5k,0PlJKkYgy1TSV15E2cHefn","Partners in Crime (feat. Ash Costello)","Cinematics (Expanded Edition)","Set It Off,Ash Costello",2013-06-25,211026,67,spotify:user:je01ug9h2b5x47dcdr8g542of,2021-03-19T03:26:09Z,"electropowerpop,modern rock,otacore,pixie,pop punk,rock",0.376,0.939,1,-3.437,1,0.0572,0.00704,0,0.116,0.815,190.109,4
0xx5CXMss5CFv2GPkg97aC,"6kyUfziWP8ydAsKzyXsC83,6g878dtAhjegRHVe5X0ALf","Sociopath","Sociopath","StayLoose,Bryce Fox",2017-10-06,204826,64,spotify:user:je01ug9h2b5x47dcdr8g542of,2021-03-19T03:26:14Z,"electropop,modern alternative rock,modern rock,rebel blues",0.611,0.562,1,-7.849,0,0.0874,0.0767,0.00000323,0.118,0.318,74.994,4
3bHZeMMosfnAS633rWpf09,"2FovgCfOwN9iqbkCBlKFdT","911","Can You Keep a Secret?","Ellise",2018-10-12,190000,54,spotify:user:je01ug9h2b5x47dcdr8g542of,2021-03-19T03:26:28Z,"alt z,electropop,indie poptimism,pop,social media pop,viral rap",0.698,0.611,10,-6.754,0,0.0686,0.571,0.0000053,0.0587,0.507,130.098,4
6A25J9As7towpxovYryAWr,"24D8gx0257CDd1HAuqNuHu","Such a Whore (Stellular Remix)","Such a Whore (Stellular Remix)","JVLA",2020-06-03,147638,71,spotify:user:je01ug9h2b5x47dcdr8g542of,2021-03-19T03:27:05Z,"viral rap",0.624,0.614,2,-4.165,1,0.0448,0.00391,0.0278,0.187,0.139,168.87,4
4qKcDkK6siZ7Jp1Jb4m0aL,"4TEJudQY2pXxVHPE3gD2EU,3TVXtAsR1Inumwj472S9r4","Look Alive (feat. Drake)","Look Alive (feat. Drake)","BlocBoy JB,Drake",2018-02-09,181263,74,spotify:user:je01ug9h2b5x47dcdr8g542of,2021-03-19T03:27:23Z,"memphis hip hop,rap,southern hip hop,tennessee hip hop,trap,vapor trap,viral rap,canadian hip hop,canadian pop,hip hop,toronto rap",0.922,0.581,10,-7.495,1,0.27,0.00104,0.0000586,0.105,0.595,140.022,4
1y4jsQt7MjnZhiD1L6qFBC,"7gXb99Sf9nNmpNYeAgIQFG","Cradles","Cradles","Sub Urban",2019-01-04,209829,11,spotify:user:je01ug9h2b5x47dcdr8g542of,2021-03-19T03:28:00Z,"modern indie pop,viral rap",0.534,0.589,1,-1.865,1,0.325,0.256,0.0000602,0.176,0.632,78.616,4
5gWtkdgdyt5bZt9i6n3Kqd,"63yrD80RY3RNEM2YDpUpO8","Mad Hatter","Cry Baby (Deluxe Edition)","Melanie Martinez",2015-08-14,201520,70,spotify:user:je01ug9h2b5x47dcdr8g542of,2021-03-19T03:35:36Z,"alt z,electropop,pop",0.568,0.692,8,-4.513,1,0.0589,0.0161,0,0.148,0.577,92.023,4
7l94dyN2hX9c6wWcZQuOGJ,"66CXWjxzNUsdJxJ2JdwvnR","Dangerous Woman","Dangerous Woman","Ariana Grande",2016-05-20,235946,1,spotify:user:je01ug9h2b5x47dcdr8g542of,2021-03-19T03:58:56Z,"dance pop,pop",0.664,0.602,4,-5.369,0,0.0412,0.0529,0,0.356,0.289,134.049,3
4SSnFejRGlZikf02HLewEF,"6qqNVTkY8uBg9cP3Jd7DAH","bury a friend","WHEN WE ALL FALL ASLEEP, WHERE DO WE GO?","Billie Eilish",2019-03-29,193143,75,spotify:user:je01ug9h2b5x47dcdr8g542of,2021-03-19T19:06:27Z,"art pop,electropop,pop",0.905,0.389,8,-14.505,1,0.332,0.74,0.162,0.106,0.196,120.046,4
5w7wuzMzsDer96KqxafeRK,"6qqNVTkY8uBg9cP3Jd7DAH","COPYCAT","dont smile at me","Billie Eilish",2017-12-22,194711,73,spotify:user:je01ug9h2b5x47dcdr8g542of,2021-03-26T05:36:32Z,"art pop,electropop,pop",0.679,0.388,4,-10.977,0,0.0932,0.353,0.0000925,0.341,0.234,124.909,4
3XF5xLJHOQQRbWya6hBp7d,"6qqNVTkY8uBg9cP3Jd7DAH","you should see me in a crown","WHEN WE ALL FALL ASLEEP, WHERE DO WE GO?","Billie Eilish",2019-03-29,180952,76,spotify:user:je01ug9h2b5x47dcdr8g542of,2021-03-26T05:36:36Z,"art pop,electropop,pop",0.678,0.533,4,-10.485,1,0.186,0.462,0.219,0.139,0.323,150.455,4
2PJhATOD9dWsevezmfjoMA,"2D5kO95AWEXMHRvqvCKb7K","Nowhere To Run","The Dino Soars","Stegosaurus Rex",2010-01-01,300000,66,spotify:user:je01ug9h2b5x47dcdr8g542of,2021-05-01T01:11:58Z,"weirdcore",0.809,0.668,7,-6.936,1,0.219,0.678,0.0147,0.0865,0.636,119.976,4
2Rb6nYmuLEblpq4KIAjngL,"6CrThJMQVJfWaHeliiLHuw,1tHZYGc37FSzvOJ0eHbglI","Freak Show","Freak Show","Punkinloveee,H3artcrush",2020-06-09,125361,69,spotify:user:je01ug9h2b5x47dcdr8g542of,2021-09-02T01:14:46Z,"sped up,viral rap",0.665,0.825,8,-5.954,0,0.179,0.00552,0.0000225,0.416,0.683,138.09,4
6r7ULK6c5CLVvImjTIztl1,"15UsOTVnJzReFVN1VCnxy4","Floor 555","?","XXXTENTACION",2018-03-16,93447,70,spotify:user:je01ug9h2b5x47dcdr8g542of,2022-01-15T08:00:16Z,"emo rap,miami hip hop",0.695,0.686,9,-8.147,0,0.0478,0.000424,0.0023,0.365,0.354,105.219,4
2ooF4088y5L72c4YTEJQoB,"15UsOTVnJzReFVN1VCnxy4","YuNg BrAtZ","Revenge","XXXTENTACION",2017-05-16,101851,75,spotify:user:je01ug9h2b5x47dcdr8g542of,2022-01-15T08:00:19Z,"emo rap,miami hip hop",0.755,0.695,9,-5.963,1,0.26,0.0179,0,0.107,0.493,128.063,4
1Wh5LO3TWAvaeDrwp4FZgo,"15UsOTVnJzReFVN1VCnxy4","King","Revenge","XXXTENTACION",2017-05-16,112800,67,spotify:user:je01ug9h2b5x47dcdr8g542of,2022-01-15T08:00:26Z,"emo rap,miami hip hop",0.421,0.154,0,-12.405,1,0.0319,0.102,0.00692,0.207,0.0949,99.886,4
777zXDJpBufzttU4AJ2dGO,"5bOsFzuJ6QZMr86ezC4oXY","I Don't Want To Set The World On Fire","The Anthology","The Ink Spots",1998-06-16,181066,66,spotify:user:je01ug9h2b5x47dcdr8g542of,2022-01-15T08:01:03Z,"adult standards,lounge,swing,vocal harmony group",0.445,0.146,5,-16.064,1,0.0333,0.962,0.0000105,0.249,0.332,86.637,4
5jkbw3FDS3bSSb4oLKYbjf,"7gXb99Sf9nNmpNYeAgIQFG,6U1dV7aL68N7Gb0Naq34V5","Freak (feat. REI AMI)","Thrill Seeker","Sub Urban,REI AMI",2020-03-13,194000,68,spotify:user:je01ug9h2b5x47dcdr8g542of,2022-01-15T08:06:05Z,"modern indie pop,viral rap,alt z,escape room",0.619,0.45,7,-11.965,0,0.515,0.433,0,0.513,0.41,179.755,4
360Wr96ywrCQq4kTAJ8Pq6,"63yrD80RY3RNEM2YDpUpO8","Pacify Her","Cry Baby (Deluxe Edition)","Melanie Martinez",2015-08-14,220013,79,spotify:user:je01ug9h2b5x47dcdr8g542of,2022-01-22T04:15:47Z,"alt z,electropop,pop",0.576,0.593,9,-6.024,0,0.0306,0.0467,0.000767,0.237,0.373,157.993,4
266Vb7ItE3o1q8HdJ9QOvn,"0e86yPdC41PGRkLp2Q1Bph","Verbatim","Touch Up","Mother Mother",2007-05-08,168320,75,spotify:user:je01ug9h2b5x47dcdr8g542of,2022-01-22T04:15:52Z,"vancouver indie",0.827,0.58,7,-6.809,1,0.327,0.309,0,0.148,0.492,78.011,4
5txn8epTSDJfX8pBOo3Bw7,"4kKaAWGdu6WW0W415RWaQA","Bloody War","Never Change","South Park Mexican",2001-11-06,253933,58,spotify:user:je01ug9h2b5x47dcdr8g542of,2022-01-25T00:39:21Z,"chicano rap,dirty south rap,gangster rap,houston rap,latin hip hop,texas latin rap",0.809,0.577,7,-5.114,0,0.0346,0.0323,0.00000272,0.149,0.379,85,4
6bnF93Rx87YqUBLSgjiMU8,"1Xyo4u8uXC1ZmMpatF05PJ","Heartless","After Hours","The Weeknd",2020-03-20,198266,79,spotify:user:je01ug9h2b5x47dcdr8g542of,2022-02-19T19:23:43Z,"canadian contemporary r&b,canadian pop,pop",0.537,0.746,10,-5.507,0,0.15,0.0236,0.00000101,0.156,0.252,170.062,4
1W7zkKgRv9mrLbfdQ8XyH3,"0cGUm45nv7Z6M6qdXYQGTX","Gangsta","Suicide Squad: The Album","Kehlani",2016-08-05,177028,73,spotify:user:je01ug9h2b5x47dcdr8g542of,2022-03-22T22:32:43Z,"dance pop,pop,post-teen pop,r&b,rap",0.439,0.447,10,-8.318,0,0.0436,0.111,0,0.303,0.11,121.48,4
0LRZmNv9ma1Rj4L3YWBAYd,"3XxNRirzbjfLdDli06zMaB","I Don't Wanna Be Your Friend","Let's Skip to the Wedding","Eyedress",2020-08-07,100523,53,spotify:user:je01ug9h2b5x47dcdr8g542of,2022-03-24T01:27:26Z,"noise pop",0.601,0.864,2,-9.017,1,0.054,0.382,0.0978,0.248,0.49,95.568,4
1r9xUipOqoNwggBpENDsvJ,"53XhwfbYqKCa1cC15pYq2q,6U3ybJ9UHNKEdsH7ktGBZ7,57nPqD7z62gDdq37US9XJR,47mIJdHORyRerp4os813jD","Enemy (with JID) - from the series Arcane League of Legends","Enemy (with JID) [from the series Arcane League of Legends]","Imagine Dragons,JID,Arcane,League of Legends",2021-10-28,173381,85,spotify:user:je01ug9h2b5x47dcdr8g542of,2022-03-24T01:32:53Z,"modern rock,rock,hip hop,rap,speedrun,video game music",0.728,0.783,11,-4.424,0,0.266,0.237,0,0.434,0.555,77.011,4
658I1uDnmLSiltFCf98AWE,"15UsOTVnJzReFVN1VCnxy4,2rhFzFmezpnW82MNqEKVry","RIP Roach","Revenge","XXXTENTACION,Ski Mask The Slump God",2017-05-16,169978,75,spotify:user:je01ug9h2b5x47dcdr8g542of,2022-04-13T04:07:47Z,"emo rap,miami hip hop,rap",0.727,0.62,8,-6.443,1,0.306,0.398,0,0.0926,0.555,105.003,4
6PnsOcLWUaTuZJc9wesQhd,"2rhFzFmezpnW82MNqEKVry","WTF!?","You Will Regret (Reloaded)","Ski Mask The Slump God",2018-02-02,143760,42,spotify:user:je01ug9h2b5x47dcdr8g542of,2022-06-04T08:15:24Z,"miami hip hop,rap",0.931,0.54,1,-5.214,1,0.305,0.217,0,0.186,0.495,105.061,1
2gQYziDV5cSTRSqr6akzi5,"2rhFzFmezpnW82MNqEKVry,15UsOTVnJzReFVN1VCnxy4","Take A Step Back","You Will Regret (Reloaded)","Ski Mask The Slump God,XXXTENTACION",2018-02-02,210386,73,spotify:user:je01ug9h2b5x47dcdr8g542of,2022-06-04T08:16:15Z,"miami hip hop,rap,emo rap",0.8,0.591,6,-8.808,1,0.271,0.111,0,0.429,0.747,117.003,4
2736OYs99ZiXr6iJ9nO5E8,"3XxNRirzbjfLdDli06zMaB","Spit on Your Grave","Mulholland Drive","Eyedress",2021-08-27,99515,38,spotify:user:je01ug9h2b5x47dcdr8g542of,2022-06-04T08:17:11Z,"noise pop",0.484,0.902,10,-9.289,0,0.203,0.0316,0.0000661,0.13,0.369,110.498,4
1RSjxBz03F6vEqoHT9jWBa,"1VPmR4DJC1PlOtd0IADAO0","5 Grand at 8 to 1","Long Term Effects of SUFFERING","$uicideboy$",2021-08-13,169565,68,spotify:user:je01ug9h2b5x47dcdr8g542of,2022-08-22T01:55:17Z,"dark trap,new orleans rap,underground hip hop",0.776,0.719,5,-4.431,1,0.0886,0.444,0.0114,0.195,0.232,91.948,4
20R4HfKloPKgXDqU7UKk3x,"6qqNVTkY8uBg9cP3Jd7DAH","Therefore I Am","Happier Than Ever","Billie Eilish",2021-07-30,173539,72,spotify:user:je01ug9h2b5x47dcdr8g542of,2022-10-20T04:23:19Z,"art pop,electropop,pop",0.879,0.365,2,-7.781,1,0.0924,0.227,0.135,0.0583,0.663,94.016,4
2g1KggY9PKvsoEAOaiz4xx,"3PyJHH2wyfQK3WZrk9rpmP","Daisy","DEMIDEVIL","Ashnikko",2021-01-15,146523,71,spotify:user:je01ug9h2b5x47dcdr8g542of,2022-10-20T04:23:24Z,"dance pop,electropop,escape room,pop",0.834,0.663,8,-6.143,1,0.133,0.235,0,0.372,0.774,121.876,4
