Spotify ID,Artist IDs,Track Name,Album Name,Artist Name(s),Release Date,Duration (ms),Popularity,Added By,Added At,Genres,Danceability,Energy,Key,Loudness,Mode,Speechiness,Acousticness,Instrumentalness,Liveness,Valence,Tempo,Time Signature
45yEy5WJywhJ3sDI28ajTm,"3WrFJ7ztbogyGnTHbHJFl2","Here Comes The Sun - Remastered","Abbey Road (Remastered)","The Beatles",1969-09-26,185733,0,spotify:user:candyqueen704,2019-06-20T02:40:08Z,"beatlesque,british invasion,classic rock,merseybeat,psychedelic rock,rock",0.557,0.54,9,-10.484,1,0.0347,0.0339,0.00248,0.179,0.394,129.171,4
2Gy7qnDwt8Z3MNxqat4CsK,"3oDbviiivRWhXwIE8hxkVV","Wouldn't It Be Nice - Remastered 2000 / Stereo Mix","Pet Sounds (Original Mono & Stereo Mix Versions)","The Beach Boys",1966-06-16,153205,72,spotify:user:candyqueen704,2019-06-20T02:40:27Z,"baroque pop,brill building pop,classic rock,psychedelic rock,rock,sunshine pop",0.392,0.629,5,-7.056,1,0.0335,0.718,0.00000376,0.129,0.72,124.511,4
3kxfsdsCpFgN412fpnW85Y,"73sIBHcqh3Z3NyqHKZ7FOL","Redbone","Awaken, My Love!","Childish Gambino",2016-12-02,326933,0,spotify:user:candyqueen704,2019-06-20T02:42:18Z,"atl hip hop,hip hop,pop,rap",0.745,0.356,1,-10.425,1,0.0941,0.172,0.00943,0.123,0.607,160.033,4
2EWpa5XnAuSn0sIkSSIhYk,"5kuJibJcwOC53s3OkoGMRA","Wish I Knew You","Men Amongst Mountains","The Revivalists",2015-07-15,274093,65,spotify:user:candyqueen704,2019-06-20T02:43:47Z,"indie folk,modern alternative rock,modern rock,rock,stomp and holler",0.649,0.718,0,-6.593,0,0.0261,0.142,0.0713,0.124,0.718,101.034,4
6ZapsNk1ZpaebNXAIohP9R,"7giUHu5pv6YTZgSkxxCcgh","Home","Up From Below","Edward Sharpe & The Magnetic Zeros",2009-07-14,303200,0,spotify:user:candyqueen704,2019-06-20T02:44:45Z,"double drumming,indie folk,la indie,stomp and holler",0.542,0.589,2,-6.623,1,0.0318,0.292,0.000522,0.177,0.137,111.665,4
0ofHAoxe9vBkTCp2UQIavz,"08GQAI4eElDnROBrJRGE0X","Dreams - 2004 Remaster","Rumours (Super Deluxe)","Fleetwood Mac",1977-02-04,257800,82,spotify:user:candyqueen704,2019-06-20T02:46:29Z,"album rock,classic rock,rock,soft rock,yacht rock",0.828,0.492,0,-9.744,1,0.0276,0.0644,0.00428,0.128,0.789,120.151,4
7GVUmCP00eSsqc4tzj1sDD,"0w7HLMvZOHatWVbAKee1zF","Come and Get Your Love - Single Version","Come and Get Your Love","Redbone",1973-11-01,205933,74,spotify:user:candyqueen704,2019-06-20T02:47:06Z,"native american,native american contemporary",0.731,0.804,11,-7.621,0,0.0473,0.172,0.00028,0.0685,0.957,107.383,4
7tFiyTwD0nx5a1eklYtX2J,"1dfeR4HaWDbWqFHLkxsg1d","Bohemian Rhapsody - Remastered 2011","A Night At The Opera (Deluxe Remastered Version)","Queen",1975-11-21,354320,72,spotify:user:candyqueen704,2019-06-20T02:47:54Z,"classic rock,glam rock,rock",0.392,0.402,0,-9.961,0,0.0536,0.288,0,0.243,0.228,143.883,4
0n0XAmYCMWlzj3W9VdMejw,"4YZ5ECfbM2xSTSQTJGBbO5,7vtO3glDQwyFDY5cTymz4E","Happy Together (feat. Ray Toro)","Happy Together (feat. Ray Toro)","Gerard Way,Ray Toro",2019-02-08,179392,55,spotify:user:candyqueen704,2019-06-20T02:49:12Z,"modern rock",0.621,0.816,7,-4.077,1,0.0316,0.0695,0.00559,0.103,0.716,122.032,4
6jWkZvd1URGktyTTwcpPpB,"3RwQ26hR2tJtA8F9p2n7jG","My Girl","The Temptations Sing Smokey","The Temptations",1965-01-01,165000,0,spotify:user:candyqueen704,2019-06-20T02:50:00Z,"brill building pop,classic soul,funk,memphis soul,motown,soul",0.579,0.419,0,-10.72,1,0.0346,0.625,0,0.0981,0.673,104.564,4
2hnMS47jN0etwvFPzYk11f,"0EdvGhlC1FkGItLOWQzG4J","Santeria","Sublime","Sublime",1996-07-30,182746,76,spotify:user:candyqueen704,2019-06-20T02:50:46Z,"reggae fusion,ska mexicano,ska punk",0.682,0.765,1,-5.021,0,0.0395,0.0268,0.0000342,0.188,0.567,90.807,4
6txWz9UapYHVxEd7dDIHXT,"5sD1ZLf2dGQ9gQ3YJl1eAd","No Rain","Blind Melon","Blind Melon",1992-01-01,217106,75,spotify:user:candyqueen704,2019-06-20T02:51:05Z,"alternative metal,alternative rock,blues rock,grunge,pop rock,rock",0.389,0.476,9,-9.342,1,0.0316,0.619,0.0000509,0.255,0.566,148.117,4
0PDCewmZCp0P5s00bptcdd,"5tTsrGPwQRWUsHR2Xf7Ke9","This Will Be (An Everlasting Love)","Inseparable","Natalie Cole",1975-01-01,171960,72,spotify:user:candyqueen704,2019-06-20T02:51:18Z,"adult standards,lounge,mellow gold,quiet storm,vocal jazz",0.685,0.623,8,-11.146,1,0.042,0.228,0.00234,0.0295,0.896,126.739,4
5ZBeML7Lf3FMEVviTyvi8l,"3WrFJ7ztbogyGnTHbHJFl2","Twist And Shout - Remastered 2009","Please Please Me (Remastered)","The Beatles",1963-03-22,155226,74,spotify:user:candyqueen704,2019-06-20T02:52:12Z,"beatlesque,british invasion,classic rock,merseybeat,psychedelic rock,rock",0.482,0.849,2,-9.198,1,0.0452,0.641,0.00000774,0.0414,0.937,124.631,4
1EzrEOXmMH3G43AXT1y7pA,"4phGZZrJZRo4ElhRtViYdl","I'm Yours","We Sing. We Dance. We Steal Things.","Jason Mraz",2008-05-12,242946,79,spotify:user:candyqueen704,2019-06-20T02:52:19Z,"acoustic pop,neo mellow,pop,pop rock",0.703,0.444,11,-9.331,1,0.0417,0.559,0,0.0973,0.712,150.96,4
1aj4GXfmEYXfdVZohCpNKu,"60df5JBRRPcnSpsIMxxwQm","Stand by Me","Pain in My Heart","Otis Redding",1964,172333,69,spotify:user:candyqueen704,2019-06-20T02:52:27Z,"classic soul,memphis soul,soul,soul blues,southern soul",0.883,0.464,10,-11.251,1,0.0591,0.279,0.0000151,0.0744,0.925,111.548,4
3298yRJKPcCndQdNiTZKIo,"7mEIug7XUlQHikrFxjTWes","Sweet Caroline","Sweet Caroline","Neil Diamond",1987-06-29,203573,0,spotify:user:candyqueen704,2019-06-20T02:52:48Z,"adult standards,brill building pop,classic rock,folk rock,mellow gold,singer-songwriter,soft rock,yacht rock",0.538,0.127,11,-16.057,1,0.0284,0.589,0.00017,0.238,0.527,62.829,4
7kWhdmRYv8CqbWNqfojqVd,"3dkbV4qihUeMsqN4vBGg93","Let's Stay Together","Let's Stay Together","Al Green",1972-01-31,199400,0,spotify:user:candyqueen704,2019-06-20T02:54:49Z,"classic soul,funk,memphis soul,quiet storm,soul,soul blues,southern soul",0.746,0.273,5,-16.63,1,0.0573,0.606,0.0168,0.0526,0.502,101.952,4
1Fzm9s6Fh1Eumj5tU4q20m,"4ogvuDRerGhZfSf7TtzHlr","What A Wonderful World","Wonderful World","Israel Kamakawiwo'ole",2007-06-26,270666,50,spotify:user:candyqueen704,2019-06-20T02:55:57Z,"hawaiian",0.536,0.279,0,-10.786,1,0.0269,0.873,0.000816,0.118,0.372,79.998,4
6MDTpYxPFL0wtFd0pjfKws,"1g1yxsNVPhMUl9GrMjEb2o","Rhythm Of Love","Wonders Of The Younger","Plain White T's",2010-01-01,200200,61,spotify:user:candyqueen704,2019-06-20T02:58:50Z,"neo mellow,pop punk,pop rock",0.531,0.542,8,-7.721,1,0.0432,0.356,0,0.119,0.726,171.878,4
1NhPKVLsHhFUHIOZ32QnS2,"5Pwc4xIPtQLFEnJriah9YJ","Secrets","Waking Up","OneRepublic",2009-01-01,224693,75,spotify:user:candyqueen704,2019-06-20T03:00:58Z,"piano rock,pop",0.516,0.764,2,-6.223,1,0.0366,0.0717,0,0.115,0.376,148.021,4
4ycLiPVzE5KamivXrAzGFG,"5nLYd9ST4Cnwy6NHaCxbj8","Fuck You","The Lady Killer","CeeLo Green",2010-11-09,222933,66,spotify:user:candyqueen704,2019-06-20T03:05:34Z,"atl hip hop",0.69,0.834,0,-5.79,1,0.0566,0.129,0,0.136,0.738,127.43,4
1j8z4TTjJ1YOdoFEDwJTQa,"74XFHRwlV6OrjEM0A2NCMF","Ain't It Fun","Paramore","Paramore",2013-04-05,296520,73,spotify:user:candyqueen704,2019-06-20T03:09:52Z,"candy pop,pixie,pop emo,pop punk",0.61,0.893,9,-3.681,1,0.0921,0.154,0.0000441,0.021,0.673,104.031,4
6l5D1WC6kR5cxaUOEyCGvs,"33QmoCkSqADuQEtMCysYLh","Sugar, Sugar","Sugar Sugar","The Archies",1968-01-15,163715,47,spotify:user:candyqueen704,2019-06-20T04:13:06Z,"brill building pop,bubblegum pop,classic canadian rock",0.78,0.524,2,-12.072,1,0.0321,0.668,0.0000647,0.293,0.953,124.181,4
05wIrZSwuaVWhcv5FfqeH0,"2TzHIUhVpeeDxyJPpQfnV3","Walking On Sunshine","Katrina & The Waves","Katrina & The Waves",1985,238733,78,spotify:user:candyqueen704,2019-06-20T04:13:13Z,"new wave pop",0.596,0.869,10,-11.97,1,0.037,0.0116,0.173,0.0678,0.944,109.902,4
754kgU5rWscRTfvlsuEwFp,"0lJlKQvuM2Sd9DPPyUXcHg","Kiss Me","Sixpence None the Richer","Sixpence None The Richer",1997-11-22,208680,77,spotify:user:candyqueen704,2019-06-20T06:09:53Z,"neo mellow,pop rock",0.526,0.749,3,-6.964,1,0.0283,0.023,0.00000176,0.0692,0.421,99.982,4
22UDw8rSfLbUsaAGTXQ4Z8,"5T0MSzX9RC5NA6gAI6irSn,5K4W6rqBFWDnAN6FQUkS6x","American Boy","Shine","Estelle,Kanye West",2008-03-28,284733,77,spotify:user:candyqueen704,2019-06-20T06:10:30Z,"neo soul,r&b,chicago rap,rap",0.727,0.729,0,-2.99,1,0.326,0.171,0,0.07,0.512,117.932,4
39oeKRgsLeynDIbWuXyA47,"3MZsBdqDrRTJihTHQrO6Dq,5vSQUyT33qxr1xAX2Tkf3A","CAN'T GET OVER YOU (feat. Clams Casino)","BALLADS 1","Joji,Clams Casino",2018-10-26,107076,71,spotify:user:candyqueen704,2019-06-20T06:10:43Z,"viral pop,experimental hip hop,psychedelic hip hop",0.9,0.316,9,-8.797,1,0.332,0.684,0.0771,0.0853,0.844,129.914,4
5qHirGR7M9tdm6C17DlzSY,"3Gm5F95VdRxW3mqCn8RPBJ","REEL IT IN","ONEPOINTFIVE","Aminé",2018-08-15,121346,75,spotify:user:candyqueen704,2019-06-20T06:11:25Z,"hip hop,pop,portland hip hop,rap",0.754,0.342,10,-8.677,0,0.0991,0.073,0,0.193,0.423,128.981,4
5H2WmzaijYOGTHeHdM3w9P,"3BBCgZVbXFRzcnT1ewVfRt","Nice Boys","Care","TEMPOREX",2017-01-11,180845,0,spotify:user:candyqueen704,2019-06-20T06:11:37Z,"bedroom pop,indie garage rock,san diego indie",0.546,0.669,2,-10.806,1,0.103,0.495,0.735,0.25,0.337,75.144,4
2N4idqj9TT3HnH2OFT9j0v,"3Sz7ZnJQBIHsXLUSo0OQtM","Still Beating","This Old Dog","Mac DeMarco",2017-05-05,181586,0,spotify:user:candyqueen704,2019-06-20T06:11:50Z,"edmonton indie,lo-fi indie",0.709,0.496,1,-10.528,0,0.0417,0.581,0.195,0.151,0.469,78.477,4
2EEinN4Zk8MUv4OQuLsTBj,"0yNLKJebCb8Aueb54LYya3","Age of Consent - 2015 Remaster","Power Corruption and Lies","New Order",1983-05-02,315333,65,spotify:user:candyqueen704,2019-06-20T06:12:12Z,"alternative rock,art rock,dance rock,madchester,new romantic,new wave,new wave pop,permanent wave,pop rock,post-punk,rock,synthpop,uk post-punk",0.372,0.91,2,-5.559,1,0.0392,0.00101,0.0944,0.13,0.756,161.964,4
6A6qBFJHid4WutQu6HHEZt,"67hb7towEyKvt5Z8Bx306c","Walking On A Dream","Walking On A Dream (Special Edition)","Empire of the Sun",2009-01-01,198440,56,spotify:user:candyqueen704,2019-06-20T06:14:03Z,"alternative dance,australian dance,australian electropop,dance rock,electropop,indietronica,neo-synthpop",0.87,0.699,5,-5.541,0,0.0459,0.245,0.00000676,0.0588,0.726,126.967,4
1eRqy8jW4ZLMJR6dl3xsgI,"1tqZaCwM57UFKjWoYwMLrw","Lovefool - Radio Edit","First Band On The Moon","The Cardigans",1996-09-17,193893,0,spotify:user:candyqueen704,2019-06-20T06:14:13Z,"dance pop,lilith,new wave pop,permanent wave,pop rock,swedish pop",0.644,0.599,9,-7.941,1,0.0291,0.0445,0,0.286,0.948,111.829,4
1hy6Dic0L5SU1XqjhYY1TR,"0vEsuISMWAKNctLlUAhSZC","Accidentally In Love","Shrek 2","Counting Crows",2004-01-01,188893,0,spotify:user:candyqueen704,2019-06-20T06:14:23Z,"alternative rock,neo mellow,pop rock,rock",0.556,0.929,7,-3.659,1,0.037,0.0499,0.0000017,0.0931,0.842,137.996,4
0w07a1vsKahQMM0RnPXHVT,"6xeFne1rkxMhKSW3ipvkdV","Dancing in the Moonlight","Onka's Big Moka","Toploader",2000-05-30,232693,52,spotify:user:candyqueen704,2019-06-20T06:14:42Z,"british alternative rock",0.632,0.856,0,-3.453,0,0.0358,0.0568,0,0.35,0.843,119.404,4
2PpruBYCo4H7WOBJ7Q2EwM,"1G9G7WwrXka3Z1r7aIDjI7","Hey Ya!","Speakerboxxx/The Love Below","Outkast",2003,235213,80,spotify:user:candyqueen704,2019-06-20T06:16:03Z,"atl hip hop,dirty south rap,hip hop,old school atlanta hip hop,pop rap,rap,southern hip hop",0.727,0.974,4,-2.261,0,0.0664,0.103,0.000532,0.174,0.965,79.526,4
3vv9phIu6Y1vX3jcqaGz5Z,"69GGBxA162lTqCwzJG5jLp,6jsjhAEteAlY0vCiLvMLBA","Roses","Roses","The Chainsmokers,ROZES",2015-06-16,226738,72,spotify:user:candyqueen704,2019-06-20T06:17:14Z,"dance pop,edm,electropop,pop,pop dance,tropical house,indie poptimism,pop edm",0.713,0.802,4,-7.055,1,0.0561,0.0435,0.00377,0.309,0.343,100.001,4
6ECp64rv50XVz93WvxXMGF,"04gDigrS5kc9YWfZHwBETP","This Love","Songs About Jane: 10th Anniversary Edition","Maroon 5",2002,206200,79,spotify:user:candyqueen704,2019-06-20T06:18:24Z,"pop",0.712,0.862,5,-4.612,0,0.0378,0.0525,0,0.093,0.809,95.051,4
023OVLNzXhX0j7CxswUt6D,"5MouCg6ta7zAxsfMEbc1uh","Cheerleader - Felix Jaehn Remix Radio Edit","Me 4 U","OMI",2015-10-16,180560,66,spotify:user:candyqueen704,2019-06-20T06:19:40Z,"dance pop",0.78,0.68,4,-6.081,1,0.0305,0.141,0.000012,0.138,0.594,118.026,4
5IMtdHjJ1OtkxbGe4zfUxQ,"0TqIPD4IS1w4e30R38B3vj","Escape (The Pina Colada Song)","Partners In Crime","Rupert Holmes",1979-01-01,276493,74,spotify:user:candyqueen704,2019-06-20T06:24:15Z,"soft rock,yacht rock",0.836,0.509,0,-13.668,1,0.0548,0.467,0.0000041,0.0436,0.949,138.714,4
67csrS6po7IyXfwds4azjr,"1T0wRBO0CK0vK8ouUMqEl5","It's Not Unusual","Along Came Tom Jones","Tom Jones",1965-05-01,119800,0,spotify:user:candyqueen704,2019-06-20T15:19:10Z,"adult standards,british invasion,mellow gold",0.346,0.716,0,-10.001,1,0.0735,0.571,0,0.189,0.904,184.499,4
0eEncOnmSHqnm1sgXsjUSA,"4QQgXkCYTt3BlENzhyNETg","September","The Best Of Earth, Wind & Fire Vol. 1","Earth, Wind & Fire",1978-11-23,215093,0,spotify:user:candyqueen704,2019-06-20T15:20:41Z,"disco,funk,jazz funk,quiet storm,soul",0.697,0.832,9,-7.264,1,0.0298,0.168,0.00131,0.269,0.979,125.926,4
0ikz6tENMONtK6qGkOrU3c,"5lpH0xAS4fVfLkACg9DAuM","Wake Me Up Before You Go-Go","Make It Big","Wham!",1984-10-23,231333,78,spotify:user:candyqueen704,2019-06-20T15:22:13Z,"dance pop,disco,europop,new romantic,new wave,new wave pop,soft rock,synthpop",0.62,0.573,0,-11.893,1,0.0423,0.271,0,0.0607,0.897,81.548,4
6bfu99plgbTsNYXAm6dORg,"4QTVePrFu1xuGM9K0kNXkk,7ipGLKpbyUOKFaji4MY19m","Come On Eileen - Single Edit","80s Party","Dexys Midnight Runners,Kevin Rowland",2018-11-16,205933,27,spotify:user:candyqueen704,2019-06-20T15:23:55Z,"new romantic,new wave,new wave pop,solo wave",0.392,0.874,0,-4.286,1,0.0891,0.197,0,0.0843,0.825,107.02,4
3DamFFqW32WihKkTVlwTYQ,"07QEuhtrNmmZ0zEcqE9SF6","Fireflies","Ocean Eyes","Owl City",2009-01-01,228346,78,spotify:user:candyqueen704,2019-06-20T15:29:14Z,"indietronica,pop,pop rock,post-teen pop",0.512,0.662,3,-6.797,1,0.0439,0.0275,0,0.118,0.472,180.114,4
7yyRTcZmCiyzzJlNzGC9Ol,"5M0lbkGluOPXLeFjApw8r8,6icQOAFXDZKsumw3YXyusw","Broccoli (feat. Lil Yachty)","Big Baby DRAM","DRAM,Lil Yachty",2016-10-21,225205,61,spotify:user:candyqueen704,2019-06-20T15:29:40Z,"pop rap,rap,underground hip hop,virginia hip hop,atl hip hop,hip hop,melodic rap,trap,viral rap",0.886,0.525,8,-7.39,1,0.131,0.236,0,0.057,0.708,145.99,4
0b9oOr2ZgvyQu88wzixux9,"73sIBHcqh3Z3NyqHKZ7FOL","This Is America","This Is America","Childish Gambino",2018-05-06,225773,70,spotify:user:candyqueen704,2019-06-20T15:38:59Z,"atl hip hop,hip hop,pop,rap",0.854,0.463,5,-6.159,1,0.137,0.117,0,0.354,0.549,120.024,4
7KXjTSCq5nL1LoYtL7XAwS,"2YZyLoL8N0Wb9xBt1NhZWg","HUMBLE.","DAMN.","Kendrick Lamar",2017-04-14,177000,83,spotify:user:candyqueen704,2019-06-20T15:44:20Z,"conscious hip hop,hip hop,rap,west coast rap",0.908,0.621,1,-6.638,0,0.102,0.000282,0.0000539,0.0958,0.421,150.011,4
10iTEeb8hoM5jBGh0OxBOO,"7Gz6VlTVwlNtBNMYV4OI3w,7ulnU80aA4UleNCZ95c4PE","Cheat Codes for Hoes","Cheat Codes for Hoes","Shotgun Willy,TRAQULA",2018-05-23,141663,61,spotify:user:candyqueen704,2019-06-20T18:03:47Z,"meme rap,sad rap",0.715,0.55,10,-10.293,0,0.425,0.651,0.000292,0.172,0.824,116.669,4
5bknBRjKJZ643DAN2w8Yoy,"1Bl6wpkWCQ4KVgnASpvzzA","FACE","SATURATION","BROCKHAMPTON",2017-06-09,259000,64,spotify:user:candyqueen704,2019-06-22T00:31:52Z,"boy band,hip hop,pop,rap",0.945,0.702,11,-5.016,0,0.12,0.591,0.000538,0.0788,0.678,119.887,4
2T64m94VBrsEISkAYq6Cnq,"4iMO20EPodreIaEl8qW66y","Cooks","Cooks","Still Woozy",2017-07-16,174105,0,spotify:user:candyqueen704,2019-06-22T00:32:47Z,"bedroom pop,oakland indie",0.363,0.579,7,-10.533,1,0.0986,0.446,0.0127,0.264,0.719,78.032,4
78ECvz2vs1obDkLdbMEdJK,"3MATPJ9tYbcMhw5VOZrRU6","Driving to Hawaii","Driving to Hawaii","Summer Salt",2015-07-04,188183,0,spotify:user:candyqueen704,2019-06-22T00:34:59Z,"indie garage rock",0.346,0.637,7,-4.919,1,0.0403,0.719,0.0000203,0.263,0.297,186.836,3
7f9sC9fvtjYSZYOLSmKJlq,"3X0tJzVYoWlfjLYI0Ridsw,2rGm8R7YDTbqDCVlNssQyL","Tom's Diner","Tom's Album","Suzanne Vega,DNA",1991-01-01,228306,58,spotify:user:candyqueen704,2019-06-22T00:37:31Z,"lilith,new wave pop,permanent wave,pop rock,singer-songwriter",0.86,0.439,6,-12.264,0,0.0495,0.0204,0.0147,0.0465,0.725,99.144,4
5zA8vzDGqPl2AzZkEYQGKh,"6zFYqv1mOsgBRQbae3JJ9e","Uptown Girl","An Innocent Man","Billy Joel",1983-08-08,197706,78,spotify:user:candyqueen704,2019-06-22T00:37:49Z,"classic rock,mellow gold,piano rock,rock,singer-songwriter,soft rock",0.701,0.944,4,-2.986,1,0.0455,0.0755,0,0.601,0.792,128.993,4
2GiJYvgVaD2HtM8GqD9EgQ,"1KP6TWI40m7p3QBTU6u2xo","Electric Love","Dopamine","BØRNS",2015-10-16,218106,80,spotify:user:candyqueen704,2019-06-22T06:16:29Z,"modern rock,pop",0.611,0.797,6,-7.627,0,0.0533,0.00543,0.00137,0.26,0.518,120.041,4
0ej0YkMM8E0WOWuWVZliDh,"4hKkEHkaqCsyxNxXEsszVH,4BoRxUdrcgbbq1rxJvvhg9","Summer Nights","Grease","John Travolta,Olivia Newton-John",1978-09-14,216906,0,spotify:user:candyqueen704,2019-06-22T06:16:48Z,"hollywood,adult standards,australian dance,disco,mellow gold,new wave pop,soft rock",0.747,0.663,2,-9.415,1,0.0545,0.62,0.0000524,0.0861,0.606,124.336,4
5EYi2rH4LYs6M21ZLOyQTx,"7pbDxGE6nQSZVfiFdq9lOL,4gHcu2JoaXJ0mV4aNPCd7N","Loving Is Easy (feat. Benny Sings)","Loving Is Easy (feat. Benny Sings)","Rex Orange County,Benny Sings",2017-10-11,155720,58,spotify:user:candyqueen704,2019-06-22T06:17:35Z,"bedroom pop,pop,dutch pop,indie soul",0.756,0.609,3,-7.927,1,0.0544,0.217,0.00482,0.0959,0.537,117.024,4
3uPfVXcjnpOjyzI3jb3js4,"4uN3DsfENc7dp0OLO0FEIb","Fly","Floored","Sugar Ray",1997-06-20,244640,64,spotify:user:candyqueen704,2019-06-22T06:19:23Z,"alternative metal,alternative rock,funk metal,neo mellow,pop rock,rock",0.835,0.648,1,-8.15,1,0.0488,0.0202,0.225,0.308,0.674,99.701,4
6YgV0EF8xJMZz0Zm6BTaT4,"04gDigrS5kc9YWfZHwBETP","This Love","Songs About Jane","Maroon 5",2002-06-25,206200,67,spotify:user:candyqueen704,2019-06-22T06:20:25Z,"pop",0.712,0.862,5,-4.612,0,0.0378,0.0525,0,0.093,0.809,95.051,4
2WfaOiMkCvy7F5fcp2zZ8L,"2jzc5TC5TVFLXQlBNiIUzE","Take on Me","Hunting High and Low","a-ha",1985-06-01,225280,85,spotify:user:candyqueen704,2019-06-22T06:20:37Z,"new romantic,new wave,new wave pop,permanent wave,soft rock,synthpop",0.573,0.902,6,-7.638,0,0.054,0.018,0.00125,0.0928,0.876,84.412,4
4RvWPyQ5RL0ao9LPZeSouE,"4bthk9UfsYUYdcFyqxmSUU","Everybody Wants To Rule The World","Songs From The Big Chair (Super Deluxe Edition)","Tears For Fears",1985-02-25,251488,86,spotify:user:candyqueen704,2019-06-22T06:21:30Z,"new romantic,new wave,new wave pop,permanent wave,sophisti-pop,synthpop",0.645,0.795,7,-12.095,1,0.0527,0.347,0.00389,0.104,0.535,112.067,4
1vrd6UOGamcKNGnSHJQlSt,"06HL4z0CvFAxyc27GXpf02","Love Story","Fearless","Taylor Swift",2008-11-11,235266,69,spotify:user:candyqueen704,2019-06-22T06:23:07Z,"pop",0.618,0.741,2,-3.95,1,0.031,0.17,0,0.0822,0.296,118.984,4
1YLJVmuzeM2YSUkCCaTNUB,"1moxjboGR7GNWYIMWsRjgG","Dog Days Are Over","Lungs (Deluxe Edition)","Florence + The Machine",2009,251840,70,spotify:user:candyqueen704,2019-06-22T06:24:35Z,"baroque pop,pop,uk alternative pop",0.492,0.81,7,-5.315,1,0.0847,0.0416,0.00379,0.117,0.245,149.954,4
3pJJmtKV0ULcMJkx8xmYgP,"3MATPJ9tYbcMhw5VOZrRU6","Revvin' My Cj7","So Polite","Summer Salt",2017-07-18,168205,0,spotify:user:candyqueen704,2019-06-22T20:51:43Z,"indie garage rock",0.759,0.468,10,-7.969,1,0.0464,0.934,0.102,0.115,0.347,119.872,4
1175r6ZmkUjX8dRJLz9Ohk,"027TpXKGwdXP7iwbjUSpV8","I Love You So","Songs for Dads","The Walters",2014-11-28,160253,1,spotify:user:candyqueen704,2019-06-22T20:52:41Z,"chicago indie",0.578,0.669,10,-4.898,1,0.0377,0.65,0,0.13,0.503,75.995,4
4RCWB3V8V0dignt99LZ8vH,"1g1yxsNVPhMUl9GrMjEb2o","Hey There Delilah","All That We Needed","Plain White T's",2005-01-01,232533,79,spotify:user:candyqueen704,2019-06-27T17:48:56Z,"neo mellow,pop punk,pop rock",0.656,0.291,2,-10.572,1,0.0293,0.872,0,0.114,0.298,103.971,4
02tvc9CFnTyHuSRlGeNv9w,"7pbDxGE6nQSZVfiFdq9lOL","Corduroy Dreams","Bcos U Will Never B Free","Rex Orange County",2016-11-07,206974,56,spotify:user:candyqueen704,2019-07-06T17:17:40Z,"bedroom pop,pop",0.608,0.305,4,-14.037,1,0.053,0.653,0,0.103,0.222,113.818,4
