Spotify ID,Artist IDs,Track Name,Album Name,Artist Name(s),Release Date,Duration (ms),Popularity,Added By,Added At,Genres,Danceability,Energy,Key,Loudness,Mode,Speechiness,Acousticness,Instrumentalness,Liveness,Valence,Tempo,Time Signature
4OSBTYWVwsQhGLF9NHvIbR,"4dpARuHxo51G3z768sgnrY","Rolling in the Deep","21","Adele",2011-01-24,228093,80,spotify:user:d3ie5gynlzbv872xbafhxdehh,2021-08-27T23:27:08Z,"british soul,pop,pop soul,uk pop",0.73,0.769,8,-5.114,1,0.0298,0.138,0,0.0473,0.507,104.948,4
1R0a2iXumgCiFb7HEZ7gUE,"06HL4z0CvFAxyc27GXpf02","Don’t Blame Me","reputation","Taylor Swift",2017-11-10,236413,87,spotify:user:d3ie5gynlzbv872xbafhxdehh,2021-08-27T23:29:43Z,"pop",0.615,0.534,9,-6.719,0,0.0386,0.106,0.0000176,0.0607,0.193,135.917,4
1mw0RgNXIpYRyyCdBQbLgA,"6KImCVD70vtIoJWnq6nGn3","Love Of My Life","Harry's House","Harry Styles",2022-05-20,191638,80,spotify:user:d3ie5gynlzbv872xbafhxdehh,2022-10-24T23:02:05Z,"pop",0.555,0.536,7,-8.233,1,0.0452,0.669,0,0.0623,0.203,118.057,4
5E30LdtzQTGqRvNd7l6kG5,"77SW9BnxLY8rJ0RciFqkHh","Daddy Issues","Wiped Out!","The Neighbourhood",2015-10-30,260173,86,spotify:user:d3ie5gynlzbv872xbafhxdehh,2021-08-27T23:34:56Z,"modern alternative rock,modern rock,pop,shimmer pop",0.588,0.521,10,-9.461,1,0.0329,0.0678,0.149,0.123,0.337,85.012,4
7bFmXanwZQm6BMV9Nka6Hk,"451XuvAUIJfZrPOQt2AReP,6wbpT3ouvjUUWqKWJ5iQ9z,0SzZQUkmQ2VPihJ7P64IGq,5RZjpmuD14JKXvB8Ry1G1u,2HB65P72dFRiOKvbLLcil2","Our Last Summer - From 'Mamma Mia!' Original Motion Picture Soundtrack","Mamma Mia! The Movie Soundtrack","Colin Firth,Pierce Brosnan,Stellan Skarsgård,Amanda Seyfried,Meryl Streep",2008-01-01,177626,65,spotify:user:d3ie5gynlzbv872xbafhxdehh,2021-08-27T23:43:05Z,"hollywood,movie tunes,pop",0.635,0.459,7,-7.343,1,0.0244,0.246,0,0.259,0.433,96.056,4
5O2P9iiztwhomNh8xkR9lJ,"4AK6F7OLvEQ5QYCBNiQWHq","Night Changes","FOUR (Deluxe)","One Direction",2014-11-17,226600,87,spotify:user:d3ie5gynlzbv872xbafhxdehh,2022-10-24T23:02:03Z,"boy band,pop,post-teen pop,talent show",0.672,0.52,8,-7.747,1,0.0353,0.859,0,0.115,0.37,120.001,4
5CZ40GBx1sQ9agT82CLQCT,"1McMsnEElThX1knmY4oliG","traitor","SOUR","Olivia Rodrigo",2021-05-21,229226,86,spotify:user:d3ie5gynlzbv872xbafhxdehh,2022-11-06T17:51:17Z,"pop",0.38,0.339,3,-7.885,1,0.0338,0.691,0,0.12,0.0849,100.607,4
5WtfUKzXircvW8l5aaVZWT,"0ZED1XzwlLHW4ZaG4lOT6m,1Hsdzj7Dlq2I7tHP7501T4","What A Time (feat. Niall Horan)","Inner Monologue Part 1","Julia Michaels,Niall Horan",2019-01-24,173306,81,spotify:user:d3ie5gynlzbv872xbafhxdehh,2021-08-27T23:46:17Z,"alt z,dance pop,electropop,pop,post-teen pop,uk pop",0.516,0.467,0,-6.184,1,0.0302,0.662,0,0.0853,0.386,132.861,4
0qvzXomUDJVaUboy2wMfiS,"1Hsdzj7Dlq2I7tHP7501T4","This Town","Flicker (Deluxe)","Niall Horan",2017-10-20,232852,79,spotify:user:d3ie5gynlzbv872xbafhxdehh,2021-08-27T23:53:03Z,"dance pop,pop,post-teen pop,uk pop",0.677,0.401,9,-8.467,1,0.0308,0.712,0,0.116,0.195,111.825,4
4x5YzxjrF9wvIIXJV7TveC,"6P5NO5hzJbuOqSdyPB7SJM,37M5pPGs6V1fchFJSgCguX","Till Forever Falls Apart","Ashlyn","Ashe,FINNEAS",2021-05-07,222926,73,spotify:user:d3ie5gynlzbv872xbafhxdehh,2021-08-27T23:54:00Z,"alt z,electropop,pop,post-teen pop,la indie",0.346,0.501,2,-6.939,1,0.0364,0.421,0,0.0657,0.299,99.855,4
45S5WTQEGOB1VHr1Q4FuPl,"6KImCVD70vtIoJWnq6nGn3","Golden","Fine Line","Harry Styles",2019-12-13,208906,81,spotify:user:d3ie5gynlzbv872xbafhxdehh,2021-08-30T20:38:34Z,"pop",0.448,0.838,4,-5.257,0,0.0557,0.21,0.000131,0.131,0.254,139.863,4
6SQLk9HSNketfgs2AyIiMs,"6KImCVD70vtIoJWnq6nGn3","She","Fine Line","Harry Styles",2019-12-13,362653,73,spotify:user:d3ie5gynlzbv872xbafhxdehh,2021-08-30T20:39:40Z,"pop",0.535,0.521,0,-5.942,1,0.0272,0.000532,0.371,0.19,0.457,140.026,3
0VE4kBnHJUgtMf0dy6DRmW,"06HL4z0CvFAxyc27GXpf02","Getaway Car","reputation","Taylor Swift",2017-11-10,233626,79,spotify:user:d3ie5gynlzbv872xbafhxdehh,2021-08-30T20:39:50Z,"pop",0.562,0.689,2,-6.745,1,0.127,0.00465,0.00000223,0.0888,0.351,172.054,4
1QRKeAlaLqJUeCWMBRP20A,"2HB65P72dFRiOKvbLLcil2,5RZjpmuD14JKXvB8Ry1G1u","Slipping Through My Fingers - From 'Mamma Mia!' Original Motion Picture Soundtrack","Mamma Mia! The Movie Soundtrack","Meryl Streep,Amanda Seyfried",2008-01-01,230893,68,spotify:user:d3ie5gynlzbv872xbafhxdehh,2021-08-30T20:40:48Z,"hollywood,pop",0.463,0.489,2,-7.968,1,0.0288,0.507,0,0.165,0.249,140.034,4
33SNO8AaciGbNaQFkxvPrW,"6KImCVD70vtIoJWnq6nGn3","Kiwi","Harry Styles","Harry Styles",2017-05-12,176386,76,spotify:user:d3ie5gynlzbv872xbafhxdehh,2021-08-30T20:46:44Z,"pop",0.375,0.93,2,-2.631,1,0.0561,0.00064,0,0.318,0.491,147.124,4
0GjEhVFGZW8afUYGChu3Rr,"0LcJLqbBmaGUft1e9Mm8HV","Dancing Queen","Arrival","ABBA",1976,230400,82,spotify:user:d3ie5gynlzbv872xbafhxdehh,2021-08-30T20:48:18Z,"europop,swedish pop",0.543,0.87,9,-6.514,1,0.0428,0.358,0.000939,0.792,0.754,100.804,4
6mORGLOz79w6VsCRLWYYuK,"6ltzsmQQbmdoHHbLZ4ZN25","The Night We Met","Strange Trails","Lord Huron",2015-04-06,208211,0,spotify:user:d3ie5gynlzbv872xbafhxdehh,2021-08-30T20:52:35Z,"indie folk,stomp and holler",0.443,0.369,9,-9.514,1,0.0441,0.969,0.277,0.638,0.0989,174.107,3
1qPbGZqppFwLwcBC1JQ6Vr,"2DaxqgrOhkeH0fpeiQq2f4","Wonderwall","(What's The Story) Morning Glory?","Oasis",1995-10-02,258906,71,spotify:user:d3ie5gynlzbv872xbafhxdehh,2021-08-30T20:54:37Z,"beatlesque,britpop,madchester,permanent wave,pop rock,rock",0.41,0.854,2,-5.609,1,0.0366,0.00236,0,0.133,0.456,174.584,4
14jz7rVR3zpczqFhpXe08T,"2DaxqgrOhkeH0fpeiQq2f4","Half The World Away","The Masterplan","Oasis",1998-11-03,261853,46,spotify:user:d3ie5gynlzbv872xbafhxdehh,2021-08-30T20:55:24Z,"beatlesque,britpop,madchester,permanent wave,pop rock,rock",0.339,0.448,0,-8.866,1,0.0314,0.314,0,0.075,0.213,171.116,3
11bD1JtSjlIgKgZG2134DZ,"3rIZMv9rysU7JkLzEaC5Jp","Chasing Cars","Eyes Open","Snow Patrol",2006-01-01,267933,48,spotify:user:d3ie5gynlzbv872xbafhxdehh,2021-08-30T20:57:21Z,"irish rock,neo mellow,permanent wave,pop rock,rock",0.563,0.592,9,-4.571,1,0.0276,0.209,0.0000508,0.132,0.136,104.016,4
3qaSqrrevBrb84xl5JlptU,"21UJ7PRWb3Etgsu99f8yo8","Dakota","Language.Sex.Violence.Other?","Stereophonics",2005-01-01,297426,69,spotify:user:d3ie5gynlzbv872xbafhxdehh,2021-08-30T21:30:57Z,"britpop,modern rock,neo mellow,pop rock,rock,welsh rock",0.506,0.93,4,-3.499,1,0.0675,0.129,0.00682,0.0931,0.305,146.994,4
3vkQ5DAB1qQMYO4Mr9zJN6,"0LcJLqbBmaGUft1e9Mm8HV","Gimme! Gimme! Gimme! (A Man After Midnight)","Voulez-Vous","ABBA",1979,292613,81,spotify:user:d3ie5gynlzbv872xbafhxdehh,2021-09-07T22:45:03Z,"europop,swedish pop",0.749,0.491,10,-9.655,1,0.0403,0.02,0.00899,0.159,0.536,119.528,4
3Dy4REq8O09IlgiwuHQ3sk,"0LcJLqbBmaGUft1e9Mm8HV","Waterloo","Waterloo","ABBA",1974,168960,72,spotify:user:d3ie5gynlzbv872xbafhxdehh,2021-09-07T22:45:19Z,"europop,swedish pop",0.445,0.949,2,-4.682,1,0.0471,0.395,0.00000818,0.0902,0.653,147.604,4
2TxCwUlqaOH3TIyJqGgR91,"0LcJLqbBmaGUft1e9Mm8HV","Mamma Mia","Abba","ABBA",1975,213266,76,spotify:user:d3ie5gynlzbv872xbafhxdehh,2021-09-07T22:45:31Z,"europop,swedish pop",0.749,0.748,2,-7.011,1,0.0323,0.295,0.000443,0.469,0.827,137.547,4
6yZv0Nl6BXABbXoPVpfF5y,"0LcJLqbBmaGUft1e9Mm8HV","SOS","Abba","ABBA",1975,202386,65,spotify:user:d3ie5gynlzbv872xbafhxdehh,2021-09-07T22:46:57Z,"europop,swedish pop",0.415,0.713,5,-5.55,1,0.0278,0.251,0.00197,0.289,0.579,125.056,4
7ppPZa3TRUSGKaks9wH7VT,"2DaxqgrOhkeH0fpeiQq2f4","Don't Look Back In Anger","(What's The Story) Morning Glory?","Oasis",1995-10-02,287826,67,spotify:user:d3ie5gynlzbv872xbafhxdehh,2021-09-07T22:47:47Z,"beatlesque,britpop,madchester,permanent wave,pop rock,rock",0.349,0.917,0,-3.645,1,0.071,0.026,0.00000725,0.0968,0.206,164.036,4
0V5cvmTKsYmF5FmGGEAfmS,"7bPs6jf983f0bjRAt1yxDM","Je te laisserai des mots","Je te laisserai des mots","Patrick Watson",2010-09-10,160853,84,spotify:user:d3ie5gynlzbv872xbafhxdehh,2021-09-10T21:48:21Z,"indie folk,indie quebecois",0.303,0.187,2,-16.757,1,0.0356,0.989,0.489,0.101,0.213,132.731,4
56eSclzdXaWU5jOJ7DX7Vp,"56ZTgzPBDge0OvCGgMO3OY","Silver Soul","Teen Dream","Beach House",2010-01-25,298680,64,spotify:user:d3ie5gynlzbv872xbafhxdehh,2021-09-10T21:48:39Z,"baltimore indie,dream pop,dreamo,modern dream pop",0.354,0.675,2,-5.835,1,0.0324,0.439,0.0000855,0.28,0.108,135.034,4
3sslYZcFKtUvIEWN9lADgr,"2uYWxilOVlUdk4oV9DvwqK","First Love / Late Spring","Bury Me At Makeout Creek","Mitski",2014-11-11,278640,78,spotify:user:d3ie5gynlzbv872xbafhxdehh,2021-09-12T14:24:11Z,"brooklyn indie,pop",0.445,0.543,0,-8.196,1,0.0272,0.000825,0.0137,0.202,0.102,99.963,4
3hUxzQpSfdDqwM3ZTFQY0K,"06HL4z0CvFAxyc27GXpf02","august","folklore","Taylor Swift",2020-07-24,261922,84,spotify:user:d3ie5gynlzbv872xbafhxdehh,2021-09-12T14:24:43Z,"pop",0.532,0.623,5,-9.208,1,0.0331,0.538,0.0000728,0.0925,0.403,89.937,4
3liOnWUe0m0bi4gjaBIkAu,"00FQb4jTyendYWaN8pK0wa","Diet Mountain Dew","Born To Die (Deluxe Version)","Lana Del Rey",2012-01-01,222920,55,spotify:user:d3ie5gynlzbv872xbafhxdehh,2021-09-17T23:26:37Z,"art pop,pop",0.46,0.683,10,-5.97,0,0.0891,0.282,0,0.425,0.592,175.743,4
4y5bvROuBDPr5fuwXbIBZR,"06HL4z0CvFAxyc27GXpf02","Paper Rings","Lover","Taylor Swift",2019-08-23,222400,81,spotify:user:d3ie5gynlzbv872xbafhxdehh,2021-09-17T23:27:27Z,"pop",0.811,0.719,9,-6.553,1,0.0497,0.0129,0.0000136,0.0742,0.865,103.979,4
3BJe4B8zGnqEdQPMvfVjuS,"00FQb4jTyendYWaN8pK0wa","Summertime Sadness","Born To Die - The Paradise Edition","Lana Del Rey",2012-01-01,265427,83,spotify:user:d3ie5gynlzbv872xbafhxdehh,2021-09-17T23:29:03Z,"art pop,pop",0.565,0.654,1,-6.826,0,0.0335,0.0542,0.0000018,0.122,0.235,111.968,4
5Ohxk2dO5COHF1krpoPigN,"6KImCVD70vtIoJWnq6nGn3","Sign of the Times","Harry Styles","Harry Styles",2017-05-12,340706,83,spotify:user:d3ie5gynlzbv872xbafhxdehh,2021-09-17T23:29:40Z,"pop",0.516,0.595,5,-4.63,1,0.0313,0.0275,0,0.109,0.222,119.972,4
5XeFesFbtLpXzIVDNQP22n,"7Ln80lUS6He07XvHI8qqHH","I Wanna Be Yours","AM","Arctic Monkeys",2013-09-09,183956,91,spotify:user:d3ie5gynlzbv872xbafhxdehh,2021-09-17T23:30:07Z,"garage rock,modern rock,permanent wave,rock,sheffield indie",0.464,0.417,0,-9.345,0,0.0256,0.136,0.022,0.0974,0.479,67.528,4
6jHvX8ZnHKC1PnrPMJ0Emt,"26T3LtbuGT1Fu9m0eRq5X3","Cigarette Daydreams","Melophobia","Cage The Elephant",2013-10-08,208760,73,spotify:user:d3ie5gynlzbv872xbafhxdehh,2021-09-17T23:30:49Z,"modern rock,punk blues,rock",0.636,0.676,2,-3.442,1,0.0263,0.0807,0,0.0831,0.273,113.98,4
086myS9r57YsLbJpU0TgK9,"7Ln80lUS6He07XvHI8qqHH","Why'd You Only Call Me When You're High?","AM","Arctic Monkeys",2013-09-09,161123,87,spotify:user:d3ie5gynlzbv872xbafhxdehh,2021-09-17T23:38:23Z,"garage rock,modern rock,permanent wave,rock,sheffield indie",0.691,0.631,2,-6.478,1,0.0368,0.0483,0.0000113,0.104,0.8,92.004,4
5l6GqSxplqnZbLg0LTPQeG,"06HL4z0CvFAxyc27GXpf02","Back To December","Speak Now","Taylor Swift",2010-10-25,293040,66,spotify:user:d3ie5gynlzbv872xbafhxdehh,2021-09-17T23:41:07Z,"pop",0.517,0.606,2,-5.797,1,0.0289,0.0202,0,0.324,0.296,141.929,4
0Z5ok0QLLttAKsujOZYOXf,"4dpARuHxo51G3z768sgnrY","Chasing Pavements","19","Adele",2008-01-27,210506,73,spotify:user:d3ie5gynlzbv872xbafhxdehh,2021-09-17T23:42:02Z,"british soul,pop,pop soul,uk pop",0.616,0.47,5,-6.092,0,0.0253,0.291,0,0.111,0.325,80.03,4
1ZMiCix7XSAbfAJlEZWMCp,"6KImCVD70vtIoJWnq6nGn3","Falling","Fine Line","Harry Styles",2019-12-13,240133,83,spotify:user:d3ie5gynlzbv872xbafhxdehh,2021-09-17T23:42:09Z,"pop",0.567,0.267,4,-6.502,1,0.0299,0.839,0.00000146,0.089,0.0592,110.011,4
1u8c2t2Cy7UBoG4ArRcF5g,"06HL4z0CvFAxyc27GXpf02","Blank Space","1989 (Deluxe)","Taylor Swift",2014-01-01,231826,84,spotify:user:d3ie5gynlzbv872xbafhxdehh,2021-09-17T23:42:51Z,"pop",0.76,0.703,5,-5.412,1,0.054,0.103,0,0.0913,0.57,95.997,4
2k3MdyqMHmfZubFg3pmtby,"6jJ0s89eD6GaHleKKya26X","The One That Got Away","Teenage Dream","Katy Perry",2010-01-01,227333,62,spotify:user:d3ie5gynlzbv872xbafhxdehh,2021-09-17T23:43:43Z,"dance pop,pop",0.691,0.795,1,-4.021,0,0.0355,0.000812,0.00000102,0.156,0.876,133.971,4
4wcBRRpIfesgcyUtis7PEg,"1McMsnEElThX1knmY4oliG","1 step forward, 3 steps back","SOUR","Olivia Rodrigo",2021-05-21,163586,78,spotify:user:d3ie5gynlzbv872xbafhxdehh,2021-09-17T23:46:22Z,"pop",0.473,0.203,2,-12.627,1,0.102,0.941,0,0.126,0.419,168.884,4
2nqio0SfWg6gh2eCtfuMa5,"06HL4z0CvFAxyc27GXpf02","Fifteen (Taylor’s Version)","Fearless (Taylor's Version)","Taylor Swift",2021-04-09,294419,67,spotify:user:d3ie5gynlzbv872xbafhxdehh,2021-09-18T14:56:26Z,"pop",0.559,0.646,7,-4.61,1,0.0272,0.116,0,0.32,0.289,95.466,4
1Ov37jtRQ2YNAe8HzfczkL,"06HL4z0CvFAxyc27GXpf02","Wildest Dreams (Taylor's Version)","Wildest Dreams (Taylor's Version)","Taylor Swift",2021-09-17,220433,81,spotify:user:d3ie5gynlzbv872xbafhxdehh,2021-09-18T14:57:19Z,"pop",0.583,0.67,8,-7.289,1,0.0646,0.0374,0.0001,0.126,0.498,140.061,4
6VzcQuzTNTMFnJ6rBSaLH9,"6KImCVD70vtIoJWnq6nGn3","Fine Line","Fine Line","Harry Styles",2019-12-13,377960,77,spotify:user:d3ie5gynlzbv872xbafhxdehh,2021-09-20T18:47:35Z,"pop",0.306,0.347,2,-8.5,1,0.0334,0.172,0.00013,0.0485,0.0511,120.996,4
1175r6ZmkUjX8dRJLz9Ohk,"027TpXKGwdXP7iwbjUSpV8","I Love You So","Songs for Dads","The Walters",2014-11-28,160253,1,spotify:user:d3ie5gynlzbv872xbafhxdehh,2021-10-26T22:18:21Z,"chicago indie",0.578,0.669,10,-4.898,1,0.0377,0.65,0,0.13,0.503,75.995,4
1dGr1c8CrMLDpV6mPbImSI,"06HL4z0CvFAxyc27GXpf02","Lover","Lover","Taylor Swift",2019-08-23,221306,84,spotify:user:d3ie5gynlzbv872xbafhxdehh,2021-10-26T22:18:57Z,"pop",0.359,0.543,7,-7.582,1,0.0919,0.492,0.0000158,0.118,0.453,68.534,4
2tznHmp70DxMyr2XhWLOW0,"26T3LtbuGT1Fu9m0eRq5X3","Cigarette Daydreams","Melophobia","Cage The Elephant",2013-10-08,208760,77,spotify:user:d3ie5gynlzbv872xbafhxdehh,2021-11-09T21:03:14Z,"modern rock,punk blues,rock",0.636,0.676,2,-3.442,1,0.0263,0.0807,0,0.0831,0.273,113.98,4
01K4zKU104LyJ8gMb7227B,"06HL4z0CvFAxyc27GXpf02,1r1uxoy19fzMxunt3ONAkG","Nothing New (feat. Phoebe Bridgers) (Taylor’s Version) (From The Vault)","Red (Taylor's Version)","Taylor Swift,Phoebe Bridgers",2021-11-12,258812,75,spotify:user:d3ie5gynlzbv872xbafhxdehh,2022-01-12T20:05:19Z,"pop,indie pop,la indie",0.606,0.377,0,-9.455,1,0.0275,0.817,0,0.154,0.446,101.96,4
04S1pkp1VaIqjg8zZqknR5,"06HL4z0CvFAxyc27GXpf02","Enchanted","Speak Now","Taylor Swift",2010-10-25,352200,75,spotify:user:d3ie5gynlzbv872xbafhxdehh,2022-01-12T20:05:42Z,"pop",0.535,0.618,8,-3.913,1,0.0273,0.0716,0.000388,0.169,0.228,81.975,4
0rzWENXdfcLTgyt5DByGTy,"25pd339V2rRJo84USlcSRP","Honeypie","Honeypie","JAWNY",2019-04-25,135521,0,spotify:user:d3ie5gynlzbv872xbafhxdehh,2022-02-02T22:35:59Z,"bedroom pop,indie pop",0.743,0.683,5,-4.606,0,0.201,0.0713,0,0.15,0.926,115.033,4
5NlFXQ0si6U87gXs6hq81B,"2HcwFjNelS49kFbfvMxQYw","Candy","Take The Crown (Deluxe Edition)","Robbie Williams",2012-11-05,201053,67,spotify:user:d3ie5gynlzbv872xbafhxdehh,2022-02-04T20:01:00Z,"dance pop,dance rock,europop",0.715,0.791,10,-6.63,1,0.0414,0.0368,0,0.0694,0.879,116.043,4
5ajjAnNRh8bxFvaVHzpPjh,"2kRfqPViCqYdSGhYSM9R0Q","Reckless","Reckless","Madison Beer",2021-06-04,203384,78,spotify:user:d3ie5gynlzbv872xbafhxdehh,2022-05-13T06:33:45Z,"alt z,dance pop,electropop,pop,post-teen pop,uk pop",0.386,0.426,3,-6.642,1,0.0363,0.807,0,0.14,0.261,180.104,3
4LRPiXqCikLlN15c3yImP7,"6KImCVD70vtIoJWnq6nGn3","As It Was","As It Was","Harry Styles",2022-03-31,167303,93,spotify:user:d3ie5gynlzbv872xbafhxdehh,2022-05-13T06:34:17Z,"pop",0.52,0.731,6,-5.338,0,0.0557,0.342,0.00101,0.311,0.662,173.93,4
5TxRUOsGeWeRl3xOML59Ai,"4V8LLVI7PbaPR0K2TGSxFF","ARE WE STILL FRIENDS?","IGOR","Tyler, The Creator",2019-05-17,265480,80,spotify:user:d3ie5gynlzbv872xbafhxdehh,2022-07-23T15:57:32Z,"hip hop,rap",0.216,0.497,10,-8.025,1,0.0371,0.128,0.00000239,0.111,0.313,187.308,3
5UXJzLFdBn6u9FJTCnoHrH,"4Uc8Dsxct0oMqx0P6i60ea","Memories","Superache","Conan Gray",2022-06-24,248818,78,spotify:user:d3ie5gynlzbv872xbafhxdehh,2022-08-16T19:02:57Z,"bedroom pop,pop",0.34,0.684,11,-6.306,1,0.044,0.00979,0,0.348,0.556,112.969,4
2Ch4KYS8Xgt5GVn4kJf6go,"1DHHaCy2ri351JypVkX9B0","Bad Habit (Sped Up) - I Wish I Knew You Wanted Me","Bad Habit (Sped Up) - I Wish I Knew You Wanted Me","MADAX",2022-07-22,184611,59,spotify:user:d3ie5gynlzbv872xbafhxdehh,2022-09-05T18:41:02Z,"sped up",0.82,0.399,11,-13.312,1,0.0392,0.572,0.000148,0.235,0.74,106.622,4
7MXVkk9YMctZqd1Srtv4MB,"1Xyo4u8uXC1ZmMpatF05PJ,4tZwfgrHOc3mvqYlEYSvVi","Starboy","Starboy","The Weeknd,Daft Punk",2016-11-25,230453,89,spotify:user:d3ie5gynlzbv872xbafhxdehh,2022-09-05T18:41:31Z,"canadian contemporary r&b,canadian pop,pop,electro,filter house",0.679,0.587,7,-7.015,1,0.276,0.141,0.00000635,0.137,0.486,186.003,4
5QO79kh1waicV47BqGRL3g,"1Xyo4u8uXC1ZmMpatF05PJ","Save Your Tears","After Hours","The Weeknd",2020-03-20,215626,88,spotify:user:d3ie5gynlzbv872xbafhxdehh,2022-09-05T18:41:37Z,"canadian contemporary r&b,canadian pop,pop",0.68,0.826,0,-5.487,1,0.0309,0.0212,0.0000124,0.543,0.644,118.051,4
5CM4UuQ9Gnd6K2YyKGPMoK,"57vWImR43h4CaDao012Ofp","Bad Habit","Bad Habit","Steve Lacy",2022-06-29,232114,90,spotify:user:d3ie5gynlzbv872xbafhxdehh,2022-09-10T14:41:34Z,"afrofuturism",0.686,0.507,1,-7.097,1,0.0357,0.626,0.0000751,0.383,0.69,168.955,4
4zOfy9kqJlG0ZXvcaSh4gv,"4gzpq5DPGxSnKTe4SA8HAU","Viva La Vida","Viva La Vida or Death and All His Friends","Coldplay",2008-06-12,242373,70,spotify:user:d3ie5gynlzbv872xbafhxdehh,2022-09-10T14:49:13Z,"permanent wave,pop",0.486,0.617,5,-7.115,0,0.0287,0.0954,0.00000323,0.109,0.417,138.015,4
3SErMoIKdRELto2OspGs5L,"2cFrymmkijnjDg9SS92EPM","idfc","dead","blackbear",2015-06-02,207026,80,spotify:user:d3ie5gynlzbv872xbafhxdehh,2022-09-10T15:57:05Z,"pop,pop rap",0.718,0.422,4,-9.115,0,0.0621,0.0764,0,0.17,0.455,144.678,4
02MWAaffLxlfxAUY7c5dvx,"4yvcSjfu4PC0CYQyLy4wSq","Heat Waves","Dreamland (+ Bonus Levels)","Glass Animals",2020-08-06,238805,86,spotify:user:d3ie5gynlzbv872xbafhxdehh,2022-09-14T19:09:14Z,"gauze pop,indietronica,shiver pop",0.761,0.525,11,-6.9,1,0.0944,0.44,0.0000067,0.0921,0.531,80.87,4
5TRPicyLGbAF2LGBFbHGvO,"5K4W6rqBFWDnAN6FQUkS6x,7u6LfVyYpEzMpHLL7jTyvU","Flashing Lights","Graduation","Kanye West,Dwele",2007-09-11,237506,84,spotify:user:d3ie5gynlzbv872xbafhxdehh,2022-09-23T15:57:19Z,"chicago rap,rap,neo soul,r&b,urban contemporary",0.639,0.628,6,-7.578,0,0.0399,0.0381,0,0.386,0.43,90.482,4
3yfqSUWxFvZELEM4PmlwIR,"7dGJo4pcD2V6oG8kP0tJRR","The Real Slim Shady","The Marshall Mathers LP","Eminem",2000-05-23,284200,87,spotify:user:d3ie5gynlzbv872xbafhxdehh,2022-09-23T15:58:40Z,"detroit hip hop,hip hop,rap",0.949,0.661,5,-4.244,0,0.0572,0.0302,0,0.0454,0.76,104.504,4
7lQ8MOhq6IN2w8EYcFNSUk,"7dGJo4pcD2V6oG8kP0tJRR","Without Me","The Eminem Show","Eminem",2002-05-26,290320,88,spotify:user:d3ie5gynlzbv872xbafhxdehh,2022-09-23T15:59:56Z,"detroit hip hop,hip hop,rap",0.908,0.669,7,-2.827,1,0.0738,0.00286,0,0.237,0.662,112.238,4
12hfCw3Bd5uvvqWa2xTNZS,"1G9G7WwrXka3Z1r7aIDjI7,1tDPDvqdllfPLjLhFFkocX","Ms. Jackson - Mr. Drunk Remix","Stankonia (Deluxe Version)","Outkast,Mummy-D",2020-10-30,285514,52,spotify:user:d3ie5gynlzbv872xbafhxdehh,2022-09-23T16:00:10Z,"atl hip hop,dirty south rap,hip hop,old school atlanta hip hop,pop rap,rap,southern hip hop",0.751,0.645,6,-4.114,0,0.366,0.0282,0,0.0339,0.715,189.481,4
1SymEzIT3H8UZfibCs3TYi,"06HL4z0CvFAxyc27GXpf02","Afterglow","Lover","Taylor Swift",2019-08-23,223293,76,spotify:user:d3ie5gynlzbv872xbafhxdehh,2022-09-23T16:00:26Z,"pop",0.756,0.449,9,-8.746,1,0.0344,0.13,0,0.114,0.399,111.011,4
4OmfWzukSVD140NiAIEjem,"57vWImR43h4CaDao012Ofp","Static","Gemini Rights","Steve Lacy",2022-07-15,156506,86,spotify:user:d3ie5gynlzbv872xbafhxdehh,2022-09-23T16:01:01Z,"afrofuturism",0.335,0.305,1,-12.661,1,0.0741,0.434,0.631,0.101,0.215,79.001,5
7DbdUf8aHSYoliSjO6LZv6,"7I3bkknknQkIiatWiupQgD","Sex, Drugs, Etc.","Chit Chat","Beach Weather",2016-11-04,196784,89,spotify:user:d3ie5gynlzbv872xbafhxdehh,2022-09-23T16:01:07Z,"modern rock",0.572,0.839,4,-5.083,0,0.0377,0.013,0.00976,0.522,0.465,143.969,4
0BxE4FqsDD1Ot4YuBXwAPp,"7Ln80lUS6He07XvHI8qqHH","505","Favourite Worst Nightmare","Arctic Monkeys",2007-04-22,253586,86,spotify:user:d3ie5gynlzbv872xbafhxdehh,2022-09-23T16:01:11Z,"garage rock,modern rock,permanent wave,rock,sheffield indie",0.526,0.866,0,-5.822,1,0.0568,0.00287,0.0000778,0.0945,0.248,140.266,4
6LW3Z1GqbL78TIjfDyg4zp,"6m8itYST9ADjBIYevXSb1r,4EPJlUEBy49EX1wuFOvtjK","Afterglow","Lazers Not Included","Wilkinson,Becky Hill",2013-01-01,225172,68,spotify:user:d3ie5gynlzbv872xbafhxdehh,2022-09-23T16:02:26Z,"dancefloor dnb,drum and bass,house,dance pop,edm,pop,pop dance,pop house,tropical house,uk dance,uk pop",0.516,0.915,7,-2.498,1,0.0562,0.0228,0.000789,0.125,0.0398,174.032,4
483XiZ5o13Cc1zoWV7jGml,"5nki7yRhxgM509M5ADlN1p,4EPJlUEBy49EX1wuFOvtjK","Gecko (Overdrive) - Radio Edit","Gecko (Overdrive) [Radio Edit]","Oliver Heldens,Becky Hill",2014-06-03,165440,66,spotify:user:d3ie5gynlzbv872xbafhxdehh,2022-09-23T16:13:20Z,"dance pop,edm,electro house,future house,house,pop dance,progressive electro house,progressive house,tropical house,pop,pop house,uk dance,uk pop",0.609,0.885,0,-5.469,1,0.0642,0.00521,0.0000115,0.336,0.76,124.959,4
2cY7WSxFIsZQaoDNJe7Fz3,"0Tob4H0FLtEONHU1MjpUEp","Pass Out","Disc-Overy","Tinie Tempah",2010,268053,61,spotify:user:d3ie5gynlzbv872xbafhxdehh,2022-09-23T21:42:14Z,"dance pop,edm,grime,house,pop dance,pop rap,tropical house,uk pop",0.693,0.891,1,-3.261,1,0.296,0.0281,0,0.143,0.532,91.1,4
1qEmFfgcLObUfQm0j1W2CK,"6KImCVD70vtIoJWnq6nGn3","Late Night Talking","Harry's House","Harry Styles",2022-05-20,177954,90,spotify:user:d3ie5gynlzbv872xbafhxdehh,2022-09-23T21:51:24Z,"pop",0.714,0.728,10,-4.595,1,0.0468,0.298,0,0.106,0.901,114.996,4
3i058E8uxTsYqJ5NWZzqSj,"6KImCVD70vtIoJWnq6nGn3","Little Freak","Harry's House","Harry Styles",2022-05-20,202183,82,spotify:user:d3ie5gynlzbv872xbafhxdehh,2022-09-23T21:51:33Z,"pop",0.559,0.535,3,-7.723,1,0.039,0.719,0.000143,0.0954,0.402,141.96,4
1cKHdTo9u0ZymJdPGSh6nq,"1Xyo4u8uXC1ZmMpatF05PJ,3hteYQFiMFbJY7wS0xDymP","I Was Never There","My Dear Melancholy,","The Weeknd,Gesaffelstein",2018-03-30,241066,89,spotify:user:d3ie5gynlzbv872xbafhxdehh,2022-09-23T21:52:16Z,"canadian contemporary r&b,canadian pop,pop,dark clubbing,destroy techno",0.323,0.737,10,-4.008,1,0.0338,0.142,0.000162,0.163,0.155,113.26,4
5gDWsRxpJ2lZAffh5p7K0w,"1Xyo4u8uXC1ZmMpatF05PJ,00FQb4jTyendYWaN8pK0wa","Stargirl Interlude","Starboy","The Weeknd,Lana Del Rey",2016-11-24,111626,83,spotify:user:d3ie5gynlzbv872xbafhxdehh,2022-09-23T21:52:23Z,"canadian contemporary r&b,canadian pop,pop,art pop",0.715,0.47,5,-12.638,0,0.0772,0.353,0.0923,0.104,0.426,89.965,4
2vXKRlJBXyOcvZYTdNeckS,"3hteYQFiMFbJY7wS0xDymP,1Xyo4u8uXC1ZmMpatF05PJ","Lost in the Fire (feat. The Weeknd)","Hyperion","Gesaffelstein,The Weeknd",2019-03-08,202093,84,spotify:user:d3ie5gynlzbv872xbafhxdehh,2022-09-23T21:52:26Z,"dark clubbing,destroy techno,canadian contemporary r&b,canadian pop,pop",0.658,0.671,2,-12.21,1,0.0363,0.0933,0.000927,0.115,0.166,100.966,4
0g4fzRkbLeCDUCoe5iUOcf,"6oBm8HB0yfrIc9IHbxs6in","sex money feelings die","so sad so sexy","Lykke Li",2018-06-08,139840,72,spotify:user:d3ie5gynlzbv872xbafhxdehh,2022-09-23T21:52:32Z,"art pop,electropop,pop,swedish electropop,swedish indie pop,swedish pop",0.789,0.534,8,-6.347,0,0.0709,0.323,0.00000342,0.0645,0.631,134.055,4
6LOZws7T3jqZz78unPgFF9,"1U1el3k54VvEUzo3ybLPlM","Dead To Me","Isolation","Kali Uchis",2018-04-06,199505,76,spotify:user:d3ie5gynlzbv872xbafhxdehh,2022-09-23T21:52:38Z,"colombian pop,pop",0.675,0.761,4,-4.469,0,0.0466,0.432,0,0.102,0.428,119.001,4
2qyhy9ndo8tTGMzXeHTisR,"5cj0lLjcoR7YOSnhnX0Po5","So High","So High","Doja Cat",2014-03-11,201573,68,spotify:user:d3ie5gynlzbv872xbafhxdehh,2022-09-23T21:52:43Z,"dance pop,pop",0.647,0.567,10,-5.777,0,0.0374,0.133,0.00000936,0.0638,0.659,131.933,4
2LBqCSwhJGcFQeTHMVGwy3,"1Xyo4u8uXC1ZmMpatF05PJ","Die For You","Starboy","The Weeknd",2016-11-24,260253,86,spotify:user:d3ie5gynlzbv872xbafhxdehh,2022-09-23T21:53:10Z,"canadian contemporary r&b,canadian pop,pop",0.586,0.525,1,-7.163,0,0.0615,0.111,0,0.134,0.508,133.629,4
7IzN1BfaQ8fmTHYPRPhNws,"7gRhy3MIPHQo5CXYfWaw9I","Luxury","Broke with Expensive Taste","Azealia Banks",2014-11-07,168096,67,spotify:user:d3ie5gynlzbv872xbafhxdehh,2022-09-23T21:53:30Z,"alternative r&b,dance pop,escape room,hip house,lgbtq+ hip hop,pop,rap,trap queen",0.689,0.91,8,-6.808,1,0.184,0.0196,0.0000181,0.272,0.569,121.988,4
6EtKlIQmGPB9SX8UjDJG5s,"2feDdbD5araYcm6JhFHHw7","Formula","Euphoria (Original Score from the HBO Series)","Labrinth",2019-10-04,91869,83,spotify:user:d3ie5gynlzbv872xbafhxdehh,2022-09-23T21:53:44Z,"indie poptimism,pop",0.574,0.664,11,-6.068,1,0.0409,0.0448,0.0553,0.146,0.226,144.654,4
1cxttvflVlYD4QA34tR5Yj,"0pCNk4D3E2xtszsm6hMsWr,4AGwPDdh1y8hochNzHy5HC","High Enough - RAC Remix","High Enough (RAC Remix)","K.Flay,RAC",2017-08-04,208866,72,spotify:user:d3ie5gynlzbv872xbafhxdehh,2022-09-23T21:53:52Z,"electropop,escape room,hip pop,modern rock,pop,rock,alternative dance,indie poptimism,indie rock,indietronica,metropopolis",0.324,0.681,7,-4.697,1,0.0373,0.24,0.354,0.0783,0.294,132.993,3
09mEdoA6zrmBPgTEN5qXmN,"1Xyo4u8uXC1ZmMpatF05PJ","Call Out My Name","My Dear Melancholy,","The Weeknd",2018-03-30,228373,88,spotify:user:d3ie5gynlzbv872xbafhxdehh,2022-09-23T21:54:39Z,"canadian contemporary r&b,canadian pop,pop",0.461,0.593,1,-4.954,1,0.0356,0.17,0,0.307,0.175,134.17,3
7DKS0rX27cCEPsK0R6tFWS,"1Xyo4u8uXC1ZmMpatF05PJ","Wasted Times","My Dear Melancholy,","The Weeknd",2018-03-30,220293,72,spotify:user:d3ie5gynlzbv872xbafhxdehh,2022-09-23T21:54:44Z,"canadian contemporary r&b,canadian pop,pop",0.56,0.678,10,-6.167,0,0.0581,0.61,0.0000142,0.111,0.29,122.585,4
5TXQCMKN6TgemTL3c4wRTn,"2EMAnMvWE2eb56ToJVfCWs","Sorrows","A N N I V E R S A R Y","Bryson Tiller",2020-10-02,193702,72,spotify:user:d3ie5gynlzbv872xbafhxdehh,2022-10-24T06:00:57Z,"kentucky hip hop,pop,r&b,rap,trap",0.633,0.793,5,-6.847,0,0.182,0.148,0,0.867,0.761,109.093,4
4nVBt6MZDDP6tRVdQTgxJg,"4AK6F7OLvEQ5QYCBNiQWHq","Story of My Life","Midnight Memories (Deluxe)","One Direction",2013-11-25,245493,82,spotify:user:d3ie5gynlzbv872xbafhxdehh,2022-09-23T22:13:06Z,"boy band,pop,post-teen pop,talent show",0.6,0.663,3,-5.802,1,0.0477,0.225,0,0.119,0.286,121.07,4
6M31fPFCYB8Job3MCjjrDV,"4AK6F7OLvEQ5QYCBNiQWHq","They Don't Know About Us","Take Me Home (Expanded Edition)","One Direction",2012-11-12,200400,76,spotify:user:d3ie5gynlzbv872xbafhxdehh,2022-09-23T22:13:14Z,"boy band,pop,post-teen pop,talent show",0.514,0.727,0,-6.131,1,0.0492,0.126,0,0.0978,0.37,147.917,4
2K87XMYnUMqLcX3zvtAF4G,"4AK6F7OLvEQ5QYCBNiQWHq","Drag Me Down","Made In The A.M. (Deluxe Edition)","One Direction",2015-11-13,192120,79,spotify:user:d3ie5gynlzbv872xbafhxdehh,2022-09-23T22:13:22Z,"boy band,pop,post-teen pop,talent show",0.73,0.703,0,-5.672,0,0.0369,0.109,0,0.0657,0.595,138.113,4
0FDzzruyVECATHXKHFs9eJ,"4gzpq5DPGxSnKTe4SA8HAU","A Sky Full of Stars","Ghost Stories","Coldplay",2014-05-19,267866,83,spotify:user:d3ie5gynlzbv872xbafhxdehh,2022-09-23T22:13:59Z,"permanent wave,pop",0.545,0.675,6,-6.474,1,0.0279,0.00617,0.00197,0.209,0.162,124.97,4
6VObnIkLVruX4UVyxWhlqm,"4dpARuHxo51G3z768sgnrY","Skyfall","Skyfall","Adele",2012-10-04,286480,77,spotify:user:d3ie5gynlzbv872xbafhxdehh,2022-09-23T22:14:37Z,"british soul,pop,pop soul,uk pop",0.346,0.552,0,-6.864,0,0.0282,0.417,0,0.114,0.0789,75.881,4
0mCVNGC4Vvb6gDDQrDpaRh,"73sIBHcqh3Z3NyqHKZ7FOL","Les","Camp","Childish Gambino",2011-11-15,317293,68,spotify:user:d3ie5gynlzbv872xbafhxdehh,2022-09-25T12:00:48Z,"atl hip hop,hip hop,pop,rap",0.524,0.674,1,-7.038,0,0.0895,0.00654,0.000093,0.221,0.128,102.901,4
0fv2KH6hac06J86hBUTcSf,"4V8LLVI7PbaPR0K2TGSxFF","NEW MAGIC WAND","IGOR","Tyler, The Creator",2019-05-17,195320,81,spotify:user:d3ie5gynlzbv872xbafhxdehh,2022-09-25T12:08:33Z,"hip hop,rap",0.621,0.73,5,-5.414,0,0.107,0.0967,0.000131,0.673,0.464,139.566,4
1sTsuZTdANkiFd7T34H3nb,"0C0XlULifJtAgn6ZNCW2eu","Human","Day & Age (Bonus Tracks)","The Killers",2008-11-18,245373,74,spotify:user:d3ie5gynlzbv872xbafhxdehh,2022-10-23T01:04:01Z,"alternative rock,dance rock,permanent wave,rock",0.557,0.8,10,-8.477,1,0.0601,0.00132,0.0012,0.0906,0.582,135.47,4
4D7BCuvgdJlYvlX5WlN54t,"06HL4z0CvFAxyc27GXpf02","You're On Your Own, Kid","Midnights","Taylor Swift",2022-10-21,194206,89,spotify:user:d3ie5gynlzbv872xbafhxdehh,2022-10-23T19:17:36Z,"pop",0.696,0.396,2,-10.289,1,0.0656,0.401,0.0000052,0.125,0.38,120.041,4
0aV5uARAknQgYhBaK944FP,"06HL4z0CvFAxyc27GXpf02","Would've, Could've, Should've","Midnights (3am Edition)","Taylor Swift",2022-10-22,260361,88,spotify:user:d3ie5gynlzbv872xbafhxdehh,2022-11-06T02:08:02Z,"pop",0.483,0.84,7,-6.508,1,0.119,0.43,0.000575,0.146,0.55,157.979,4
1MgV7FIyNxIG7WzMRJV5HC,"06HL4z0CvFAxyc27GXpf02","my tears ricochet","folklore","Taylor Swift",2020-07-24,255893,75,spotify:user:d3ie5gynlzbv872xbafhxdehh,2022-11-06T02:08:16Z,"pop",0.456,0.263,0,-10.63,1,0.0332,0.806,0,0.0749,0.111,129.86,4
3JjnGLK8IxkNLvo8Lb3KOM,"4AK6F7OLvEQ5QYCBNiQWHq","18","FOUR (Deluxe)","One Direction",2014-11-17,248360,77,spotify:user:d3ie5gynlzbv872xbafhxdehh,2022-11-06T02:08:43Z,"boy band,pop,post-teen pop,talent show",0.681,0.582,6,-7.76,0,0.0313,0.22,0,0.119,0.221,124.038,4
