Spotify ID,Artist IDs,Track Name,Album Name,Artist Name(s),Release Date,Duration (ms),Popularity,Added By,Added At,Genres,Danceability,Energy,Key,Loudness,Mode,Speechiness,Acousticness,Instrumentalness,Liveness,Valence,Tempo,Time Signature
32mVHdy0bi1XKgr0ajsBlG,"06HL4z0CvFAxyc27GXpf02","Picture To Burn","Taylor Swift","Taylor Swift",2006-10-24,173066,67,spotify:user:12128755886,2022-11-17T16:43:49Z,"pop",0.658,0.877,7,-2.098,1,0.0323,0.173,0,0.0962,0.821,105.586,4
0kN3oXYWWAk1uC0y2WoyOE,"06HL4z0CvFAxyc27GXpf02","Love Story","Fearless Platinum Edition","Taylor Swift",2008-11-11,235280,52,spotify:user:12128755886,2022-11-17T16:44:10Z,"pop",0.618,0.736,2,-3.937,1,0.0308,0.157,0,0.073,0.307,118.982,4
3as6Wz3mwbTnusWhZjTUNr,"06HL4z0CvFAxyc27GXpf02","You Belong With Me","Fearless Platinum Edition","Taylor Swift",2008-11-11,231146,52,spotify:user:12128755886,2022-11-17T16:44:16Z,"pop",0.687,0.771,6,-4.424,1,0.0384,0.164,0.0000246,0.112,0.445,129.964,4
6LZaxlycSWrJZ4Volb25qx,"06HL4z0CvFAxyc27GXpf02","Mine","Speak Now (Deluxe Edition)","Taylor Swift",2010-10-25,230706,58,spotify:user:12128755886,2022-11-17T16:44:27Z,"pop",0.624,0.757,7,-2.94,1,0.0296,0.00265,0.00000187,0.189,0.658,121.07,4
1q8E1FfFuhd12c5JcJwPxQ,"06HL4z0CvFAxyc27GXpf02","Sparks Fly","Speak Now (Deluxe Edition)","Taylor Swift",2010-10-25,260933,59,spotify:user:12128755886,2022-11-17T16:44:27Z,"pop",0.605,0.787,5,-3.002,1,0.0308,0.0396,0.00000142,0.163,0.374,114.987,4
7lxADouiWFkwR7ZV2GKUcH,"06HL4z0CvFAxyc27GXpf02","Back To December","Speak Now (Deluxe Edition)","Taylor Swift",2010-10-25,293026,59,spotify:user:12128755886,2022-11-17T16:44:27Z,"pop",0.529,0.67,2,-4.663,1,0.0303,0.117,0,0.334,0.286,141.893,4
1nYWTzy5zu3zEPNgB1sItW,"06HL4z0CvFAxyc27GXpf02","Speak Now","Speak Now (Deluxe Edition)","Taylor Swift",2010-10-25,240760,57,spotify:user:12128755886,2022-11-17T16:44:27Z,"pop",0.709,0.599,7,-3.734,1,0.0304,0.095,0,0.0973,0.735,118.975,4
1ubvV5ECkm6nSI6g1HmbBK,"06HL4z0CvFAxyc27GXpf02","Dear John","Speak Now (Deluxe Edition)","Taylor Swift",2010-10-25,403920,62,spotify:user:12128755886,2022-11-17T16:44:27Z,"pop",0.589,0.47,4,-5.32,1,0.028,0.166,0.00000145,0.112,0.102,119.386,3
4N60XfcTE1ysLZGbYgnYXq,"06HL4z0CvFAxyc27GXpf02","Mean","Speak Now (Deluxe Edition)","Taylor Swift",2010-10-25,237733,57,spotify:user:12128755886,2022-11-17T16:44:27Z,"pop",0.568,0.761,4,-3.987,1,0.0459,0.452,0,0.217,0.789,163.974,4
19tHCfzUSoy5HkpxcmbA0A,"06HL4z0CvFAxyc27GXpf02","The Story Of Us","Speak Now (Deluxe Edition)","Taylor Swift",2010-10-25,265666,57,spotify:user:12128755886,2022-11-17T16:44:27Z,"pop",0.543,0.818,4,-3.611,1,0.0398,0.00478,0.000368,0.0357,0.683,139.898,4
74WBGgUnpKrJXt6TETfR6Z,"06HL4z0CvFAxyc27GXpf02","Never Grow Up","Speak Now (Deluxe Edition)","Taylor Swift",2010-10-25,290466,58,spotify:user:12128755886,2022-11-17T16:44:27Z,"pop",0.714,0.305,2,-8.837,1,0.0305,0.819,0,0.174,0.554,124.91,4
14LtANuaslKWyYbktUrHBU,"06HL4z0CvFAxyc27GXpf02","Enchanted","Speak Now (Deluxe Edition)","Taylor Swift",2010-10-25,352186,60,spotify:user:12128755886,2022-11-17T16:44:27Z,"pop",0.455,0.623,8,-3.878,1,0.0288,0.0739,0.000424,0.146,0.208,163.893,4
1By2VQkUN0Frd8mKNV5NYC,"06HL4z0CvFAxyc27GXpf02","Better Than Revenge","Speak Now (Deluxe Edition)","Taylor Swift",2010-10-25,217160,65,spotify:user:12128755886,2022-11-17T16:44:27Z,"pop",0.516,0.917,11,-3.186,0,0.0827,0.0139,0.00000637,0.36,0.635,145.821,4
3kfgJql90tzgoxByioAMXR,"06HL4z0CvFAxyc27GXpf02","Innocent","Speak Now (Deluxe Edition)","Taylor Swift",2010-10-25,302253,53,spotify:user:12128755886,2022-11-17T16:44:27Z,"pop",0.552,0.608,1,-5.29,0,0.0259,0.186,0,0.125,0.17,134.05,4
11UaQaEp2LvdspTyyuE3ur,"06HL4z0CvFAxyc27GXpf02","Haunted","Speak Now (Deluxe Edition)","Taylor Swift",2010-10-25,242080,60,spotify:user:12128755886,2022-11-17T16:44:27Z,"pop",0.436,0.95,5,-2.627,1,0.057,0.0826,0.00000108,0.149,0.352,162.088,4
1D27z8xNzjW0Mwwt1NCWhJ,"06HL4z0CvFAxyc27GXpf02","Last Kiss","Speak Now (Deluxe Edition)","Taylor Swift",2010-10-25,367133,60,spotify:user:12128755886,2022-11-17T16:44:27Z,"pop",0.371,0.341,10,-9.475,1,0.0319,0.57,0.0000309,0.101,0.196,89.038,1
7DjCRhhFo9PPzca1BjMLcf,"06HL4z0CvFAxyc27GXpf02","Long Live","Speak Now (Deluxe Edition)","Taylor Swift",2010-10-25,317453,58,spotify:user:12128755886,2022-11-17T16:44:27Z,"pop",0.418,0.68,7,-4.3,1,0.0347,0.036,0.0000759,0.114,0.142,204.12,4
1EQn3Uc5AyUXoiPLeyCrrg,"06HL4z0CvFAxyc27GXpf02","Ours","Speak Now (Deluxe Edition)","Taylor Swift",2010-10-25,237920,59,spotify:user:12128755886,2022-11-17T16:44:27Z,"pop",0.608,0.569,0,-7.227,1,0.0284,0.537,0,0.097,0.238,159.845,4
0vvt4IZOMkRug195S4MUq0,"06HL4z0CvFAxyc27GXpf02","If This Was A Movie","Speak Now (Deluxe Edition)","Taylor Swift",2010-10-25,234546,57,spotify:user:12128755886,2022-11-17T16:44:27Z,"pop",0.511,0.719,4,-3.457,1,0.0265,0.166,0.00000454,0.34,0.289,147.852,4
2R7C9dDqv1UPycvepBFziA,"06HL4z0CvFAxyc27GXpf02","Superman","Speak Now (Deluxe Edition)","Taylor Swift",2010-10-25,275960,53,spotify:user:12128755886,2022-11-17T16:44:27Z,"pop",0.582,0.765,7,-3.648,1,0.0324,0.0268,0.00000195,0.103,0.559,131.982,4
6IH2Z54gYPLqgJtxZjX80i,"06HL4z0CvFAxyc27GXpf02","Back To December - Acoustic","Speak Now (Deluxe Edition)","Taylor Swift",2010-10-25,292560,54,spotify:user:12128755886,2022-11-17T16:44:27Z,"pop",0.541,0.453,2,-6.459,1,0.0266,0.748,0,0.2,0.377,141.757,4
62rlxI6g2PNaWsHoiRryto,"06HL4z0CvFAxyc27GXpf02","Haunted - Acoustic Version","Speak Now (Deluxe Edition)","Taylor Swift",2010-10-25,217613,53,spotify:user:12128755886,2022-11-17T16:44:27Z,"pop",0.563,0.443,5,-5.078,1,0.0247,0.842,0,0.293,0.313,80.962,4
0fAbfDiuQiUwV7FUcFfRGY,"06HL4z0CvFAxyc27GXpf02","Mine - POP Mix","Speak Now (Deluxe Edition)","Taylor Swift",2010-10-25,230333,50,spotify:user:12128755886,2022-11-17T16:44:27Z,"pop",0.695,0.723,7,-3.806,1,0.0285,0.00727,0.0000012,0.1,0.679,121.011,4
5zyCYmiaVE5y26EZuwZbsw,"06HL4z0CvFAxyc27GXpf02","State Of Grace","Red (Deluxe Edition)","Taylor Swift",2012-10-22,295186,48,spotify:user:12128755886,2022-11-17T16:44:35Z,"pop",0.588,0.825,4,-5.882,1,0.0328,0.000197,0.00138,0.0885,0.397,129.968,4
1RvQQGwaPipiNgz8RXAKA8,"06HL4z0CvFAxyc27GXpf02","Red","Red (Deluxe Edition)","Taylor Swift",2012-10-22,220826,54,spotify:user:12128755886,2022-11-17T16:44:35Z,"pop",0.602,0.896,1,-4.267,0,0.0437,0.0773,0.0000887,0.091,0.641,124.978,4
0XfOV7qY3834QpFVwOb6CC,"06HL4z0CvFAxyc27GXpf02","Treacherous","Red (Deluxe Edition)","Taylor Swift",2012-10-22,240773,47,spotify:user:12128755886,2022-11-17T16:44:35Z,"pop",0.705,0.621,2,-8.086,1,0.0334,0.101,0.0000043,0.147,0.395,109.993,4
0ciHz919LVKoH4zgxyMPZ9,"06HL4z0CvFAxyc27GXpf02","I Knew You Were Trouble.","Red (Deluxe Edition)","Taylor Swift",2012-10-22,217973,53,spotify:user:12128755886,2022-11-17T16:44:35Z,"pop",0.622,0.469,3,-6.798,0,0.0363,0.00454,0.00000225,0.0398,0.679,77.019,4
1q3RiD1tIWUpGsNFADMlvl,"06HL4z0CvFAxyc27GXpf02","All Too Well","Red (Deluxe Edition)","Taylor Swift",2012-10-22,327893,62,spotify:user:12128755886,2022-11-17T16:44:35Z,"pop",0.602,0.609,0,-7.803,1,0.0243,0.0382,0.0002,0.127,0.337,93.06,4
3bIxTsfeNMO7Nt2J3EUKrA,"06HL4z0CvFAxyc27GXpf02","22","Red (Deluxe Edition)","Taylor Swift",2012-10-22,230133,57,spotify:user:12128755886,2022-11-17T16:44:35Z,"pop",0.658,0.729,7,-6.561,1,0.0378,0.00215,0.0013,0.0752,0.668,104.007,4
31pEV5lPJi7btskZoUr2yu,"06HL4z0CvFAxyc27GXpf02","I Almost Do","Red (Deluxe Edition)","Taylor Swift",2012-10-22,242573,48,spotify:user:12128755886,2022-11-17T16:44:35Z,"pop",0.567,0.481,4,-7.357,1,0.027,0.0173,0.0000413,0.182,0.233,145.865,4
1OYARuagDrpgNNQ4loO1Cs,"06HL4z0CvFAxyc27GXpf02","We Are Never Ever Getting Back Together","Red (Deluxe Edition)","Taylor Swift",2012-10-22,191880,52,spotify:user:12128755886,2022-11-17T16:44:35Z,"pop",0.628,0.676,7,-5.911,1,0.0916,0.00957,0.0000265,0.102,0.75,85.984,4
1x0J8LFX23d5h1zzuzZorc,"06HL4z0CvFAxyc27GXpf02","Stay Stay Stay","Red (Deluxe Edition)","Taylor Swift",2012-10-22,204826,48,spotify:user:12128755886,2022-11-17T16:44:35Z,"pop",0.729,0.748,0,-6.67,1,0.0245,0.307,0.00000129,0.09,0.928,99.981,4
7vvIpJZye5cRR6De1LKM0m,"06HL4z0CvFAxyc27GXpf02,3fCQnw6VSudXBTN5d2QP2z","The Last Time","Red (Deluxe Edition)","Taylor Swift,Gary Lightbody",2012-10-22,298293,49,spotify:user:12128755886,2022-11-17T16:44:35Z,"pop,british singer-songwriter",0.505,0.443,2,-7.039,1,0.0276,0.035,0.00000315,0.0921,0.123,94.069,4
5d2Kn9oAAh9S2EbyCo1i52,"06HL4z0CvFAxyc27GXpf02","Holy Ground","Red (Deluxe Edition)","Taylor Swift",2012-10-22,201853,47,spotify:user:12128755886,2022-11-17T16:44:35Z,"pop",0.627,0.816,4,-6.698,1,0.0774,0.0162,0.00208,0.0966,0.648,157.043,4
5QKhg4r4Ibt0LVTmWEXTEg,"06HL4z0CvFAxyc27GXpf02","Sad Beautiful Tragic","Red (Deluxe Edition)","Taylor Swift",2012-10-22,283680,45,spotify:user:12128755886,2022-11-17T16:44:35Z,"pop",0.624,0.34,7,-12.411,1,0.029,0.632,0.0337,0.121,0.261,129.987,3
2wtHlpYSgC7xEdD3DrSHNL,"06HL4z0CvFAxyc27GXpf02","The Lucky One","Red (Deluxe Edition)","Taylor Swift",2012-10-22,240133,46,spotify:user:12128755886,2022-11-17T16:44:35Z,"pop",0.706,0.499,4,-7.675,1,0.0369,0.0371,0,0.132,0.545,117.937,4
7gdwoOmi258QJq0hmQ4hto,"06HL4z0CvFAxyc27GXpf02,6eUKZXaKkcviH0Ku9w2n3V","Everything Has Changed","Red (Deluxe Edition)","Taylor Swift,Ed Sheeran",2012-10-22,243933,49,spotify:user:12128755886,2022-11-17T16:44:35Z,"pop,uk pop",0.624,0.458,6,-6.755,1,0.0287,0.36,0.00000389,0.303,0.436,80.017,4
0vqI4ZIMuifeKeItGiWbPj,"06HL4z0CvFAxyc27GXpf02","Starlight","Red (Deluxe Edition)","Taylor Swift",2012-10-22,217826,45,spotify:user:12128755886,2022-11-17T16:44:35Z,"pop",0.649,0.777,9,-5.804,1,0.0406,0.0213,0.000335,0.221,0.587,126.018,4
48A0aShHlovDfTMucMrE66,"06HL4z0CvFAxyc27GXpf02","Begin Again","Red (Deluxe Edition)","Taylor Swift",2012-10-22,237613,46,spotify:user:12128755886,2022-11-17T16:44:35Z,"pop",0.53,0.526,7,-8.349,1,0.0263,0.199,0.00000352,0.232,0.323,79.025,4
5AsmAjBSSQjRPWgAYIp8tm,"06HL4z0CvFAxyc27GXpf02","The Moment I Knew","Red (Deluxe Edition)","Taylor Swift",2012-10-22,285560,44,spotify:user:12128755886,2022-11-17T16:44:35Z,"pop",0.62,0.506,7,-7.327,1,0.0312,0.187,0.0000147,0.102,0.275,126.015,4
4qyalTRMRH5YuEntvvMvq0,"06HL4z0CvFAxyc27GXpf02","Come Back...Be Here","Red (Deluxe Edition)","Taylor Swift",2012-10-22,222706,49,spotify:user:12128755886,2022-11-17T16:44:35Z,"pop",0.483,0.548,4,-6.291,1,0.0254,0.00471,0.00000201,0.0997,0.217,79.926,4
6cf6rLb8qcklvJv90W6HCW,"06HL4z0CvFAxyc27GXpf02","Girl At Home","Red (Deluxe Edition)","Taylor Swift",2012-10-22,220320,41,spotify:user:12128755886,2022-11-17T16:44:35Z,"pop",0.733,0.59,5,-5.86,1,0.0284,0.272,0,0.136,0.633,125.048,4
7BT9K9BDqq6HI2oWH5UMZQ,"06HL4z0CvFAxyc27GXpf02","Treacherous - Original Demo Recording","Red (Deluxe Edition)","Taylor Swift",2012-10-22,239720,39,spotify:user:12128755886,2022-11-17T16:44:35Z,"pop",0.828,0.64,2,-8.248,1,0.0355,0.175,0.0000614,0.0996,0.519,109.993,4
4mqgn90sCeVSYqcoftTQTd,"06HL4z0CvFAxyc27GXpf02","Red - Original Demo Recording","Red (Deluxe Edition)","Taylor Swift",2012-10-22,226280,39,spotify:user:12128755886,2022-11-17T16:44:35Z,"pop",0.678,0.902,1,-4.659,0,0.0358,0.113,0.000235,0.0722,0.637,124.998,4
5G9AVKld9q7DCrmoY42raf,"06HL4z0CvFAxyc27GXpf02","State Of Grace - Acoustic","Red (Deluxe Edition)","Taylor Swift",2012-10-22,323080,42,spotify:user:12128755886,2022-11-17T16:44:35Z,"pop",0.626,0.118,7,-15.91,1,0.0305,0.664,0.000169,0.127,0.0682,105.597,4
33Kq0AT5rvwyE4azisG08x,"06HL4z0CvFAxyc27GXpf02","Welcome To New York","1989 (Deluxe Edition)","Taylor Swift",2014-10-27,212600,57,spotify:user:12128755886,2022-11-17T16:44:40Z,"pop",0.789,0.634,7,-4.762,1,0.0323,0.0348,0.00000164,0.302,0.658,116.992,4
2sC2P3BN0IXujNaaSyDmtP,"06HL4z0CvFAxyc27GXpf02","Blank Space","1989 (Deluxe Edition)","Taylor Swift",2014-10-27,231826,61,spotify:user:12128755886,2022-11-17T16:44:40Z,"pop",0.76,0.703,5,-5.412,1,0.054,0.103,0,0.0913,0.57,95.997,4
1fo2ctLqj3zBhRQKOXprol,"06HL4z0CvFAxyc27GXpf02","Style","1989 (Deluxe Edition)","Taylor Swift",2014-10-27,231000,65,spotify:user:12128755886,2022-11-17T16:44:40Z,"pop",0.588,0.791,7,-5.595,1,0.0402,0.00245,0.00258,0.118,0.487,94.933,4
6Nde5KuTXyB7jlPO4upaBo,"06HL4z0CvFAxyc27GXpf02","Out Of The Woods","1989 (Deluxe Edition)","Taylor Swift",2014-10-27,235800,61,spotify:user:12128755886,2022-11-17T16:44:40Z,"pop",0.553,0.841,7,-6.937,1,0.0396,0.000743,0.0000119,0.341,0.338,92.008,4
0lmMtDQ2ElasKU2qDAE6NN,"06HL4z0CvFAxyc27GXpf02","All You Had To Do Was Stay","1989 (Deluxe Edition)","Taylor Swift",2014-10-27,193293,59,spotify:user:12128755886,2022-11-17T16:44:40Z,"pop",0.605,0.725,5,-5.729,1,0.0323,0.00201,0.0000202,0.101,0.539,96.97,4
3fthfkkvy9av3q3uAGVf7U,"06HL4z0CvFAxyc27GXpf02","Shake It Off","1989 (Deluxe Edition)","Taylor Swift",2014-10-27,219200,58,spotify:user:12128755886,2022-11-17T16:44:40Z,"pop",0.647,0.8,7,-5.384,1,0.165,0.0647,0,0.334,0.942,160.078,4
1B5VzXPqMlvRw0U4HJY3dJ,"06HL4z0CvFAxyc27GXpf02","I Wish You Would","1989 (Deluxe Edition)","Taylor Swift",2014-10-27,207440,61,spotify:user:12128755886,2022-11-17T16:44:40Z,"pop",0.653,0.893,0,-5.966,1,0.0538,0.0158,0.0000495,0.102,0.513,118.035,4
0yN4fNzmVnmgC0dsOoi9Wh,"06HL4z0CvFAxyc27GXpf02","Bad Blood","1989 (Deluxe Edition)","Taylor Swift",2014-10-27,211933,58,spotify:user:12128755886,2022-11-17T16:44:40Z,"pop",0.646,0.794,7,-6.104,1,0.19,0.0885,0.00000616,0.201,0.287,170.216,4
106R7Z57WYzBAfrXImV30y,"06HL4z0CvFAxyc27GXpf02","Wildest Dreams","1989 (Deluxe Edition)","Taylor Swift",2014-10-27,220440,58,spotify:user:12128755886,2022-11-17T16:44:40Z,"pop",0.55,0.688,8,-7.416,1,0.0897,0.0692,0.00144,0.106,0.465,139.997,4
6wfugRLamFsTRbPcCpNnP7,"06HL4z0CvFAxyc27GXpf02","How You Get The Girl","1989 (Deluxe Edition)","Taylor Swift",2014-10-27,247533,63,spotify:user:12128755886,2022-11-17T16:44:40Z,"pop",0.765,0.656,5,-6.112,1,0.0504,0.00364,0.00868,0.0918,0.545,119.997,4
1kTPQnabROVkW9bUXdCGrB,"06HL4z0CvFAxyc27GXpf02","This Love","1989 (Deluxe Edition)","Taylor Swift",2014-10-27,250093,57,spotify:user:12128755886,2022-11-17T16:44:40Z,"pop",0.481,0.435,4,-8.795,1,0.0321,0.678,0,0.0928,0.107,143.95,4
2zfgVd034GlUvk7LqBHl6u,"06HL4z0CvFAxyc27GXpf02","I Know Places","1989 (Deluxe Edition)","Taylor Swift",2014-10-27,195706,60,spotify:user:12128755886,2022-11-17T16:44:40Z,"pop",0.602,0.755,0,-4.991,1,0.071,0.245,0,0.178,0.495,159.965,4
4bXCcoesMt8u99xMsbLr9U,"06HL4z0CvFAxyc27GXpf02","Clean","1989 (Deluxe Edition)","Taylor Swift",2014-10-27,271000,65,spotify:user:12128755886,2022-11-17T16:44:40Z,"pop",0.815,0.377,4,-7.754,1,0.0346,0.232,0,0.1,0.211,103.97,4
6iWMI5oOhWrDbLbjmwTWFq,"06HL4z0CvFAxyc27GXpf02","Wonderland","1989 (Deluxe Edition)","Taylor Swift",2014-10-27,245560,64,spotify:user:12128755886,2022-11-17T16:44:40Z,"pop",0.422,0.692,3,-5.447,1,0.0549,0.0493,0.0000257,0.177,0.197,184.014,4
4A2LfnduSTsE8u0ecYROxE,"06HL4z0CvFAxyc27GXpf02","You Are In Love","1989 (Deluxe Edition)","Taylor Swift",2014-10-27,267106,64,spotify:user:12128755886,2022-11-17T16:44:40Z,"pop",0.474,0.48,2,-8.894,1,0.0622,0.707,0.000108,0.0903,0.319,170.109,4
6rZVy6FIG7lSJQMFXHo12z,"06HL4z0CvFAxyc27GXpf02","New Romantics","1989 (Deluxe Edition)","Taylor Swift",2014-10-27,230466,68,spotify:user:12128755886,2022-11-17T16:44:40Z,"pop",0.633,0.889,5,-5.87,1,0.0715,0.00463,0.000458,0.0658,0.584,121.956,4
4JQm7ebhsrt10wmrP6AfXL,"06HL4z0CvFAxyc27GXpf02","I Know Places - Voice Memo","1989 (Deluxe Edition)","Taylor Swift",2014-10-27,216333,44,spotify:user:12128755886,2022-11-17T16:44:40Z,"pop",0.592,0.128,9,-17.932,0,0.589,0.829,0,0.527,0.15,78.828,4
4TtyvyI42C0KFnbDZvNC8Y,"06HL4z0CvFAxyc27GXpf02","I Wish You Would - Voice Memo","1989 (Deluxe Edition)","Taylor Swift",2014-10-27,107133,42,spotify:user:12128755886,2022-11-17T16:44:40Z,"pop",0.781,0.357,0,-16.394,1,0.912,0.717,0,0.185,0.645,118.317,4
0yisH8r0f3Mkq34kjzUlCV,"06HL4z0CvFAxyc27GXpf02","Blank Space - Voice Memo","1989 (Deluxe Edition)","Taylor Swift",2014-10-27,131186,42,spotify:user:12128755886,2022-11-17T16:44:40Z,"pop",0.675,0.234,5,-15.064,0,0.721,0.801,0,0.657,0.578,127.296,4
2yLa0QULdQr0qAIvVwN6B5,"06HL4z0CvFAxyc27GXpf02","...Ready For It?","reputation","Taylor Swift",2017-11-10,208186,75,spotify:user:12128755886,2022-11-17T16:44:46Z,"pop",0.613,0.764,2,-6.509,1,0.136,0.0527,0,0.197,0.417,160.015,4
6NFyWDv5CjfwuzoCkw47Xf,"06HL4z0CvFAxyc27GXpf02","Delicate","reputation","Taylor Swift",2017-11-10,232253,78,spotify:user:12128755886,2022-11-17T16:44:50Z,"pop",0.75,0.404,9,-10.178,0,0.0682,0.216,0.000357,0.0911,0.0499,95.045,4
43rA71bccXFGD4C8GOpIlN,"06HL4z0CvFAxyc27GXpf02","I Forgot That You Existed","Lover","Taylor Swift",2019-08-23,170640,72,spotify:user:12128755886,2022-11-17T16:45:02Z,"pop",0.664,0.316,5,-10.345,1,0.519,0.298,0.00000203,0.0812,0.541,92.875,4
6RRNNciQGZEXnqk8SQ9yv5,"06HL4z0CvFAxyc27GXpf02","You Need To Calm Down","Lover","Taylor Swift",2019-08-23,171360,76,spotify:user:12128755886,2022-11-17T16:45:11Z,"pop",0.771,0.671,2,-5.617,1,0.0553,0.00929,0,0.0637,0.714,85.026,4
