Spotify ID,Artist IDs,Track Name,Album Name,Artist Name(s),Release Date,Duration (ms),Popularity,Added By,Added At,Genres,Danceability,Energy,Key,Loudness,Mode,Speechiness,Acousticness,Instrumentalness,Liveness,Valence,Tempo,Time Signature
6Np4TICISm3J2P8nb5ywyW,"2PSJ6YriU7JsFucxACpU7Y","XXXX","Bare&Rare Pt.1","청하",2022-07-11,168000,17,spotify:user:mrvoev604tzeomxu9hcucpdkf,2022-11-27T20:05:25Z,"k-pop",0.742,0.676,9,-4.682,1,0.228,0.0797,0,0.319,0.717,109.918,4
7txwhthkLlokKYKdYpGSuW,"2cFrymmkijnjDg9SS92EPM","i dont love me","in loving memory","blackbear",2022-08-26,197149,54,spotify:user:seuyoonjoo,2022-11-27T20:05:25Z,"pop,pop rap",0.666,0.704,1,-5.737,0,0.0366,0.0106,0.0000111,0.348,0.418,139.972,4
2CqfyIVjyUrWOabrKxLhsb,"6XXKPxRX2WWPPtfodzpc2v","Bound","Gasoline - The 2nd Album","키",2022-08-30,184906,48,spotify:user:mrvoev604tzeomxu9hcucpdkf,2022-11-27T20:05:25Z,"k-pop",0.814,0.858,4,-3.331,0,0.0569,0.099,0.00379,0.109,0.716,116.991,4
5VRXsiG9SmI3znIWtcp4FQ,"4NHQUGzhtTLFvgF5SZesLK","Suburbia","Dirt Femme","Tove Lo",2022-10-14,199071,65,spotify:user:seuyoonjoo,2022-11-27T20:05:25Z,"dance pop,electropop,metropopolis,pop,swedish electropop,swedish pop,swedish synthpop",0.61,0.555,6,-8.349,0,0.067,0.0839,0.0461,0.144,0.286,166.007,4
7EJ7aSNI4Ke3nBvcNoQXUw,"6k9TBCxyr4bXwZ8Y21Kwn1","Aile to Yell","Aile to Yell","TRINITYAiLE",2020-11-15,266545,27,spotify:user:seuyoonjoo,2022-11-27T20:05:25Z,"shonen",0.575,0.776,11,-6.945,1,0.0422,0.00664,0.000486,0.296,0.513,149.96,4
113uABAJIYMLBS5HJa9zzV,"4ZpzgTOUAznSK70KdPbJHf,21EUYgHJLDUeG72eDEmTx4","neon (feat. PENIEL)","y?","Amber Liu,PENIEL",2021-05-07,185080,23,spotify:user:mrvoev604tzeomxu9hcucpdkf,2022-11-27T20:05:25Z,"",0.798,0.566,11,-7.959,0,0.0418,0.0185,0.0000151,0.128,0.681,109.946,4
6ZXVnfb7cIIDxg1DfLCP1M,"0Riv2KnFcLZA3JSVryRg4y","Inferno","「プロメア」オリジナルサウンドトラック","Hiroyuki Sawano",2019-05-24,234053,41,spotify:user:seuyoonjoo,2022-11-27T20:05:25Z,"anime score,japanese soundtrack",0.603,0.946,9,-3.82,1,0.0334,0.0042,0,0.36,0.793,125.038,4
6yFr1EttdGjMuqLEkZbVQi,"2J80qXI4NHKpq5RT3xUF7V","Higher","TOGETHER","Third Party",2019-03-15,288188,39,spotify:user:mrvoev604tzeomxu9hcucpdkf,2022-11-27T20:05:25Z,"edm,electro house,pop dance,progressive electro house,progressive house",0.473,0.883,6,-6.186,1,0.0489,0.00783,0.122,0.365,0.249,126.993,4
61eyaitcIdl1jpnc6Kb8M3,"7kNqXtgeIwFtelmRjWv205","Deep End","Deep End","John Summit",2020-05-22,156210,57,spotify:user:mrvoev604tzeomxu9hcucpdkf,2022-11-27T20:05:25Z,"edm,electro house,house,pop dance",0.797,0.843,1,-7.672,0,0.0442,0.00418,0.527,0.123,0.835,125.992,4
48xtaMsWbLfX8aDNzfcRqM,"5TgQ66WuWkoQ2xYxaSTnVP,47MGg5VHBSS5yHRuMGt6b0","Mixed Emotions","Second Nature","Netsky,Montell2099",2020-10-30,267906,39,spotify:user:seuyoonjoo,2022-11-27T20:05:25Z,"belgian edm,dancefloor dnb,drum and bass,vapor twitch",0.59,0.754,5,-5.836,0,0.054,0.0128,0.145,0.32,0.193,172.088,4
4LG13KMyjHwWGbODoXRtH4,"5fMUXHkw8R8eOP2RNVYEZX,5czbzNZZfWpyFgZyfT3Mkk","On My Mind","Diplo (Deluxe)","Diplo,SIDEPIECE",2022-08-05,189268,29,spotify:user:mrvoev604tzeomxu9hcucpdkf,2022-11-27T20:05:25Z,"edm,electro house,house,moombahton,ninja,pop,pop dance,tropical house,bass house,deep groove house",0.771,0.729,7,-6.575,1,0.0407,0.00162,0.699,0.217,0.634,123.026,4
3Q5cLvkKsHJvYltf8k7HkO,"7c0XG5cIJTrrAgEC3ULPiq,6nB0iY1cjSY1KyhYyuIIKH,5he5w2lnU9x7JFhnwcekXX,5K4W6rqBFWDnAN6FQUkS6x","Ego Death (feat. Kanye West, FKA twigs & Skrillex)","Featuring Ty Dolla $ign","Ty Dolla $ign,FKA twigs,Skrillex,Kanye West",2020-10-22,231618,63,spotify:user:seuyoonjoo,2022-11-27T20:05:25Z,"dance pop,hip hop,pop,pop rap,r&b,southern hip hop,trap,trap soul,afrofuturism,alternative r&b,art pop,escape room,experimental r&b,trip hop,brostep,complextro,edm,electro,chicago rap,rap",0.818,0.598,10,-5.948,0,0.113,0.0573,0.00000132,0.634,0.331,111.052,4
28JBD8p18xNuOfyV7Cotdn,"3TVXtAsR1Inumwj472S9r4","Massive","Honestly, Nevermind","Drake",2022-06-17,336924,75,spotify:user:mrvoev604tzeomxu9hcucpdkf,2022-11-27T20:05:25Z,"canadian hip hop,canadian pop,hip hop,rap,toronto rap",0.499,0.671,4,-6.774,0,0.0561,0.114,0.0169,0.148,0.0557,124.994,3
5TzpCPx20n4hELdE9Vw6ZQ,"3CiuXDKttPUT0tWGHicFUH","Courtside","Courtside","Tim Atlas",2021-05-28,146483,68,spotify:user:mrvoev604tzeomxu9hcucpdkf,2022-11-27T20:05:25Z,"indie poptimism,indie r&b,indie soul,vapor soul",0.71,0.83,0,-7.208,1,0.03,0.0518,0.00523,0.353,0.936,129.02,4
7uY8q7WQdukE0L3JcOyLQL,"2ZRQcIgzPCVaT9XKhXZIzh,1QRj3hoop9Mv5VvHQkwPEp","Caught Up (with Olivia O'Brien)","Alive","Gryffin,Olivia O'Brien",2022-11-04,173214,53,spotify:user:seuyoonjoo,2022-11-27T20:05:25Z,"dance pop,edm,pop,pop dance,tropical house,alt z,electropop,post-teen pop",0.7,0.822,5,-4.749,0,0.0459,0.00891,0.0000813,0.138,0.525,122.018,4
4b93D55xv3YCH5mT4p6HPn,"61lyPtntblHJvA7FMMhi7E","Ocean Drive","Duality","Duke Dumont",2020-04-17,206320,70,spotify:user:mrvoev604tzeomxu9hcucpdkf,2022-11-27T20:05:25Z,"dance pop,destroy techno,edm,electro house,house,pop dance,progressive house,tropical house",0.67,0.776,8,-4.091,0,0.047,0.00388,0.000184,0.122,0.624,115.034,4
6NCtrd1Dam068OTYVEuH2z,"0Bc5jbHVZo3xLODnwVxDUd","아는 노래","아는 노래","Ahn Seung Joon",2022-11-01,287729,16,spotify:user:mrvoev604tzeomxu9hcucpdkf,2022-11-27T20:05:25Z,"",0.585,0.173,7,-14.454,1,0.0303,0.882,0.00451,0.587,0.337,123.203,3
27uRFGVGrkUACe5EvS35ah,"4QPLEBNjogoJQeF9dlHM82","Riskyな彼女","REGALITY","十 龍之介 (CV.佐藤拓也)",2017-09-20,251520,31,spotify:user:seuyoonjoo,2022-11-27T20:05:25Z,"shojo",0.561,0.969,1,-4.344,1,0.0614,0.0112,0,0.13,0.629,129.893,4
1euSUsk7zx85oQfpv8JpK1,"2G6zefY3cizYXTcpWNtNMP,3sw0rm6AMRKHAoFDjuYw5C","by your side","by your side","주윤하,Richard Parkers",2022-09-21,240762,17,spotify:user:mrvoev604tzeomxu9hcucpdkf,2022-11-27T20:05:25Z,"korean jazz",0.493,0.616,1,-5.77,0,0.0451,0.532,0.000245,0.117,0.548,98.622,4
1rIyhhyKKKxVJ59x6LqIjx,"72Ozt64MM4zCH8IFFoFsyC","大火傷 - License To Kill -","Paradox Live -Road to Legend- Round1 “RAGE","悪漢奴等",2022-08-31,228617,39,spotify:user:seuyoonjoo,2022-11-27T20:05:25Z,"j-division",0.729,0.855,10,-4.815,1,0.123,0.035,0,0.291,0.712,95.045,4
1XyL3J7eTTKnxRZAM3LqIT,"6c4sUNBgdonFJz8Kx2VsGz","Beggin (original version)","So Dark The Con Of Man","Madcon",2007-12-03,216146,70,spotify:user:mrvoev604tzeomxu9hcucpdkf,2022-11-27T20:05:25Z,"dance pop,norwegian hip hop,pop rap",0.715,0.8,4,-5.144,0,0.057,0.0271,0,0.0648,0.445,129.023,4
1TMWcbxL5YF8rKsFHv5hAP,"5cj0lLjcoR7YOSnhnX0Po5","Rules","Hot Pink","Doja Cat",2019-11-07,187040,75,spotify:user:seuyoonjoo,2022-11-27T20:05:25Z,"dance pop,pop",0.651,0.724,7,-5.457,1,0.166,0.172,0,0.13,0.686,144.146,4
51Fjme0JiitpyXKuyQiCDo,"6USMTwO0MNDnKte5a5h0xx,41X1TR6hrK8Q2ZCpp2EqCz","Lalala","Lalala","Y2K,bbno$",2019-06-28,160626,74,spotify:user:mrvoev604tzeomxu9hcucpdkf,2022-11-27T20:05:25Z,"pop rap,canadian hip hop,dark trap,vapor trap",0.843,0.39,2,-7.899,1,0.0846,0.178,0,0.137,0.495,129.972,4
6jRq8gaZhMUyy5RclRPcAf,"2cFrymmkijnjDg9SS92EPM","hot girl bummer","everything means nothing","blackbear",2020-08-21,188343,79,spotify:user:seuyoonjoo,2022-11-27T20:05:25Z,"pop,pop rap",0.782,0.559,6,-7.106,0,0.0767,0.125,0,0.385,0.685,129.992,1
0pDN1sRmHSgNZesb7JTgHg,"6XXKPxRX2WWPPtfodzpc2v","G.O.A.T (Greatest Of All Time)","Gasoline - The 2nd Album","키",2022-08-30,195800,41,spotify:user:mrvoev604tzeomxu9hcucpdkf,2022-11-27T20:05:25Z,"k-pop",0.567,0.621,7,-5.759,1,0.0765,0.166,0,0.119,0.373,128.019,4
08kSDRN3ZUB5V5ba2Rt5KB,"4NHQUGzhtTLFvgF5SZesLK,0GG2cWaonE4JPrjcCCQ1EG","Call on Me (with SG Lewis)","Dirt Femme","Tove Lo,SG Lewis",2022-10-14,196537,62,spotify:user:seuyoonjoo,2022-11-27T20:05:25Z,"dance pop,electropop,metropopolis,pop,swedish electropop,swedish pop,swedish synthpop,edm,indie soul,uk dance",0.548,0.884,6,-5.225,0,0.0547,0.00561,0.0000177,0.151,0.335,120.989,4
6SB1RBscIL0GOW7t4Hfpqq,"2PSJ6YriU7JsFucxACpU7Y","Louder","Bare&Rare Pt.1","청하",2022-07-11,179760,13,spotify:user:mrvoev604tzeomxu9hcucpdkf,2022-11-27T20:05:25Z,"k-pop",0.848,0.75,5,-4.943,1,0.0385,0.133,0,0.0273,0.824,109.959,4
3zpGPFeUbJyaTtKV0NMBek,"6PvScqSJuICxvoA3UDYPmu","Chance","PALISADE","JON VINYL",2022-10-14,138461,41,spotify:user:seuyoonjoo,2022-11-27T20:05:25Z,"alternative r&b,canadian contemporary r&b,chill r&b,indie r&b",0.719,0.427,4,-8.675,0,0.059,0.721,0.0000249,0.107,0.412,129.935,3
3LJxaJZ1W39xaSpniM53k3,"0Riv2KnFcLZA3JSVryRg4y","NEXUS","「プロメア」オリジナルサウンドトラック","Hiroyuki Sawano",2019-05-24,229266,35,spotify:user:seuyoonjoo,2022-11-27T20:05:25Z,"anime score,japanese soundtrack",0.717,0.936,11,-3.554,0,0.0578,0.0813,0.00000171,0.0988,0.53,110.006,4
3zyqphgXvgHe436IMKeey3,"7MoIc5s9KXolCBH1fy9kkw","Paprika","Jubilee","Japanese Breakfast",2021-06-04,220316,58,spotify:user:mrvoev604tzeomxu9hcucpdkf,2022-11-27T20:05:25Z,"art pop,eugene indie,indie pop,philly indie",0.506,0.712,4,-5.495,1,0.0334,0.0216,0,0.304,0.416,120.07,4
6OKzjZpcn7VBU15pDETP4a,"28Y1K6WVGuV4SqbjRxcOTC","BURAIKAN is Back","Paradox Live 2nd album LIVE","武雷管",2021-07-21,218213,38,spotify:user:seuyoonjoo,2022-11-27T20:05:25Z,"",0.729,0.917,6,-6.265,0,0.182,0.335,0.000152,0.793,0.382,98.002,4
31lFTgycofkWQ5E8uBPusz,"714O3xvBNiclo82vxBn8Bf","Birth of the Universe","REBIRTH","k?d",2020-12-04,255582,26,spotify:user:mrvoev604tzeomxu9hcucpdkf,2022-11-27T20:05:25Z,"edm,electro house,future bass,melodic dubstep",0.561,0.659,8,-5.61,1,0.056,0.0131,0.0231,0.134,0.0391,170.02,4
5alQl48dNXUGgAMJ92kZhX,"6k9TBCxyr4bXwZ8Y21Kwn1","les plumes","les plumes","TRINITYAiLE",2021-03-15,236979,28,spotify:user:seuyoonjoo,2022-11-27T20:05:25Z,"shonen",0.57,0.823,0,-5.5,1,0.0426,0.0557,0.0000216,0.218,0.508,159.95,4
5cOMFbzz2yQGFqnG8isqQc,"4ZpzgTOUAznSK70KdPbJHf","PARADISE","Z!","Amber Liu",2022-02-25,182961,27,spotify:user:mrvoev604tzeomxu9hcucpdkf,2022-11-27T20:05:25Z,"",0.71,0.645,0,-8.404,0,0.0688,0.26,0.0000323,0.0947,0.621,98.958,4
6Cu5bXLmBycM6QYOaZP4mN,"1yorjq7rihYVC8Se7eRKps","Color of Drops (feat. 花里みのり&桐谷遥&桃井愛莉&日野森雫&巡音ルカ)","Color of Drops/天使のクローバー","MORE MORE JUMP!",2021-12-15,285666,43,spotify:user:seuyoonjoo,2022-11-27T20:05:25Z,"",0.614,0.849,0,-5.421,1,0.0384,0.0249,0,0.251,0.851,151.977,4
30lX2NBx9ZNfFmpPf12lw6,"0XqFDQJjqW5PfhfBCb53LR","All Of My Heart","All Of My Heart","Sick Individuals",2021-03-12,163360,27,spotify:user:mrvoev604tzeomxu9hcucpdkf,2022-11-27T20:05:25Z,"big room,dutch house,edm,electro house,pop dance,pop edm,progressive electro house,progressive house,tropical house",0.561,0.85,1,-4.013,1,0.0367,0.0271,0.0000304,0.131,0.26,126.048,4
3TO4rCwrEgzkH20pG7DK4G,"2ZRQcIgzPCVaT9XKhXZIzh,6CCTvLyIHqUhY6VQizt150,2QeNM65b7IWvK4Ofcqz8cm","After You (feat. Calle Lehmann)","Alive","Gryffin,Jason Ross,Calle Lehmann",2022-11-04,224569,52,spotify:user:seuyoonjoo,2022-11-27T20:05:25Z,"dance pop,edm,pop,pop dance,tropical house,dubstep,electro house,future bass,melodic dubstep,pop edm,progressive house,progressive trance",0.507,0.805,4,-3.855,1,0.0455,0.0824,0,0.116,0.519,144.986,4
0xlVlVrE9jPFyf1Siib3cq,"5fMUXHkw8R8eOP2RNVYEZX,360IAlyVv4PCEVjgyMZrxK","Don't Forget My Love","Diplo (Deluxe)","Diplo,Miguel",2022-08-05,199090,29,spotify:user:mrvoev604tzeomxu9hcucpdkf,2022-11-27T20:05:25Z,"edm,electro house,house,moombahton,ninja,pop,pop dance,tropical house,dance pop,hip hop,r&b,urban contemporary",0.638,0.871,7,-6.223,1,0.0408,0.0239,0.0143,0.119,0.254,121.03,4
2tijppLc0gaWA2AfPDANvq,"1ShZZUjkbXCjhwrb18BA8I,4KJ6jujcNPzOyhdNoiNftp","Miss You a Little (feat. lovelytheband)","Miss You a Little (feat. lovelytheband)","Bryce Vine,lovelytheband",2021-08-06,168180,64,spotify:user:seuyoonjoo,2022-11-27T20:05:25Z,"electropop,pop,pop rap,indie poptimism,modern alternative rock,modern rock",0.636,0.886,0,-4.76,1,0.0433,0.347,0,0.171,0.589,140.888,4
5nVud6cEIGrlSbGNrmK1oq,"2XGg454n1pSdgoqrfcSDbq,18006kpQI473m1ICcpimQ9,7oqasNI1VoFA5VsXys23v2","So Much More","#aparttogether","Jeffrey Sutorius,22Bullets,Wilder",2022-03-25,187968,26,spotify:user:mrvoev604tzeomxu9hcucpdkf,2022-11-27T20:05:25Z,"edm,pop dance,pop edm,sky room,slap house",0.499,0.879,10,-3.785,1,0.0703,0.0172,0,0.0814,0.355,128.034,4
4760WrBabGVrMT6Ujzn7nC,"2G6zefY3cizYXTcpWNtNMP","우리가 남긴 불빛","우리가 남긴 불빛","주윤하",2021-04-19,273420,11,spotify:user:mrvoev604tzeomxu9hcucpdkf,2022-11-27T20:05:25Z,"korean jazz",0.51,0.527,11,-4.351,0,0.0269,0.718,0.000137,0.108,0.266,131.956,4
7pkramzih51h6N9g8Cp3kw,"1Zh7pStFEOzflunx2dOgJX","幸せでいて","REGALITY","八乙女 楽 (CV.羽多野 渉)",2017-09-20,300493,31,spotify:user:seuyoonjoo,2022-11-27T20:05:25Z,"shojo",0.497,0.77,6,-6.424,0,0.0348,0.296,0.00000202,0.153,0.53,76.977,4
2ZG9LhNAFIfaqbzKct0lg4,"4Ipi581cUqyURU7Ml6pyWF","Hook","Hero","National Pigeon Unity",2017-01-04,222293,0,spotify:user:mrvoev604tzeomxu9hcucpdkf,2022-11-27T20:05:25Z,"",0.225,0.742,6,-5.702,1,0.0533,0.000383,0.0327,0.106,0.327,171.952,4
1iOidYHAPuZ6X4hZbyXSnr,"11h1iiNftmZ7WB33TYOwXH","VALIANT","VARIANT","TRIGGER",2021-06-23,191520,30,spotify:user:seuyoonjoo,2022-11-27T20:05:25Z,"j-division,shojo",0.633,0.783,0,-5.445,0,0.081,0.0801,0,0.268,0.745,160.109,4
0qAGuRY2EQLbK5TM8ydzrn,"4j5KBTO4tk7up54ZirNGvK","Basement","Basement","NERVO",2021-06-18,196800,40,spotify:user:mrvoev604tzeomxu9hcucpdkf,2022-11-27T20:05:25Z,"australian dance,dance pop,edm,electra,electro house,house,pop dance,pop edm,progressive electro house,progressive house,tropical house",0.639,0.954,9,-3.504,0,0.0379,0.155,0.0144,0.186,0.807,125,4
0ZE5BVCy5xVNsI4MaQRzUn,"5TgQ66WuWkoQ2xYxaSTnVP,4EPJlUEBy49EX1wuFOvtjK","Hold On","Second Nature","Netsky,Becky Hill",2020-10-30,223255,52,spotify:user:seuyoonjoo,2022-11-27T20:05:25Z,"belgian edm,dancefloor dnb,drum and bass,dance pop,edm,pop,pop dance,pop house,tropical house,uk dance",0.566,0.686,10,-5.879,0,0.0331,0.0103,0.000102,0.0987,0.147,85.972,4
2zJ5nuyOQi4jBvToG3HHys,"1HT9k1ZSUL9IczSstOAgWJ,5nki7yRhxgM509M5ADlN1p","Another Chance","Another Chance","Roger Sanchez,Oliver Heldens",2021-09-10,254130,54,spotify:user:mrvoev604tzeomxu9hcucpdkf,2022-11-27T20:05:25Z,"disco house,diva house,tribal house,vocal house,dance pop,edm,electro house,future house,house,pop dance,progressive electro house,progressive house,tropical house",0.643,0.913,7,-5.744,0,0.049,0.0212,0.0254,0.376,0.0441,128.01,4
06wwvpMsqaIXXeFHb6qJqD,"66VgJGpaRMwrNaS2MPqIDf","care about u","care about u","Pauline Herr",2021-11-23,201637,39,spotify:user:seuyoonjoo,2022-11-27T20:05:25Z,"",0.522,0.804,10,-6.2,1,0.0779,0.0277,0.0383,0.33,0.128,100.142,4
7wcqsaVz5LadhwD12HtOu3,"4XpPveeg7RuYS3CgLo75t9","Shellstar","Infinite Granite","Deafheaven",2021-08-20,366093,40,spotify:user:mrvoev604tzeomxu9hcucpdkf,2022-11-27T20:05:25Z,"atmospheric black metal,blackened screamo,blackgaze,dreamo,post-metal,usbm",0.455,0.692,8,-6.914,1,0.0323,0.00751,0.8,0.0767,0.139,136.049,4
4dzBqc5t2GWJKpGqUoTbrU,"5Q81rlcTFh3k6DQJXPdsot,39HYn2OCDJFkUauHXqwBsG","2gether","2gether","Mura Masa,Gretel Hänlyn",2021-11-26,191074,50,spotify:user:seuyoonjoo,2022-11-27T20:05:25Z,"channel islands indie,hyperpop,vapor soul",0.768,0.374,1,-5.552,1,0.0586,0.455,0.000226,0.245,0.229,91.903,4
